[HEADER]
Format	J&M ASCII Table
Comment	COA_01_P.00039_HAL03-noFilter_UVIR600um2-UV400um0.5_24mm
Date	25/09/2024 11:25:28
Order	Y (evenX)
TechType	UV
NumPoints	841
FirstX	304
LastX	1144
XType	nm
YType	Transmission
ZType	s
NumSubFile	61
Matrix	Z vs X
[LOGIN]
Name=JM
[INSTRUMENT]
Name=TIDAS S
Detector=MMS - ASPEN 97,5 kHz
Diodearray=256 Pixel
Serial#=39059
Calibrated=2016-03-14
Range=303.56-1144.49 [nm] (F0)

SWVersion=v3.22.6 (build 0)
[CONFIG]
ChannelName=Result
ChannelType=Normalized
[PARAMETER]
It=91.00
Aver=20
Norm=1
Range=304.0-1144.0 nm
Scan=Single
[TRIGGER]
Sweep=0
Scan=0
[DIO]
DigOut=0x0000
DigIn=0x0000
[DATA]
	00:00:00.000	00:00:23.220	00:00:46.444	00:01:09.632	00:01:32.821	00:01:56.011	00:02:19.207	00:02:42.403	00:03:05.590	00:03:28.776	00:03:51.970	00:04:15.167	00:04:38.356	00:05:01.549	00:05:24.740	00:05:47.925	00:06:11.115	00:06:34.307	00:06:57.497	00:07:20.692	00:07:43.882	00:08:07.082	00:08:30.264	00:08:53.453	00:09:16.645	00:09:39.838	00:10:03.028	00:10:26.222	00:10:49.413	00:11:12.603	00:11:35.799	00:11:58.990	00:12:22.171	00:12:45.359	00:13:08.553	00:13:31.742	00:13:54.934	00:14:18.123	00:14:41.309	00:15:04.490	00:15:27.682	00:15:50.874	00:16:14.064	00:16:37.254	00:17:00.444	00:17:23.632	00:17:46.832	00:18:10.014	00:18:33.200	00:18:56.386	00:19:19.570	00:19:42.757	00:20:05.954	00:20:29.145	00:20:52.335	00:21:15.529	00:21:38.715	00:22:01.906	00:22:25.092	00:22:48.284	00:23:11.473
304	97.957741	98.451889	98.025848	99.788216	98.79493	97.711296	97.786804	98.411011	99.616089	98.210403	98.42585	98.690933	99.411705	98.889099	99.151611	98.533646	99.754745	99.307709	98.42585	98.8358	98.313202	98.00602	100.585747	98.8965	98.350311	97.457382	99.124352	99.576431	98.101418	98.849419	100.08297	98.746613	98.074158	98.958435	97.546562	100.665092	98.349091	98.568306	98.267334	97.862335	98.444458	99.136772	99.412933	97.333557	97.360817	98.4048	97.848724	98.581924	98.870468	97.127953	97.327316	98.349091	99.842712	99.535561	98.294571	98.349091	99.96656	99.2061	99.130592	97.890823	97.437553
305	97.9832	98.197372	98.207848	99.53746	98.385063	97.642281	97.655495	98.062569	99.677513	98.580544	97.639763	98.749763	99.003571	99.167343	98.617668	98.466942	99.191254	99.368271	97.639763	98.519859	98.683632	97.906601	99.336746	98.95591	97.626518	97.512733	98.527817	99.074951	98.221092	98.564781	99.801811	98.461693	98.131248	98.924202	97.570869	100.541878	98.094284	98.34539	97.824707	97.668709	98.408775	99.040535	98.535805	97.576126	97.666	97.806244	97.623787	98.390312	98.39827	97.369972	97.319794	98.094284	99.717178	98.940186	97.914558	98.094284	99.653763	98.797386	98.78418	97.290817	97.211449
306	98.008865	97.941452	98.390915	99.285316	97.972908	97.572914	97.523476	97.712227	99.739288	98.952774	96.849236	98.808914	98.593163	99.447159	98.080765	98.399902	98.624619	99.429176	96.849236	98.202126	99.056152	97.806618	98.080704	99.015648	96.898674	97.568398	97.927948	98.570671	98.341507	98.278542	99.519058	98.175186	98.18866	98.889839	97.595367	100.417969	97.838066	98.121246	97.379616	97.474007	98.372963	98.943748	97.653763	97.820122	97.972939	97.204308	97.397598	98.197647	97.923439	97.613388	97.312233	97.838066	99.590988	98.341438	97.532433	97.838066	99.339264	98.386398	98.435837	96.687431	96.984108
307	98.085693	97.770737	98.559387	99.072624	97.667206	97.480202	97.446999	97.411827	99.788544	99.279694	96.244186	98.86998	98.301544	99.623497	97.675987	98.383125	98.15406	99.394508	96.235397	97.938248	99.334923	97.726791	97.059212	99.011139	96.356499	97.636429	97.521652	98.118935	98.411964	97.993439	99.231384	97.876762	98.248817	98.790901	97.65403	100.314964	97.640823	97.96463	97.059212	97.308296	98.312828	98.729416	96.951317	98.046143	98.288368	96.695915	97.301414	98.076912	97.550491	97.856705	97.308296	97.649643	99.447235	97.874275	97.253105	97.632042	99.063843	98.072525	98.167267	96.182671	96.891701
308	98.472908	98.128944	98.631638	99.110176	98.026123	97.248093	97.71389	97.429581	99.758835	99.315819	96.799904	98.940109	98.749619	99.158493	98.097191	98.674751	98.291451	98.775192	96.728828	98.01474	99.027718	97.773567	97.515839	98.612663	96.973793	97.777367	98.318031	98.007141	98.173439	97.726631	98.924896	97.51722	98.323204	98.300423	97.919502	100.343994	97.812881	98.227974	97.515839	97.326752	98.106171	97.80291	97.377495	98.153076	98.643028	96.780952	98.00576	98.401833	97.816681	98.0896	97.326752	97.883949	99.201607	98.231766	97.614861	97.741814	99.039108	98.366318	98.398033	96.302383	97.630051
309	98.854866	98.482277	98.702881	99.147209	98.380157	97.019157	97.97715	97.44709	99.7295	99.351463	97.348083	99.009254	99.19162	98.699799	98.512665	98.96244	98.426933	98.164284	97.215546	98.090179	98.724731	97.81971	97.966209	98.219597	97.58268	97.916344	99.103523	97.896873	97.938194	97.463455	98.622604	97.162598	98.396545	97.816589	98.181396	100.372627	97.982605	98.487732	97.966209	97.344963	97.902328	96.889015	97.797867	98.258553	98.992859	96.864799	98.700516	98.722366	98.079269	98.319351	97.344963	98.115112	98.959358	98.584404	97.971695	97.850098	99.014702	98.656105	98.625687	96.420471	98.358307
310	99.231659	98.830826	98.773163	99.183723	98.729393	96.793304	98.236847	97.464355	99.700592	99.386581	97.888817	99.077454	99.627609	98.247307	98.922508	99.246239	98.560608	97.561646	97.695671	98.164597	98.425842	97.865204	98.410522	97.831863	98.183357	98.053482	99.878418	97.788094	97.706131	97.203865	98.324409	96.812752	98.468903	97.33934	98.439713	100.400841	98.150024	98.743973	98.410522	97.36293	97.701241	95.987488	98.212517	98.36261	99.337952	96.947517	99.385872	99.038544	98.33828	98.545998	97.36293	98.34314	98.72039	98.932259	98.3237	97.956909	98.990639	98.941978	98.850266	96.536957	99.076714
311	99.547646	99.244682	99.039223	100.12056	99.194908	97.75798	99.205399	98.651421	100.291702	100.323936	98.66684	99.577812	100.006271	98.740479	99.45018	99.729279	99.302902	97.821098	98.359688	98.922112	98.866005	98.591095	98.91581	98.463455	99.075684	98.301506	99.740509	98.541321	98.439629	98.086861	99.101624	97.446609	99.408783	97.929092	99.071495	100.225105	99.051819	99.480309	98.993637	97.823212	98.439629	97.491478	98.790253	98.840065	99.623398	97.779732	99.647232	99.214554	98.554657	98.758011	98.47187	99.099518	99.145103	99.553947	99.410889	98.537102	99.735573	99.47612	99.607941	97.632454	100.12056
312	99.855232	99.674812	99.344604	101.235497	99.686722	98.955521	100.316368	100.069496	101.004921	101.439758	99.496857	100.164154	100.377762	99.416039	100.004982	100.254349	100.166641	98.245056	99.064545	99.815155	99.449257	99.451752	99.437355	99.292618	100.031296	98.572739	99.429848	99.463661	99.361526	99.192978	100.088326	98.271355	100.520638	98.724953	99.779434	100.009384	100.100197	100.313881	99.608398	98.370972	99.361526	99.461761	99.404129	99.392227	99.90036	98.760674	99.831451	99.365952	98.765099	98.96933	99.796333	99.962387	99.698624	100.233032	100.646545	99.211769	100.632141	100.062027	100.473007	98.922333	101.235497
313	100.16552	100.10865	99.652672	102.360107	100.182808	100.163498	101.436981	101.499962	101.724396	102.565262	100.334084	100.755569	100.752495	100.097481	100.564621	100.783989	101.037888	98.672668	99.775566	100.715973	100.03756	100.319878	99.963409	100.12896	100.995216	98.846336	99.11647	100.394035	100.291458	100.308701	101.08358	99.103256	101.642136	99.527748	100.493538	99.791779	101.157738	101.154671	100.2285	98.923492	100.291458	101.449188	100.023354	99.949196	100.179733	99.750153	100.017273	99.518639	98.977333	99.182487	101.132324	100.832726	100.256935	100.918022	101.892982	99.892319	101.536522	100.652992	101.345573	100.223396	102.360107
314	100.426613	100.561836	100.047958	102.725601	100.563217	100.449013	101.78373	102.073792	101.700577	102.62693	100.956024	101.213684	100.908066	100.394188	100.568665	100.841858	101.371254	99.089172	100.085876	100.860107	100.325218	100.516602	100.239334	100.632179	101.388153	99.259583	99.039871	100.839088	100.753212	100.805283	101.45713	99.638245	101.938568	99.88031	100.906685	99.674751	101.543007	101.474037	100.699806	99.431297	100.65181	102.194824	100.308311	100.290062	100.308311	100.577354	100.339386	99.605812	99.17643	99.500267	101.662659	101.064285	100.56459	100.97979	102.044083	100.290062	101.800629	100.688347	101.493668	100.720787	102.522766
315	100.644638	101.028969	100.515106	102.44529	100.843491	99.950722	101.472282	101.918068	101.0466	101.786079	101.392044	101.556244	100.876915	100.363037	100.101532	100.49926	101.246681	99.494057	100.054726	100.361847	100.356361	100.142899	100.301636	100.850204	101.294724	99.789009	99.164421	100.870239	100.815514	100.77417	101.301407	99.918518	101.533722	99.849167	101.062408	99.643639	101.35614	101.349449	101.042366	99.898437	100.527237	101.883377	100.308311	100.445786	100.308311	101.262512	100.775398	99.636955	99.363304	99.905151	101.506958	100.752869	100.657997	100.51265	101.265526	100.445786	101.520325	100.252357	101.02652	100.533951	101.868782
316	100.862648	101.496109	100.982239	102.165016	101.123749	99.452438	101.160858	101.762367	100.392593	100.945236	101.828041	101.898804	100.845779	100.331902	99.634415	100.1567	101.122131	99.898911	100.02359	99.863564	100.387505	99.769188	100.363922	101.068207	101.201286	100.318443	99.289001	100.901375	100.8778	100.743019	101.145706	100.198792	101.12886	99.818024	101.218124	99.612495	101.169296	101.224915	101.384926	100.365616	100.402687	101.571953	100.308311	100.601509	100.308311	101.947639	101.211395	99.668106	99.550171	100.310005	101.351234	100.441452	100.751427	100.045517	100.486931	100.601509	101.240051	99.81636	100.559387	100.347115	101.214806
317	101.063156	101.823273	101.468742	102.046371	101.302971	99.318161	100.885269	101.768875	100.025536	100.465866	102.206299	102.108337	100.880669	100.511063	99.470505	100.002907	101.055649	100.333176	100.007507	99.668076	100.50061	99.66053	100.447845	101.366219	101.225983	100.830879	99.565521	101.096237	100.968132	100.815788	101.002869	100.613617	100.865578	99.870216	101.416016	99.823364	101.078239	101.158203	101.663414	100.815788	100.413109	101.318062	100.473381	100.763062	100.352837	102.431038	101.636185	99.820419	99.903328	100.766006	101.298401	100.287987	100.933395	99.903328	100.033043	100.830879	101.100838	99.796173	100.325668	100.287987	100.755516
318	101.207626	101.714645	102.009834	102.428375	101.168205	100.309456	100.723434	102.276482	100.548683	101.108253	102.4021	101.904808	101.119102	101.337769	100.244904	100.433922	101.16935	100.853607	100.038239	100.40995	100.865601	100.371674	100.597809	101.908234	101.615311	101.285255	100.308296	101.794556	101.144234	101.208771	100.901588	101.439415	101.042595	100.179276	101.742043	100.779358	101.284111	101.270996	101.740921	101.208771	100.840446	101.24472	101.146492	100.940979	100.534416	102.286194	102.021835	100.345436	100.766228	101.374901	101.563904	100.624084	101.386902	100.766228	100.586952	101.285255	101.398911	101.060272	100.815353	100.624084	100.902702
319	101.34951	101.607956	102.541351	102.803574	101.03582	101.283203	100.564453	102.775108	101.062599	101.739265	102.594467	101.704857	101.353363	102.149841	101.005638	100.857307	101.281082	101.36483	100.068428	101.138687	101.224113	101.070251	100.745094	102.440605	101.997711	101.731598	101.037941	102.480545	101.3172	101.594772	100.802063	102.250587	101.216461	100.482834	102.062294	101.718452	101.486374	101.381828	101.81707	101.594772	101.260231	101.172707	101.807693	101.115753	100.712791	102.143921	102.400635	100.861145	101.613892	101.973053	101.824722	100.954231	101.832344	101.613892	101.131035	101.731598	101.691673	102.302025	101.296387	100.954231	101.04731
320	101.488914	101.503075	103.063477	103.172173	100.905731	102.239838	100.408264	103.264931	101.567474	102.3592	102.783409	101.508415	101.583435	102.947655	101.752983	101.273224	101.390816	101.867004	100.098061	101.854614	101.576324	101.756516	100.889793	102.963615	102.37336	102.17012	101.754745	103.154434	101.487114	101.973961	100.704239	103.047501	101.387253	100.781075	102.376938	102.641006	101.68502	101.490677	101.891838	101.973961	101.672623	101.101913	102.45726	101.287392	100.887993	102.004097	102.772774	101.367744	102.446625	102.560677	102.080933	101.278557	102.269974	102.446625	101.66552	102.17012	101.979301	103.521957	101.768944	101.278557	101.189339
321	100.81189	101.067207	102.375809	103.383125	100.895653	102.17543	100.766884	102.603188	101.195099	102.218208	103.098557	101.464394	101.33696	103.013885	101.394119	101.208618	101.024422	101.295052	100.979019	101.919189	101.819244	101.876427	101.292839	102.474869	102.246544	101.735451	101.621101	102.446938	101.606247	101.933609	100.412918	102.546021	101.024422	100.796127	102.360046	102.204666	101.947128	101.606247	101.720634	102.018715	101.663414	100.839378	102.544693	101.463936	100.867287	101.706657	102.304199	101.137909	101.665199	102.190269	101.579224	101.917854	102.061928	102.743256	101.691772	101.451752	101.961983	103.185448	101.479248	101.180244	101.080727
322	100.088326	100.613297	101.6175	103.583275	100.89296	102.048683	101.155174	101.874245	100.770882	102.031265	103.419746	101.429924	101.062523	103.034866	100.969292	101.114845	100.630737	100.660202	101.907494	101.943459	102.054131	101.96093	101.709618	101.92659	102.089584	101.249489	101.435944	101.658379	101.721611	101.867699	100.111214	101.967468	100.630737	100.79377	102.322914	101.687263	102.21167	101.721611	101.535179	102.042686	101.628372	100.566437	102.597115	101.639816	100.834641	101.401047	101.786491	100.864075	100.788857	101.763062	101.033638	102.573105	101.815376	103.005432	101.686729	100.666199	101.926018	102.755234	101.144279	101.056496	100.957298
323	99.369125	100.162109	100.863739	103.782234	100.890282	101.922729	101.541138	101.149689	100.349152	101.845444	103.738998	101.395691	100.789726	103.055748	100.546982	101.021637	100.239418	100.029137	102.830421	101.967606	102.287613	102.04493	102.123871	101.381599	101.933525	100.766457	101.251915	100.874557	101.836266	101.802208	99.811325	101.392403	100.239418	100.791382	102.286003	101.172935	102.474655	101.836266	101.35083	102.066544	101.593552	100.295128	102.649261	101.814613	100.802193	101.097282	101.271866	100.591873	99.91777	101.338364	100.49131	103.224442	101.570274	103.266014	101.681671	99.885345	101.890305	102.327576	100.81134	100.933517	100.834618
324	99.419716	100.057053	100.646782	103.566933	100.656357	101.829437	101.765991	100.941635	100.253639	101.350739	103.47184	101.35701	100.478813	102.590439	100.640396	100.773666	99.927109	99.898529	102.783844	101.927719	102.054573	102.006973	101.861229	101.084351	101.525101	100.703835	100.989273	100.323441	101.563133	101.426842	100.028465	101.42672	100.155342	100.634155	101.823166	100.925804	102.232147	101.449036	101.030479	102.197174	101.344345	100.063446	102.254379	101.468048	100.824356	100.830711	101.005081	100.282227	99.816071	101.008286	100.256813	103.173782	101.246086	102.752174	101.309525	99.739975	101.506088	102.010178	100.840164	100.808487	100.443962
325	99.89669	100.145134	100.729965	103.124321	100.296822	101.755295	101.898979	101.022408	100.340065	100.690376	102.882477	101.316284	100.15023	101.860809	101.018753	100.442635	99.662132	100.046944	102.200165	101.852776	101.565445	101.901886	101.226128	100.927841	100.981331	100.875107	100.686005	99.907639	101.078072	100.88385	100.529922	101.798546	100.242592	100.392845	101.129387	100.829651	101.712051	100.787827	100.638344	102.38562	100.979126	99.856354	101.616028	100.836227	100.876556	100.587776	100.878761	99.955261	100.142197	100.734367	100.195679	102.734421	100.881683	101.814613	100.738022	99.948715	100.932968	101.7575	101.069321	100.6838	99.909088
326	100.365845	100.231758	100.81179	102.68898	99.943176	101.682373	102.029755	101.101837	100.425087	100.040833	102.302742	101.276268	99.827049	101.143143	101.390907	100.117073	99.401489	100.192894	101.62603	101.779053	101.084343	101.7985	100.601456	100.773911	100.446472	101.043533	100.387703	99.49865	100.60096	100.349792	101.023125	102.164314	100.3284	100.155449	100.446953	100.735046	101.200439	100.137482	100.25264	102.570961	100.619904	99.652657	100.988159	100.214752	100.92791	100.348816	100.754486	99.633682	100.462997	100.464943	100.135567	102.302277	100.523247	100.892448	100.175873	100.154045	100.369202	101.508926	101.294693	100.561127	99.383018
327	100.641296	100.277618	100.696457	102.219345	99.66391	101.394585	102.048897	101.081276	100.449707	99.743484	101.789108	101.15757	99.66555	100.553596	101.540718	99.933441	99.457771	100.287376	101.089371	101.539085	100.756561	101.665749	100.113655	100.631561	100.01786	101.013077	100.269524	99.321373	100.209412	100.048698	101.165665	102.238823	100.198021	99.922066	100.175369	100.573097	100.793884	99.77108	100.038971	102.458	100.470818	99.521057	100.57473	100.013039	100.850723	100.172089	100.504898	99.464233	100.631561	100.306854	100.066566	101.806961	100.219177	100.12175	99.749977	100.189949	99.892838	101.146172	101.28093	100.430214	99.032379
328	100.548134	100.245872	100.201355	101.678535	99.524361	100.691017	101.854004	100.868523	100.358688	100.119034	101.396454	100.886642	99.81263	100.203445	101.265511	100.020172	100.123169	100.284172	100.618553	100.977242	100.719467	101.475128	99.883049	100.509834	99.788322	100.600418	100.49585	99.586967	99.977776	100.191498	100.63665	101.755142	99.651169	99.693604	100.6894	100.280037	100.584351	99.945656	100.153198	101.771187	100.723564	99.526413	100.568306	100.614883	100.525879	100.112846	100.011932	99.584892	100.509834	100.360779	99.97982	101.184776	100.016068	99.633072	99.58078	99.901169	99.578705	100.560043	100.807968	100.282082	99.014526
329	100.457039	100.21479	99.717201	101.149704	99.387863	100.002968	101.663383	100.660446	100.269676	100.486282	101.012482	100.621689	99.956467	99.860985	100.996361	100.104996	100.773827	100.281021	100.158104	100.42778	100.683144	101.288712	99.657539	100.3908	99.563866	100.196899	100.71714	99.846664	99.751213	100.331139	100.119316	101.282166	99.116379	99.470184	101.192055	99.993454	100.379456	100.116348	100.264908	101.099586	100.970718	99.531647	100.562027	101.203407	100.208221	100.054886	99.529846	99.702873	100.3908	100.413467	99.895004	100.576317	99.817421	99.155167	99.415298	99.618782	99.271515	99.986877	100.345459	100.137207	98.997093
330	100.3554	100.176346	99.246307	100.637794	99.257935	99.346123	101.461769	100.449799	100.168289	100.817726	100.623489	100.361649	100.097122	99.52961	100.715233	100.176346	101.361061	100.266312	99.716698	99.899315	100.627052	101.09565	99.435181	100.260056	99.344337	99.795921	100.904976	100.081909	99.520645	100.439056	99.615082	100.813255	98.611176	99.259712	101.644394	99.722946	100.183502	100.274368	100.357178	100.438187	101.172195	99.540329	100.557671	101.739731	99.881424	99.981201	99.074402	99.788765	100.270805	100.436378	99.797699	99.973145	99.61599	98.71994	99.251678	99.347015	98.994308	99.422653	99.898415	99.985664	98.978218
331	99.880127	99.897133	98.865959	100.298248	99.238029	99.186584	100.808441	100.029015	99.639534	100.30986	99.840286	100.08049	100.234772	99.312668	99.903343	99.897133	100.45916	99.902924	99.553261	99.650749	99.954788	100.584854	99.16378	99.702591	99.129341	99.215622	100.22979	99.748215	99.026451	99.685577	99.175362	100.166763	98.653564	99.295265	100.905907	99.753616	100.126114	100.16053	99.937363	99.656937	100.161362	99.65612	100.607262	101.083466	99.078316	99.398949	99.111916	98.986641	100.046051	99.599693	99.272858	99.14135	99.203979	99.260406	99.037666	99.215202	99.420959	98.763062	99.622139	99.542038	98.905762
332	99.414787	99.623749	98.49353	99.965759	99.218513	99.030396	100.168732	99.61702	99.121819	99.812576	99.073448	99.805161	100.369583	99.100273	99.108383	99.623749	99.57608	99.54715	99.393257	99.407372	99.296532	100.084709	98.898018	99.156746	98.918839	98.647423	99.568657	99.421463	98.54258	98.947792	98.744812	99.533722	98.695068	99.330078	100.182854	99.783653	100.069901	100.049057	99.526306	98.892006	99.171593	99.769501	100.65583	100.440857	98.291962	98.828835	99.148636	98.201248	99.825981	98.780472	98.758934	98.326904	98.800598	99.789635	98.828117	99.086159	99.838684	98.117249	99.351593	99.107666	98.834839
333	98.959038	99.355988	98.128799	99.640152	99.199425	98.877419	99.542229	99.213509	98.614784	99.325569	98.322418	99.535522	100.501572	98.892273	98.329842	99.355988	98.71122	99.198685	99.236526	99.169014	98.651878	99.594894	98.637741	98.622208	98.7127	98.090927	98.921204	99.101479	98.068687	98.225235	98.323151	98.91378	98.735687	99.364143	99.474701	99.813042	100.014854	99.939888	99.123726	98.142883	98.202248	99.880547	100.703392	99.811554	97.521851	98.27047	99.184578	97.432068	99.610481	97.978165	98.255646	97.529266	98.405518	100.307892	98.622917	98.959778	100.24781	97.484749	99.086632	98.682259	98.765388
334	98.847969	98.979324	98.108849	99.303642	98.929665	98.594704	99.087448	98.996933	98.785744	99.105026	98.275391	99.176041	100.025154	98.516754	98.002617	98.979324	98.415558	99.113815	98.890701	98.802078	98.415558	99.526726	98.699013	98.688332	98.378479	98.078667	98.95417	98.635536	98.331963	97.952995	98.07177	98.798317	98.330727	98.970535	98.998817	99.705894	99.454491	99.658112	98.888809	97.66954	97.981255	99.677582	100.163422	99.60656	97.438858	98.275391	98.812782	97.311264	99.245163	98.154716	98.216942	97.244034	98.082451	99.975494	98.46521	98.683327	100.140167	97.633682	98.947273	98.737976	98.642464
335	98.863808	98.570381	98.214142	98.969536	98.574272	98.270325	98.703423	98.852066	99.198975	98.985138	98.484154	98.79081	99.337456	98.087715	97.845024	98.570381	98.331581	99.125999	98.482979	98.395576	98.331581	99.612556	98.875488	98.970711	98.004211	98.263702	99.232933	98.125542	98.857193	97.848923	97.886772	98.867706	97.772049	98.429527	98.61602	99.551292	98.721748	99.31913	98.719032	97.305016	98.035446	99.364769	99.420967	99.559082	97.606255	98.484154	98.300346	97.427544	98.832573	98.682381	98.347183	97.149727	97.79158	99.341354	98.327667	98.357727	99.847404	98.062752	98.855988	98.966812	98.502472
336	98.879211	98.172508	98.316589	98.64447	98.228523	97.954765	98.329819	98.711166	99.600998	98.868507	98.687248	98.416046	98.668381	97.670319	97.691704	98.172508	98.249886	99.137848	98.086288	98.000069	98.249886	99.696037	99.047211	99.245438	97.640106	98.443695	99.504097	97.629402	99.368149	97.747696	97.70681	98.935204	97.228531	97.90316	98.243622	99.400902	98.008904	98.989326	98.553856	96.950401	98.088158	99.060448	98.698616	99.512909	97.769089	98.687248	97.801842	97.540649	98.431137	99.195709	98.4739	97.057983	97.508553	98.724403	98.193871	98.040977	99.562607	98.480186	98.767181	99.189445	98.366318
337	98.937393	98.283058	98.589348	98.56617	98.151634	98.015495	98.355774	98.682167	99.862328	98.841492	99.06884	98.332588	98.493454	97.653564	97.856194	98.185646	98.365067	99.170944	98.154678	97.950539	98.62487	99.647392	99.225075	99.404495	97.686043	98.705345	99.562309	97.514359	99.605591	98.016998	97.682983	99.184837	97.164787	97.931953	98.065033	99.330269	97.867027	99.003883	98.609474	97.113724	98.301643	98.991516	98.460976	99.43544	98.24128	98.841492	97.836044	97.715454	98.354248	99.500397	98.781128	97.17408	97.525185	98.55687	98.3666	98.035614	99.426147	98.810539	98.74559	99.460182	98.396011
338	99.052704	99.067032	99.090042	98.813232	98.429474	98.574409	98.910278	98.800781	99.940269	98.932655	99.690262	98.633476	98.969994	98.166374	98.442543	98.742332	98.741714	99.232445	98.83876	98.357948	99.607544	99.423401	99.412849	99.412201	98.27459	99.077591	99.339432	97.902023	99.483719	98.77903	97.865326	99.677811	97.734711	98.695076	98.140854	99.364311	98.478622	99.473808	98.957558	97.963623	98.729904	99.233086	98.861771	99.315804	99.12735	98.932655	98.575027	97.973541	98.705635	99.532257	99.330124	97.566154	97.938103	98.981796	98.946365	98.441925	99.484367	99.029083	98.812599	99.797256	98.645287
339	99.16507	99.83094	99.577934	99.053993	98.700203	99.119034	99.450607	98.916367	100.016212	99.021484	100.29583	98.926697	99.434341	98.666069	99.013916	99.284805	99.108711	99.292397	99.505325	98.754921	100.565102	99.20517	99.595795	99.419716	98.848114	99.440292	99.122269	98.279747	99.364975	99.521568	98.042992	100.158188	98.290077	99.438667	98.21476	99.397507	99.074608	99.931725	99.296745	98.791779	99.147186	99.468468	99.252296	99.199203	99.990791	99.021484	99.295105	98.225037	99.048042	99.563286	99.865082	97.948166	98.340439	99.395866	99.511299	98.837814	99.541077	99.242004	98.877922	100.12571	98.888214
340	99.246559	100.491013	99.954948	99.252174	98.998055	99.571106	99.8731	99.017937	100.033966	99.096977	100.793053	99.198524	99.810989	99.111038	99.545578	99.74041	99.390533	99.319962	100.095901	99.105423	101.306763	98.972878	99.717888	99.427124	99.350922	99.729141	98.947357	98.589035	99.232468	100.107346	98.230545	100.519356	98.755554	100.02832	98.30957	99.427124	99.624626	100.338615	99.568283	99.523056	99.475174	99.650101	99.582367	99.111038	100.677399	99.096977	99.83931	98.447884	99.376274	99.576744	100.327347	98.315216	98.724403	99.771378	99.971855	99.223877	99.588013	99.393333	98.947357	100.341606	99.105423
341	99.110451	100.484299	99.56514	99.164795	99.548615	99.406158	99.484421	99.031357	99.618675	99.084908	100.562584	99.355873	99.593941	99.22081	99.869026	99.621948	99.081627	99.109612	100.216606	99.166451	100.556839	98.596497	99.40451	99.434952	99.4086	99.513214	99.059364	98.437515	98.974548	99.617836	98.52314	100.048622	98.626129	99.564301	98.576691	99.434952	99.922577	100.43161	99.37896	99.651581	99.189529	99.459686	99.514862	99.22081	100.155708	99.084908	99.158249	98.493507	99.653206	99.460526	100.322876	98.631058	99.034653	99.920929	99.728218	99.600517	99.569229	99.108803	99.059364	99.751297	99.166451
342	98.977997	100.477768	99.185822	99.079773	100.084305	99.245628	99.106186	99.044411	99.214569	99.073158	100.338326	99.50901	99.382767	99.327599	100.183746	99.506676	98.781052	98.904976	100.334045	99.225822	99.827141	98.23024	99.099579	99.442574	99.464729	99.303123	99.168327	98.290047	98.723564	99.141518	98.807861	99.590569	98.500229	99.11277	98.836609	99.442574	100.212494	100.522064	99.19474	99.776642	98.911583	99.274376	99.449181	99.327599	99.648064	99.073158	98.495537	98.537895	99.922699	99.347427	100.318512	98.938385	99.33654	100.066414	99.49115	99.966995	99.550957	98.831947	99.168327	99.17688	99.225822
343	98.849068	100.471413	98.816574	98.996964	100.605713	99.089371	98.737999	99.057129	98.821198	99.061729	100.120033	99.65802	99.177185	99.431541	100.490044	99.394455	98.48848	98.705742	100.448349	99.2836	99.116829	97.873703	98.802765	99.449989	99.519333	99.098602	99.274391	98.1465	98.479248	98.677864	99.084984	99.144691	98.377625	98.673256	99.089592	99.449989	100.494675	100.610123	99.015404	99.898354	98.640976	99.093979	99.385223	99.431541	99.153923	99.061729	97.850433	98.581055	100.18499	99.23732	100.314285	99.237511	99.630371	100.208031	99.260368	100.323715	99.533165	98.562401	99.274391	98.617722	99.2836
344	98.911827	100.257637	98.739769	99.218185	100.414825	99.012283	98.907822	99.182388	98.834236	99.276855	100.058701	99.576279	99.335548	99.381317	100.543106	99.417122	98.618393	98.907822	100.333229	99.509605	99.237053	98.205582	98.60746	99.570312	99.34552	99.333557	99.320633	98.440323	98.826256	98.433403	99.203262	98.880005	98.503021	98.716866	99.014297	99.570312	100.240723	100.280525	98.991409	99.506691	98.792442	99.125679	99.020264	99.135643	98.78553	99.295746	98.071289	98.490089	99.646927	99.356461	100.215866	99.169456	99.425095	99.854813	99.205276	100.406837	99.194344	99.11171	99.131668	98.695961	99.358421
345	99.017815	99.999695	98.732063	99.505684	100.062302	98.95491	99.199135	99.33136	98.941177	99.540482	100.034798	99.442497	99.575302	99.296257	100.536415	99.470581	98.843781	99.199135	100.167	99.77037	99.547493	98.690811	98.439255	99.714523	99.121933	99.66597	99.352127	98.830025	99.303856	98.244171	99.282501	98.662132	98.683479	98.871559	98.864265	99.714523	99.86721	99.860176	99.003761	99.003204	99.038864	99.205872	98.592232	98.752525	98.453011	99.582298	98.488678	98.369637	98.933273	99.526443	100.097404	99.017509	99.107903	99.393379	99.191856	100.42498	98.787323	99.840576	98.933861	98.920387	99.435776
346	99.121262	99.748039	98.724564	99.786224	99.718376	98.898964	99.483421	99.476768	99.045547	99.797737	100.011505	99.311996	99.809265	99.213303	100.52993	99.522766	99.063736	99.483421	100.004852	100.024834	99.850433	99.164253	98.275169	99.855286	98.903816	99.990341	99.382874	99.210274	99.769897	98.05957	99.359863	98.449593	98.859619	99.022545	98.717888	99.855286	99.502762	99.450058	99.015869	98.511948	99.279335	99.284157	98.174622	98.378716	98.128601	99.861938	98.895958	98.252151	98.236977	99.69236	99.981842	98.869301	98.798424	98.943161	99.178787	100.442719	98.390213	100.551758	98.740891	99.13942	99.511261
347	99.243637	99.760506	98.963005	100.116364	99.663132	99.03405	99.681763	99.674377	99.258751	100.183853	100.202492	99.442268	100.037621	99.378632	100.625549	99.685631	99.198639	99.490517	99.913879	100.149796	99.988754	99.625832	98.427467	100.037621	99.071648	100.104797	99.727089	99.277077	100.146233	98.439034	99.445831	98.611008	99.052696	99.202499	99.191849	99.970123	99.427185	99.408531	99.082596	98.502365	99.592072	99.325928	98.349022	98.35997	98.191544	100.03376	99.213745	98.50621	98.17289	99.910309	99.947617	99.172905	98.978111	99.053017	99.423637	100.820633	98.573708	101.000038	98.888107	99.543526	99.561874
348	99.385117	100.031769	99.44339	100.49646	99.890434	99.356804	99.796791	99.923996	99.579445	100.697861	100.60421	99.828568	100.261482	99.787933	100.821579	99.957588	99.250847	99.226135	99.89222	100.14843	99.966415	100.077698	98.89035	100.261482	99.618286	100.01413	100.379814	99.037079	100.436378	99.372658	99.540611	99.139473	99.263184	99.411613	100.275513	100.060059	99.634232	99.727852	99.203125	98.964569	99.97699	99.332123	99.104118	98.688927	98.634148	100.100685	99.445175	99.125313	98.727791	100.180199	99.992935	99.920425	99.637718	99.711929	99.922211	101.553001	99.326736	101.192627	99.369171	100.130676	99.588326
349	99.524017	100.298096	99.915016	100.869606	100.113594	99.673721	99.909721	100.16906	99.894325	101.202499	100.998627	100.207817	100.481262	100.189781	101.014038	100.224564	99.302101	98.966553	99.870972	100.147079	99.944504	100.521339	99.34481	100.481262	100.154968	99.92514	101.020638	98.801453	100.721214	100.289284	99.633659	99.658295	99.469849	99.61692	101.339424	100.148376	99.837509	100.041374	99.321465	99.418343	100.354874	99.338211	99.845451	99.011925	99.068718	100.166412	99.672386	99.733162	99.272591	100.445152	100.03743	100.654312	100.285301	100.358841	100.41169	102.272034	100.06604	101.381706	99.841484	100.707153	99.614265
350	99.603203	100.546417	100.24984	101.139519	100.233368	99.914864	100.045303	100.413254	100.186729	101.567841	101.338562	100.501122	100.77845	100.476387	101.114777	100.383034	99.43988	98.874229	99.879173	100.194969	99.939575	100.869049	99.74601	100.646637	100.524414	99.899788	101.462128	98.683395	100.929451	100.989845	99.75425	100.060402	99.660896	99.864105	102.141716	100.172958	100.032951	100.303398	99.50441	99.789955	100.700172	99.386314	100.42012	99.367111	99.442612	100.214149	99.842094	100.193573	99.74601	100.638405	100.064529	101.253471	100.862206	100.889656	100.755081	102.747154	100.605415	101.495071	100.255348	101.123009	99.652657
351	99.436806	100.732025	100.029579	100.991081	99.926903	99.851418	100.282379	100.665894	100.399841	101.369164	101.467918	100.449646	101.41423	100.295639	100.837074	100.095711	99.946312	99.476425	100.010872	100.451195	100.005432	100.833168	99.944763	100.592789	100.213173	100.139236	101.092232	99.050919	100.827705	100.822273	99.996117	99.994568	99.796181	100.298706	101.890358	99.932335	100.205376	100.363281	99.966537	99.836655	100.926498	99.612579	100.326744	99.874741	99.581482	100.189034	99.779846	100.060699	99.944763	100.541435	100.020241	101.319351	101.172318	100.96151	100.504898	102.226433	100.33609	101.297592	100.445732	100.888405	99.74485
352	99.275749	100.911583	99.816406	100.84745	99.630302	99.790016	100.511757	100.910339	100.606071	101.176872	101.593079	100.399826	102.029404	100.120697	100.568321	99.817673	100.436333	100.059143	100.138321	100.699112	100.069153	100.798401	100.137054	100.540665	99.911964	100.370918	100.734268	99.406548	100.729263	100.660088	100.23011	99.930855	99.927071	100.719246	101.647118	99.699471	100.372192	100.421204	100.413704	99.881813	101.145462	99.831535	100.236366	100.365913	99.715843	100.164703	99.719604	99.932098	100.137054	100.447594	99.977371	101.383087	101.472382	101.031044	100.262749	101.722542	100.075424	101.106468	100.629936	100.661362	99.834045
353	99.119827	101.085472	99.610046	100.708405	99.343178	99.730576	100.733856	101.147034	100.805733	100.990723	101.714256	100.351624	102.625061	99.951347	100.308121	99.548492	100.910805	100.623306	100.261726	100.939163	100.130859	100.764801	100.323257	100.490211	99.620361	100.595284	100.387718	99.750877	100.633965	100.50309	100.456688	99.869171	100.053833	101.126419	101.411613	99.47403	100.533722	100.47731	100.846672	99.925568	101.357483	100.043526	100.148918	100.841507	99.84597	100.141167	99.661278	99.807587	100.323257	100.356781	99.935883	101.444817	101.762917	101.098358	100.028358	101.234688	99.823067	100.921425	100.808311	100.441528	99.920403
354	99.24221	100.69175	99.790115	100.589859	99.392151	99.998093	100.603844	100.597717	100.707832	100.483772	101.285614	100.087906	102.057411	99.806007	100.073944	99.740135	100.537781	100.535843	99.983917	101.023819	99.811943	100.711861	99.925888	100.295898	99.790115	100.30587	100.429932	99.59803	100.467888	100.241875	100.277885	100.026062	99.707954	100.885735	101.143692	99.312111	100.579895	100.313889	100.487808	99.82402	101.071701	100.031998	99.811943	100.649796	99.702026	99.829956	99.624077	99.814056	100.051918	100.195923	99.788025	101.247704	101.083565	100.74575	100.018013	100.633713	99.562012	100.793823	100.509811	100.515938	100.022034
355	99.397537	100.235512	100.015625	100.477966	99.484207	100.300232	100.431267	99.961998	100.573563	99.950905	100.798012	99.804245	101.353767	99.668678	99.850967	99.986725	100.064323	100.364555	99.661949	101.084991	99.452942	100.658073	99.464035	100.088867	100.015625	99.957642	100.522507	99.384064	100.297867	99.975456	100.051048	100.206825	99.310646	100.566841	100.880325	99.163986	100.609192	100.126648	100.035416	99.706482	100.729134	99.991081	99.452942	100.375656	99.526367	99.490746	99.590889	99.837692	99.728653	100.031067	99.63089	101.022652	100.297653	100.348923	100.037804	100.037598	99.308464	100.678062	100.157722	100.627014	100.122307
356	99.547112	99.796257	100.232788	100.370255	99.572876	100.591194	100.265106	99.349922	100.444321	99.437859	100.328537	99.531151	100.676285	99.536484	99.636284	100.224197	99.608475	100.199661	99.351952	101.143906	99.1073	100.606308	99.019348	99.889549	100.232788	99.622383	100.611649	99.178085	100.134209	99.718925	99.83268	100.380898	98.928108	100.259796	100.62677	99.021378	100.637413	99.946404	99.599884	99.593338	100.399292	99.951714	99.1073	100.111687	99.357269	99.164162	99.558952	99.860481	99.417404	99.872368	99.479607	100.805977	99.540955	99.966881	100.056877	99.463646	99.064331	100.566635	99.818756	100.733986	100.21888
357	99.701393	99.778374	100.311127	100.234154	99.888344	100.554741	100.281235	99.317947	100.342575	99.424789	100.249825	99.662071	100.584503	99.770508	99.483017	100.388123	99.541107	100.326797	99.36982	101.137695	99.244057	100.667809	99.093231	100.070641	100.278152	99.682526	100.677277	99.427917	100.130402	99.844353	99.907234	100.341011	99.06179	100.227821	100.669373	99.211082	100.589287	99.849136	99.607101	99.691956	100.323692	99.968559	99.299057	100.13195	99.368263	99.110558	99.768929	100.00309	99.511223	99.960678	99.420151	100.785683	99.512779	100.004662	100.273361	99.292839	99.211082	100.625381	99.875793	100.729141	100.367676
358	99.858971	100.069199	100.287735	100.077499	100.369537	100.278595	100.430916	99.710968	100.261177	99.778	100.457489	100.088791	100.921921	100.272461	99.374947	100.497963	99.75843	100.667717	99.627831	101.083847	99.734032	100.812218	99.546883	100.530159	100.197624	100.032211	100.725601	100.011299	100.243759	100.249413	100.196304	100.144531	99.57341	100.397423	100.928879	99.643944	100.485359	99.812851	99.938622	99.94558	100.43441	100.02655	99.884201	100.360405	99.511192	99.256973	100.155807	100.233307	99.901619	100.229836	99.428055	100.909294	100.018272	100.34996	100.634178	99.417595	99.643944	100.808731	100.222862	100.642487	100.554535
359	100.012276	100.352188	100.264915	99.925018	100.837776	100.009857	100.576569	100.093414	100.181938	100.121689	100.659523	100.504013	101.250221	100.760941	99.269775	100.604843	99.969864	100.999435	99.878906	101.031425	100.210808	100.952736	99.988312	100.97731	100.119255	100.372467	100.772644	100.579002	100.354042	100.643524	100.477585	99.953293	100.071274	100.562431	101.181374	100.065147	100.384178	99.777496	100.261215	100.19239	100.542137	100.082985	100.45359	100.58268	99.650261	99.39946	100.532272	100.457314	100.281487	100.49173	99.435738	101.029564	100.510155	100.685951	100.985291	99.539001	100.065147	100.987152	100.560547	100.558128	100.736366
360	100.071648	100.499359	100.228241	99.857117	101.079391	99.894859	100.660683	100.422577	100.15184	100.394249	100.77478	100.803101	101.41188	101.121414	99.258209	100.63237	100.147125	101.160034	100.0429	101.040337	100.508812	101.040756	100.247536	101.269005	100.104233	100.63665	100.718163	100.945961	100.380531	100.945534	100.604042	99.828812	100.418266	100.641808	101.297745	100.356506	100.290009	99.818939	100.418709	100.370667	100.495102	100.161293	100.794098	100.741318	99.743446	99.519928	100.850273	100.62249	100.593735	100.651237	99.477036	101.041206	100.846008	101.011597	101.211945	99.601013	100.413116	101.078949	100.718163	100.470604	100.860146
361	99.869003	100.270531	100.15081	100.024483	100.693443	100.207947	100.575272	100.616074	100.258865	100.478493	100.650665	100.788261	101.111267	101.137306	99.50985	100.437668	100.235924	100.845802	99.96891	101.22242	100.316406	100.98494	100.005051	101.135757	100.267044	100.698105	100.375473	100.763771	100.172188	101.001274	100.300072	99.886879	100.355659	100.483536	101.035858	100.295021	100.211456	100.078514	100.118172	100.363815	100.010124	100.304733	100.504913	100.727615	99.711609	99.583702	101.017586	100.62928	100.729195	100.529396	99.614807	100.747452	100.757172	101.322327	101.098061	99.498596	100.570213	100.930908	100.375473	100.370422	100.825966
362	99.673729	100.049988	100.076187	100.185753	100.321457	100.509644	100.492928	100.802544	100.361977	100.559631	100.531029	100.773941	100.821556	101.152588	99.752342	100.250015	100.321495	100.542938	99.897583	101.397896	100.130966	100.931107	99.77137	101.007309	100.423897	100.757286	100.045204	100.588188	99.971405	101.05497	100.007103	99.942841	100.29528	100.330994	100.783455	100.235764	100.135719	100.328651	99.828506	100.357208	99.542732	100.442932	100.226196	100.714409	99.680885	99.645164	101.178802	100.635826	100.859688	100.411949	99.747581	100.464333	100.671532	101.621773	100.988266	99.399872	100.721573	100.788223	100.045204	100.273857	100.793007
363	99.485413	99.837311	100.004242	100.341293	99.962761	100.800613	100.413574	100.982391	100.461433	100.637909	100.415695	100.760178	100.542198	101.167358	99.986206	100.069092	100.404022	100.250877	99.828835	101.567123	99.952141	100.879227	99.546013	100.883469	100.575195	100.8144	99.726723	100.418869	99.777779	101.106773	99.724602	99.996826	100.237083	100.183929	100.540077	100.178612	100.062729	100.56987	99.549187	100.350845	99.092018	100.576248	99.957458	100.701691	99.651299	99.704453	101.33429	100.642143	100.985565	100.298737	99.875641	100.191353	100.588989	101.910553	100.882408	99.304695	100.867554	100.650642	99.726723	100.180733	100.761223
364	99.435272	100.088158	100.097549	100.262688	100.072769	100.623764	100.661446	100.828262	100.247276	100.56559	100.352524	100.826584	100.629784	101.114067	100.146332	100.203659	100.466362	100.343132	100.055649	101.482841	100.089012	100.859924	100.061668	100.762383	100.394455	100.656281	99.599548	100.287498	99.705658	100.812851	99.778404	100.308929	100.326881	100.318321	100.467194	100.123215	99.894753	100.670837	99.573906	100.474045	99.11528	100.622055	99.780098	100.752998	99.786118	99.892212	101.204765	100.370476	101.039635	100.15657	100.031685	100.090698	100.508263	101.4366	100.583542	99.555954	100.876198	100.30545	99.940987	100.367104	100.566422
365	99.395287	100.35788	100.197456	100.172783	100.207054	100.425079	100.920067	100.659561	100.02195	100.486778	100.294807	100.895401	100.736343	101.058578	100.296173	100.352409	100.525177	100.455238	100.292061	101.386299	100.23996	100.8433	100.603317	100.645844	100.200203	100.490913	99.488533	100.163177	99.643478	100.508728	99.850533	100.625267	100.422333	100.464836	100.407257	100.069931	99.727135	100.759659	99.616066	100.600601	99.166313	100.660919	99.614693	100.806274	99.925957	100.080894	101.062706	100.091873	101.087364	100.017822	100.183739	100.004112	100.430573	100.933815	100.283852	99.818993	100.876198	99.960251	100.179611	100.563576	100.368858
366	99.356834	100.617363	100.293556	100.086281	100.33625	100.233932	101.168892	100.497246	99.805176	100.410973	100.239288	100.961617	100.838867	101.005211	100.440346	100.495506	100.581779	100.563095	100.519516	101.293434	100.385193	100.827301	101.124443	100.533722	100.013329	100.331795	99.381729	100.043571	99.583672	100.216148	99.91993	100.929596	100.51416	100.605797	100.349602	100.018677	99.56588	100.845085	99.656624	100.722336	99.215401	100.698303	99.455574	100.857544	100.060486	100.262436	100.926033	99.823853	101.133308	99.884338	100.330032	99.92083	100.35582	100.450111	99.995522	100.072052	100.876221	99.628143	100.40921	100.752579	100.17878
367	99.596825	100.752724	100.211777	100.013206	100.367676	100.243469	101.180443	100.391075	99.964508	100.408447	100.266884	100.869766	100.935074	100.941109	100.455269	100.488853	100.461319	100.624397	100.56324	101.088699	100.431862	100.758781	101.091728	100.465454	100.068321	100.239334	99.607002	100.244606	99.639473	100.128342	100.211021	100.995102	100.529633	100.576439	100.334084	100.214027	99.616081	100.853539	99.808601	100.796532	99.407318	100.579453	99.599838	100.771988	100.189484	100.08947	100.792381	99.872765	101.062302	99.990921	100.265739	99.9328	100.303505	100.300491	100.187614	100.131371	100.914696	99.667038	100.475647	100.870895	100.056984
368	99.987953	100.815582	100.031921	99.949226	100.343559	100.365433	101.058601	100.31868	100.331535	100.447121	100.340561	100.691177	101.025703	100.872375	100.397362	100.398361	100.244057	100.658249	100.50293	100.825623	100.422249	100.662254	100.74897	100.423241	100.257874	100.186241	100.01384	100.621292	99.758972	100.157333	100.620308	100.925156	100.501923	100.452133	100.342583	100.54364	99.783859	100.818596	100.019859	100.842476	99.675301	100.375488	99.911293	100.611481	100.312653	99.721268	100.663254	100.098526	100.927147	100.22998	100.084686	99.998001	100.264915	100.341568	100.645187	100.080681	100.973915	99.913315	100.449135	100.947037	99.976128
369	100.362	100.875664	99.859901	99.888039	100.320503	100.482071	100.942078	100.249435	100.68251	100.4841	100.411011	100.52034	101.11235	100.806618	100.341965	100.31179	100.036255	100.690613	100.445236	100.573982	100.41304	100.569939	100.42112	100.382866	100.43914	100.13546	100.402901	100.98156	99.873245	100.185051	101.011719	100.858261	100.47538	100.333252	100.350677	100.858864	99.944321	100.785156	100.221909	100.886391	99.931572	100.180389	100.209167	100.457977	100.430428	99.369118	100.539764	100.314423	100.797905	100.458588	99.911514	100.060333	100.227974	100.380852	101.082787	100.032188	101.030563	100.148811	100.423767	101.019814	99.898766
370	100.55603	100.819908	99.75811	99.87751	100.240303	100.420891	100.774361	100.163338	100.89064	100.45079	100.405243	100.36441	101.094803	100.74456	100.26387	100.227753	99.908913	100.637695	100.430428	100.350258	100.36441	100.46022	100.201057	100.290558	100.51049	100.138268	100.540291	101.022469	99.888435	100.182198	101.124596	100.695786	100.386383	100.171173	100.35659	100.999001	100.036118	100.706841	100.347153	100.829338	100.08168	99.99369	100.40213	100.32357	100.483795	99.169083	100.414658	100.424103	100.628265	100.499466	99.836678	100.058105	100.215218	100.37384	101.314735	99.995293	100.975418	100.254456	100.40213	101.017845	99.839798
371	100.389656	100.527046	99.796158	99.969612	100.041641	99.996544	100.497772	100.040527	100.814293	100.273659	100.244377	100.234261	100.864944	100.688148	100.13739	100.1464	99.94146	100.409927	100.502335	100.176811	100.234261	100.311951	100.193718	100.090065	100.360382	100.250069	100.170006	100.415482	99.702637	100.117126	100.674561	100.334442	100.167778	99.916611	100.358162	100.787231	99.990982	100.534966	100.319878	100.565353	100.020264	99.818642	100.387444	100.224113	100.407707	99.272446	100.282669	100.320969	100.371635	100.159874	99.959488	99.924522	100.25116	100.272545	101.135269	99.980858	100.691483	100.099098	100.387444	100.863838	99.816422
372	100.235008	100.254837	99.831512	100.055244	99.856987	99.602089	100.240669	99.926361	100.743332	100.109009	100.094856	100.113258	100.651291	100.635719	100.019798	100.070801	99.971695	100.198196	100.569199	100.015556	100.113258	100.174141	100.186897	99.903709	100.220856	100.353989	99.825813	99.851265	99.529915	100.056633	100.256218	99.998543	99.964584	99.679985	100.359642	100.590408	99.949028	100.375198	100.29451	100.319962	99.963181	99.65593	100.373795	100.131676	100.336983	99.368546	100.159981	100.225113	100.133064	99.844223	100.073647	99.800346	100.284592	100.178398	100.96843	99.96743	100.427567	99.954681	100.373795	100.720657	99.794701
373	100.090897	100.001129	99.864464	100.135025	99.684891	99.234489	100.001076	99.819977	100.677193	99.955566	99.955498	100.000511	100.452164	100.586868	99.910233	100.00032	99.999878	100.000885	100.6315	99.865295	100.000511	100.045708	100.180527	99.730019	100.090828	100.450836	99.505043	99.325447	99.368958	100.000259	99.866356	99.685509	99.775215	99.459473	100.361	100.40696	99.90992	100.226295	100.270866	100.091263	99.909988	99.504288	100.361061	100.045525	100.271072	99.458092	100.045647	100.13578	99.910728	99.550056	100.180031	99.684624	100.31575	100.090645	100.812958	99.954933	100.181602	99.820099	100.361061	100.587234	99.774467
374	100.221588	99.924744	99.836983	100.012505	99.795242	99.314537	100.025108	99.920639	100.526604	100.046028	99.945656	100.075279	100.392899	100.668823	99.941505	100.100365	99.887115	100.075279	100.35936	99.862061	100.062729	100.041817	100.229935	99.7743	100.158859	100.505814	99.678223	99.536125	99.552841	100.08783	99.799332	99.832878	99.929008	99.485901	100.296745	100.388741	99.928955	99.970642	100.200615	100.146332	99.82859	99.778587	100.196388	99.991631	100.426422	99.347885	100.292717	100.137939	99.866249	99.632202	100.355377	99.732513	100.192223	99.920502	100.564178	100.046028	100.154648	99.857903	100.284218	100.555923	99.703201
375	100.335373	99.859535	99.813034	99.906036	99.89151	99.3853	100.046837	100.00824	100.396408	100.124977	99.937675	100.140488	100.342323	100.740013	99.969009	100.187302	99.789276	100.140488	100.12336	99.859848	100.117065	100.038933	100.272736	99.813339	100.218323	100.553047	99.829491	99.720665	99.712753	100.163902	99.742775	99.961739	100.062988	99.509636	100.241074	100.37365	99.945587	99.74971	100.139847	100.194908	99.758286	100.0168	100.053772	99.945274	100.561287	99.252075	100.507179	100.140152	99.828545	99.704536	100.506882	99.774437	100.085106	99.77346	100.349258	100.124977	100.132248	99.891174	100.217674	100.529289	99.641548
376	100.434479	99.802742	99.792168	99.813324	99.975334	99.446922	100.065765	100.084541	100.283012	100.193741	99.930725	100.197281	100.298271	100.802017	99.992958	100.263046	99.704102	100.197281	99.917816	99.857918	100.164391	100.036392	100.310013	99.847343	100.270081	100.594185	99.96125	99.881378	99.852051	100.230156	99.693527	100.073967	100.179657	99.530312	100.192581	100.360512	99.960098	99.55732	100.086914	100.237206	99.697052	100.224266	99.929573	99.904907	100.678719	99.16864	100.693962	100.142113	99.795708	99.767509	100.638794	99.810944	99.991806	99.645401	100.162064	100.193741	100.11274	99.920151	100.159729	100.506126	99.587852
377	100.326622	99.809364	99.70163	99.910355	99.959579	99.647964	99.984978	100.078491	100.196602	100.224281	99.947655	100.143494	100.303528	100.749825	99.959579	100.31028	99.717392	100.123299	99.902061	99.841469	100.184669	100.01268	100.26239	99.828018	100.283348	100.552475	100.026932	99.907265	99.860909	100.304321	99.798187	100.031342	100.257957	99.612747	100.144279	100.322197	100.007484	99.64045	100.011917	100.149452	99.831848	100.155426	100.042702	99.948441	100.435699	99.378822	100.630188	100.145042	99.896881	99.822838	100.618271	99.808578	99.913246	99.799744	100.159279	100.17717	100.172722	99.940933	100.124832	100.399925	99.68605
378	100.15966	99.83783	99.59877	100.061943	99.910362	99.870964	99.879753	100.043747	100.131943	100.236893	99.970848	100.057602	100.325813	100.664009	99.910362	100.340744	99.764206	100.012779	99.956635	99.822166	100.192429	99.984703	100.190987	99.792274	100.280975	100.4869	100.059761	99.881195	99.821808	100.370995	99.943497	99.939156	100.311592	99.705902	100.102791	100.280258	100.060143	99.810829	99.939514	100.027344	100.018204	99.997116	100.225197	100.016037	100.097343	99.665054	100.485458	100.147972	100.032066	99.867714	100.545944	99.792633	99.85096	100.033867	100.223038	100.132301	100.252914	99.955894	100.103149	100.278816	99.825066
379	100.02372	99.860992	99.515038	100.185303	99.87027	100.052452	99.79409	100.015465	100.079323	100.247124	99.989708	99.987663	100.34391	100.594162	99.87027	100.36554	99.802292	99.922806	100.001015	99.806427	100.19873	99.961914	100.132843	99.763191	100.27906	100.433517	100.086472	99.859962	99.789955	100.425255	100.061752	99.864105	100.355232	99.781685	100.069008	100.246109	100.102959	99.949509	99.880585	99.927956	100.169861	99.86824	100.373734	100.071037	99.821968	99.897987	100.36763	100.150337	100.142059	99.904243	100.487068	99.779648	99.800262	100.224426	100.274918	100.095772	100.318161	99.968071	100.085472	100.180244	99.938187
380	99.946823	99.921944	99.540932	100.250206	99.882278	100.128159	99.773315	100.020912	100.071465	100.210999	100.028755	99.980804	100.333038	100.556221	99.890121	100.364861	99.824318	99.968994	100.037041	99.852631	100.16304	100.006935	100.082825	99.775925	100.245438	100.380981	100.082825	99.916252	99.831261	100.439407	100.12249	99.884438	100.354408	99.881836	100.068871	100.22361	100.151237	100.081467	99.913635	99.924545	100.197937	99.878761	100.444626	100.116798	99.756279	100.063171	100.285088	100.175217	100.207481	99.951591	100.402809	99.852165	99.828644	100.303841	100.251114	100.12941	100.372253	99.996925	100.092842	100.135567	100.062737
381	99.940758	100.032898	99.705528	100.244461	99.960175	100.07428	99.833099	100.068954	100.119568	100.115189	100.09481	100.052811	100.285362	100.556778	99.986038	100.332214	99.827156	100.188019	100.064087	99.978516	100.073196	100.138985	100.040901	99.841728	100.170647	100.327362	100.040901	100.07222	99.966141	100.403831	100.113617	100.025368	100.297737	100.016747	100.110947	100.214836	100.208412	100.210587	100.063599	100.041512	100.072113	100.064697	100.421059	100.152946	99.951096	100.150261	100.243378	100.229408	100.219704	100.014565	100.28318	100.03508	99.957512	100.247131	100.131348	100.252594	100.414635	100.047943	100.131943	100.156715	100.206825
382	99.936035	100.119339	99.833748	100.239967	100.020889	100.032303	99.8797	100.106369	100.157013	100.040543	100.146248	100.108894	100.248215	100.557205	100.060776	100.30677	99.829353	100.35865	100.085159	100.076591	100.003197	100.241867	100.00824	99.89299	100.112389	100.285568	100.00824	100.193726	100.071213	100.376114	100.106689	100.13517	100.253609	100.12188	100.143723	100.207993	100.252937	100.311172	100.180435	100.132645	99.974052	100.209549	100.402702	100.181091	100.102852	100.218117	100.210846	100.271622	100.229202	100.063622	100.189987	100.177589	100.057915	100.202942	100.038017	100.348541	100.447639	100.087692	100.162399	100.173172	100.319084
383	99.932632	100.18264	99.933067	100.23278	100.068893	99.994919	99.914742	100.135826	100.184402	99.983421	100.185951	100.152168	100.215324	100.549927	100.120148	100.288879	99.840767	100.485214	100.09761	100.152824	99.952957	100.315819	99.988518	99.932632	100.070442	100.257744	99.988953	100.284241	100.151276	100.349602	100.099815	100.219749	100.220856	100.203407	100.171829	100.202965	100.288879	100.384727	100.270317	100.203621	99.905685	100.321564	100.386719	100.205841	100.223518	100.268768	100.185516	100.30323	100.238297	100.104233	100.123909	100.285126	100.136932	100.165199	99.967079	100.418518	100.471535	100.116608	100.185074	100.186394	100.401733
384	99.936928	100.1194	99.946129	100.158653	100.095245	99.894279	99.89933	100.149117	100.156174	99.989975	100.188362	100.154541	100.130249	100.399612	100.157486	100.322029	100.033104	100.391708	100.023338	100.168335	100.025108	100.213364	100.095711	99.936928	100.127411	100.343369	100.104904	100.225494	100.136139	100.247192	100.069321	100.222191	100.245178	100.216766	100.228905	100.207581	100.322029	100.308609	100.270638	100.221375	100.045609	100.332878	100.349976	100.267342	100.300346	100.238464	100.179161	100.286087	100.273582	100.16124	100.235626	100.243889	100.172089	100.091003	99.98455	100.342438	100.441452	100.083939	100.169968	100.197556	100.327812
385	99.940254	100.070663	99.9562	100.101509	100.115562	99.816666	99.887459	100.159363	100.134422	99.995026	100.190231	100.156357	100.064659	100.283684	100.186264	100.347603	100.18145	100.319603	99.966072	100.180283	100.08075	100.134346	100.178375	99.940254	100.171349	100.409401	100.194313	100.180222	100.124466	100.168228	100.045792	100.224075	100.263939	100.227081	100.272942	100.211143	100.347603	100.249901	100.270889	100.235069	100.153519	100.341621	100.321663	100.314774	100.359596	100.215088	100.174271	100.272858	100.300804	100.205215	100.321808	100.212112	100.199211	100.033798	99.998039	100.283768	100.418259	100.058731	100.158348	100.206161	100.270821
386	99.942886	100.031898	99.964195	100.056099	100.131699	99.754974	99.877998	100.167503	100.117126	99.999031	100.191711	100.157806	100.01252	100.191566	100.209152	100.367928	100.299309	100.262299	99.920555	100.189781	100.124954	100.071548	100.244057	99.942886	100.206253	100.461891	100.265373	100.144211	100.115189	100.105453	100.027084	100.225578	100.278839	100.235283	100.307915	100.213966	100.367928	100.203255	100.27108	100.245926	100.23925	100.348541	100.299133	100.352463	100.406685	100.196518	100.170387	100.262344	100.322411	100.240158	100.390266	100.186829	100.220764	99.988327	100.008736	100.237122	100.399818	100.038696	100.149086	100.213005	100.22551
387	100.007011	100.077042	99.969032	100.108955	100.144218	99.805351	99.956322	100.148132	100.132584	100.033829	100.193596	100.189674	100.05864	100.190987	100.250328	100.345291	100.261131	100.247482	99.969269	100.229683	100.175797	100.130569	100.293884	100.040833	100.221016	100.426933	100.24688	100.17128	100.132584	100.184097	100.079285	100.253883	100.305511	100.255188	100.341011	100.21199	100.365578	100.268021	100.263634	100.258759	100.282608	100.324646	100.309082	100.337219	100.406883	100.229683	100.236084	100.300644	100.35585	100.270035	100.396561	100.205818	100.251625	100.092102	100.105049	100.247108	100.395248	100.107658	100.249252	100.248077	100.248077
388	100.07856	100.13839	99.972305	100.18084	100.153969	99.878807	100.047157	100.124084	100.154671	100.071953	100.195328	100.225189	100.124718	100.21524	100.290535	100.314247	100.186172	100.246284	100.036476	100.272079	100.221123	100.214066	100.33226	100.150528	100.22818	100.373352	100.206802	100.211525	100.154671	100.289726	100.143196	100.285378	100.331543	100.275436	100.368835	100.208984	100.357422	100.353638	100.255142	100.270271	100.308273	100.295784	100.326385	100.309822	100.394356	100.272079	100.311172	100.346664	100.387657	100.294243	100.385132	100.234055	100.280586	100.221397	100.210716	100.270988	100.395081	100.190804	100.36467	100.285744	100.285744
389	100.136421	100.188004	99.974953	100.238953	100.16185	99.938194	100.120605	100.104668	100.172554	100.102783	100.196732	100.253914	100.178162	100.234856	100.323059	100.289177	100.125587	100.245323	100.090828	100.306366	100.257782	100.28157	100.363304	100.239204	100.233986	100.33004	100.174423	100.244072	100.172554	100.37513	100.194847	100.310852	100.352585	100.291786	100.391327	100.206566	100.35083	100.422844	100.248314	100.279579	100.329041	100.272476	100.340378	100.287674	100.384232	100.306366	100.371895	100.383865	100.413383	100.313843	100.375893	100.256897	100.304008	100.32592	100.29615	100.290283	100.394951	100.258018	100.457993	100.3162	100.3162
390	100.133743	100.179062	99.974564	100.253151	100.157722	99.982689	100.154785	100.105408	100.174667	100.111473	100.190712	100.246704	100.19088	100.243416	100.322067	100.259796	100.095261	100.225891	100.129913	100.310661	100.262558	100.290192	100.346016	100.271034	100.222031	100.289085	100.154785	100.258514	100.194038	100.389313	100.192154	100.294983	100.345657	100.283371	100.387123	100.206566	100.328705	100.417862	100.233269	100.277496	100.331291	100.260368	100.337921	100.268105	100.36261	100.307892	100.382523	100.395432	100.405167	100.330017	100.34584	100.288216	100.303101	100.361694	100.331291	100.295364	100.389717	100.277672	100.488091	100.3302	100.3302
391	100.065315	100.106255	99.970863	100.220428	100.140396	100.013138	100.148026	100.12809	100.159821	100.096581	100.176361	100.200226	100.160072	100.24041	100.284729	100.224373	100.096321	100.185524	100.154343	100.282646	100.23304	100.235382	100.275528	100.242744	100.190262	100.248779	100.148026	100.254044	100.220474	100.326965	100.130402	100.233543	100.308098	100.247726	100.353767	100.209175	100.288666	100.332214	100.208626	100.262978	100.313614	100.259819	100.317551	100.250366	100.327515	100.273979	100.339333	100.379753	100.359787	100.3433	100.291809	100.330185	100.275826	100.324631	100.313614	100.285278	100.378716	100.246689	100.451126	100.327011	100.327011
392	100.008949	100.04628	99.967812	100.193489	100.126137	100.038216	100.142456	100.146774	100.147591	100.084305	100.164543	100.161949	100.134705	100.23793	100.25399	100.195206	100.097191	100.15229	100.174454	100.259575	100.208725	100.190262	100.217484	100.219452	100.164101	100.215576	100.142456	100.250366	100.242233	100.275635	100.079552	100.182953	100.277161	100.218376	100.326286	100.211334	100.255707	100.261673	100.188354	100.251007	100.299057	100.259377	100.300766	100.235771	100.298622	100.246048	100.303757	100.366852	100.322426	100.354218	100.247322	100.364754	100.253357	100.294098	100.299057	100.27697	100.369644	100.221169	100.420692	100.324379	100.324379
393	99.970131	100.002197	99.966324	100.169563	100.112892	100.056961	100.138222	100.159164	100.136757	100.075851	100.155067	100.135147	100.118317	100.233253	100.230179	100.175117	100.100014	100.12944	100.190796	100.242187	100.188744	100.156975	100.172783	100.201332	100.145981	100.193283	100.143791	100.247612	100.259613	100.237213	100.044807	100.146866	100.254189	100.197235	100.304855	100.215683	100.229736	100.210274	100.176003	100.243362	100.28875	100.259758	100.28714	100.226082	100.276886	100.227394	100.274399	100.354492	100.293877	100.361374	100.217438	100.385979	100.238243	100.268982	100.287582	100.272499	100.361526	100.204849	100.394463	100.323448	100.320671
394	100.019859	100.025597	99.975494	100.136185	100.089073	100.050507	100.138977	100.137688	100.121918	100.086655	100.15123	100.164474	100.152206	100.203873	100.229355	100.201019	100.122902	100.159248	100.199631	100.246635	100.175735	100.173416	100.173737	100.199844	100.168098	100.228645	100.203812	100.248444	100.265709	100.249947	100.092865	100.178322	100.263893	100.213387	100.302353	100.244415	100.224243	100.242599	100.211266	100.260269	100.298645	100.26741	100.279869	100.242905	100.283073	100.258255	100.254074	100.328888	100.297035	100.347755	100.264885	100.327805	100.261879	100.252258	100.284996	100.293205	100.349464	100.240776	100.365433	100.335098	100.302673
395	100.061737	100.045311	99.983215	100.108063	100.069023	100.045082	100.139618	100.119591	100.109413	100.095764	100.147995	100.189163	100.180771	100.179115	100.228653	100.222839	100.142181	100.184341	100.207069	100.250366	100.16478	100.187263	100.174522	100.19857	100.186707	100.258408	100.254395	100.249123	100.270828	100.260651	100.133347	100.204811	100.272072	100.226974	100.300255	100.268593	100.219597	100.269821	100.240967	100.274513	100.306961	100.273849	100.273743	100.257065	100.288284	100.284256	100.236938	100.307312	100.299706	100.336281	100.304832	100.278786	100.281784	100.238167	100.282799	100.310661	100.339302	100.271057	100.340973	100.344894	100.287506
396	100.097511	100.062141	99.989807	100.084053	100.051895	100.040451	100.140152	100.104126	100.098732	100.103531	100.145248	100.210258	100.205162	100.157967	100.228073	100.24147	100.158646	100.205788	100.213417	100.253548	100.155434	100.199089	100.175186	100.197479	100.202606	100.283836	100.297562	100.249733	100.275208	100.269806	100.167908	100.227448	100.27903	100.238594	100.298454	100.289246	100.215637	100.29306	100.266327	100.28669	100.314079	100.279358	100.268509	100.269173	100.292732	100.30645	100.222313	100.288895	100.301956	100.326477	100.338951	100.236931	100.298813	100.226143	100.280937	100.325562	100.330627	100.296906	100.320099	100.353256	100.274551
397	100.11525	100.065742	99.99649	100.106621	100.073921	100.05616	100.140694	100.12822	100.121246	100.129509	100.160011	100.22229	100.208649	100.172081	100.235619	100.235031	100.167992	100.201057	100.219437	100.249947	100.172081	100.220345	100.196526	100.230469	100.214973	100.290588	100.299515	100.264824	100.29055	100.266472	100.199364	100.243546	100.285172	100.252762	100.310242	100.301361	100.24984	100.304543	100.262665	100.314346	100.327721	100.300369	100.287987	100.283562	100.306114	100.316933	100.246368	100.29216	100.311531	100.335022	100.34996	100.261269	100.335274	100.272331	100.297523	100.34771	100.346741	100.331474	100.323914	100.344917	100.305412
398	100.12677	100.06572	100.002518	100.13839	100.103363	100.075302	100.141167	100.159622	100.149666	100.157341	100.17762	100.230873	100.20665	100.193443	100.244431	100.223076	100.174629	100.190338	100.224754	100.245026	100.193443	100.241783	100.220802	100.268517	100.225235	100.292053	100.2911	100.281967	100.307037	100.260391	100.226906	100.256409	100.290489	100.266136	100.324181	100.31015	100.289986	100.311951	100.252235	100.343002	100.341568	100.323105	100.311592	100.297073	100.320351	100.323463	100.277519	100.30043	100.321899	100.347206	100.354172	100.299469	100.372864	100.328239	100.316978	100.369408	100.367355	100.364723	100.33342	100.333313	100.343964
399	100.136757	100.065704	100.007751	100.165962	100.128937	100.091934	100.141571	100.186882	100.174347	100.181519	100.192902	100.238335	100.20491	100.212006	100.252068	100.212708	100.180389	100.18103	100.229385	100.240753	100.212006	100.260391	100.241867	100.301552	100.234138	100.293312	100.283775	100.296844	100.321342	100.255112	100.250816	100.267586	100.29509	100.277733	100.336281	100.317787	100.324844	100.318382	100.243164	100.367889	100.353607	100.342819	100.332069	100.3088	100.332703	100.32914	100.304565	100.307632	100.330925	100.357796	100.357819	100.332619	100.405518	100.37677	100.33387	100.388245	100.385246	100.393585	100.341675	100.323227	100.377426
400	100.12896	100.067711	100.020775	100.172089	100.129852	100.102127	100.143692	100.199356	100.17791	100.190414	100.197563	100.234222	100.207611	100.213661	100.252548	100.20517	100.182594	100.181686	100.22551	100.242485	100.219902	100.271317	100.252319	100.313339	100.238464	100.291656	100.280472	100.30172	100.3283	100.256332	100.269958	100.269302	100.301254	100.284264	100.343498	100.322937	100.337692	100.318481	100.254974	100.366989	100.356247	100.357582	100.342155	100.32605	100.34462	100.329865	100.320923	100.316895	100.342598	100.35424	100.367401	100.35199	100.413467	100.396919	100.347519	100.395798	100.387527	100.408089	100.355782	100.328957	100.403168
401	100.102684	100.071823	100.042084	100.15625	100.105415	100.105904	100.147614	100.196838	100.15979	100.183762	100.191406	100.218132	100.214943	100.197945	100.245644	100.200378	100.18116	100.192581	100.212799	100.250389	100.21701	100.274529	100.252045	100.303444	100.238129	100.286949	100.281212	100.296356	100.327827	100.26429	100.284592	100.261322	100.309135	100.285706	100.345818	100.325645	100.328125	100.312027	100.288513	100.339462	100.349251	100.367477	100.341736	100.349319	100.356308	100.325516	100.326584	100.328491	100.357246	100.336037	100.383286	100.357529	100.396156	100.388229	100.35807	100.391899	100.373795	100.408112	100.376175	100.351097	100.42144
402	100.079605	100.075439	100.060799	100.142311	100.083939	100.10923	100.151062	100.194633	100.143875	100.17791	100.185982	100.203995	100.221382	100.184158	100.239586	100.196198	100.179909	100.202156	100.201653	100.257339	100.214455	100.277351	100.251808	100.294754	100.237846	100.282814	100.281845	100.291649	100.327408	100.271286	100.29744	100.254311	100.316071	100.286957	100.347855	100.328018	100.31971	100.306366	100.317955	100.3153	100.343094	100.376175	100.341354	100.369751	100.36657	100.321701	100.331566	100.338676	100.37011	100.320068	100.397217	100.362396	100.380943	100.3806	100.36734	100.388481	100.361717	100.40815	100.394104	100.370537	100.4375
403	100.063431	100.078461	100.076202	100.131378	100.067581	100.113258	100.156273	100.192703	100.133583	100.175095	100.182213	100.194405	100.227203	100.175797	100.23571	100.195503	100.182045	100.209953	100.195312	100.261948	100.214531	100.278107	100.252167	100.288818	100.2388	100.281502	100.284073	100.287018	100.326363	100.277924	100.308441	100.252701	100.320908	100.288918	100.351456	100.329529	100.31459	100.303993	100.341438	100.299644	100.338661	100.381149	100.34124	100.385818	100.374619	100.320435	100.336983	100.347984	100.379967	100.310158	100.407303	100.366501	100.370277	100.375412	100.374725	100.386322	100.354126	100.407707	100.40921	100.388512	100.448311
404	100.078415	100.079987	100.081787	100.131271	100.07132	100.124451	100.175835	100.191238	100.150589	100.188812	100.186073	100.206169	100.23304	100.194954	100.24263	100.215828	100.206314	100.212143	100.214073	100.255501	100.23056	100.266754	100.256516	100.295654	100.247871	100.296616	100.297478	100.279831	100.320724	100.286987	100.315651	100.282898	100.316383	100.296532	100.367043	100.326851	100.326141	100.320099	100.344292	100.325432	100.341675	100.366699	100.342537	100.385986	100.374687	100.333977	100.348747	100.358284	100.378128	100.330582	100.400688	100.368629	100.380013	100.381706	100.375572	100.390373	100.368774	100.404205	100.417374	100.409714	100.434509
405	100.091698	100.081345	100.086739	100.13118	100.074661	100.134361	100.193169	100.189934	100.165665	100.200966	100.189522	100.216591	100.238251	100.211929	100.248756	100.233841	100.227821	100.214088	100.230705	100.249817	100.244774	100.256714	100.260368	100.301704	100.255905	100.310028	100.309334	100.273491	100.315735	100.295021	100.322052	100.309631	100.312386	100.303284	100.380859	100.324455	100.336372	100.334381	100.34684	100.348267	100.344376	100.353912	100.343689	100.386154	100.374756	100.345978	100.359169	100.367424	100.376534	100.348701	100.394836	100.370514	100.388649	100.387299	100.37632	100.39399	100.38176	100.4011	100.424622	100.428474	100.422302
406	100.103531	100.08255	100.091133	100.131096	100.077614	100.143196	100.208618	100.188782	100.1791	100.2118	100.192574	100.225876	100.242867	100.227066	100.254204	100.249886	100.246986	100.21582	100.245522	100.244713	100.257431	100.247742	100.263786	100.307098	100.263084	100.321945	100.319908	100.267815	100.311264	100.30217	100.327744	100.333488	100.3088	100.309288	100.393166	100.322327	100.345482	100.347099	100.349091	100.368645	100.346771	100.342491	100.344727	100.386284	100.374809	100.356689	100.368454	100.375572	100.375092	100.364838	100.389587	100.372192	100.396347	100.392258	100.376984	100.397194	100.393311	100.398338	100.431076	100.445213	100.411377
407	100.0867	100.073708	100.091949	100.122406	100.077736	100.136612	100.190224	100.170921	100.172218	100.196632	100.187393	100.207153	100.223564	100.217232	100.238739	100.237068	100.244347	100.210381	100.237427	100.243546	100.245224	100.23996	100.262238	100.290764	100.258553	100.308212	100.296036	100.266525	100.298218	100.296364	100.313652	100.313499	100.294449	100.307152	100.377258	100.315491	100.326477	100.333931	100.343384	100.343765	100.345398	100.332512	100.339005	100.358498	100.356995	100.336906	100.360504	100.359711	100.366463	100.361992	100.376984	100.359535	100.383141	100.385597	100.367081	100.388397	100.38253	100.385773	100.417625	100.427696	100.396744
408	100.065109	100.063431	100.091896	100.112579	100.077209	100.127258	100.166092	100.150955	100.161552	100.177132	100.180878	100.183952	100.200722	100.20285	100.220062	100.219093	100.237206	100.203857	100.225052	100.243317	100.228676	100.233055	100.259735	100.271103	100.251892	100.290108	100.266731	100.266289	100.284386	100.288246	100.296494	100.285721	100.278946	100.303436	100.356613	100.308205	100.302994	100.316277	100.336456	100.311218	100.343346	100.323677	100.332298	100.327026	100.336838	100.312233	100.349495	100.340034	100.35701	100.35527	100.363853	100.344849	100.366531	100.376953	100.355721	100.377747	100.367821	100.372139	100.400993	100.404297	100.382507
409	100.045761	100.05423	100.091873	100.103783	100.076767	100.118889	100.144455	100.133072	100.151978	100.15966	100.175056	100.163177	100.18026	100.189949	100.203308	100.203011	100.230827	100.198021	100.213966	100.243118	100.213875	100.226891	100.257507	100.253502	100.245918	100.273857	100.240479	100.26609	100.272003	100.280991	100.281097	100.260857	100.265076	100.300125	100.338112	100.301682	100.281944	100.300453	100.330223	100.282059	100.341499	100.31575	100.326309	100.29882	100.318764	100.290123	100.339653	100.322388	100.348541	100.349274	100.352074	100.331688	100.351654	100.36924	100.345543	100.368202	100.35466	100.359932	100.386108	100.383331	100.369751
410	100.038841	100.055313	100.092331	100.097641	100.080597	100.112808	100.136734	100.12822	100.152679	100.148201	100.167099	100.157478	100.174507	100.185165	100.196861	100.197662	100.225082	100.196861	100.210426	100.241043	100.210968	100.228249	100.251701	100.249008	100.243423	100.258888	100.225876	100.265778	100.261009	100.276421	100.272964	100.253525	100.264954	100.297699	100.323524	100.301674	100.270828	100.296089	100.325104	100.272141	100.332047	100.314972	100.32563	100.284134	100.31179	100.290741	100.334145	100.31366	100.340012	100.345062	100.350891	100.329338	100.346649	100.361023	100.338676	100.359962	100.349571	100.348259	100.376984	100.371658	100.366058
411	100.043663	100.066162	100.093224	100.094017	100.088501	100.10891	100.142166	100.135696	100.163116	100.142418	100.15712	100.166046	100.182701	100.188004	100.20015	100.202499	100.219978	100.20015	100.21405	100.237206	100.219322	100.236748	100.242508	100.256935	100.244232	100.245071	100.222313	100.265381	100.251328	100.274399	100.271652	100.262794	100.277863	100.296143	100.31263	100.307861	100.269112	100.302574	100.321022	100.280426	100.315392	100.320984	100.329994	100.282242	100.315308	100.312889	100.332764	100.313362	100.331429	100.34256	100.359749	100.337234	100.350952	100.352371	100.334915	100.352951	100.352135	100.337112	100.373314	100.368797	100.370934
412	100.047997	100.075897	100.094032	100.090775	100.095596	100.105408	100.147057	100.142418	100.17247	100.137207	100.148155	100.173744	100.190063	100.190567	100.20311	100.206841	100.215378	100.20311	100.217316	100.233749	100.226845	100.2444	100.234261	100.264061	100.244949	100.232651	100.219109	100.265038	100.24263	100.272583	100.270485	100.271141	100.289474	100.294731	100.302826	100.313416	100.267563	100.308395	100.317345	100.28788	100.300423	100.32637	100.333916	100.280525	100.318481	100.332787	100.331512	100.313103	100.3237	100.340317	100.367714	100.344315	100.354828	100.344597	100.331558	100.346664	100.354446	100.327087	100.37001	100.366234	100.375298
413	100.049721	100.081482	100.092613	100.086464	100.099266	100.101768	100.148865	100.146484	100.177299	100.132515	100.140892	100.177887	100.193214	100.191605	100.204407	100.209106	100.210846	100.206398	100.218224	100.229858	100.230171	100.248108	100.230095	100.267342	100.243904	100.222984	100.218964	100.262924	100.235626	100.26915	100.267769	100.276443	100.29464	100.292358	100.295082	100.314651	100.266159	100.31279	100.313042	100.29306	100.288712	100.329018	100.333679	100.279106	100.318336	100.346458	100.32988	100.312164	100.317444	100.337692	100.369354	100.347412	100.355148	100.336624	100.327858	100.341019	100.354126	100.318459	100.365257	100.364075	100.37606
414	100.039383	100.069023	100.079559	100.075089	100.087677	100.095955	100.136482	100.139198	100.162064	100.128242	100.138901	100.166229	100.177132	100.18557	100.198158	100.202156	100.204704	100.212738	100.208069	100.222267	100.214401	100.234116	100.244263	100.253235	100.233757	100.222549	100.233696	100.25132	100.234077	100.25631	100.256371	100.269112	100.270477	100.28418	100.294029	100.295341	100.264809	100.312164	100.30378	100.289391	100.287994	100.319374	100.312897	100.278427	100.301994	100.335434	100.325623	100.30748	100.315643	100.332115	100.340805	100.332245	100.338234	100.32431	100.320992	100.336166	100.340889	100.312996	100.35144	100.363014	100.35939
415	100.03009	100.057808	100.067833	100.064888	100.077263	100.090721	100.125336	100.132668	100.148346	100.124405	100.137115	100.155731	100.162659	100.180145	100.192551	100.1959	100.199188	100.218437	100.198952	100.215446	100.200226	100.221527	100.256989	100.240562	100.22464	100.222168	100.246979	100.240883	100.232681	100.244774	100.246109	100.26252	100.248756	100.27684	100.293076	100.277962	100.263611	100.311592	100.295464	100.286087	100.287338	100.310692	100.294205	100.277817	100.287308	100.325516	100.321793	100.303268	100.314034	100.32711	100.315117	100.318619	100.322998	100.313225	100.314819	100.331818	100.328979	100.308083	100.338997	100.362038	100.344398
416	100.021683	100.047661	100.057205	100.055626	100.067833	100.085976	100.115265	100.126732	100.135933	100.120926	100.135483	100.146255	100.149574	100.175247	100.187447	100.190231	100.194191	100.223587	100.190674	100.209259	100.187386	100.210129	100.268509	100.229073	100.216377	100.221809	100.258972	100.23143	100.231422	100.234306	100.236824	100.256554	100.229088	100.270187	100.292206	100.262222	100.262497	100.311073	100.287918	100.283096	100.286743	100.302841	100.277306	100.277283	100.273987	100.316551	100.318321	100.299469	100.312592	100.322571	100.29187	100.306282	100.309227	100.3032	100.309219	100.327873	100.318207	100.303627	100.327744	100.361168	100.330826
417	100.024544	100.05394	100.058197	100.064278	100.072075	100.096931	100.111282	100.131592	100.139999	100.132515	100.146423	100.151314	100.159363	100.185242	100.191116	100.195312	100.194702	100.218704	100.194023	100.219521	100.200722	100.220169	100.26207	100.23732	100.225357	100.231186	100.261345	100.236702	100.236389	100.243141	100.251816	100.265144	100.236023	100.271034	100.292397	100.275436	100.268089	100.315643	100.293625	100.286545	100.290741	100.300179	100.284538	100.288414	100.281319	100.314713	100.31794	100.300468	100.313416	100.331131	100.29364	100.317825	100.321701	100.31781	100.320114	100.335022	100.323715	100.320068	100.330521	100.356483	100.334396
418	100.029251	100.062752	100.061249	100.075531	100.078514	100.109909	100.108757	100.138031	100.146782	100.14595	100.158798	100.158646	100.172577	100.197197	100.196114	100.20195	100.196198	100.212349	100.199249	100.231995	100.217819	100.233353	100.252831	100.24855	100.236801	100.2416	100.261772	100.244263	100.242104	100.254822	100.270096	100.275734	100.247314	100.273193	100.292763	100.292923	100.274467	100.320793	100.301338	100.290894	100.295258	100.298676	100.295662	100.300812	100.29184	100.314354	100.318161	100.302292	100.314606	100.341415	100.299873	100.332848	100.338005	100.335785	100.333168	100.343643	100.331787	100.339043	100.335655	100.351463	100.340828
419	100.033524	100.070724	100.064003	100.085739	100.084328	100.121666	100.106453	100.143883	100.152924	100.158104	100.170013	100.165298	100.184563	100.208008	100.200638	100.20797	100.19754	100.206581	100.203979	100.243294	100.233315	100.245285	100.244461	100.25872	100.247169	100.25103	100.262138	100.251099	100.247284	100.265411	100.286652	100.285324	100.257538	100.275162	100.293091	100.308754	100.280251	100.325439	100.308311	100.294838	100.299362	100.297318	100.305733	100.312057	100.301399	100.314018	100.318352	100.30394	100.315666	100.350746	100.305511	100.346443	100.352791	100.352074	100.345001	100.351456	100.339088	100.356232	100.340332	100.346924	100.346664
420	100.034439	100.072708	100.06913	100.093521	100.090172	100.128891	100.111198	100.149025	100.156128	100.163269	100.17675	100.170563	100.193115	100.213936	100.201538	100.208191	100.199234	100.208328	100.20639	100.246346	100.241211	100.249908	100.240875	100.260017	100.255035	100.253868	100.259567	100.257111	100.254807	100.271896	100.291481	100.291191	100.267433	100.280991	100.29422	100.315186	100.285004	100.325188	100.308563	100.299728	100.300179	100.300407	100.312126	100.316978	100.30732	100.317978	100.321602	100.309387	100.319885	100.352798	100.313904	100.352737	100.361786	100.361107	100.35218	100.357819	100.343201	100.363068	100.345703	100.348106	100.354408
421	100.032425	100.069443	100.076248	100.099121	100.09594	100.132111	100.121986	100.153496	100.156723	100.162247	100.179543	100.174622	100.198601	100.215515	100.199272	100.203362	100.201248	100.216583	100.206757	100.242195	100.242409	100.248131	100.241455	100.253609	100.260666	100.250946	100.254456	100.262321	100.26429	100.27478	100.286079	100.29377	100.276901	100.290123	100.295998	100.3134	100.288841	100.320663	100.302948	100.305405	100.298164	100.307312	100.315262	100.316368	100.310066	100.325607	100.327454	100.318085	100.326775	100.348511	100.324608	100.352608	100.365662	100.363754	100.35527	100.362839	100.34449	100.360825	100.351654	100.354263	100.363754
422	100.030586	100.066483	100.082695	100.104187	100.101151	100.135025	100.13176	100.157532	100.157272	100.161316	100.182068	100.178268	100.203552	100.216949	100.197205	100.198975	100.203033	100.224045	100.207077	100.238419	100.243484	100.246521	100.241982	100.24778	100.265755	100.248291	100.249802	100.267029	100.272842	100.27739	100.281158	100.296089	100.285492	100.298393	100.297607	100.311752	100.292297	100.316559	100.297844	100.310516	100.296333	100.313553	100.3181	100.315811	100.312531	100.33252	100.332764	100.325943	100.333023	100.344612	100.334297	100.352478	100.369179	100.366127	100.358047	100.367401	100.34565	100.358788	100.35704	100.359818	100.372231
423	100.030495	100.064102	100.087654	100.108215	100.105026	100.136925	100.139153	100.160744	100.158737	100.16214	100.183357	100.1819	100.206062	100.217583	100.197426	100.196526	100.205254	100.230148	100.206909	100.23645	100.244286	100.244995	100.242599	100.244949	100.269424	100.248146	100.247955	100.270988	100.278831	100.279129	100.277794	100.298653	100.29203	100.304367	100.298431	100.311409	100.29496	100.313103	100.296249	100.315353	100.296448	100.318573	100.320961	100.315132	100.3162	100.337479	100.337311	100.332771	100.33773	100.343529	100.342033	100.352562	100.371208	100.366295	100.360069	100.371292	100.348007	100.359116	100.362183	100.364891	100.379311
424	100.037613	100.063255	100.087914	100.109146	100.104462	100.135109	100.138893	100.161385	100.164452	100.170448	100.179886	100.186516	100.199036	100.214973	100.2071	100.201271	100.209877	100.232483	100.204536	100.241234	100.243996	100.243309	100.243782	100.253761	100.268234	100.258461	100.257172	100.273026	100.275803	100.277748	100.279785	100.302979	100.291969	100.302612	100.296127	100.316223	100.295044	100.311218	100.308693	100.320541	100.304756	100.320015	100.324776	100.313698	100.32605	100.335815	100.340065	100.33741	100.337433	100.353729	100.344025	100.353493	100.367668	100.357185	100.35955	100.373543	100.356056	100.369415	100.367905	100.36937	100.382843
425	100.044083	100.0625	100.088158	100.110008	100.103951	100.133469	100.13868	100.16198	100.169662	100.178017	100.176743	100.19072	100.192642	100.212624	100.215912	100.205597	100.214073	100.234604	100.202393	100.245598	100.243759	100.241768	100.244865	100.26178	100.267151	100.267853	100.265564	100.274895	100.273064	100.276497	100.281616	100.306915	100.291916	100.301041	100.294052	100.32061	100.295128	100.309502	100.320015	100.325272	100.312302	100.321342	100.328239	100.312401	100.334999	100.334312	100.342598	100.341644	100.337173	100.363014	100.34584	100.354347	100.364449	100.3489	100.35907	100.375595	100.363396	100.378784	100.373123	100.373474	100.386063
426	100.049995	100.061821	100.088356	100.110794	100.10347	100.131973	100.138458	100.162529	100.174416	100.184944	100.173866	100.194565	100.186813	100.210464	100.223969	100.209557	100.217911	100.236549	100.200424	100.249588	100.24353	100.240372	100.245857	100.269104	100.266159	100.276421	100.273216	100.276611	100.270554	100.275352	100.283279	100.310501	100.29187	100.299583	100.292145	100.324631	100.295197	100.307938	100.330368	100.32959	100.319206	100.322548	100.331429	100.311218	100.343193	100.332932	100.344894	100.345505	100.336929	100.371506	100.347496	100.355133	100.361511	100.341347	100.358643	100.37748	100.370094	100.387337	100.377892	100.377205	100.389008
427	100.037094	100.058113	100.08519	100.109482	100.107956	100.13298	100.13858	100.156746	100.172638	100.178574	100.173065	100.191673	100.188148	100.211395	100.219322	100.210991	100.218796	100.236038	100.207878	100.248459	100.24427	100.243103	100.243828	100.26667	100.26165	100.273491	100.268448	100.278381	100.272385	100.277588	100.281128	100.301895	100.290588	100.300026	100.295258	100.31797	100.296227	100.307228	100.324783	100.32766	100.318039	100.322472	100.330269	100.315323	100.340477	100.331284	100.348198	100.345123	100.331429	100.364075	100.346733	100.35273	100.356293	100.348473	100.360611	100.371727	100.371017	100.385201	100.376389	100.381699	100.388245
428	100.02211	100.054184	100.081696	100.107918	100.11293	100.134315	100.138748	100.15036	100.16993	100.17054	100.172653	100.187912	100.190521	100.212769	100.212967	100.211906	100.219154	100.235161	100.216309	100.246582	100.245132	100.246307	100.24147	100.262871	100.256905	100.268913	100.262024	100.280045	100.274765	100.280212	100.278534	100.291931	100.289177	100.300751	100.298943	100.310066	100.297333	100.306717	100.317047	100.324867	100.315666	100.32222	100.328514	100.319984	100.336197	100.329712	100.351418	100.344101	100.325478	100.354614	100.345634	100.349983	100.351105	100.357437	100.362823	100.365158	100.370934	100.381508	100.374008	100.386002	100.386955
429	100.008377	100.050591	100.078499	100.106499	100.11747	100.135544	100.138901	100.144508	100.16745	100.1632	100.172272	100.184464	100.192703	100.214005	100.207138	100.212753	100.219475	100.234375	100.22403	100.244881	100.245903	100.249245	100.239311	100.259361	100.252556	100.264717	100.256134	100.28157	100.276947	100.282623	100.276146	100.282799	100.287888	100.301407	100.30233	100.302818	100.298355	100.306236	100.309959	100.322304	100.313499	100.321976	100.326904	100.324249	100.332283	100.328278	100.35437	100.34317	100.320015	100.345955	100.344635	100.347481	100.346336	100.365654	100.364861	100.359154	100.370857	100.37812	100.371811	100.389923	100.385757
430	100.007805	100.051155	100.083961	100.107086	100.119911	100.136772	100.144279	100.146996	100.168297	100.166229	100.175568	100.186684	100.197235	100.217422	100.208023	100.21788	100.222572	100.237099	100.230537	100.24662	100.251137	100.254379	100.24295	100.262619	100.254807	100.264153	100.259491	100.284576	100.281776	100.287308	100.28006	100.281837	100.291153	100.304367	100.307892	100.304321	100.302193	100.30825	100.309059	100.323906	100.318848	100.325157	100.329056	100.330475	100.335144	100.332214	100.356171	100.344696	100.324867	100.346291	100.348839	100.349304	100.348625	100.372162	100.369957	100.360474	100.377182	100.379311	100.375435	100.392677	100.386345
431	100.018013	100.055099	100.096497	100.109329	100.120605	100.13797	100.1539	100.156281	100.171837	100.177765	100.18187	100.193527	100.203644	100.222588	100.214371	100.226463	100.227928	100.242653	100.235962	100.251175	100.259956	100.261246	100.25132	100.271378	100.262474	100.266563	100.270401	100.288788	100.288727	100.293816	100.289108	100.28756	100.298119	100.309143	100.315178	100.312973	100.308296	100.312271	100.313255	100.328896	100.330353	100.331116	100.334236	100.338242	100.343529	100.340508	100.356987	100.348221	100.338135	100.354004	100.357262	100.354675	100.356636	100.37719	100.377502	100.367805	100.38868	100.384232	100.383759	100.394417	100.388351
432	100.02742	100.058746	100.108017	100.111389	100.121262	100.139091	100.162743	100.164856	100.175117	100.1884	100.18766	100.199821	100.209534	100.227341	100.22023	100.234367	100.232849	100.24778	100.240959	100.255371	100.268089	100.267563	100.259003	100.279442	100.269531	100.268784	100.280449	100.292648	100.295128	100.29982	100.29744	100.292839	100.30452	100.313568	100.321877	100.320938	100.313911	100.315979	100.317123	100.333511	100.340927	100.336601	100.33902	100.345383	100.351242	100.348152	100.35775	100.351463	100.350342	100.361107	100.365005	100.359604	100.364029	100.381805	100.384453	100.374557	100.399277	100.388779	100.391426	100.396011	100.390175
433	100.033936	100.061691	100.115822	100.113533	100.122894	100.141121	100.170219	100.171349	100.178841	100.196648	100.192604	100.205299	100.214752	100.230614	100.225471	100.240173	100.237419	100.250771	100.24556	100.259636	100.273369	100.272537	100.265862	100.285492	100.274803	100.272285	100.289368	100.295212	100.30024	100.30397	100.304451	100.298943	100.310005	100.317726	100.327766	100.327095	100.319305	100.320518	100.321869	100.337479	100.349358	100.341324	100.3433	100.351357	100.357399	100.355217	100.358376	100.355064	100.359932	100.366745	100.371216	100.363922	100.36937	100.384628	100.390038	100.379799	100.406662	100.393166	100.396942	100.397934	100.39222
434	100.031006	100.062729	100.111343	100.116516	100.128746	100.147163	100.17424	100.171539	100.185226	100.197838	100.195587	100.20903	100.218666	100.22905	100.229691	100.239304	100.241707	100.246452	100.249695	100.265228	100.269066	100.273468	100.27121	100.2854	100.27459	100.281509	100.296143	100.29348	100.301743	100.302078	100.308105	100.309647	100.313278	100.32196	100.33197	100.327896	100.325081	100.329315	100.331154	100.340042	100.351631	100.344276	100.346718	100.354294	100.3592	100.361778	100.358688	100.360909	100.361801	100.368179	100.373016	100.366905	100.368179	100.381218	100.39183	100.380539	100.403664	100.398064	100.395584	100.401566	100.395546
435	100.02829	100.063667	100.107178	100.119255	100.134148	100.152756	100.17794	100.171707	100.191116	100.198921	100.198303	100.212494	100.222267	100.227592	100.233582	100.23851	100.245651	100.242439	100.253532	100.270378	100.265083	100.274338	100.276146	100.285301	100.274368	100.290047	100.302383	100.291885	100.303101	100.300323	100.311485	100.319542	100.316284	100.325859	100.335838	100.328636	100.330421	100.337433	100.339737	100.342415	100.353745	100.346992	100.349876	100.356972	100.360847	100.367821	100.358978	100.366295	100.363525	100.369492	100.374664	100.369659	100.367065	100.378059	100.393463	100.38121	100.400879	100.402596	100.394318	100.40493	100.398613
436	100.025764	100.064537	100.103317	100.121811	100.139153	100.157928	100.181389	100.171875	100.196587	100.199936	100.200859	100.215683	100.225616	100.22625	100.23719	100.237778	100.249336	100.238716	100.257088	100.275169	100.261375	100.275131	100.280724	100.285217	100.27417	100.297951	100.308189	100.290382	100.304375	100.298691	100.314629	100.328735	100.319084	100.329483	100.339447	100.32933	100.335381	100.344994	100.347694	100.344612	100.355698	100.349518	100.352798	100.359489	100.362381	100.373436	100.359238	100.3713	100.365135	100.37072	100.37619	100.372192	100.366035	100.37513	100.394997	100.381836	100.3983	100.406792	100.393143	100.408043	100.401436
437	100.023399	100.062393	100.098969	100.119652	100.133049	100.15432	100.170311	100.168846	100.189468	100.19519	100.198341	100.210175	100.221489	100.222038	100.232056	100.229965	100.241745	100.235344	100.253128	100.268044	100.258423	100.268745	100.274231	100.281021	100.272942	100.291512	100.301575	100.283905	100.298813	100.298866	100.311066	100.317787	100.312721	100.323723	100.332817	100.322495	100.331009	100.339958	100.338211	100.339867	100.347397	100.34481	100.347343	100.352943	100.355621	100.365494	100.355591	100.36348	100.359818	100.363937	100.366936	100.367477	100.362305	100.374054	100.386681	100.37867	100.389778	100.39418	100.385918	100.403549	100.398376
438	100.021194	100.059952	100.09478	100.116936	100.125679	100.149628	100.157776	100.16552	100.180939	100.18988	100.195251	100.20372	100.216507	100.217667	100.225937	100.221596	100.232971	100.232231	100.248299	100.259605	100.255753	100.261673	100.266518	100.276482	100.271629	100.283348	100.293526	100.2771	100.292564	100.299309	100.30674	100.30452	100.305382	100.31694	100.325104	100.314972	100.325523	100.333389	100.326729	100.334396	100.338074	100.339333	100.340988	100.345459	100.348045	100.356018	100.351593	100.354233	100.353828	100.356384	100.356636	100.361992	100.358376	100.373306	100.377419	100.375114	100.380875	100.379837	100.378242	100.398216	100.394608
439	100.019135	100.057648	100.090874	100.114395	100.11879	100.145256	100.146065	100.162415	100.172951	100.184906	100.192352	100.197693	100.211845	100.213577	100.220215	100.213768	100.22477	100.229309	100.243797	100.251709	100.25325	100.255074	100.259277	100.27224	100.270401	100.275719	100.286011	100.270737	100.286743	100.299713	100.302681	100.292137	100.298523	100.310608	100.317886	100.307953	100.320396	100.327255	100.31601	100.329269	100.329376	100.33419	100.335052	100.338455	100.340965	100.347176	100.347855	100.345596	100.348198	100.349335	100.347015	100.35685	100.354721	100.372589	100.368752	100.371788	100.372543	100.366447	100.371063	100.393227	100.39109
440	100.019524	100.059044	100.090065	100.113235	100.116814	100.140831	100.141571	100.15873	100.170425	100.179695	100.188324	100.195267	100.209251	100.211655	100.217232	100.21006	100.221237	100.227859	100.241173	100.245377	100.249168	100.250717	100.256134	100.268555	100.267616	100.268867	100.279343	100.26667	100.282181	100.297424	100.2967	100.285294	100.2957	100.30471	100.312256	100.304283	100.315796	100.321625	100.308731	100.324127	100.325226	100.331589	100.330063	100.335442	100.335312	100.342346	100.345085	100.339874	100.344536	100.346329	100.341774	100.354317	100.349472	100.367569	100.364624	100.36911	100.366653	100.362442	100.366852	100.387741	100.386063
441	100.021873	100.063385	100.091743	100.113205	100.118782	100.136414	100.142906	100.154587	100.172249	100.174347	100.183395	100.195755	100.208305	100.211479	100.216469	100.209641	100.221466	100.227608	100.240074	100.240349	100.243889	100.248207	100.256264	100.265327	100.263557	100.26268	100.273384	100.264488	100.278679	100.29303	100.289215	100.282959	100.296127	100.299225	100.307953	100.303307	100.311661	100.316467	100.304237	100.319016	100.324722	100.331032	100.325897	100.335609	100.330841	100.340744	100.343117	100.336525	100.342438	100.346565	100.340057	100.353897	100.34301	100.359131	100.364174	100.366959	100.362755	100.365982	100.365044	100.381897	100.379852
442	100.024078	100.067459	100.093315	100.113174	100.120613	100.132263	100.14415	100.150696	100.173965	100.169312	100.178764	100.19622	100.207428	100.211319	100.215744	100.209274	100.22168	100.227371	100.239052	100.235626	100.238922	100.245834	100.256371	100.262299	100.259781	100.256859	100.267792	100.262451	100.275375	100.288879	100.282196	100.280746	100.296532	100.294075	100.303902	100.302399	100.307777	100.311615	100.300026	100.314224	100.324265	100.330521	100.321983	100.335777	100.32663	100.339249	100.34127	100.333382	100.340477	100.346802	100.338432	100.353493	100.336929	100.351204	100.363731	100.364937	100.35907	100.369324	100.36335	100.376419	100.374016
443	100.025223	100.069191	100.093803	100.111366	100.120506	100.128128	100.14415	100.1465	100.173523	100.164734	100.174309	100.19548	100.204826	100.209549	100.21312	100.208603	100.220253	100.225433	100.23719	100.231148	100.234177	100.242462	100.254845	100.258377	100.255714	100.251785	100.262413	100.260452	100.271332	100.284126	100.275627	100.278412	100.295258	100.289009	100.299393	100.300537	100.303391	100.306343	100.296188	100.309647	100.322891	100.328079	100.31707	100.334167	100.322083	100.336685	100.33847	100.329651	100.337349	100.345612	100.33625	100.35144	100.331268	100.344727	100.361542	100.361885	100.35524	100.369576	100.36058	100.371376	100.36821
444	100.022713	100.062607	100.090408	100.102844	100.113274	100.123383	100.139595	100.140465	100.165192	100.161018	100.169685	100.190262	100.19548	100.201622	100.203171	100.206741	100.21254	100.217072	100.231972	100.226723	100.229416	100.234901	100.247063	100.250496	100.249969	100.248466	100.256859	100.258316	100.263855	100.276291	100.269577	100.275124	100.287628	100.283371	100.292419	100.29483	100.29644	100.298653	100.293037	100.305107	100.31797	100.318237	100.307678	100.325821	100.315369	100.329826	100.331703	100.323128	100.329445	100.339035	100.331589	100.34301	100.326111	100.342407	100.35257	100.354576	100.350189	100.358711	100.353447	100.36702	100.361511
445	100.02034	100.056396	100.087204	100.094795	100.10643	100.118896	100.1353	100.134766	100.157318	100.157509	100.165321	100.185333	100.186661	100.19413	100.193764	100.205002	100.205254	100.209152	100.227036	100.222565	100.224922	100.22776	100.239716	100.243057	100.244545	100.245331	100.251625	100.256287	100.256798	100.268898	100.26387	100.272011	100.280426	100.27803	100.285843	100.289429	100.289871	100.291405	100.29007	100.300804	100.313316	100.308952	100.298798	100.31797	100.309036	100.323357	100.325302	100.316963	100.321983	100.332809	100.327209	100.335052	100.321243	100.340225	100.344101	100.347687	100.345421	100.348434	100.34671	100.362923	100.355171
446	100.018082	100.050522	100.084152	100.087151	100.09996	100.114655	100.13121	100.129364	100.149857	100.154182	100.161171	100.180664	100.178299	100.187042	100.184837	100.203362	100.198341	100.201653	100.222336	100.21862	100.220665	100.220993	100.232742	100.236	100.239395	100.242363	100.246658	100.254372	100.250114	100.261879	100.258446	100.269066	100.273598	100.27298	100.279594	100.284317	100.283638	100.284531	100.287262	100.296738	100.308907	100.300148	100.290382	100.310501	100.30304	100.31723	100.319244	100.311111	100.314903	100.326904	100.323044	100.327507	100.316635	100.33815	100.33606	100.341156	100.340889	100.338707	100.340317	100.359024	100.349174
447	100.019821	100.048111	100.08316	100.087402	100.099037	100.115059	100.131401	100.130974	100.149445	100.153984	100.16394	100.179741	100.178314	100.189316	100.186729	100.20285	100.201347	100.202644	100.218689	100.21875	100.22094	100.220215	100.231194	100.236847	100.239578	100.242867	100.247231	100.255058	100.252274	100.262512	100.260376	100.2658	100.272766	100.270294	100.281921	100.280045	100.282051	100.286987	100.284767	100.292015	100.305046	100.300911	100.291801	100.308922	100.300858	100.313393	100.319611	100.309204	100.312042	100.325378	100.323059	100.327232	100.317856	100.335312	100.333275	100.338318	100.337692	100.33709	100.337006	100.356659	100.347176
448	100.022034	100.046303	100.082489	100.08873	100.098946	100.116089	100.132164	100.133499	100.150024	100.154221	100.167549	100.179375	100.179504	100.192795	100.190041	100.202522	100.205589	100.204781	100.21534	100.219452	100.221825	100.220299	100.230431	100.238754	100.240494	100.24382	100.24855	100.256073	100.255562	100.264168	100.263252	100.262619	100.272789	100.268051	100.285339	100.276062	100.281158	100.290634	100.282417	100.287415	100.301407	100.302933	100.294518	100.308212	100.299301	100.310013	100.320862	100.307907	100.309875	100.324524	100.323654	100.327942	100.319847	100.332489	100.331291	100.336113	100.334801	100.336662	100.334251	100.354614	100.345818
449	100.024124	100.044548	100.081863	100.090004	100.098839	100.117073	100.132896	100.135895	100.150558	100.154449	100.17099	100.179031	100.180626	100.196121	100.193199	100.202225	100.209641	100.206802	100.21212	100.220123	100.222672	100.220398	100.229729	100.240578	100.241379	100.244728	100.249802	100.257042	100.258698	100.265755	100.265976	100.259575	100.272812	100.265907	100.288582	100.272263	100.280312	100.294098	100.280174	100.283012	100.297943	100.304886	100.297119	100.307549	100.297806	100.306808	100.322052	100.306679	100.3078	100.3237	100.324211	100.328651	100.321747	100.329781	100.329414	100.334015	100.332054	100.33625	100.331627	100.352654	100.344505
450	100.022697	100.044205	100.082191	100.090599	100.100471	100.116524	100.132858	100.138176	100.151146	100.155388	100.171127	100.178612	100.180367	100.196289	100.196503	100.199654	100.21106	100.20723	100.209061	100.219765	100.221336	100.223122	100.229607	100.239601	100.241516	100.24456	100.24836	100.255928	100.258949	100.265717	100.264359	100.258347	100.271523	100.26442	100.288025	100.270691	100.278793	100.292191	100.281181	100.282196	100.294792	100.305305	100.298622	100.305107	100.297394	100.3041	100.320526	100.305496	100.307022	100.322762	100.322792	100.32711	100.322495	100.327469	100.327049	100.330826	100.330162	100.334259	100.33165	100.350952	100.344086
451	100.01844	100.044968	100.08329	100.09066	100.103508	100.114777	100.132195	100.140358	100.151764	100.156906	100.168625	100.178146	100.178978	100.193932	100.199913	100.195267	100.210381	100.206421	100.206123	100.218582	100.218269	100.227974	100.22998	100.236389	100.241112	100.243546	100.244759	100.253166	100.256882	100.264397	100.259247	100.258591	100.269226	100.263443	100.284401	100.270889	100.276779	100.28598	100.284782	100.284241	100.291908	100.304504	100.299263	100.301254	100.297836	100.301788	100.316811	100.304367	100.307259	100.321724	100.319794	100.323807	100.322342	100.325462	100.324287	100.326797	100.328972	100.331047	100.333809	100.349472	100.34436
452	100.014343	100.045708	100.084351	100.090721	100.106415	100.113083	100.131561	100.142441	100.152351	100.158348	100.166214	100.177681	100.177643	100.191673	100.203201	100.191071	100.209724	100.205627	100.203308	100.217453	100.215324	100.232651	100.230324	100.233307	100.240707	100.242554	100.241302	100.250504	100.25489	100.263107	100.254333	100.258812	100.266991	100.262497	100.28093	100.271095	100.274834	100.280022	100.288239	100.286209	100.289139	100.303734	100.299873	100.297562	100.298264	100.299576	100.313232	100.303268	100.307503	100.320724	100.31691	100.320641	100.322189	100.323532	100.32164	100.322929	100.327835	100.327942	100.335899	100.348045	100.344635
453	100.011955	100.04673	100.08371	100.090874	100.107849	100.111389	100.131058	100.143303	100.151947	100.158714	100.163254	100.176811	100.176155	100.188721	100.204529	100.187592	100.208305	100.204727	100.2015	100.216484	100.21225	100.234726	100.23011	100.230743	100.239899	100.241325	100.23819	100.247803	100.252357	100.261177	100.250259	100.258049	100.264832	100.261047	100.277885	100.270447	100.272545	100.27449	100.289658	100.286758	100.286888	100.301956	100.299072	100.294556	100.297668	100.297691	100.309219	100.301727	100.306641	100.318466	100.313675	100.317131	100.3209	100.320961	100.319016	100.319649	100.326004	100.325035	100.336304	100.345673	100.343918
454	100.015472	100.048958	100.076889	100.091347	100.104141	100.109482	100.130997	100.139847	100.147942	100.155212	100.158035	100.174355	100.173912	100.182983	100.198952	100.186409	100.204002	100.203369	100.203072	100.21608	100.208405	100.227722	100.227829	100.229797	100.23745	100.239075	100.235985	100.244606	100.247551	100.256638	100.248787	100.253662	100.262711	100.257538	100.276184	100.266693	100.268761	100.269936	100.283936	100.282219	100.28627	100.296341	100.293091	100.293694	100.293365	100.296799	100.303177	100.298378	100.301674	100.311455	100.3088	100.312111	100.315392	100.315773	100.316223	100.318192	100.321449	100.322571	100.330757	100.339661	100.339592
455	100.018883	100.05114	100.070282	100.091843	100.100563	100.107635	100.130936	100.136505	100.144066	100.15184	100.152985	100.171982	100.171768	100.177429	100.19355	100.185272	100.199844	100.202057	100.20462	100.215683	100.204681	100.220955	100.225624	100.228867	100.235092	100.236893	100.233856	100.241531	100.242905	100.252243	100.247368	100.24942	100.260666	100.25415	100.274529	100.263062	100.265083	100.265549	100.278404	100.277832	100.28566	100.290916	100.287308	100.292885	100.2892	100.295929	100.29734	100.295166	100.296867	100.304672	100.304092	100.307251	100.310066	100.310745	100.313522	100.316788	100.317039	100.320175	100.325394	100.333855	100.335403
456	100.022186	100.05323	100.063896	100.092293	100.097084	100.105843	100.13089	100.133263	100.140312	100.148544	100.148079	100.169693	100.16967	100.172066	100.188316	100.184166	100.195816	100.200798	100.2061	100.215294	100.20108	100.214386	100.22348	100.227989	100.232803	100.234779	100.231781	100.238541	100.23838	100.247993	100.245987	100.245323	100.258675	100.250862	100.272919	100.259529	100.26152	100.261284	100.273041	100.27356	100.28508	100.285652	100.2817	100.292084	100.285172	100.295082	100.291679	100.292038	100.292221	100.298096	100.299515	100.302528	100.304901	100.30587	100.310913	100.315407	100.312767	100.317848	100.320183	100.328217	100.331345
457	100.025085	100.053703	100.067795	100.090202	100.09922	100.107643	100.128807	100.133957	100.140511	100.146652	100.149536	100.167213	100.169632	100.174187	100.18821	100.183472	100.194534	100.200142	100.206757	100.214577	100.204208	100.213715	100.223145	100.227058	100.229141	100.235176	100.232483	100.237831	100.240875	100.246414	100.245392	100.245872	100.256645	100.250755	100.272308	100.260674	100.26342	100.264549	100.270607	100.274452	100.284111	100.285065	100.282944	100.289024	100.284912	100.295593	100.292694	100.293098	100.293442	100.297806	100.301003	100.303879	100.303146	100.307068	100.311195	100.315964	100.314308	100.318184	100.323082	100.327423	100.333466
458	100.027847	100.053955	100.073013	100.08783	100.102066	100.109901	100.126495	100.135185	100.141251	100.144974	100.151802	100.16478	100.169884	100.177299	100.188789	100.182854	100.19368	100.199593	100.207291	100.213837	100.20816	100.21386	100.223076	100.226151	100.225403	100.235901	100.233528	100.23745	100.244247	100.245247	100.244904	100.24704	100.254654	100.251091	100.271866	100.262413	100.266006	100.268784	100.268623	100.276016	100.283119	100.285126	100.285065	100.285721	100.285164	100.296295	100.294601	100.294701	100.295425	100.298378	100.303284	100.306007	100.301895	100.309074	100.31189	100.316772	100.316597	100.318863	100.327003	100.327301	100.336372
459	100.030556	100.054207	100.078079	100.085518	100.104836	100.112083	100.124237	100.136353	100.141968	100.143341	100.153992	100.162415	100.17012	100.180313	100.189354	100.182251	100.192833	100.199059	100.207794	100.213112	100.212013	100.213989	100.222992	100.225258	100.221725	100.236603	100.234558	100.237083	100.247528	100.244102	100.244438	100.248169	100.252724	100.251404	100.271431	100.264122	100.268517	100.272881	100.266693	100.277534	100.282143	100.285172	100.28714	100.282516	100.285408	100.296959	100.29644	100.296257	100.297356	100.298927	100.305489	100.308098	100.300667	100.31102	100.312531	100.317558	100.318825	100.319527	100.330818	100.327179	100.339195
460	100.030266	100.051941	100.07782	100.084343	100.102341	100.111092	100.12175	100.135361	100.14135	100.141312	100.152374	100.159409	100.168694	100.178421	100.18718	100.179199	100.189865	100.196526	100.204956	100.209595	100.211731	100.211014	100.221184	100.222038	100.218185	100.235161	100.231934	100.233826	100.245811	100.241325	100.240982	100.247871	100.250969	100.250916	100.268875	100.262573	100.266731	100.270966	100.26413	100.275253	100.279701	100.28286	100.28447	100.279999	100.28421	100.295471	100.295006	100.29361	100.294456	100.297523	100.304054	100.305138	100.299797	100.308693	100.311913	100.315872	100.318336	100.317207	100.329765	100.325905	100.337662
461	100.027557	100.047668	100.073242	100.084076	100.095604	100.107513	100.11908	100.132622	100.139656	100.138962	100.147652	100.155914	100.165939	100.172531	100.182785	100.174156	100.185158	100.19239	100.199417	100.203796	100.208069	100.205482	100.217972	100.216949	100.214729	100.231972	100.226357	100.228226	100.240067	100.237213	100.235107	100.246391	100.249374	100.249779	100.264633	100.2584	100.261482	100.264153	100.26107	100.269905	100.276062	100.278625	100.277969	100.278046	100.281837	100.292206	100.290916	100.287567	100.287666	100.294518	100.299667	100.298119	100.299202	100.302948	100.310226	100.312187	100.315643	100.312469	100.324799	100.323677	100.332596
462	100.024925	100.043503	100.068771	100.083817	100.089027	100.104019	100.11647	100.129936	100.138008	100.136673	100.143036	100.152496	100.163231	100.166794	100.17849	100.16922	100.180565	100.188362	100.194016	100.198158	100.204506	100.200096	100.214836	100.21199	100.211357	100.228859	100.220909	100.222755	100.234451	100.233208	100.229355	100.244949	100.24781	100.248672	100.260483	100.254333	100.256363	100.257515	100.25808	100.264679	100.272522	100.274506	100.271629	100.276146	100.27951	100.289032	100.286911	100.281677	100.281013	100.291595	100.295387	100.291252	100.298622	100.297333	100.308594	100.308586	100.313019	100.307846	100.319946	100.321518	100.327644
463	100.023582	100.040184	100.064041	100.082649	100.083557	100.100746	100.11393	100.126686	100.135674	100.134048	100.138794	100.149132	100.159706	100.161552	100.1745	100.165237	100.176857	100.184082	100.188995	100.193092	100.200401	100.1959	100.211372	100.207474	100.207901	100.224899	100.215637	100.218285	100.229279	100.229645	100.224625	100.242447	100.245239	100.246338	100.25592	100.250206	100.25132	100.251648	100.254799	100.259483	100.268982	100.26989	100.265564	100.273491	100.276253	100.285515	100.282928	100.276672	100.275574	100.288101	100.29097	100.284973	100.296532	100.291786	100.305725	100.304428	100.309464	100.303116	100.314758	100.318718	100.322365
464	100.026764	100.039658	100.058128	100.078056	100.081757	100.098053	100.11145	100.121094	100.130714	100.130096	100.135597	100.145737	100.152946	100.157761	100.171295	100.164391	100.176155	100.178612	100.185081	100.189766	100.194107	100.195717	100.206398	100.204262	100.20388	100.217628	100.210739	100.21714	100.225304	100.227486	100.223244	100.235893	100.238838	100.239372	100.249481	100.245651	100.246307	100.248169	100.250282	100.254105	100.265228	100.263229	100.260033	100.267967	100.269341	100.280594	100.278648	100.274536	100.274101	100.282326	100.285805	100.280319	100.288864	100.286148	100.298225	100.297943	100.302292	100.29763	100.308075	100.313438	100.315598
465	100.029877	100.039162	100.05233	100.073563	100.080002	100.095413	100.109032	100.115623	100.125839	100.126228	100.132477	100.142418	100.146332	100.154045	100.168144	100.163559	100.175461	100.173233	100.181267	100.186523	100.187958	100.195526	100.201546	100.201126	100.199951	100.21051	100.205925	100.216019	100.221405	100.225365	100.22187	100.229477	100.232567	100.232574	100.243187	100.24118	100.241386	100.244751	100.245857	100.24884	100.261543	100.256714	100.254608	100.262558	100.262573	100.275764	100.274467	100.272453	100.272644	100.276672	100.280739	100.275764	100.281357	100.28064	100.290886	100.291573	100.295258	100.292267	100.301514	100.308266	100.308968
466	100.032928	100.038658	100.046646	100.069176	100.07827	100.092827	100.106644	100.11026	100.121078	100.122429	100.12941	100.139168	100.139854	100.150406	100.16507	100.162743	100.174797	100.167976	100.177528	100.183342	100.181915	100.195351	100.196793	100.198051	100.196098	100.203552	100.201202	100.21492	100.217606	100.223282	100.220535	100.223198	100.226418	100.225899	100.237038	100.236824	100.236572	100.241402	100.241531	100.243675	100.257935	100.250313	100.249306	100.257256	100.255943	100.271034	100.27037	100.270424	100.271225	100.271133	100.27578	100.271294	100.274002	100.275246	100.283691	100.285362	100.288376	100.28701	100.295105	100.3032	100.302483
467	100.032463	100.032188	100.042938	100.067497	100.0746	100.088844	100.100479	100.105164	100.116196	100.117561	100.126961	100.132751	100.137344	100.144386	100.157211	100.159096	100.168755	100.163063	100.171707	100.17778	100.177635	100.187958	100.188843	100.193977	100.190781	100.195869	100.195992	100.208618	100.212097	100.217178	100.21524	100.218353	100.22142	100.220451	100.231918	100.230537	100.227562	100.235435	100.237595	100.239182	100.25103	100.248375	100.244034	100.252449	100.250992	100.262573	100.263908	100.263664	100.265373	100.264252	100.268463	100.26548	100.268265	100.270882	100.277367	100.280273	100.280807	100.280952	100.291977	100.298843	100.296356
468	100.031517	100.025009	100.039551	100.0662	100.070724	100.084724	100.09391	100.100182	100.111366	100.112656	100.124619	100.12603	100.135437	100.138153	100.148857	100.155128	100.162086	100.158287	100.165703	100.171982	100.17366	100.179718	100.18058	100.189842	100.185379	100.188232	100.190781	100.201729	100.206482	100.210632	100.209496	100.213776	100.216652	100.215256	100.227043	100.224129	100.218132	100.229225	100.23378	100.234833	100.243782	100.247047	100.238861	100.24781	100.246361	100.253738	100.257233	100.256371	100.259033	100.257317	100.260971	100.259552	100.262848	100.266739	100.27124	100.275421	100.273262	100.274872	100.289345	100.29467	100.29039
469	100.030602	100.017967	100.036224	100.064919	100.06691	100.080696	100.087463	100.095306	100.106636	100.107811	100.12233	100.119423	100.133537	100.132034	100.140656	100.151253	100.155571	100.153603	100.159836	100.166298	100.169769	100.171646	100.172493	100.185791	100.180077	100.180771	100.185684	100.194969	100.200966	100.204208	100.203857	100.20932	100.211975	100.210167	100.222267	100.217834	100.208893	100.223137	100.230064	100.230576	100.236687	100.245758	100.233795	100.243248	100.241814	100.245079	100.250687	100.249245	100.252808	100.250519	100.253616	100.253769	100.257538	100.262665	100.265244	100.270668	100.265869	100.268936	100.286774	100.290596	100.284538
470	100.029137	100.014175	100.03302	100.061272	100.061707	100.075706	100.083313	100.090561	100.100647	100.102005	100.117027	100.114288	100.128532	100.125694	100.134399	100.144783	100.148499	100.147141	100.153862	100.159492	100.163185	100.164902	100.166252	100.179649	100.174889	100.175117	100.179443	100.188087	100.193085	100.196777	100.196777	100.201973	100.205467	100.204552	100.216019	100.211487	100.202438	100.21669	100.222946	100.224289	100.229012	100.239136	100.228134	100.237488	100.237045	100.238373	100.243225	100.241425	100.246025	100.243546	100.24614	100.247215	100.250717	100.25647	100.258492	100.263977	100.259193	100.263062	100.280319	100.284645	100.278259
471	100.027237	100.013016	100.029907	100.055679	100.055374	100.069984	100.081039	100.085953	100.093651	100.095413	100.109276	100.110352	100.12101	100.119194	100.129745	100.136253	100.141022	100.139259	100.147842	100.151825	100.154472	100.159279	100.161537	100.171852	100.169838	100.170982	100.172333	100.181137	100.183296	100.188553	100.188553	100.192368	100.197495	100.198509	100.208618	100.205139	100.19828	100.20993	100.213112	100.216377	100.220894	100.22821	100.222031	100.230789	100.232109	100.233253	100.235023	100.233093	100.238823	100.236443	100.238594	100.240074	100.242699	100.248566	100.25116	100.255737	100.25312	100.257278	100.270737	100.277199	100.271645
472	100.025391	100.011887	100.026878	100.050209	100.049149	100.064377	100.078819	100.081421	100.086807	100.088966	100.1017	100.106499	100.113632	100.112846	100.125206	100.127884	100.13369	100.131538	100.141945	100.144302	100.145927	100.153755	100.156914	100.164207	100.164879	100.166931	100.165352	100.174309	100.173714	100.180496	100.180496	100.182938	100.189674	100.192604	100.201355	100.198898	100.194214	100.203323	100.203476	100.208626	100.212921	100.217506	100.216057	100.22422	100.227272	100.228241	100.226997	100.224915	100.231758	100.229477	100.231194	100.233078	100.234856	100.240829	100.243973	100.247665	100.247147	100.251602	100.261368	100.269913	100.265167
473	100.024071	100.010338	100.023941	100.044891	100.043655	100.059189	100.075981	100.076721	100.080956	100.082779	100.094948	100.102791	100.10688	100.107346	100.120224	100.120293	100.127159	100.124825	100.136253	100.137642	100.138435	100.147995	100.152397	100.156868	100.159386	100.162781	100.159431	100.167679	100.165466	100.173164	100.172951	100.174942	100.182495	100.186417	100.194756	100.192551	100.189888	100.1968	100.195023	100.201225	100.20549	100.207901	100.210236	100.217484	100.221779	100.223282	100.219261	100.217529	100.224709	100.222626	100.224396	100.226547	100.227234	100.233475	100.236748	100.239853	100.241158	100.245605	100.252724	100.262627	100.258385
474	100.02462	100.007118	100.021217	100.039848	100.040497	100.05529	100.070847	100.071182	100.078438	100.077248	100.090996	100.099495	100.102058	100.104729	100.113472	100.115074	100.123177	100.121521	100.131035	100.133804	100.134407	100.141121	100.148071	100.150208	100.151634	100.158096	100.157059	100.161385	100.161728	100.168022	100.166847	100.171745	100.177361	100.178947	100.190201	100.185432	100.184502	100.190285	100.190475	100.194725	100.199684	100.201736	100.204704	100.209846	100.2136	100.218262	100.212265	100.212654	100.2174	100.215828	100.219452	100.22142	100.220146	100.227203	100.229057	100.232544	100.234818	100.238144	100.246414	100.25499	100.250221
475	100.025162	100.00399	100.018585	100.034904	100.037399	100.051476	100.065819	100.065735	100.075981	100.071838	100.08712	100.096252	100.097343	100.10215	100.106873	100.109985	100.119278	100.118294	100.125931	100.13002	100.130478	100.134369	100.143829	100.143669	100.144051	100.153503	100.154747	100.155235	100.158073	100.163017	100.160873	100.168633	100.172333	100.171638	100.185753	100.178444	100.17923	100.183891	100.186028	100.188377	100.194016	100.195717	100.199295	100.202354	100.205597	100.213348	100.205406	100.207886	100.210251	100.209167	100.2146	100.216385	100.213196	100.221077	100.221542	100.22538	100.228592	100.23085	100.240242	100.247505	100.242233
476	100.025688	100.000908	100.015976	100.030067	100.03437	100.047729	100.06089	100.060402	100.073586	100.066505	100.083313	100.093079	100.09272	100.099625	100.100388	100.104988	100.115456	100.11512	100.120926	100.126328	100.12661	100.127754	100.139664	100.137283	100.136612	100.149002	100.152443	100.149193	100.154472	100.158096	100.155022	100.165558	100.167397	100.164474	100.181374	100.1716	100.174057	100.177635	100.181648	100.182167	100.188446	100.189819	100.193993	100.195023	100.197754	100.208534	100.198677	100.203201	100.203232	100.202629	100.209854	100.211464	100.20639	100.215057	100.214157	100.218353	100.222504	100.223686	100.234184	100.240173	100.234398
477	100.02253	99.997147	100.016464	100.028076	100.032959	100.046448	100.060905	100.059486	100.071083	100.066498	100.081383	100.091187	100.09066	100.098228	100.10022	100.103363	100.1147	100.113129	100.119415	100.123962	100.12561	100.127777	100.136482	100.136269	100.135269	100.146851	100.150063	100.148163	100.152931	100.154564	100.154785	100.160049	100.165749	100.164185	100.17527	100.168251	100.172745	100.175186	100.180222	100.17794	100.186935	100.187553	100.189278	100.18972	100.194763	100.204636	100.196503	100.200066	100.200829	100.201202	100.206306	100.20739	100.202332	100.21315	100.212372	100.216652	100.221268	100.221481	100.227928	100.234268	100.230698
478	100.018929	99.993362	100.017372	100.026497	100.031792	100.045517	100.061592	100.059189	100.068626	100.067207	100.079742	100.0895	100.088989	100.097015	100.100937	100.102249	100.11438	100.111351	100.118408	100.121819	100.125015	100.128708	100.133499	100.136009	100.134789	100.145081	100.14769	100.147858	100.151695	100.151276	100.155319	100.154282	100.164604	100.164856	100.169029	100.165436	100.171982	100.173309	100.179222	100.174072	100.186005	100.185844	100.184738	100.184784	100.192497	100.200943	100.195	100.197197	100.199112	100.200508	100.202965	100.203491	100.19873	100.211845	100.21138	100.215683	100.220726	100.220001	100.221779	100.228653	100.227615
479	100.015404	99.98967	100.01825	100.024963	100.030663	100.044609	100.062286	100.058891	100.066231	100.067902	100.078133	100.08786	100.087341	100.095833	100.101624	100.101151	100.114075	100.109627	100.117447	100.119736	100.12442	100.129616	100.130585	100.135757	100.134323	100.143341	100.145378	100.147545	100.150505	100.148079	100.155846	100.148666	100.163483	100.165497	100.162933	100.162697	100.171242	100.171471	100.178238	100.170303	100.185104	100.184166	100.180305	100.179985	100.190292	100.197311	100.193527	100.194397	100.197449	100.199821	100.199715	100.199684	100.195229	100.210556	100.210419	100.214752	100.220192	100.218559	100.215767	100.223198	100.224625
480	100.01432	99.987633	100.016891	100.022339	100.028137	100.042877	100.059914	100.056396	100.062859	100.066566	100.075615	100.085762	100.085655	100.094414	100.101997	100.098709	100.11026	100.107124	100.114906	100.117287	100.122345	100.127434	100.127411	100.133224	100.133987	100.140808	100.141563	100.145638	100.147804	100.144264	100.154457	100.146545	100.161613	100.164284	100.158401	100.161728	100.168274	100.168594	100.174728	100.167999	100.18219	100.181282	100.176537	100.177887	100.18737	100.193634	100.190628	100.192116	100.193214	100.196503	100.197197	100.196777	100.193855	100.206909	100.207268	100.210594	100.216743	100.215744	100.211548	100.220314	100.221725
481	100.015274	99.986946	100.013672	100.018837	100.024483	100.040474	100.055038	100.052094	100.058708	100.063576	100.072357	100.083282	100.083939	100.092789	100.102104	100.095177	100.103584	100.104012	100.111092	100.114594	100.119041	100.122726	100.124062	100.128815	100.133789	100.137665	100.136528	100.142433	100.143898	100.139938	100.151527	100.147308	100.159111	100.161514	100.155197	100.162231	100.163528	100.164886	100.169136	100.166931	100.177635	100.177429	100.173332	100.17804	100.183884	100.189926	100.186584	100.190308	100.186874	100.191025	100.195312	100.194595	100.194275	100.201294	100.202332	100.203812	100.210953	100.211845	100.208809	100.219574	100.218948
482	100.016197	99.98629	100.010536	100.015411	100.02092	100.038132	100.050293	100.047913	100.054657	100.060654	100.069191	100.080856	100.082245	100.091232	100.102196	100.091728	100.097061	100.10096	100.107384	100.111938	100.115822	100.118126	100.120773	100.124512	100.133583	100.134598	100.131622	100.139305	100.140083	100.135735	100.148666	100.148056	100.156662	100.158821	100.152054	100.16272	100.158867	100.161278	100.163673	100.165894	100.173187	100.173653	100.170204	100.178192	100.180473	100.186287	100.182617	100.18853	100.180672	100.185669	100.193489	100.192474	100.194672	100.195824	100.197517	100.197197	100.205292	100.208023	100.206146	100.218857	100.216248
483	100.017784	99.986237	100.008606	100.013374	100.019073	100.037125	100.046799	100.04525	100.052658	100.059082	100.067749	100.07943	100.081444	100.09037	100.102676	100.089905	100.093163	100.099609	100.105225	100.11039	100.113998	100.11499	100.118767	100.121483	100.133919	100.132179	100.129044	100.13739	100.13752	100.133041	100.147057	100.149155	100.154785	100.157074	100.150772	100.163757	100.155899	100.159111	100.160324	100.165924	100.170372	100.171432	100.168571	100.178596	100.178291	100.183846	100.180161	100.187515	100.176956	100.181961	100.192032	100.190567	100.195	100.192245	100.194313	100.192795	100.201164	100.205254	100.204979	100.21846	100.214218
484	100.021996	99.988495	100.011124	100.016403	100.02356	100.041115	100.047768	100.048195	100.058197	100.062523	100.072754	100.081612	100.0839	100.092148	100.104584	100.094154	100.098885	100.104538	100.108765	100.112869	100.117302	100.117195	100.121437	100.123123	100.136337	100.132072	100.135078	100.139984	100.139534	100.135895	100.150124	100.151695	100.154861	100.158783	100.156418	100.166916	100.159004	100.162331	100.164688	100.170074	100.173531	100.174942	100.172554	100.179985	100.180557	100.185684	100.183212	100.189301	100.182281	100.184181	100.191948	100.189354	100.195038	100.195587	100.196968	100.196411	100.202583	100.206268	100.209389	100.219322	100.214684
485	100.026131	99.990707	100.013565	100.019371	100.027939	100.044998	100.048721	100.051079	100.063614	100.065887	100.077652	100.083755	100.086296	100.09388	100.106468	100.098289	100.104477	100.109352	100.112244	100.115295	100.120529	100.119354	100.124046	100.124702	100.13871	100.131989	100.140953	100.142525	100.141502	100.138702	100.153122	100.15416	100.154938	100.160469	100.161911	100.170006	100.162041	100.165466	100.168945	100.174126	100.176605	100.17836	100.17643	100.181351	100.182762	100.187469	100.186172	100.191055	100.187492	100.186348	100.191895	100.188171	100.195076	100.19883	100.199554	100.199951	100.203964	100.207245	100.213707	100.220154	100.215149
486	100.030151	99.992867	100.015961	100.02227	100.032234	100.048813	100.049652	100.053894	100.068916	100.069176	100.082436	100.085846	100.088646	100.095558	100.108292	100.102341	100.109947	100.114044	100.115646	100.117661	100.123688	100.12146	100.126602	100.126251	100.141022	100.131897	100.146713	100.145004	100.143433	100.141441	100.156044	100.156578	100.154999	100.162109	100.16729	100.173035	100.165009	100.168526	100.173103	100.178101	100.179626	100.181709	100.180229	100.182678	100.184929	100.189224	100.189079	100.192772	100.192574	100.188484	100.191818	100.187012	100.195107	100.202026	100.20211	100.203407	100.205322	100.208199	100.217941	100.220963	100.215591
487	100.028633	99.993942	100.014427	100.024078	100.03141	100.047897	100.050308	100.052986	100.068192	100.069031	100.079872	100.084305	100.086441	100.093948	100.105789	100.102127	100.107216	100.112221	100.112236	100.116852	100.121216	100.120094	100.124321	100.126289	100.13858	100.131737	100.143768	100.144562	100.141541	100.141121	100.153496	100.155296	100.154518	100.15963	100.166107	100.169167	100.161949	100.16613	100.170311	100.174805	100.177475	100.178734	100.178055	100.182114	100.182571	100.187744	100.186523	100.189545	100.189606	100.186798	100.189468	100.190475	100.19548	100.200546	100.199257	100.202728	100.204865	100.205658	100.213882	100.220474	100.215149
488	100.026321	99.994835	100.012337	100.025703	100.029823	100.046288	100.050888	100.051521	100.066566	100.068375	100.076256	100.082253	100.083603	100.091866	100.102676	100.101265	100.103333	100.109459	100.107872	100.115562	100.117943	100.118217	100.121368	100.126091	100.135483	100.131546	100.139557	100.143692	100.139091	100.140358	100.150169	100.153473	100.153961	100.156593	100.163963	100.164368	100.158051	100.162949	100.166534	100.170494	100.174591	100.174866	100.175034	100.181267	100.179565	100.185791	100.183197	100.185631	100.185486	100.184586	100.186813	100.194527	100.195885	100.198387	100.195671	100.201462	100.204124	100.202621	100.208687	100.219772	100.214592
489	100.024071	99.995728	100.010284	100.027298	100.02829	100.044716	100.05146	100.050117	100.065002	100.067757	100.072739	100.080238	100.080826	100.089821	100.099632	100.100449	100.099525	100.106766	100.103615	100.114311	100.114754	100.116394	100.118484	100.1259	100.132454	100.131371	100.13546	100.142845	100.136711	100.139603	100.146912	100.151703	100.153412	100.153625	100.161873	100.15966	100.154243	100.159836	100.162842	100.166275	100.171783	100.171089	100.172081	100.180435	100.17662	100.183891	100.179962	100.181816	100.18145	100.182426	100.184212	100.198509	100.196281	100.196289	100.192169	100.200233	100.203407	100.199654	100.203598	100.219109	100.214043
490	100.022148	99.99585	100.009705	100.026703	100.02726	100.042793	100.051773	100.0495	100.062607	100.06514	100.071762	100.079254	100.078964	100.088158	100.096336	100.099266	100.097427	100.102867	100.100815	100.112511	100.112572	100.114182	100.116524	100.124344	100.128983	100.131317	100.133148	100.139786	100.135872	100.13903	100.143013	100.149475	100.15094	100.150909	100.158707	100.15657	100.151466	100.155579	100.159164	100.1642	100.167358	100.169037	100.168922	100.177383	100.173698	100.180984	100.177597	100.177956	100.177834	100.179718	100.181999	100.195869	100.193932	100.192978	100.18959	100.197533	100.200867	100.196396	100.199112	100.216293	100.210937
491	100.020531	99.995354	100.010345	100.024239	100.026665	100.040581	100.051834	100.049576	100.059547	100.060822	100.07299	100.079117	100.077888	100.0868	100.092819	100.097809	100.096802	100.097946	100.099274	100.11026	100.111244	100.111641	100.115379	100.121643	100.12516	100.131378	100.132385	100.134834	100.13636	100.138618	100.138603	100.146881	100.146851	100.14843	100.154602	100.154831	100.149582	100.150368	100.155533	100.163948	100.161552	100.168465	100.165596	100.172424	100.170815	100.177216	100.176025	100.17408	100.174561	100.176559	100.180099	100.187576	100.189232	100.188622	100.187828	100.193619	100.196777	100.192894	100.195183	100.211655	100.205681
492	100.018929	99.994865	100.010979	100.021805	100.026085	100.038399	100.05188	100.049652	100.056519	100.056602	100.074173	100.078979	100.076843	100.085449	100.089348	100.096359	100.096153	100.093094	100.097748	100.108025	100.109947	100.109138	100.114235	100.11898	100.121399	100.131432	100.131622	100.12999	100.136826	100.138199	100.134239	100.144318	100.142822	100.145981	100.150558	100.153137	100.14772	100.145248	100.15197	100.163696	100.155853	100.167908	100.162331	100.167557	100.167969	100.1735	100.174454	100.17028	100.171341	100.173462	100.17823	100.179436	100.184608	100.184334	100.186089	100.189743	100.192749	100.189423	100.191307	100.2071	100.200508
493	100.017944	99.99485	100.011681	100.020012	100.026047	100.03717	100.052094	100.050163	100.054657	100.053261	100.074516	100.07856	100.076363	100.084457	100.086662	100.09465	100.096024	100.0895	100.097168	100.106133	100.108673	100.107124	100.113548	100.116989	100.118401	100.13089	100.130699	100.126282	100.13707	100.137917	100.130798	100.14193	100.139603	100.144028	100.147499	100.151352	100.145912	100.141457	100.149261	100.163101	100.151917	100.167358	100.159622	100.163666	100.16552	100.170647	100.172867	100.167511	100.168968	100.171219	100.176529	100.173164	100.180496	100.180435	100.184441	100.186478	100.189194	100.186096	100.188324	100.203339	100.196335
494	100.019287	99.996719	100.012695	100.020683	100.02816	100.039711	100.052917	100.052452	100.057304	100.05336	100.071487	100.076912	100.078224	100.084816	100.086914	100.091759	100.097832	100.090706	100.100266	100.105415	100.107422	100.106934	100.114609	100.117554	100.118301	100.127998	100.129112	100.126884	100.136414	100.138161	100.130783	100.140106	100.13945	100.143898	100.148102	100.149117	100.144112	100.142845	100.149857	100.161087	100.154785	100.16674	100.159012	100.163338	100.164604	100.171051	100.171089	100.1688	100.169846	100.172279	100.175301	100.173996	100.178192	100.177803	100.183083	100.185371	100.187347	100.183022	100.188698	100.202522	100.195923
495	100.020615	99.998581	100.013687	100.021347	100.030258	100.042221	100.053741	100.054718	100.059906	100.053474	100.068512	100.075317	100.080063	100.085152	100.087181	100.088928	100.099625	100.091911	100.103333	100.104736	100.106201	100.10675	100.115654	100.118126	100.118217	100.12516	100.127563	100.127502	100.135765	100.138428	100.130775	100.138329	100.139297	100.143768	100.148727	100.146927	100.142372	100.144218	100.150452	100.159119	100.157608	100.166153	100.158432	100.16304	100.163712	100.171455	100.169357	100.170067	100.170731	100.173317	100.174103	100.174835	100.175941	100.17524	100.181755	100.184273	100.185524	100.180008	100.189079	100.201736	100.195518
496	100.021896	100.000397	100.014664	100.021996	100.032303	100.044678	100.05455	100.056931	100.062454	100.053574	100.06559	100.073753	100.081848	100.085487	100.087425	100.086128	100.101364	100.093079	100.106323	100.104057	100.104996	100.10656	100.116684	100.118675	100.118126	100.122368	100.126038	100.128105	100.135132	100.138649	100.13076	100.136581	100.139145	100.143639	100.149323	100.144783	100.14064	100.145569	100.151039	100.157181	100.16037	100.165573	100.157845	100.162743	100.162827	100.171867	100.167656	100.171303	100.171577	100.174347	100.172935	100.175652	100.173721	100.172699	100.180458	100.183212	100.183739	100.17704	100.189438	100.200966	100.195122
497	100.01992	100.002167	100.014496	100.022484	100.032738	100.042152	100.054718	100.055908	100.061539	100.055023	100.065567	100.073639	100.082352	100.086784	100.088203	100.086082	100.099228	100.093994	100.105965	100.104294	100.104927	100.106407	100.115791	100.116882	100.118866	100.122856	100.125969	100.129234	100.132706	100.138542	100.131668	100.136543	100.139252	100.143982	100.14994	100.144173	100.142159	100.146988	100.150597	100.155792	100.159393	100.163414	100.158882	100.165085	100.163055	100.17028	100.16713	100.170288	100.172356	100.173973	100.170532	100.174759	100.172913	100.174477	100.1791	100.182472	100.184105	100.17823	100.189445	100.19809	100.194099
498	100.017456	100.003922	100.01416	100.022949	100.032898	100.038895	100.054802	100.054398	100.060097	100.056671	100.06604	100.073769	100.082649	100.088249	100.089088	100.086449	100.096512	100.094879	100.10508	100.104675	100.105057	100.106277	100.114609	100.114754	100.119736	100.123871	100.126137	100.13044	100.13002	100.138405	100.132729	100.136795	100.139404	100.144409	100.150558	100.143852	100.144173	100.148376	100.150009	100.154518	100.157837	100.161049	100.160156	100.167809	100.163475	100.168419	100.166824	100.16893	100.173126	100.173401	100.167976	100.173607	100.172356	100.176918	100.177788	100.181816	100.184807	100.180077	100.1894	100.194931	100.193001
499	100.015022	100.005615	100.013824	100.023392	100.033066	100.03569	100.054863	100.052902	100.058678	100.058281	100.066498	100.073883	100.082947	100.089661	100.089935	100.08683	100.093857	100.095711	100.104202	100.105057	100.105179	100.106133	100.113449	100.11264	100.120583	100.12487	100.126289	100.131622	100.127396	100.138245	100.133751	100.137016	100.139549	100.144814	100.151154	100.143517	100.146149	100.149765	100.149429	100.153267	100.156311	100.158737	100.161407	100.170479	100.163879	100.16658	100.166496	100.16761	100.173882	100.172829	100.165466	100.17247	100.171791	100.179314	100.176491	100.18116	100.185486	100.18187	100.189362	100.191833	100.191917
500	100.015137	100.006775	100.014534	100.023529	100.032593	100.035202	100.054146	100.053276	100.058159	100.059998	100.06691	100.074539	100.083412	100.090134	100.089645	100.087738	100.092163	100.095818	100.103615	100.105217	100.105247	100.106606	100.112411	100.111946	100.120567	100.124702	100.125053	100.130692	100.126801	100.137367	100.133011	100.135567	100.138618	100.144875	100.15007	100.143196	100.146317	100.149261	100.148865	100.152878	100.155151	100.15731	100.160858	100.170433	100.162849	100.165405	100.166214	100.165962	100.172974	100.172676	100.165764	100.170769	100.170174	100.179123	100.175583	100.180527	100.184441	100.182281	100.188446	100.191116	100.190735
501	100.017532	100.007416	100.016129	100.023376	100.03154	100.037109	100.052727	100.055267	100.058472	100.061813	100.067307	100.075623	100.08403	100.089767	100.088371	100.089096	100.091347	100.095276	100.103271	100.105156	100.105247	100.107643	100.111481	100.112488	100.119797	100.123512	100.122574	100.127914	100.128029	100.135841	100.130676	100.132607	100.136711	100.1446	100.147484	100.142883	100.144875	100.147118	100.148308	100.153244	100.154327	100.156639	100.158707	100.167992	100.160538	100.164772	100.165924	100.164047	100.170609	100.172874	100.168541	100.168564	100.167595	100.17662	100.175026	100.179909	100.181831	100.181458	100.186768	100.192513	100.189445
502	100.019875	100.008057	100.017677	100.023247	100.030533	100.038979	100.051346	100.057243	100.058769	100.063576	100.067673	100.076698	100.084641	100.089409	100.087128	100.090431	100.090553	100.094727	100.102936	100.10511	100.105263	100.10865	100.110565	100.113007	100.119034	100.122345	100.120148	100.125183	100.129227	100.134361	100.128403	100.129715	100.134865	100.144341	100.144974	100.142586	100.143471	100.14502	100.147758	100.15361	100.153557	100.156006	100.156593	100.165596	100.158295	100.164162	100.16568	100.16217	100.168312	100.17308	100.171265	100.166405	100.165085	100.174202	100.174477	100.179306	100.179276	100.180664	100.185135	100.193878	100.18821
503	100.021706	100.009026	100.019165	100.023033	100.030266	100.041054	100.050667	100.058731	100.059784	100.065186	100.06839	100.077507	100.085091	100.088776	100.086304	100.0914	100.089958	100.094711	100.102768	100.105499	100.105873	100.109573	100.110123	100.113739	100.118866	100.121429	100.118744	100.123131	100.130211	100.133408	100.126587	100.127899	100.133835	100.143852	100.143372	100.14225	100.142502	100.143646	100.14756	100.154175	100.153015	100.155678	100.154617	100.163246	100.1567	100.163528	100.165619	100.160774	100.166389	100.173141	100.173149	100.165108	100.163651	100.172333	100.174202	100.178574	100.177658	100.180138	100.183998	100.194595	100.187347
504	100.021614	100.011429	100.020454	100.022491	100.033295	100.044235	100.052963	100.058342	100.063965	100.066231	100.070572	100.077347	100.084877	100.086998	100.087318	100.090813	100.090218	100.096977	100.10334	100.107849	100.109161	100.110291	100.111664	100.115395	100.121284	100.121582	100.121567	100.123848	100.130424	100.134697	100.126625	100.130608	100.136353	100.142303	100.145706	100.141777	100.143387	100.14534	100.148842	100.155602	100.153648	100.156677	100.153114	100.16098	100.157867	100.162781	100.166428	100.161301	100.166092	100.17263	100.171638	100.16745	100.166786	100.172829	100.175079	100.177216	100.179962	100.180832	100.185059	100.192627	100.188171
505	100.021507	100.013794	100.021706	100.02198	100.03624	100.04734	100.055191	100.057938	100.068031	100.067245	100.072693	100.077179	100.084671	100.085243	100.08831	100.09024	100.090469	100.099159	100.103882	100.110138	100.112366	100.110985	100.113144	100.117004	100.123634	100.121727	100.124321	100.124535	100.13063	100.135948	100.126633	100.13324	100.138794	100.140778	100.147987	100.141312	100.144234	100.146973	100.150085	100.156998	100.154243	100.157654	100.151619	100.15876	100.159004	100.162056	100.167229	100.161812	100.165771	100.172127	100.170158	100.169739	100.169838	100.173309	100.175926	100.175903	100.182213	100.181496	100.186073	100.190712	100.18898
506	100.021408	100.016068	100.022926	100.021469	100.039101	100.050339	100.057365	100.057556	100.071991	100.068237	100.074753	100.077019	100.084457	100.083542	100.089249	100.089668	100.090706	100.101303	100.104416	100.112366	100.115479	100.111649	100.114586	100.118576	100.125923	100.121857	100.127007	100.125206	100.130821	100.137161	100.126648	100.135818	100.14119	100.139297	100.150192	100.140854	100.145065	100.148567	100.151299	100.158348	100.154831	100.1586	100.150177	100.156593	100.16011	100.161339	100.167992	100.1623	100.165474	100.171623	100.168701	100.171974	100.172821	100.173775	100.176765	100.174606	100.184395	100.182137	100.18705	100.188828	100.189766
507	100.020981	100.01532	100.021873	100.021889	100.036575	100.047234	100.056412	100.056694	100.068024	100.066986	100.072243	100.075188	100.082825	100.083748	100.087975	100.08931	100.089539	100.100288	100.103119	100.109604	100.11306	100.110481	100.113213	100.115311	100.123192	100.121246	100.12542	100.123634	100.126877	100.133224	100.126732	100.134346	100.140297	100.137939	100.148689	100.138405	100.143646	100.145409	100.147919	100.153755	100.153557	100.156364	100.150894	100.15535	100.156784	100.159111	100.165382	100.160149	100.163353	100.16835	100.165764	100.170242	100.171051	100.169754	100.174583	100.175003	100.180939	100.179016	100.183777	100.186287	100.186501
508	100.020515	100.014046	100.020454	100.022484	100.03315	100.043106	100.054932	100.055779	100.062767	100.065361	100.068985	100.073112	100.080978	100.084282	100.086334	100.088989	100.088158	100.098755	100.10154	100.106033	100.109718	100.109016	100.111374	100.111267	100.119652	100.120529	100.123146	100.121712	100.122276	100.128494	100.126816	100.132217	100.138855	100.13665	100.146576	100.135651	100.141884	100.141502	100.143799	100.148216	100.151978	100.153648	100.151978	100.15432	100.152763	100.156677	100.162247	100.157593	100.16098	100.164665	100.162613	100.167885	100.168503	100.165054	100.171936	100.175682	100.176575	100.175285	100.179825	100.183693	100.182632
509	100.020073	100.012802	100.019073	100.023041	100.029839	100.039085	100.053513	100.054886	100.057648	100.063789	100.065819	100.071098	100.079193	100.084808	100.084747	100.088669	100.086807	100.097252	100.100006	100.10257	100.106476	100.107597	100.109589	100.107346	100.116219	100.11982	100.120911	100.119843	100.117813	100.123894	100.126907	100.130127	100.137459	100.135384	100.144516	100.13298	100.140152	100.137711	100.139793	100.142838	100.150452	100.150993	100.15303	100.153305	100.148865	100.15432	100.159203	100.155106	100.158669	100.161087	100.159561	100.165581	100.166023	100.160477	100.16935	100.176346	100.17234	100.171684	100.17598	100.18116	100.178848
510	100.019943	100.011589	100.018585	100.022865	100.028419	100.037636	100.052368	100.053833	100.055679	100.062119	100.063995	100.06974	100.077507	100.084389	100.083885	100.088242	100.086044	100.095795	100.098076	100.100494	100.104355	100.106766	100.108322	100.104988	100.11393	100.117828	100.118378	100.118408	100.116173	100.121559	100.126091	100.128876	100.135628	100.133583	100.142014	100.131416	100.138069	100.135513	100.136925	100.139412	100.148598	100.149826	100.152084	100.151062	100.146149	100.152824	100.156189	100.152885	100.156494	100.158081	100.157234	100.16246	100.162575	100.158623	100.167206	100.174103	100.169121	100.169609	100.172783	100.179848	100.176277
511	100.020111	100.010391	100.018944	100.02198	100.028778	100.038551	100.051521	100.052643	100.056648	100.060364	100.06337	100.069	100.075951	100.083099	100.083717	100.087677	100.085854	100.094391	100.095772	100.099709	100.10331	100.106453	100.107513	100.104073	100.112724	100.114647	100.115562	100.117401	100.117172	100.121353	100.124428	100.12841	100.133392	100.131271	100.139091	100.130905	100.135651	100.134827	100.135101	100.137817	100.146423	100.15004	100.149284	100.14769	100.144562	100.152138	100.153221	100.150917	100.15448	100.155617	100.155579	100.158585	100.158226	100.159286	100.165436	100.169144	100.166855	100.168991	100.170197	100.179657	100.174805
512	100.020287	100.009239	100.019279	100.021126	100.029137	100.039436	100.05069	100.051476	100.057579	100.058662	100.06279	100.06826	100.074432	100.081848	100.083557	100.087151	100.085663	100.093018	100.093544	100.09893	100.102272	100.106171	100.106743	100.103188	100.111557	100.111557	100.112823	100.116417	100.118134	100.121155	100.12281	100.127945	100.131226	100.129028	100.136253	100.130402	100.133278	100.134171	100.133324	100.136269	100.144325	100.150253	100.146553	100.144409	100.143013	100.151466	100.150322	100.14901	100.152519	100.153221	100.153969	100.154839	100.154007	100.159927	100.163742	100.164345	100.16465	100.168381	100.167679	100.179482	100.173378
513	100.020454	100.008263	100.019562	100.02047	100.029137	100.039696	100.049606	100.050392	100.057983	100.05703	100.062096	100.067329	100.073112	100.080444	100.083176	100.086151	100.085274	100.091293	100.091263	100.09774	100.10096	100.105164	100.10569	100.102173	100.110268	100.108597	100.110291	100.115395	100.118484	100.120285	100.121056	100.126816	100.1287	100.126968	100.133492	100.129486	100.130775	100.133476	100.131104	100.134567	100.142143	100.149559	100.143692	100.141296	100.141251	100.150558	100.147377	100.146957	100.150314	100.150742	100.152168	100.151352	100.150253	100.159561	100.161674	100.160042	100.162125	100.166824	100.164856	100.178253	100.171646
514	100.020638	100.007973	100.019608	100.020691	100.027443	100.036964	100.04718	100.049469	100.055984	100.055443	100.060783	100.065216	100.072433	100.078117	100.081619	100.082764	100.083885	100.08757	100.088524	100.094391	100.09816	100.10067	100.103226	100.100418	100.108292	100.105927	100.108398	100.113991	100.115967	100.116096	100.118385	100.122368	100.124123	100.125481	100.130676	100.126541	100.127243	100.132599	100.126495	100.131943	100.139282	100.144554	100.139793	100.138557	100.13826	100.148331	100.143723	100.143921	100.146606	100.147606	100.149261	100.148643	100.148224	100.154343	100.157585	100.157608	100.157616	100.160515	100.160149	100.171974	100.168274
515	100.020805	100.007698	100.019646	100.02092	100.02581	100.034332	100.044823	100.048592	100.054039	100.053917	100.059509	100.063179	100.071777	100.075874	100.080124	100.079498	100.082565	100.083969	100.085869	100.091133	100.095451	100.096321	100.10083	100.098732	100.106361	100.10334	100.106575	100.112617	100.113525	100.112045	100.115814	100.11808	100.119698	100.124039	100.127945	100.123665	100.12381	100.131737	100.122032	100.129387	100.13652	100.139702	100.136017	100.135895	100.135361	100.146172	100.140175	100.140991	100.143013	100.144554	100.146439	100.146034	100.146271	100.149284	100.153625	100.155258	100.153259	100.154411	100.155602	100.165878	100.165001
516	100.020981	100.007423	100.019684	100.021133	100.024223	100.031769	100.042549	100.047729	100.05217	100.052429	100.058281	100.061203	100.071159	100.073708	100.078667	100.076332	100.081268	100.08049	100.08329	100.08799	100.092819	100.092102	100.098511	100.097084	100.1045	100.10083	100.104813	100.111298	100.111153	100.108124	100.113312	100.113907	100.11541	100.122643	100.125313	100.120888	100.120499	100.130905	100.117706	100.126923	100.133835	100.135002	100.132355	100.133339	100.132545	100.144089	100.136757	100.138138	100.139557	100.141594	100.143692	100.143494	100.144371	100.144386	100.149788	100.152969	100.149025	100.148499	100.151192	100.159981	100.161827
517	100.018623	100.005959	100.016113	100.018623	100.021324	100.030457	100.040855	100.044739	100.050438	100.050079	100.056625	100.058891	100.067604	100.070297	100.074234	100.07341	100.077225	100.076653	100.079811	100.086342	100.088943	100.088898	100.094727	100.09581	100.10096	100.09594	100.100723	100.106133	100.108551	100.104347	100.10936	100.110565	100.111542	100.11747	100.120857	100.117447	100.116089	100.125435	100.114532	100.12178	100.128868	100.128998	100.127968	100.129547	100.128258	100.139297	100.134384	100.133751	100.13356	100.136864	100.137688	100.138809	100.13958	100.139366	100.145111	100.148155	100.147118	100.144424	100.147041	100.155426	100.158081
518	100.015831	100.004288	100.011948	100.01564	100.018265	100.029419	100.039314	100.041428	100.048782	100.047623	100.054909	100.056564	100.06356	100.066742	100.069321	100.07061	100.072731	100.072838	100.076225	100.08503	100.084938	100.085983	100.090752	100.094627	100.097168	100.090721	100.09626	100.100365	100.105965	100.100693	100.105247	100.107483	100.107872	100.111687	100.116173	100.113968	100.111565	100.119186	100.111664	100.116264	100.123558	100.122871	100.123535	100.12561	100.123764	100.134109	100.132278	100.129173	100.12722	100.131905	100.131187	100.133812	100.134338	100.134468	100.140396	100.14296	100.145699	100.140808	100.143066	100.151253	100.15435
519	100.013138	100.00267	100.007904	100.012756	100.015297	100.028419	100.037811	100.038208	100.04718	100.045242	100.053261	100.054337	100.059654	100.063301	100.064575	100.067902	100.068405	100.069168	100.072777	100.083778	100.081047	100.08316	100.086914	100.093498	100.093506	100.085663	100.091972	100.094772	100.10347	100.097153	100.101265	100.1045	100.104309	100.106094	100.111626	100.110588	100.107208	100.113144	100.108887	100.110939	100.118431	100.116959	100.119255	100.121811	100.119438	100.129089	100.130234	100.124756	100.121101	100.127113	100.124908	100.128998	100.129272	100.129723	100.135841	100.137924	100.144341	100.137329	100.139214	100.147209	100.150726
520	100.012611	100.003036	100.007225	100.012672	100.01535	100.028946	100.038361	100.037018	100.046684	100.044739	100.051926	100.054398	100.057564	100.062111	100.063232	100.067284	100.06591	100.068512	100.071381	100.082993	100.079407	100.081528	100.085854	100.092087	100.091484	100.084099	100.090096	100.091682	100.102631	100.094841	100.099327	100.102783	100.102425	100.102707	100.109009	100.108841	100.104988	100.109718	100.1063	100.108955	100.116173	100.114838	100.11647	100.120186	100.116554	100.125572	100.128281	100.121399	100.11834	100.124756	100.122215	100.126183	100.126411	100.126198	100.13311	100.135513	100.142609	100.135422	100.137138	100.145767	100.147629
521	100.014259	100.005402	100.009857	100.01535	100.018456	100.030968	100.040901	100.037827	100.047279	100.046089	100.050949	100.056755	100.057304	100.063171	100.065247	100.068733	100.065269	100.070847	100.072037	100.082687	100.079964	100.081047	100.087532	100.090446	100.091064	100.085983	100.09066	100.091103	100.103416	100.093735	100.099411	100.102356	100.102173	100.101509	100.108276	100.108704	100.104927	100.108894	100.103905	100.110329	100.116714	100.116455	100.115166	100.120712	100.115112	100.123573	100.126411	100.119102	100.118912	100.124802	100.12307	100.125397	100.125755	100.123856	100.132202	100.135696	100.140533	100.135101	100.136826	100.146889	100.14505
522	100.015831	100.007652	100.012398	100.017944	100.021431	100.032936	100.043358	100.038597	100.047852	100.047386	100.049988	100.059036	100.05703	100.064171	100.0672	100.070145	100.064644	100.073097	100.07267	100.082375	100.080505	100.080597	100.089134	100.08886	100.09066	100.087807	100.091194	100.0905	100.104187	100.092659	100.09948	100.101936	100.101936	100.100349	100.10759	100.108589	100.104866	100.108101	100.101593	100.111641	100.117256	100.118019	100.113892	100.121223	100.113716	100.121628	100.124596	100.116882	100.119446	100.124832	100.123894	100.124619	100.125107	100.121605	100.131294	100.135849	100.138519	100.134781	100.136528	100.147987	100.142563
523	100.017151	100.009766	100.014664	100.019981	100.023689	100.034393	100.045227	100.039268	100.04821	100.048462	100.049164	100.060799	100.05703	100.065018	100.06881	100.071228	100.064453	100.074974	100.073051	100.081924	100.080917	100.080338	100.090286	100.087608	100.090477	100.089371	100.091675	100.090393	100.104401	100.091888	100.09948	100.101562	100.101662	100.099564	100.106941	100.108505	100.104485	100.107506	100.099968	100.112495	100.117531	100.118973	100.112831	100.121262	100.112579	100.119888	100.123062	100.115204	100.120178	100.124756	100.124214	100.123932	100.124405	100.120178	100.130447	100.135612	100.136482	100.134186	100.136063	100.148407	100.140129
524	100.017311	100.011398	100.01577	100.019432	100.022484	100.033424	100.044273	100.039398	100.047638	100.048424	100.048996	100.060104	100.058517	100.065254	100.068878	100.070778	100.066628	100.075104	100.072189	100.080635	100.080727	100.0811	100.089157	100.08812	100.091469	100.089882	100.091934	100.092819	100.101768	100.092613	100.099121	100.101471	100.101181	100.100708	100.106575	100.108757	100.102463	100.107941	100.101891	100.111137	100.116493	100.116882	100.112709	100.11879	100.112709	100.118935	100.122833	100.116196	100.122154	100.124062	100.121948	100.12355	100.123383	100.123062	100.129715	100.133217	100.134041	100.132034	100.134697	100.145386	100.13752
525	100.017464	100.012955	100.01683	100.018921	100.021317	100.032486	100.043358	100.039528	100.047073	100.048401	100.048828	100.059464	100.059959	100.065483	100.068954	100.070358	100.06871	100.075233	100.071358	100.079407	100.080536	100.081841	100.088058	100.088608	100.092445	100.090385	100.092171	100.095161	100.09922	100.093307	100.098785	100.101379	100.100708	100.101807	100.106224	100.108994	100.100479	100.108376	100.103722	100.109818	100.115501	100.114883	100.112579	100.116409	100.112846	100.118019	100.122604	100.117149	100.124046	100.12339	100.119759	100.123192	100.122391	100.125816	100.128975	100.130913	100.131676	100.129959	100.133385	100.142494	100.135002
526	100.017616	100.014473	100.017868	100.018417	100.020195	100.031578	100.042473	100.039658	100.046539	100.048378	100.04866	100.058815	100.061348	100.065697	100.069023	100.069939	100.070724	100.075356	100.070572	100.078217	100.080368	100.08255	100.087013	100.089073	100.093391	100.090851	100.092422	100.09742	100.096771	100.093987	100.098442	100.101295	100.100258	100.102875	100.105881	100.109222	100.098595	100.10878	100.105499	100.108543	100.114548	100.112938	100.112465	100.114105	100.112976	100.117149	100.122406	100.11805	100.125885	100.122765	100.117645	100.122849	100.121437	100.128487	100.128281	100.1287	100.129402	100.12796	100.132111	100.139687	100.132584
527	100.017097	100.011978	100.015793	100.017807	100.0196	100.03083	100.0401	100.039459	100.0448	100.045441	100.046661	100.056541	100.05896	100.063957	100.065826	100.067009	100.067963	100.071426	100.069717	100.075401	100.07843	100.079643	100.083183	100.085236	100.090424	100.088181	100.089012	100.095161	100.092911	100.090836	100.095573	100.098434	100.096619	100.099564	100.103783	100.105263	100.096451	100.105095	100.102234	100.104546	100.111046	100.110176	100.1101	100.111298	100.109756	100.114082	100.118614	100.114548	100.120415	100.119934	100.114754	100.119652	100.118217	100.125435	100.124443	100.12442	100.126144	100.124863	100.128342	100.136093	100.129662
528	100.016464	100.00869	100.013115	100.017204	100.019157	100.030136	100.037476	100.039207	100.042847	100.041962	100.044319	100.053963	100.055824	100.061844	100.062004	100.063599	100.064217	100.066757	100.068893	100.072327	100.076172	100.076042	100.078896	100.080582	100.0867	100.084915	100.084923	100.091995	100.088867	100.086952	100.092247	100.095032	100.092384	100.09539	100.101379	100.100502	100.094345	100.100624	100.097977	100.10009	100.107101	100.107323	100.107338	100.108467	100.105919	100.110649	100.114182	100.110184	100.113503	100.116753	100.111786	100.115944	100.114616	100.121216	100.120056	100.119827	100.12281	100.121605	100.124146	100.132439	100.126732
529	100.015846	100.005508	100.010529	100.016609	100.01873	100.029465	100.03495	100.038956	100.040962	100.038612	100.042053	100.051483	100.052795	100.059807	100.058327	100.060318	100.060616	100.062241	100.068092	100.069344	100.07399	100.072563	100.074745	100.07608	100.083115	100.081741	100.080978	100.088928	100.084961	100.083199	100.089012	100.091766	100.088295	100.091362	100.099037	100.095924	100.092293	100.096306	100.093864	100.095787	100.103287	100.104568	100.104652	100.105713	100.102211	100.107323	100.109879	100.105957	100.106834	100.113663	100.10891	100.112366	100.111153	100.117149	100.115799	100.115395	100.119576	100.118484	100.120102	100.128899	100.123894
530	100.015511	100.004837	100.009918	100.016464	100.01899	100.029137	100.034187	100.038361	100.039986	100.037827	100.041641	100.05056	100.051941	100.058578	100.058136	100.059189	100.059723	100.060638	100.068176	100.067627	100.073647	100.070976	100.073349	100.074837	100.081886	100.080109	100.079559	100.086685	100.083244	100.083389	100.087448	100.090195	100.087631	100.089874	100.098022	100.093964	100.091209	100.094307	100.092361	100.093925	100.102852	100.103691	100.103249	100.104759	100.101135	100.106491	100.108047	100.104698	100.103378	100.111938	100.107155	100.110176	100.10965	100.114357	100.113914	100.113548	100.118111	100.117706	100.118187	100.127319	100.123009
531	100.01545	100.006828	100.011444	100.016823	100.020004	100.029167	100.035301	100.037399	100.03997	100.03978	100.04319	100.051247	100.053368	100.058235	100.061676	100.060364	100.061729	100.062134	100.069191	100.067268	100.075294	100.071381	100.07486	100.077057	100.083138	100.080124	100.080826	100.085281	100.083839	100.087753	100.087677	100.090431	100.090584	100.091064	100.098434	100.094772	100.091125	100.094772	100.093613	100.094666	100.105988	100.104813	100.103165	100.105682	100.102875	100.108322	100.108826	100.106606	100.10334	100.111618	100.106636	100.109444	100.110245	100.1129	100.114525	100.114464	100.118568	100.119438	100.118515	100.127777	100.124191
532	100.015388	100.008751	100.012901	100.017128	100.020981	100.029198	100.036362	100.036453	100.039948	100.041649	100.044655	100.051918	100.054741	100.057877	100.065086	100.061508	100.06366	100.063576	100.070168	100.066902	100.076851	100.071762	100.076332	100.079178	100.084343	100.080124	100.082031	100.083939	100.084389	100.091934	100.087868	100.09066	100.093437	100.092194	100.098816	100.095543	100.091026	100.095215	100.094818	100.095352	100.109016	100.105881	100.103088	100.106552	100.104538	100.110077	100.109573	100.108421	100.10331	100.11132	100.106117	100.108719	100.110817	100.111511	100.115082	100.115326	100.11898	100.121101	100.118828	100.12822	100.125328
533	100.015488	100.0103	100.01429	100.017609	100.022003	100.029518	100.037239	100.035919	100.040352	100.043488	100.04628	100.052643	100.056114	100.057556	100.067986	100.062645	100.065445	100.064728	100.070938	100.066925	100.077965	100.072327	100.077354	100.080833	100.085518	100.080513	100.082947	100.08287	100.084946	100.095284	100.088249	100.091003	100.095787	100.093208	100.099434	100.096344	100.091003	100.095657	100.095955	100.096199	100.111351	100.106773	100.102936	100.107346	100.105957	100.11145	100.110115	100.109673	100.103569	100.111153	100.105652	100.108276	100.111427	100.110397	100.115479	100.116142	100.119629	100.122604	100.119102	100.128746	100.126373
534	100.016533	100.009941	100.015549	100.019089	100.023544	100.031601	100.037003	100.037682	100.043396	100.045326	100.049088	100.053802	100.057663	100.057312	100.068344	100.063942	100.06678	100.0644	100.07061	100.069336	100.076355	100.074066	100.07576	100.079704	100.086632	100.083435	100.082222	100.083366	100.085579	100.09388	100.08979	100.092209	100.095436	100.093628	100.1017	100.097382	100.091347	100.096062	100.096855	100.097992	100.109825	100.106667	100.102325	100.107849	100.105965	100.110641	100.109413	100.107468	100.105835	100.111816	100.105324	100.109276	100.112343	100.110947	100.114868	100.116837	100.121727	100.123322	100.119171	100.129868	100.127068
535	100.017548	100.009598	100.016747	100.020515	100.025032	100.033615	100.036797	100.039383	100.046333	100.047112	100.051796	100.054909	100.059174	100.057068	100.06868	100.065208	100.068054	100.064064	100.070274	100.071655	100.074806	100.075737	100.074219	100.078629	100.087715	100.086258	100.081512	100.083832	100.086189	100.092506	100.091263	100.093369	100.095108	100.094032	100.103889	100.098381	100.091682	100.096451	100.097725	100.099716	100.108376	100.10656	100.10173	100.108315	100.10598	100.109879	100.108734	100.105347	100.108025	100.112473	100.104988	100.11026	100.113235	100.111473	100.114265	100.117508	100.123749	100.124023	100.119247	100.130936	100.127731
536	100.018539	100.009262	100.017929	100.021896	100.026489	100.035583	100.036598	100.041054	100.049194	100.048851	100.054405	100.055992	100.060638	100.056839	100.069023	100.066437	100.069298	100.063751	100.069954	100.073914	100.073311	100.077377	100.072731	100.077583	100.08876	100.088989	100.080833	100.08429	100.086784	100.091194	100.092712	100.094498	100.094795	100.094414	100.10601	100.099358	100.092018	100.096832	100.098587	100.101402	100.106979	100.106468	100.101173	100.10878	100.105988	100.109138	100.108086	100.103317	100.110153	100.113106	100.104691	100.111214	100.114098	100.111984	100.113701	100.118172	100.12571	100.124702	100.119316	100.131989	100.128403
537	100.020218	100.010345	100.021324	100.026962	100.031532	100.039101	100.042068	100.045517	100.052979	100.053368	100.058807	100.060966	100.065407	100.062904	100.073067	100.070976	100.073494	100.068428	100.074768	100.079033	100.078079	100.083328	100.078751	100.08287	100.092712	100.09211	100.08609	100.090492	100.09227	100.09581	100.097214	100.099266	100.099586	100.100327	100.110092	100.103928	100.096596	100.102554	100.102104	100.106277	100.110268	100.111938	100.105774	100.112213	100.110519	100.114204	100.112167	100.108505	100.114906	100.116333	100.109459	100.116287	100.117622	100.116684	100.118721	100.12178	100.128021	100.128624	100.123177	100.135658	100.132072
538	100.022057	100.011765	100.0252	100.032829	100.037369	100.042953	100.048843	100.050591	100.0569	100.058495	100.063553	100.066818	100.070915	100.070419	100.07795	100.076256	100.078346	100.074257	100.080765	100.08477	100.084328	100.090218	100.086525	100.089645	100.09729	100.095276	100.092712	100.098022	100.098862	100.101814	100.102386	100.104843	100.105576	100.107506	100.114571	100.109306	100.102165	100.109482	100.106239	100.111839	100.114677	100.118698	100.111595	100.11631	100.116096	100.120613	100.11734	100.115417	100.120209	100.12014	100.115417	100.122307	100.12175	100.122322	100.125031	100.126076	100.130379	100.133286	100.127922	100.139908	100.136444
539	100.023819	100.013123	100.028969	100.038513	100.043022	100.046669	100.055397	100.055519	100.060699	100.063454	100.068138	100.072464	100.076248	100.077698	100.082687	100.081383	100.083031	100.079895	100.086578	100.090317	100.09037	100.096909	100.094048	100.096199	100.101707	100.098312	100.099121	100.105324	100.105247	100.107635	100.107407	100.11026	100.111351	100.114441	100.118896	100.11451	100.107536	100.116203	100.110245	100.117241	100.118935	100.125244	100.117218	100.120293	100.121498	100.126839	100.12236	100.122116	100.125336	100.123825	100.121185	100.128136	100.12574	100.127777	100.131157	100.130234	100.132668	100.137794	100.132515	100.144005	100.140671
540	100.025406	100.014267	100.033043	100.043808	100.048981	100.052109	100.06131	100.060547	100.065445	100.068268	100.072655	100.077347	100.081322	100.083458	100.087646	100.086258	100.088081	100.085342	100.092316	100.09568	100.096527	100.102257	100.100235	100.102364	100.106453	100.102928	100.105789	100.111374	100.110497	100.113258	100.112785	100.115646	100.117302	100.120522	100.123886	100.119926	100.113724	100.122246	100.115036	100.122261	100.12429	100.131264	100.122276	100.125168	100.126564	100.131966	100.128471	100.127586	100.12941	100.128876	100.126663	100.132332	100.129829	100.133514	100.136818	100.135002	100.136612	100.141762	100.13752	100.148216	100.145164
541	100.026787	100.015167	100.037506	100.048676	100.055336	100.05957	100.066505	100.06572	100.07132	100.072922	100.077118	100.081337	100.086151	100.08744	100.092888	100.090881	100.093613	100.090599	100.098015	100.100838	100.102829	100.106094	100.104843	100.108078	100.111565	100.109413	100.112762	100.116035	100.114441	100.118698	100.118614	100.121056	100.123489	100.125633	100.129654	100.125626	100.120888	100.127563	100.120804	100.126862	100.130951	100.136711	100.126648	100.131104	100.131271	100.135864	100.13591	100.131676	100.132248	100.135544	100.131813	100.134659	100.134041	100.139557	100.141991	100.140533	100.142525	100.145103	100.143036	100.152565	100.149956
542	100.028122	100.016022	100.04187	100.053406	100.061523	100.066841	100.071571	100.070763	100.077042	100.077454	100.081467	100.085213	100.090858	100.091339	100.097992	100.09539	100.099007	100.095703	100.103569	100.105881	100.108978	100.109825	100.109352	100.113655	100.116554	100.115715	100.119568	100.120583	100.118271	100.123993	100.12429	100.126312	100.129509	100.130615	100.135277	100.13118	100.127853	100.132736	100.126434	100.131355	100.137451	100.142014	100.130913	100.136902	100.135849	100.139664	100.143143	100.135658	100.13504	100.142029	100.136841	100.136932	100.138153	100.145462	100.147034	100.145912	100.148285	100.148369	100.148415	100.156799	100.15464
543	100.02916	100.016701	100.045464	100.057312	100.066566	100.072777	100.075783	100.075043	100.081787	100.081314	100.084961	100.088356	100.094757	100.094589	100.102196	100.099091	100.103394	100.09993	100.108124	100.110138	100.113853	100.11293	100.11306	100.118149	100.120651	100.120804	100.125099	100.124397	100.121536	100.128319	100.129059	100.130585	100.134422	100.134659	100.139977	100.13578	100.133774	100.137009	100.131203	100.134949	100.142738	100.146172	100.134567	100.141571	100.139618	100.142654	100.14888	100.138878	100.137184	100.147224	100.140831	100.13871	100.141418	100.150215	100.151016	100.150215	100.152672	100.150894	100.152878	100.160202	100.158516
544	100.028076	100.016083	100.043999	100.055519	100.063667	100.069534	100.074112	100.074295	100.079903	100.080727	100.082481	100.086502	100.093231	100.093506	100.100197	100.097145	100.100746	100.098129	100.105919	100.109268	100.109863	100.111809	100.111259	100.115273	100.118729	100.117432	100.121964	100.123253	100.120926	100.125992	100.127708	100.127945	100.131653	100.132164	100.138474	100.134018	100.132736	100.135101	100.130341	100.132202	100.139877	100.14241	100.134041	100.138542	100.137749	100.140015	100.14399	100.136826	100.134979	100.143471	100.137726	100.137016	100.13884	100.147011	100.147484	100.147072	100.147156	100.148239	100.151108	100.157837	100.156868
545	100.026993	100.01545	100.042557	100.053749	100.060829	100.066353	100.072502	100.07354	100.078072	100.080154	100.080063	100.084663	100.091759	100.092445	100.098228	100.095245	100.098167	100.096382	100.103775	100.108406	100.105957	100.110695	100.109497	100.112465	100.116852	100.114143	100.118889	100.122139	100.120316	100.123726	100.126389	100.125381	100.128952	100.129723	100.136993	100.132286	100.131729	100.13324	100.129509	100.129524	100.13707	100.138725	100.13353	100.135567	100.13591	100.137413	100.139221	100.134811	100.132812	100.139809	100.134674	100.135384	100.13633	100.143875	100.144043	100.14399	100.141762	100.14563	100.149384	100.15551	100.155258
546	100.025963	100.014854	100.041153	100.052032	100.058075	100.063263	100.07093	100.072823	100.076271	100.079597	100.077713	100.08287	100.090317	100.091423	100.096321	100.093399	100.095657	100.094666	100.101677	100.107574	100.10215	100.109634	100.107788	100.109718	100.115028	100.110924	100.115883	100.121048	100.119743	100.121513	100.125099	100.122879	100.126312	100.12735	100.135551	100.130592	100.130737	100.131432	100.1287	100.1269	100.134338	100.135132	100.133026	100.132683	100.134125	100.134888	100.134575	100.132858	100.130692	100.13623	100.131691	100.133774	100.133873	100.140808	100.140678	100.140999	100.136505	100.143097	100.147713	100.153259	100.153687
547	100.023796	100.013481	100.037018	100.04808	100.053009	100.059723	100.06691	100.068901	100.071159	100.074127	100.073624	100.079262	100.085152	100.086533	100.091049	100.088181	100.090317	100.089821	100.096657	100.101234	100.097511	100.103889	100.103523	100.104568	100.110031	100.106415	100.110031	100.115265	100.114189	100.116219	100.119995	100.11718	100.12162	100.121521	100.129608	100.124969	100.124298	100.124893	100.12178	100.123047	100.128464	100.129387	100.127235	100.127808	100.128555	100.130417	100.12883	100.127731	100.126671	100.130356	100.126305	100.128639	100.12851	100.135132	100.135979	100.135803	100.13192	100.137688	100.141731	100.147163	100.147774
548	100.021324	100.011932	100.03215	100.043533	100.047363	100.056114	100.062248	100.064102	100.065163	100.067291	100.069092	100.075172	100.07901	100.080597	100.0849	100.082062	100.084221	100.08416	100.090881	100.093391	100.092697	100.096855	100.098587	100.098801	100.104202	100.101593	100.103439	100.108208	100.107285	100.110115	100.113846	100.110672	100.116394	100.114777	100.122452	100.118271	100.116386	100.117088	100.113213	100.118912	100.121758	100.123123	100.119987	100.122429	100.121979	100.125458	100.122856	100.121773	100.122162	100.123894	100.120293	100.122543	100.122406	100.128769	100.130966	100.130058	100.127586	100.131546	100.13459	100.140045	100.140694
549	100.018929	100.010406	100.027397	100.039101	100.041832	100.052582	100.057693	100.059418	100.059296	100.060631	100.064674	100.071182	100.073006	100.074806	100.078896	100.076065	100.07827	100.078621	100.085243	100.085709	100.087997	100.089989	100.093758	100.093163	100.098503	100.096893	100.097	100.101303	100.10054	100.104156	100.107849	100.104294	100.111305	100.108185	100.115456	100.111725	100.108635	100.109444	100.104843	100.114861	100.115204	100.116989	100.1129	100.117172	100.115524	100.120613	100.117027	100.115952	100.117767	100.117577	100.114426	100.116608	100.116417	100.122543	100.12606	100.124428	100.12336	100.125526	100.127617	100.13311	100.133766
550	100.017975	100.008987	100.023819	100.035263	100.03772	100.048935	100.053513	100.055	100.054588	100.055603	100.060783	100.0672	100.06781	100.070213	100.073685	100.071594	100.073448	100.074173	100.080315	100.079987	100.083435	100.084923	100.088905	100.088562	100.093674	100.09227	100.09166	100.095322	100.09478	100.098969	100.102409	100.099312	100.106071	100.102402	100.10936	100.105377	100.10247	100.104202	100.09893	100.110794	100.109795	100.111557	100.106667	100.112045	100.109566	100.115738	100.112518	100.110794	100.1129	100.112549	100.109825	100.111961	100.111687	100.1166	100.120689	100.119797	100.119141	100.119995	100.122246	100.127068	100.127899
551	100.018929	100.007675	100.021782	100.032196	100.035431	100.04512	100.049797	100.050926	100.051308	100.052658	100.057579	100.063179	100.063644	100.067139	100.069496	100.069023	100.070023	100.071083	100.076271	100.076736	100.07901	100.082138	100.083984	100.085297	100.089966	100.087738	100.087738	100.090477	100.090256	100.094749	100.097679	100.096115	100.100647	100.097633	100.104393	100.099243	100.098297	100.102005	100.096191	100.106705	100.105812	100.106987	100.101486	100.107018	100.104164	100.110802	100.109711	100.106468	100.107407	100.109138	100.106812	100.108994	100.108513	100.110962	100.11467	100.116371	100.114906	100.115036	100.118958	100.122139	100.123383
552	100.019859	100.006393	100.019775	100.029198	100.033188	100.041374	100.046143	100.046936	100.048103	100.049767	100.05442	100.05925	100.059555	100.064125	100.065384	100.066498	100.066673	100.068054	100.072289	100.073555	100.074677	100.079407	100.07914	100.082085	100.086319	100.08329	100.083885	100.085724	100.085815	100.090599	100.093018	100.092987	100.095322	100.092957	100.099503	100.093224	100.094208	100.099861	100.093506	100.102676	100.101913	100.102524	100.096405	100.102081	100.098862	100.105942	100.106964	100.102219	100.10202	100.105797	100.103867	100.106071	100.105408	100.105431	100.108765	100.113022	100.110748	100.110161	100.11573	100.117325	100.118958
553	100.020645	100.00528	100.017845	100.026215	100.030861	100.037727	100.042709	100.043228	100.045074	100.047005	100.051331	100.055481	100.055801	100.061096	100.061562	100.063911	100.063431	100.064995	100.068512	100.070427	100.07045	100.076653	100.074562	100.078896	100.082741	100.079033	100.080109	100.081085	100.081619	100.086617	100.088486	100.089775	100.090118	100.088585	100.094833	100.087608	100.09024	100.09745	100.090744	100.098679	100.098213	100.09819	100.091675	100.097382	100.09391	100.101326	100.104187	100.098106	100.096848	100.10244	100.100815	100.103104	100.102364	100.100266	100.103233	100.109657	100.106766	100.105522	100.112488	100.112701	100.114616
554	100.020065	100.005653	100.016487	100.02301	100.027252	100.034569	100.04084	100.041817	100.043465	100.045029	100.048363	100.053009	100.054802	100.057472	100.060043	100.060318	100.060745	100.060913	100.066185	100.067589	100.066742	100.073265	100.071945	100.07534	100.079384	100.076126	100.076546	100.076881	100.079361	100.083649	100.084389	100.085449	100.085487	100.086655	100.091515	100.085258	100.08696	100.091995	100.086739	100.094391	100.096146	100.094734	100.089714	100.094376	100.091873	100.098404	100.100792	100.094795	100.093102	100.098251	100.096214	100.099113	100.099518	100.098038	100.100685	100.10569	100.104019	100.102364	100.10878	100.109268	100.110641
555	100.019478	100.00602	100.015152	100.019852	100.023712	100.031456	100.039001	100.040451	100.041878	100.043068	100.045441	100.050583	100.05381	100.053894	100.05854	100.056778	100.058128	100.0569	100.063896	100.064789	100.06311	100.069931	100.069366	100.071846	100.07608	100.073265	100.073036	100.072731	100.077126	100.080719	100.080345	100.081184	100.080917	100.084747	100.088249	100.082954	100.083733	100.086639	100.082794	100.090157	100.094116	100.091324	100.087784	100.091423	100.089874	100.09552	100.09745	100.09153	100.089409	100.094131	100.091698	100.095177	100.096703	100.095856	100.09816	100.101791	100.101318	100.099266	100.105133	100.105881	100.106728
556	100.018921	100.006378	100.013817	100.016739	100.020203	100.028381	100.037178	100.039078	100.040314	100.041138	100.042557	100.048187	100.052834	100.050377	100.057068	100.053284	100.055527	100.05294	100.06163	100.062035	100.059509	100.066635	100.066818	100.068405	100.072823	100.070442	100.06958	100.068649	100.074921	100.077835	100.076378	100.076973	100.076416	100.082863	100.085022	100.080681	100.080551	100.081345	100.078903	100.085999	100.092102	100.087975	100.085892	100.088501	100.087906	100.092674	100.094154	100.088295	100.08577	100.090073	100.08725	100.091301	100.093933	100.093689	100.09568	100.097946	100.098648	100.096199	100.101532	100.102554	100.102867
557	100.0186	100.007889	100.013687	100.015068	100.01886	100.026253	100.035095	100.037315	100.038612	100.039436	100.041512	100.047623	100.0504	100.049065	100.055359	100.052536	100.054344	100.052261	100.060127	100.060562	100.057831	100.064705	100.06517	100.066628	100.070847	100.067993	100.068413	100.067429	100.073288	100.075409	100.074448	100.075378	100.074898	100.081268	100.083252	100.079834	100.078651	100.079323	100.077667	100.084152	100.089432	100.085678	100.083878	100.086227	100.08532	100.09124	100.091316	100.086464	100.085243	100.088898	100.085625	100.089455	100.091949	100.091682	100.09388	100.095306	100.096306	100.094452	100.099007	100.100662	100.100945
558	100.018356	100.009773	100.013985	100.013924	100.018242	100.024452	100.032936	100.035439	100.03688	100.037834	100.041077	100.047699	100.047516	100.048508	100.053596	100.052704	100.05368	100.052666	100.058899	100.059547	100.056801	100.063255	100.06385	100.065437	100.069321	100.065704	100.068008	100.067177	100.071861	100.073196	100.073219	100.074661	100.074402	100.079773	100.081993	100.079453	100.077209	100.07843	100.077347	100.083099	100.086555	100.083748	100.081863	100.084198	100.082565	100.090317	100.088654	100.085106	100.085785	100.088707	100.084976	100.08831	100.090256	100.089737	100.092339	100.093094	100.094093	100.093163	100.096878	100.099274	100.099693
559	100.01812	100.011635	100.014259	100.012779	100.017616	100.022675	100.030807	100.033585	100.035187	100.036263	100.040665	100.047752	100.04467	100.047943	100.051857	100.052872	100.053001	100.05307	100.057686	100.058533	100.055786	100.061821	100.062538	100.064255	100.067818	100.063454	100.067604	100.06691	100.070442	100.070992	100.072014	100.073944	100.073898	100.078308	100.08075	100.079086	100.075783	100.077522	100.077011	100.082054	100.083733	100.081848	100.079857	100.082184	100.079849	100.089371	100.086021	100.083748	100.086296	100.088501	100.08432	100.087181	100.08857	100.087822	100.090805	100.090912	100.091896	100.091896	100.09478	100.097908	100.098457
560	100.017693	100.01149	100.013733	100.011803	100.016991	100.021767	100.029167	100.032089	100.034119	100.034927	100.039696	100.047073	100.042618	100.047211	100.050293	100.05217	100.051964	100.052521	100.056145	100.057602	100.05529	100.060822	100.061523	100.062729	100.066124	100.062416	100.067101	100.066391	100.068642	100.069321	100.070656	100.07299	100.073601	100.077232	100.079369	100.077805	100.074425	100.076248	100.076248	100.080704	100.081573	100.080719	100.07843	100.080574	100.078239	100.08831	100.084373	100.08223	100.086121	100.087929	100.083649	100.085869	100.086617	100.086365	100.089088	100.089134	100.09053	100.091064	100.093437	100.096786	100.097015
561	100.017014	100.008461	100.012032	100.01104	100.016312	100.02211	100.028267	100.031136	100.033966	100.033966	100.037956	100.045326	100.041702	100.046219	100.048996	100.050224	100.050392	100.050568	100.054153	100.056755	100.055542	100.060463	100.060928	100.060722	100.064148	100.063133	100.066444	100.065491	100.066315	100.068405	100.069069	100.071693	100.073586	100.076759	100.077759	100.075195	100.07312	100.074425	100.074837	100.078903	100.080368	100.080681	100.077805	100.079536	100.078247	100.087044	100.084137	100.080475	100.084915	100.08683	100.082985	100.084267	100.084259	100.085556	100.087105	100.087914	100.09034	100.090858	100.09314	100.096001	100.095284
562	100.016335	100.00547	100.010361	100.010284	100.01564	100.022461	100.027374	100.030197	100.033821	100.033012	100.03624	100.043579	100.040802	100.045242	100.047707	100.048294	100.048828	100.048637	100.052177	100.055923	100.055786	100.060104	100.060318	100.058731	100.062195	100.063835	100.065788	100.064613	100.064018	100.067505	100.067505	100.070396	100.073578	100.076271	100.076164	100.072632	100.071861	100.072609	100.073456	100.077126	100.079193	100.080658	100.077187	100.078522	100.078262	100.085793	100.083908	100.078751	100.083733	100.085747	100.082306	100.082695	100.081924	100.08477	100.085152	100.086716	100.090149	100.090668	100.09285	100.095222	100.093567
563	100.015762	100.002731	100.008789	100.009583	100.015007	100.02272	100.026405	100.029251	100.033615	100.032028	100.034508	100.041809	100.039948	100.044273	100.046471	100.046448	100.047325	100.046684	100.050339	100.055084	100.055908	100.059723	100.059616	100.056816	100.060356	100.064316	100.065102	100.063705	100.061844	100.066612	100.065971	100.069115	100.073349	100.075661	100.074638	100.070145	100.070511	100.070862	100.072029	100.075302	100.077965	100.080429	100.076447	100.077522	100.078117	100.084496	100.083504	100.077072	100.082481	100.084564	100.081543	100.081078	100.079636	100.083878	100.083206	100.085426	100.089813	100.090324	100.092407	100.094414	100.09185
564	100.016701	100.003136	100.00824	100.009407	100.014877	100.021873	100.024368	100.028168	100.03241	100.03064	100.032356	100.039146	100.039528	100.043396	100.04567	100.045288	100.046371	100.043762	100.050125	100.053993	100.054108	100.05883	100.057098	100.05542	100.059875	100.061455	100.063744	100.062302	100.061394	100.065575	100.064552	100.067589	100.069847	100.072876	100.073692	100.06852	100.067879	100.069519	100.069664	100.072388	100.075844	100.077179	100.073624	100.076569	100.075661	100.082184	100.080597	100.075935	100.079819	100.081932	100.079346	100.078461	100.077545	100.08136	100.081161	100.08255	100.087265	100.087692	100.0895	100.092789	100.089859
565	100.017609	100.003525	100.007698	100.009224	100.014732	100.021027	100.022339	100.027084	100.031235	100.029251	100.03022	100.036499	100.039101	100.042511	100.044884	100.044144	100.045433	100.040863	100.049904	100.052895	100.052322	100.057945	100.054588	100.054039	100.059402	100.058617	100.062393	100.060905	100.060928	100.064552	100.063148	100.066101	100.06636	100.070099	100.072769	100.06691	100.065269	100.068199	100.067329	100.069489	100.073715	100.073944	100.070824	100.0756	100.073204	100.07988	100.077713	100.074791	100.077202	100.079323	100.077148	100.075874	100.075485	100.078842	100.079117	100.079712	100.084709	100.085083	100.086617	100.091187	100.087868
566	100.018517	100.003922	100.007164	100.009048	100.014603	100.020203	100.020348	100.026009	100.030067	100.027885	100.028099	100.033905	100.038696	100.041641	100.044106	100.042999	100.044487	100.037994	100.049698	100.051811	100.05056	100.057076	100.052116	100.052666	100.058922	100.055817	100.061058	100.059532	100.060478	100.063538	100.06176	100.064613	100.062927	100.067352	100.071838	100.065323	100.062691	100.066887	100.065018	100.066628	100.071648	100.070747	100.068054	100.074677	100.070801	100.077606	100.07486	100.073685	100.074615	100.076744	100.075005	100.073311	100.073433	100.076378	100.077103	100.076904	100.082222	100.082489	100.083771	100.0896	100.085915
567	100.018082	100.004425	100.006699	100.009682	100.014366	100.020554	100.020515	100.025414	100.029793	100.027405	100.02916	100.03463	100.038872	100.041473	100.043594	100.042168	100.044594	100.039017	100.048973	100.051735	100.050125	100.056282	100.052429	100.052956	100.058701	100.055588	100.060379	100.058327	100.060364	100.062607	100.061455	100.063828	100.062767	100.066422	100.071144	100.064697	100.06205	100.066246	100.06385	100.065971	100.071274	100.07093	100.066307	100.073715	100.069847	100.076653	100.073914	100.073708	100.072731	100.075409	100.074028	100.072655	100.072609	100.075623	100.07621	100.07663	100.081039	100.081673	100.082718	100.089355	100.08503
568	100.017128	100.004959	100.006226	100.010597	100.014069	100.021347	100.021484	100.024986	100.029861	100.027252	100.03141	100.036636	100.039276	100.041557	100.04319	100.041428	100.045105	100.041512	100.04805	100.052025	100.050232	100.055504	100.053787	100.053848	100.058556	100.056351	100.059952	100.057182	100.060394	100.061707	100.061539	100.063301	100.06385	100.066162	100.070526	100.064423	100.062141	100.065865	100.063118	100.066147	100.071548	100.072372	100.064919	100.072769	100.069473	100.076187	100.073692	100.07415	100.071106	100.074554	100.073502	100.072731	100.072243	100.075531	100.075722	100.077309	100.080383	100.081528	100.082359	100.089622	100.084564
569	100.01619	100.005493	100.005768	100.011505	100.013771	100.022141	100.022446	100.024567	100.029922	100.0271	100.033638	100.038612	100.039673	100.041641	100.042786	100.040695	100.045609	100.043976	100.04715	100.052322	100.050331	100.054741	100.055138	100.054741	100.058411	100.057098	100.059525	100.056053	100.060417	100.060806	100.061646	100.062775	100.064919	100.06591	100.069931	100.064148	100.062241	100.065468	100.062393	100.066315	100.071823	100.073799	100.063553	100.071808	100.069092	100.075737	100.073479	100.074593	100.069511	100.073708	100.07299	100.0728	100.071884	100.075439	100.075241	100.077995	100.079742	100.081375	100.082001	100.089897	100.084099
570	100.015617	100.005295	100.005852	100.0121	100.013245	100.022438	100.022484	100.023994	100.029709	100.027275	100.034973	100.039421	100.039246	100.041245	100.042252	100.039589	100.044868	100.044739	100.046577	100.051643	100.04982	100.053429	100.055359	100.054977	100.058006	100.057091	100.05883	100.055443	100.059868	100.059685	100.060951	100.062225	100.06498	100.065277	100.068924	100.064018	100.062416	100.065193	100.061951	100.066162	100.07148	100.074089	100.06282	100.070915	100.068687	100.074677	100.072952	100.073563	100.068306	100.073219	100.07206	100.072823	100.071655	100.074707	100.074699	100.077644	100.078667	100.080978	100.081383	100.089523	100.083099
571	100.015625	100.003853	100.006805	100.012146	100.012337	100.02195	100.021019	100.023178	100.029007	100.027969	100.034843	100.038315	100.037422	100.040054	100.041489	100.037834	100.042107	100.042763	100.046524	100.049385	100.048294	100.051224	100.053802	100.054169	100.057182	100.055847	100.057693	100.055634	100.058388	100.058151	100.058983	100.061607	100.063408	100.064026	100.067245	100.064102	100.062767	100.065041	100.061943	100.06546	100.070099	100.072502	100.063087	100.070068	100.068199	100.072609	100.071892	100.070145	100.067688	100.073311	100.07045	100.072777	100.071632	100.072945	100.074005	100.075615	100.076881	100.08017	100.080284	100.088135	100.08123
572	100.015656	100.002434	100.007759	100.012207	100.011444	100.021454	100.019562	100.022362	100.02832	100.028671	100.034714	100.037216	100.035645	100.038887	100.040733	100.036087	100.039375	100.040802	100.046478	100.047157	100.046791	100.049019	100.052246	100.053368	100.056374	100.054611	100.056587	100.055824	100.056923	100.056633	100.057045	100.061012	100.061844	100.06279	100.065598	100.064178	100.06311	100.064911	100.061943	100.064766	100.068733	100.070938	100.063347	100.069237	100.067726	100.070557	100.070862	100.066757	100.067093	100.073418	100.068871	100.072731	100.071625	100.07119	100.073326	100.073608	100.075127	100.079369	100.079216	100.086761	100.079384
573	100.015663	100.001106	100.00869	100.01223	100.010658	100.021004	100.018272	100.021675	100.027718	100.029335	100.034561	100.036201	100.033997	100.037788	100.040039	100.034485	100.036835	100.038933	100.046432	100.045052	100.045479	100.046982	100.050804	100.05262	100.055588	100.053429	100.055542	100.056015	100.055565	100.055244	100.055244	100.060425	100.060394	100.061607	100.064041	100.064262	100.063446	100.064766	100.061951	100.064148	100.067413	100.069443	100.063637	100.068451	100.067291	100.068596	100.069893	100.06356	100.066544	100.073517	100.067352	100.07267	100.071571	100.06955	100.072655	100.071716	100.073433	100.07856	100.078186	100.085411	100.077652
574	100.015343	100.001953	100.009392	100.01178	100.012566	100.020859	100.020981	100.023796	100.028778	100.029282	100.033531	100.036987	100.035965	100.038734	100.040688	100.036072	100.038681	100.039139	100.046669	100.045906	100.048866	100.048431	100.052002	100.053024	100.05542	100.053146	100.056038	100.056076	100.056816	100.056694	100.056862	100.060165	100.061295	100.061821	100.064613	100.064209	100.063553	100.064957	100.062622	100.0653	100.066689	100.069534	100.064362	100.068642	100.068031	100.068436	100.070908	100.064789	100.067116	100.073601	100.067329	100.072327	100.070763	100.070282	100.071869	100.072441	100.073158	100.077309	100.078156	100.084641	100.078857
575	100.015022	100.0028	100.010086	100.011314	100.014458	100.020729	100.023666	100.025902	100.029823	100.029221	100.032509	100.037781	100.03791	100.03965	100.041344	100.037659	100.040527	100.039352	100.046906	100.046768	100.052246	100.049881	100.053192	100.053444	100.055267	100.052856	100.056549	100.056122	100.058067	100.058136	100.058487	100.059929	100.062218	100.062035	100.065193	100.064133	100.06366	100.06514	100.063278	100.066444	100.065971	100.069618	100.065086	100.068832	100.068787	100.068298	100.071907	100.06601	100.067688	100.073685	100.067307	100.071991	100.069962	100.071022	100.071083	100.073181	100.072899	100.076057	100.078117	100.083862	100.080063
576	100.014709	100.003639	100.010773	100.010872	100.016342	100.020599	100.026344	100.028015	100.030884	100.02916	100.031517	100.038551	100.039864	100.040581	100.041985	100.03923	100.042366	100.039551	100.04715	100.047615	100.055611	100.051323	100.054375	100.053856	100.055099	100.052582	100.057053	100.056198	100.059303	100.059578	100.060097	100.059677	100.063118	100.062248	100.065765	100.064072	100.063774	100.065315	100.063942	100.067589	100.065269	100.069717	100.065819	100.069031	100.069519	100.068138	100.072906	100.06723	100.068245	100.073769	100.067284	100.071671	100.069168	100.071754	100.070312	100.073914	100.072632	100.074829	100.078094	100.083099	100.081268
577	100.013229	100.003922	100.009956	100.011002	100.015381	100.020477	100.02607	100.027969	100.03035	100.028336	100.031754	100.038544	100.03997	100.040421	100.042152	100.03904	100.042961	100.040207	100.046371	100.047447	100.055275	100.051369	100.053741	100.053085	100.054153	100.052322	100.056503	100.05603	100.058624	100.058807	100.060165	100.059494	100.063004	100.062111	100.065521	100.063766	100.062386	100.063454	100.062943	100.066719	100.065598	100.06913	100.065842	100.068283	100.068687	100.068413	100.071869	100.066887	100.067207	100.072166	100.067184	100.070419	100.068573	100.070747	100.069855	100.073936	100.072166	100.074791	100.077232	100.081596	100.080597
578	100.011269	100.00399	100.008476	100.011398	100.013184	100.020393	100.024521	100.027	100.029137	100.027206	100.032555	100.038193	100.039307	100.039803	100.042114	100.038101	100.043022	100.041069	100.045166	100.046829	100.053337	100.050827	100.052322	100.051788	100.052856	100.052071	100.055504	100.055763	100.057137	100.057091	100.059578	100.059341	100.062469	100.061813	100.064888	100.06337	100.060333	100.060722	100.061241	100.06498	100.066399	100.06826	100.065552	100.067139	100.067162	100.068871	100.069954	100.065865	100.065483	100.069855	100.067078	100.068771	100.068054	100.069008	100.069534	100.073662	100.071632	100.075279	100.076019	100.079788	100.079132
579	100.0093	100.004066	100.007011	100.011787	100.011002	100.020302	100.022972	100.026031	100.027916	100.026062	100.033356	100.037849	100.038635	100.039185	100.042084	100.03717	100.043083	100.041916	100.043976	100.046219	100.051414	100.050285	100.050911	100.050507	100.051582	100.051819	100.054504	100.055504	100.055649	100.055374	100.058998	100.059196	100.06192	100.061523	100.064262	100.062981	100.058296	100.057999	100.059547	100.063255	100.0672	100.067375	100.065277	100.065994	100.065659	100.069321	100.068047	100.06485	100.063751	100.067558	100.066971	100.067123	100.067558	100.067284	100.069237	100.073387	100.071098	100.075768	100.074814	100.077988	100.077675
580	100.009087	100.003922	100.006531	100.01236	100.010788	100.020515	100.02282	100.026192	100.027725	100.026451	100.034012	100.038162	100.038551	100.0392	100.042786	100.037613	100.043343	100.042786	100.044266	100.046448	100.050247	100.050392	100.050415	100.050613	100.051453	100.052597	100.054573	100.055717	100.055489	100.055275	100.05925	100.059525	100.061798	100.061844	100.064293	100.062706	100.057602	100.057007	100.058708	100.062515	100.067833	100.067368	100.065102	100.065651	100.065147	100.070099	100.067177	100.06498	100.063515	100.06665	100.067055	100.066376	100.067558	100.066376	100.069466	100.073494	100.071457	100.075935	100.073944	100.077568	100.076851
581	100.012039	100.003395	100.007843	100.01326	100.01416	100.021278	100.025238	100.028374	100.029388	100.02961	100.034454	100.039673	100.03952	100.04039	100.044823	100.040565	100.043999	100.043678	100.047264	100.048195	100.050484	100.051704	100.051567	100.053238	100.053444	100.055244	100.056587	100.05677	100.057808	100.058113	100.060997	100.060699	100.062454	100.063309	100.065483	100.062645	100.059334	100.059151	100.059441	100.06356	100.068138	100.068924	100.065086	100.066734	100.066467	100.07148	100.068161	100.0672	100.065971	100.068245	100.067505	100.067223	100.068474	100.066986	100.070702	100.07428	100.073456	100.075531	100.073708	100.079712	100.077179
582	100.014984	100.002876	100.009155	100.01416	100.017525	100.022041	100.027618	100.03054	100.031052	100.032768	100.034882	100.041176	100.040474	100.041565	100.04686	100.04351	100.044647	100.044571	100.050262	100.049927	100.050697	100.052986	100.052727	100.055847	100.05542	100.057877	100.058578	100.057808	100.060097	100.060951	100.062752	100.061859	100.06311	100.064766	100.066673	100.062584	100.061058	100.06131	100.060165	100.064598	100.068436	100.07048	100.065079	100.067833	100.067772	100.072845	100.069153	100.069412	100.068436	100.069855	100.067963	100.068069	100.069382	100.067566	100.07193	100.075066	100.075439	100.075111	100.073471	100.081841	100.077484
583	100.017891	100.00238	100.010452	100.01503	100.020828	100.022804	100.029968	100.032677	100.0327	100.035858	100.035309	100.042641	100.041435	100.042747	100.048851	100.04641	100.045273	100.045441	100.053177	100.051643	100.050926	100.054276	100.053871	100.058434	100.057373	100.060478	100.060562	100.058838	100.062355	100.063744	100.064484	100.063011	100.063766	100.0662	100.067856	100.062546	100.062767	100.063446	100.060905	100.065628	100.068748	100.072006	100.065063	100.068893	100.069061	100.074196	100.070145	100.071594	100.070847	100.071426	100.068405	100.068901	100.070282	100.068192	100.073151	100.075829	100.077393	100.074699	100.073257	100.083939	100.07782
584	100.017128	100.003479	100.010361	100.015129	100.018982	100.022743	100.02774	100.031792	100.032532	100.034416	100.035133	100.041222	100.041672	100.043198	100.047089	100.045303	100.044777	100.044991	100.050972	100.050972	100.051727	100.053963	100.054123	100.057915	100.057343	100.060081	100.059761	100.057808	100.062599	100.063148	100.063728	100.062737	100.06485	100.065002	100.069168	100.064377	100.062431	100.064407	100.061653	100.065567	100.069	100.071129	100.065193	100.06797	100.068214	100.072792	100.070953	100.070824	100.069809	100.070976	100.068542	100.069466	100.070358	100.069717	100.072968	100.074944	100.076126	100.073647	100.074234	100.083115	100.078758
585	100.01638	100.004578	100.010262	100.015236	100.017143	100.022697	100.025513	100.030914	100.032387	100.032974	100.03495	100.039795	100.041924	100.043663	100.045326	100.044205	100.044289	100.044548	100.048767	100.050308	100.052536	100.053665	100.054398	100.057388	100.057312	100.059677	100.058975	100.05677	100.062851	100.062546	100.062988	100.062454	100.065948	100.063828	100.07048	100.0662	100.062111	100.065376	100.062408	100.065521	100.06926	100.070259	100.065338	100.067055	100.067375	100.071396	100.071785	100.070061	100.068787	100.070534	100.068687	100.070015	100.070427	100.071251	100.072792	100.074051	100.074875	100.072624	100.075233	100.082291	100.079704
586	100.015617	100.005684	100.010155	100.015327	100.015305	100.022652	100.023285	100.030029	100.032234	100.031517	100.034775	100.038376	100.042168	100.044121	100.043556	100.043091	100.043785	100.044098	100.046555	100.049652	100.053337	100.053368	100.054642	100.056862	100.057281	100.05928	100.058174	100.055733	100.063072	100.061951	100.062248	100.06218	100.067047	100.062645	100.071777	100.068024	100.061783	100.066338	100.063148	100.06546	100.069519	100.069405	100.065468	100.066147	100.066528	100.069984	100.072601	100.069283	100.067749	100.070068	100.068832	100.070557	100.070488	100.072777	100.072609	100.073174	100.073608	100.071587	100.076225	100.081467	100.080643
587	100.016144	100.005676	100.010918	100.015625	100.015892	100.023415	100.024605	100.030479	100.033142	100.031487	100.035217	100.039276	100.043404	100.044334	100.043083	100.043358	100.044456	100.044182	100.047089	100.049721	100.053131	100.05349	100.05542	100.056435	100.058723	100.059486	100.058365	100.055992	100.063156	100.062683	100.062347	100.062416	100.067749	100.062958	100.071861	100.068939	100.062286	100.066818	100.06369	100.0653	100.07045	100.068939	100.065994	100.066391	100.066689	100.070747	100.072899	100.069046	100.068321	100.069702	100.069298	100.070175	100.070312	100.073433	100.072525	100.07383	100.073448	100.072327	100.077179	100.081657	100.081062
588	100.017296	100.005112	100.0121	100.016037	100.01767	100.024582	100.027679	100.031616	100.034561	100.032135	100.035942	100.041344	100.045143	100.044418	100.043236	100.044296	100.045685	100.044502	100.048958	100.050179	100.052437	100.053825	100.056442	100.05603	100.06089	100.059998	100.059021	100.056885	100.063156	100.064049	100.062859	100.062904	100.06826	100.064003	100.071335	100.069405	100.063194	100.067032	100.064133	100.065109	100.071693	100.068665	100.066711	100.0672	100.067314	100.072601	100.072922	100.069069	100.069687	100.069366	100.069939	100.069321	100.070023	100.073662	100.072479	100.075256	100.07383	100.073944	100.078117	100.082329	100.08123
589	100.018463	100.004555	100.013283	100.016441	100.01944	100.025749	100.030769	100.032738	100.03598	100.032806	100.036682	100.043404	100.046898	100.044502	100.043381	100.045242	100.046921	100.044823	100.050827	100.050629	100.051735	100.054153	100.057457	100.055634	100.063072	100.060509	100.059677	100.057793	100.063148	100.065422	100.06337	100.063393	100.068771	100.065063	100.070801	100.06987	100.064102	100.067261	100.06456	100.064919	100.072952	100.068405	100.067429	100.067993	100.067963	100.074432	100.072952	100.069107	100.07106	100.069023	100.070572	100.068474	100.069725	100.073883	100.072433	100.076675	100.074196	100.075569	100.079048	100.083008	100.081383
590	100.01873	100.003769	100.01326	100.016129	100.019577	100.025833	100.031792	100.032211	100.035927	100.032196	100.03611	100.043571	100.046982	100.04351	100.043106	100.045219	100.04673	100.044441	100.050972	100.050285	100.050858	100.053345	100.057304	100.054672	100.063202	100.059875	100.059486	100.057457	100.062111	100.065125	100.06282	100.062645	100.067917	100.065079	100.069473	100.068916	100.063683	100.066719	100.06366	100.064316	100.072563	100.067162	100.067245	100.06765	100.067627	100.074577	100.072083	100.068344	100.070801	100.068375	100.069794	100.067307	100.068649	100.0728	100.071274	100.076447	100.073814	100.076126	100.078835	100.082779	100.080406
591	100.017143	100.002518	100.010727	100.014366	100.016319	100.023666	100.028564	100.028267	100.032822	100.028969	100.032845	100.039825	100.043633	100.040329	100.041901	100.043236	100.043594	100.04258	100.047554	100.048271	100.049568	100.050186	100.054703	100.052536	100.059128	100.056885	100.057556	100.054619	100.058899	100.061394	100.060097	100.059341	100.06424	100.063004	100.066566	100.065018	100.060562	100.064636	100.059975	100.062859	100.068794	100.063919	100.065269	100.064896	100.065292	100.071243	100.069382	100.065971	100.067154	100.067078	100.066101	100.065521	100.065956	100.069031	100.067818	100.072815	100.071861	100.074509	100.076202	100.080727	100.077072
592	100.015549	100.001274	100.008186	100.012604	100.013054	100.021492	100.025307	100.024307	100.029709	100.025726	100.029549	100.036049	100.040268	100.037125	100.040695	100.04126	100.040451	100.040726	100.044128	100.046242	100.048279	100.047005	100.052109	100.050392	100.055023	100.053909	100.055626	100.051788	100.055679	100.05764	100.05735	100.056038	100.060547	100.060905	100.063637	100.061096	100.057426	100.062546	100.056282	100.061401	100.065002	100.060677	100.063278	100.062141	100.062958	100.067879	100.06665	100.063583	100.063477	100.065781	100.062386	100.063728	100.06324	100.065254	100.064362	100.069153	100.069901	100.072876	100.073563	100.078667	100.073715
593	100.013947	100.000015	100.005638	100.010826	100.009773	100.01931	100.022057	100.020325	100.026581	100.022469	100.02626	100.03228	100.03688	100.033913	100.039497	100.039253	100.0373	100.038849	100.040688	100.044205	100.046989	100.043808	100.0495	100.048241	100.050911	100.050888	100.05368	100.048912	100.052467	100.053871	100.054596	100.052711	100.056839	100.058792	100.060699	100.057175	100.054276	100.06044	100.052559	100.059937	100.061211	100.057411	100.061264	100.05938	100.060608	100.064507	100.063911	100.061188	100.059807	100.064468	100.058655	100.061928	100.060532	100.061455	100.060883	100.065491	100.06794	100.071243	100.070915	100.076591	100.070358
594	100.01384	100.00074	100.005997	100.009987	100.00975	100.018501	100.021362	100.021507	100.026154	100.022629	100.026917	100.032364	100.035904	100.033508	100.03904	100.038651	100.036835	100.038315	100.041107	100.044167	100.045074	100.045303	100.047775	100.046906	100.050209	100.04895	100.052109	100.050011	100.051094	100.05368	100.052856	100.052933	100.0569	100.057007	100.06015	100.056442	100.053513	100.05883	100.052963	100.058113	100.059868	100.05777	100.059738	100.059174	100.058723	100.06369	100.062386	100.059746	100.058784	100.063232	100.057518	100.060181	100.059425	100.060722	100.061104	100.06443	100.067093	100.068642	100.068794	100.074219	100.06958
595	100.013733	100.00148	100.006393	100.00914	100.00975	100.0177	100.020683	100.022743	100.025749	100.022827	100.027634	100.032509	100.034943	100.033127	100.038574	100.03804	100.036392	100.037781	100.041565	100.044159	100.043129	100.046852	100.046066	100.045563	100.049545	100.046982	100.050499	100.051155	100.049744	100.053528	100.051117	100.0532	100.057007	100.055191	100.059631	100.055763	100.05275	100.057205	100.053429	100.056267	100.05854	100.058189	100.058189	100.058983	100.056824	100.062904	100.060844	100.058304	100.05777	100.061966	100.056419	100.058403	100.058327	100.06002	100.061371	100.063408	100.066231	100.06601	100.066666	100.0718	100.06884
596	100.013641	100.002228	100.006783	100.008308	100.009766	100.016891	100.020012	100.02401	100.025345	100.023041	100.028358	100.032654	100.033974	100.032761	100.038124	100.03743	100.03595	100.037239	100.042046	100.044144	100.041176	100.048424	100.044342	100.044212	100.048889	100.045013	100.048889	100.052322	100.048386	100.053383	100.049362	100.053474	100.057114	100.053383	100.059105	100.055077	100.052002	100.055573	100.053909	100.054405	100.057205	100.058601	100.056633	100.058807	100.054916	100.062119	100.059296	100.056839	100.05677	100.060699	100.055298	100.056625	100.05722	100.059334	100.061646	100.06237	100.065384	100.063362	100.064529	100.069382	100.068108
597	100.013199	100.00248	100.006119	100.007652	100.009415	100.016464	100.019585	100.023735	100.02459	100.023361	100.027916	100.032005	100.032555	100.032494	100.03643	100.036301	100.035263	100.035583	100.040543	100.042854	100.040268	100.047371	100.042938	100.042931	100.048065	100.044334	100.047531	100.051155	100.047386	100.051964	100.048737	100.052628	100.056015	100.052437	100.058411	100.054169	100.05072	100.054466	100.052834	100.054077	100.056862	100.058006	100.055275	100.058052	100.053848	100.061119	100.058212	100.055763	100.055443	100.059418	100.054169	100.05529	100.055817	100.058296	100.060333	100.061157	100.063644	100.061653	100.062767	100.067604	100.066879
598	100.01255	100.002434	100.004837	100.00708	100.008896	100.016235	100.019264	100.022614	100.023666	100.023743	100.02681	100.030884	100.030861	100.032295	100.034035	100.034859	100.034416	100.033279	100.03791	100.04084	100.039948	100.044846	100.041702	100.041664	100.047157	100.044357	100.046288	100.048676	100.046562	100.049843	100.048737	100.051163	100.054237	100.051987	100.057625	100.053131	100.049149	100.053635	100.050888	100.054611	100.057053	100.056839	100.054024	100.056961	100.053253	100.059982	100.057373	100.054893	100.05394	100.058105	100.053009	100.054184	100.054237	100.057053	100.058128	100.05983	100.061401	100.060448	100.061211	100.066185	100.065384
599	100.011894	100.002411	100.00354	100.006508	100.008347	100.016006	100.018951	100.021469	100.022713	100.024124	100.025703	100.029778	100.029167	100.032104	100.031616	100.033401	100.033569	100.03096	100.035263	100.038818	100.039635	100.042297	100.040459	100.04039	100.046242	100.04438	100.045036	100.046173	100.045738	100.047699	100.048737	100.049683	100.052452	100.051514	100.056824	100.052094	100.047562	100.052795	100.04892	100.055138	100.057243	100.055656	100.052765	100.055862	100.052628	100.058853	100.056526	100.054016	100.052429	100.056778	100.051842	100.05307	100.052643	100.055801	100.055901	100.058487	100.059143	100.05925	100.059662	100.064743	100.063873
600	100.011574	100.002205	100.003143	100.006233	100.008354	100.015999	100.018898	100.020561	100.02227	100.024269	100.025024	100.028969	100.028244	100.032295	100.030289	100.032684	100.033295	100.029793	100.033592	100.037575	100.039589	100.040642	100.039734	100.03978	100.045868	100.044884	100.044273	100.044594	100.045586	100.046631	100.048912	100.048805	100.051353	100.051414	100.056198	100.051132	100.046707	100.052223	100.047554	100.055138	100.057259	100.054871	100.051941	100.055351	100.052521	100.058128	100.056183	100.053787	100.051727	100.055969	100.051346	100.05249	100.051582	100.054955	100.054909	100.057541	100.057495	100.058655	100.058876	100.063995	100.063179
601	100.011978	100.001617	100.004868	100.006638	100.009644	100.016472	100.01944	100.020172	100.023033	100.023796	100.025368	100.028931	100.029167	100.033401	100.031532	100.033699	100.03437	100.031364	100.034264	100.038269	100.040207	100.041092	100.040222	100.040733	100.046768	100.046448	100.044655	100.045242	100.046982	100.048103	100.04953	100.049339	100.051926	100.05217	100.055954	100.050339	100.047592	100.052284	100.047562	100.053856	100.056862	100.055	100.052155	100.056252	100.053581	100.05838	100.057007	100.055107	100.052963	100.056389	100.052429	100.053146	100.051773	100.055084	100.056854	100.057533	100.057304	100.059547	100.059952	100.06485	100.064484
602	100.012398	100.001038	100.006615	100.007057	100.010941	100.01696	100.020004	100.019791	100.023804	100.023308	100.025726	100.028885	100.030098	100.034538	100.032768	100.034737	100.035439	100.032951	100.034943	100.038956	100.04084	100.041542	100.040726	100.041687	100.047684	100.048019	100.045052	100.045898	100.048378	100.049576	100.05014	100.049881	100.052513	100.052933	100.05571	100.049553	100.048485	100.052368	100.047592	100.052574	100.056473	100.055138	100.052368	100.057159	100.054657	100.058624	100.057838	100.056442	100.054214	100.056801	100.053528	100.053802	100.051964	100.055222	100.058807	100.057518	100.057098	100.06044	100.06102	100.06572	100.065781
603	100.012817	100.00045	100.008369	100.007477	100.012253	100.017456	100.020554	100.019386	100.02459	100.022827	100.02607	100.028839	100.031044	100.035683	100.034035	100.035767	100.036537	100.034546	100.035622	100.039658	100.041473	100.042	100.041222	100.042664	100.048599	100.049614	100.045441	100.046555	100.049797	100.051079	100.050758	100.050423	100.053093	100.053696	100.055458	100.048759	100.049385	100.052429	100.047615	100.05127	100.056061	100.055267	100.052597	100.058067	100.05574	100.058876	100.058678	100.057793	100.055481	100.057236	100.054619	100.054466	100.05217	100.055351	100.060783	100.05751	100.056908	100.061348	100.062111	100.066605	100.067093
604	100.01503	100.001968	100.009132	100.009575	100.01416	100.019119	100.022697	100.022232	100.026215	100.026337	100.027359	100.030769	100.033989	100.036476	100.036201	100.037956	100.038383	100.036385	100.037148	100.04187	100.044334	100.044456	100.043938	100.045563	100.050781	100.04966	100.046814	100.04982	100.052116	100.05349	100.051865	100.052391	100.054298	100.055161	100.058449	100.052452	100.052574	100.055397	100.05027	100.053391	100.059547	100.057259	100.055397	100.058983	100.057747	100.060806	100.060631	100.059547	100.055649	100.059486	100.056145	100.056602	100.053963	100.057732	100.061882	100.060295	100.060654	100.063156	100.062645	100.069656	100.068596
605	100.017319	100.003578	100.009857	100.011757	100.01609	100.020828	100.024918	100.025223	100.02787	100.030014	100.028679	100.032784	100.037018	100.037262	100.038406	100.040199	100.040268	100.038231	100.038704	100.044159	100.047287	100.046989	100.046776	100.048553	100.053001	100.049629	100.048233	100.053215	100.054482	100.055931	100.052986	100.05442	100.055527	100.056648	100.061584	100.056351	100.05587	100.058495	100.05304	100.055649	100.063202	100.059334	100.058319	100.059891	100.059799	100.062813	100.06263	100.06131	100.055763	100.061821	100.057693	100.058792	100.055847	100.060226	100.06292	100.063194	100.064575	100.065018	100.063148	100.072792	100.070107
606	100.019646	100.005196	100.010597	100.013947	100.018036	100.022568	100.027153	100.028252	100.029549	100.033737	100.030029	100.034805	100.04007	100.038063	100.040649	100.042465	100.042168	100.040092	100.040291	100.046455	100.050285	100.049568	100.049629	100.051567	100.055267	100.049606	100.049652	100.056633	100.056862	100.058388	100.054123	100.056473	100.056778	100.058159	100.064743	100.060272	100.059196	100.061623	100.055824	100.057945	100.066887	100.061417	100.061249	100.060806	100.061859	100.064835	100.064659	100.063095	100.055901	100.064178	100.059273	100.061012	100.057747	100.062729	100.06398	100.066139	100.06852	100.066887	100.063667	100.075958	100.071632
607	100.020134	100.006187	100.012032	100.015343	100.019539	100.024391	100.028442	100.029495	100.031235	100.035202	100.031914	100.036171	100.040993	100.039505	100.042198	100.044334	100.043129	100.042	100.042465	100.049065	100.051704	100.05072	100.05127	100.05307	100.056793	100.051201	100.051437	100.058487	100.05854	100.059341	100.055313	100.05809	100.058136	100.060204	100.066162	100.062218	100.060715	100.063622	100.057663	100.059875	100.067162	100.063171	100.063385	100.062813	100.062607	100.066757	100.065788	100.064171	100.057709	100.065254	100.060669	100.062683	100.059532	100.064156	100.065247	100.06765	100.069916	100.068153	100.065971	100.076866	100.073036
608	100.019493	100.006775	100.013908	100.016228	100.020744	100.02626	100.02916	100.029625	100.032951	100.035301	100.034142	100.037132	100.040604	100.041351	100.04332	100.045952	100.043526	100.04393	100.044991	100.051865	100.05217	100.050987	100.052139	100.053642	100.057854	100.053802	100.053444	100.059341	100.059807	100.059341	100.056526	100.059448	100.059578	100.062584	100.066498	100.062927	100.061119	100.064911	100.058891	100.061607	100.065292	100.06472	100.065025	100.065491	100.062538	100.068626	100.066391	100.064812	100.060547	100.065529	100.061974	100.064026	100.061264	100.064934	100.066605	100.068306	100.069702	100.069031	100.069382	100.076355	100.074371
609	100.018845	100.00737	100.015793	100.01712	100.021973	100.028145	100.029861	100.029755	100.034653	100.035393	100.036369	100.038086	100.040207	100.043213	100.044441	100.047577	100.04393	100.045868	100.047531	100.05468	100.052628	100.05127	100.053024	100.054214	100.058922	100.056412	100.055443	100.060211	100.061058	100.059357	100.05777	100.060822	100.061012	100.06498	100.066818	100.063644	100.061508	100.066208	100.060127	100.063347	100.063416	100.066284	100.066666	100.068176	100.062469	100.070511	100.066986	100.065445	100.063408	100.065804	100.063301	100.065384	100.063004	100.065704	100.067986	100.068954	100.069496	100.069916	100.0728	100.075844	100.075722
610	100.018158	100.007462	100.017036	100.017677	100.022713	100.029121	100.030457	100.030052	100.035652	100.035606	100.03791	100.038597	100.039948	100.044373	100.045143	100.048386	100.044189	100.047096	100.049362	100.056229	100.05262	100.051483	100.05323	100.054443	100.059319	100.057999	100.056633	100.060402	100.061501	100.05928	100.058701	100.061836	100.062195	100.066376	100.06691	100.063911	100.061737	100.066818	100.060913	100.064934	100.062271	100.067291	100.067505	100.069656	100.06237	100.071594	100.066994	100.065567	100.06517	100.065636	100.064156	100.066017	100.063965	100.065765	100.068558	100.069092	100.068985	100.070168	100.074829	100.075218	100.075974
611	100.017334	100.006294	100.016609	100.01738	100.022194	100.027718	100.030769	100.030815	100.034782	100.036179	100.03759	100.037971	100.040016	100.043694	100.044693	100.046989	100.044144	100.046501	100.049339	100.054459	100.051407	100.051544	100.051689	100.053802	100.057915	100.056908	100.055672	100.058838	100.059784	100.059067	100.058868	100.06192	100.062622	100.065186	100.066376	100.062981	100.061508	100.065628	100.060532	100.066162	100.063011	100.066849	100.066292	100.06797	100.062195	100.070618	100.065521	100.064255	100.064049	100.064278	100.063797	100.064804	100.062965	100.063942	100.067055	100.06794	100.067711	100.068771	100.073158	100.074348	100.073395
612	100.016495	100.005112	100.016167	100.017082	100.021683	100.026306	100.031075	100.03157	100.033913	100.036751	100.037262	100.037338	100.040092	100.042999	100.044235	100.045601	100.044083	100.045898	100.049316	100.052666	100.050163	100.05159	100.05014	100.053146	100.056496	100.055817	100.054703	100.057266	100.058052	100.05883	100.059036	100.062004	100.063034	100.06398	100.065826	100.062035	100.061287	100.064423	100.060143	100.067375	100.063751	100.066414	100.065063	100.066269	100.062012	100.069633	100.064026	100.062958	100.062927	100.06292	100.063431	100.063576	100.061943	100.062119	100.065544	100.066757	100.066437	100.067368	100.071503	100.073471	100.070808
613	100.015663	100.003937	100.015724	100.016762	100.021156	100.024918	100.031372	100.032303	100.033035	100.037323	100.036942	100.036705	100.040161	100.042305	100.043785	100.044205	100.044022	100.045288	100.049294	100.050888	100.04892	100.051643	100.048592	100.05249	100.055077	100.054703	100.053741	100.055695	100.056328	100.058601	100.059174	100.062088	100.063469	100.062775	100.065277	100.061096	100.06105	100.063217	100.059746	100.068596	100.064491	100.065979	100.063835	100.06456	100.061836	100.068642	100.062538	100.061646	100.061813	100.061562	100.063072	100.062332	100.060913	100.060272	100.064026	100.06559	100.065163	100.065948	100.069832	100.072586	100.068214
614	100.01664	100.00354	100.013412	100.017204	100.021637	100.02549	100.030228	100.031281	100.032715	100.037216	100.036224	100.036514	100.038551	100.04158	100.043297	100.04213	100.043312	100.04451	100.047684	100.049385	100.047668	100.050415	100.049446	100.051704	100.053749	100.05381	100.052933	100.054726	100.05481	100.058029	100.058022	100.060966	100.063576	100.060997	100.064835	100.060699	100.060402	100.061264	100.059555	100.066612	100.062439	100.064316	100.061729	100.063408	100.061485	100.06723	100.06237	100.061058	100.061058	100.06144	100.061737	100.062134	100.059387	100.060692	100.062141	100.064705	100.064316	100.064957	100.068428	100.072182	100.067711
615	100.017715	100.003197	100.010956	100.017693	100.022163	100.026199	100.028969	100.030121	100.032425	100.037048	100.0355	100.036362	100.036812	100.04084	100.042786	100.039993	100.042549	100.043716	100.045967	100.04792	100.046394	100.049088	100.050461	100.050903	100.052429	100.052933	100.052132	100.053802	100.053299	100.057434	100.056778	100.059769	100.06366	100.059166	100.0644	100.060341	100.059738	100.05925	100.05938	100.064407	100.060188	100.062561	100.059555	100.062286	100.061127	100.065788	100.062302	100.060509	100.060333	100.061394	100.060333	100.061966	100.057831	100.061241	100.060234	100.06385	100.063515	100.063995	100.067032	100.071808	100.067345
616	100.018814	100.002846	100.008514	100.018181	100.022697	100.026917	100.027718	100.028976	100.032127	100.03688	100.03476	100.036194	100.03508	100.0401	100.042274	100.037857	100.041771	100.042931	100.044266	100.046448	100.045135	100.047775	100.05146	100.050102	100.051102	100.052048	100.051331	100.052872	100.051796	100.056839	100.055527	100.058571	100.063728	100.057343	100.063957	100.059982	100.059059	100.057243	100.059196	100.062218	100.057945	100.060806	100.057388	100.061165	100.060776	100.064362	100.062225	100.059959	100.059601	100.061333	100.058914	100.061821	100.056267	100.061798	100.058327	100.062981	100.062706	100.063026	100.065651	100.071442	100.066986
617	100.01899	100.002647	100.008904	100.018333	100.021553	100.026413	100.026512	100.028107	100.031769	100.035561	100.034462	100.035545	100.035133	100.039436	100.041489	100.03791	100.041092	100.042641	100.04361	100.046112	100.045059	100.047516	100.051094	100.049271	100.050941	100.05143	100.050484	100.052193	100.050995	100.055901	100.054893	100.056984	100.063118	100.056419	100.063278	100.059486	100.057877	100.056099	100.058701	100.061119	100.057434	100.059578	100.056686	100.060722	100.060181	100.063301	100.062057	100.05957	100.059044	100.060677	100.05822	100.06089	100.056061	100.060913	100.057755	100.062729	100.061989	100.062706	100.065109	100.071297	100.066795
618	100.018562	100.002541	100.011238	100.018272	100.019264	100.025085	100.02533	100.027428	100.031342	100.033424	100.034439	100.034561	100.036392	100.038803	100.040497	100.039421	100.040459	100.042725	100.043678	100.046577	100.045815	100.047974	100.049759	100.048409	100.051567	100.050964	100.049637	100.051704	100.05069	100.054718	100.05468	100.055122	100.062035	100.056122	100.062454	100.058899	100.056366	100.055542	100.057961	100.060806	100.058105	100.058701	100.056961	100.060722	100.059441	100.062492	100.061836	100.059273	100.058594	100.059593	100.058006	100.059448	100.056793	100.059044	100.05809	100.062897	100.061348	100.062813	100.06517	100.071289	100.066711
619	100.018135	100.002434	100.013565	100.018219	100.016998	100.023758	100.024162	100.026764	100.030914	100.031303	100.034424	100.033592	100.037659	100.038193	100.039505	100.040939	100.039841	100.042793	100.043747	100.047028	100.046555	100.048424	100.048447	100.047562	100.0522	100.050499	100.048782	100.051208	100.050392	100.053551	100.054489	100.053276	100.060966	100.055847	100.061646	100.058327	100.054848	100.055	100.05722	100.060486	100.058784	100.057838	100.057243	100.060745	100.058701	100.061707	100.061623	100.058983	100.058136	100.058517	100.057793	100.058006	100.057533	100.057198	100.058426	100.063065	100.060715	100.062927	100.065231	100.071289	100.066635
620	100.017509	100.002441	100.014557	100.017418	100.015305	100.022079	100.023064	100.025894	100.030113	100.029114	100.033844	100.032402	100.037704	100.037209	100.038422	100.041618	100.038757	100.04213	100.043259	100.046692	100.046394	100.04821	100.04686	100.046608	100.052223	100.049683	100.047981	100.050354	100.049904	100.051987	100.05368	100.051811	100.059547	100.055145	100.060341	100.057175	100.053276	100.054146	100.055885	100.059418	100.058975	100.056816	100.056664	100.060043	100.057671	100.060631	100.060883	100.058342	100.057114	100.057304	100.056839	100.056587	100.057159	100.055626	100.058052	100.062546	100.059875	100.062538	100.064659	100.070534	100.066185
621	100.016319	100.002861	100.011635	100.014458	100.015327	100.019333	100.022163	100.02446	100.028191	100.026657	100.031555	100.030609	100.03421	100.035202	100.037086	100.039848	100.036285	100.03923	100.041092	100.044022	100.043571	100.046028	100.04451	100.045311	100.050476	100.047836	100.047302	100.048431	100.048874	100.049301	100.051117	100.051453	100.057137	100.053261	100.057686	100.054375	100.051514	100.052414	100.052773	100.056122	100.05777	100.055275	100.05349	100.057259	100.055801	100.058746	100.058601	100.056694	100.05442	100.055656	100.053696	100.055267	100.053574	100.054886	100.055634	100.060013	100.058456	100.060654	100.062218	100.067642	100.064621
622	100.015129	100.003258	100.008728	100.011513	100.01535	100.016617	100.021255	100.023033	100.026283	100.024208	100.029266	100.028824	100.030731	100.033188	100.035736	100.038086	100.033844	100.036362	100.038948	100.041374	100.040771	100.043854	100.042152	100.044022	100.048721	100.04599	100.046623	100.046501	100.047852	100.046631	100.048569	100.051094	100.054756	100.051369	100.055023	100.051582	100.049759	100.050674	100.049675	100.052856	100.056564	100.053741	100.050331	100.054482	100.053932	100.056862	100.056335	100.055054	100.051727	100.054016	100.050568	100.05394	100.050011	100.054153	100.05323	100.05748	100.057053	100.058762	100.059784	100.064743	100.063049
623	100.013947	100.003662	100.005844	100.008598	100.015381	100.013901	100.020363	100.021614	100.024399	100.02179	100.027016	100.027061	100.02729	100.031212	100.034416	100.036331	100.03141	100.033508	100.036812	100.038734	100.037979	100.041702	100.039825	100.042747	100.046989	100.044167	100.045952	100.044594	100.046837	100.043976	100.046028	100.050735	100.052383	100.049507	100.052391	100.048813	100.048027	100.048958	100.0466	100.049629	100.055359	100.052223	100.047211	100.051727	100.052071	100.054993	100.054085	100.053429	100.049057	100.052391	100.047455	100.052628	100.046471	100.053444	100.050827	100.05497	100.055649	100.056885	100.057365	100.061867	100.061501
624	100.01358	100.00293	100.006126	100.006889	100.013672	100.01339	100.019493	100.020668	100.024712	100.020493	100.024483	100.027176	100.026306	100.029663	100.032761	100.033989	100.029739	100.030205	100.035835	100.036156	100.037209	100.039848	100.037453	100.04071	100.044075	100.042305	100.043747	100.042152	100.044632	100.044044	100.044739	100.047478	100.049171	100.047089	100.051819	100.046715	100.045631	100.0466	100.044609	100.046883	100.05349	100.050041	100.04612	100.050331	100.049126	100.053322	100.053238	100.0504	100.048386	100.050697	100.046478	100.050011	100.045349	100.05175	100.050163	100.053551	100.053322	100.055061	100.055679	100.060036	100.059662
625	100.013306	100.002113	100.006721	100.005302	100.01181	100.013077	100.018623	100.019775	100.025238	100.019325	100.021935	100.027489	100.025574	100.028168	100.031067	100.031578	100.028145	100.026878	100.034988	100.033592	100.036636	100.03804	100.035095	100.038612	100.041031	100.040474	100.041412	100.039673	100.04232	100.044357	100.043571	100.043953	100.045883	100.044632	100.051453	100.044693	100.043175	100.044182	100.042725	100.044189	100.051544	100.047813	100.045227	100.049065	100.046074	100.051666	100.052521	100.047241	100.047935	100.049004	100.045731	100.047264	100.044456	100.049957	100.049675	100.052261	100.050926	100.053238	100.054062	100.058304	100.057808
626	100.013016	100.001289	100.007309	100.003731	100.009964	100.012779	100.017776	100.018883	100.025749	100.018158	100.019417	100.027786	100.024841	100.026688	100.029396	100.029198	100.026558	100.023567	100.034142	100.031044	100.036064	100.036255	100.032745	100.036537	100.038025	100.038635	100.039101	100.037216	100.040031	100.04467	100.042427	100.040459	100.042641	100.042198	100.051079	100.042686	100.040756	100.041771	100.040855	100.041542	100.049629	100.045586	100.044342	100.047806	100.043045	100.050011	100.051811	100.044121	100.04747	100.047318	100.044968	100.04454	100.043579	100.048195	100.049171	100.050964	100.048538	100.051437	100.052452	100.05658	100.055954
627	100.01268	100.000801	100.007057	100.003242	100.008476	100.012932	100.0168	100.017593	100.024223	100.017754	100.018585	100.027527	100.024567	100.025604	100.029007	100.028038	100.026413	100.022469	100.033295	100.030067	100.03476	100.035728	100.032471	100.034889	100.036873	100.037476	100.037781	100.036049	100.038597	100.044525	100.041451	100.039116	100.041496	100.041321	100.050606	100.041977	100.039352	100.040695	100.040413	100.040039	100.047943	100.044464	100.043358	100.047394	100.04171	100.04908	100.050529	100.042725	100.046135	100.046448	100.044594	100.043175	100.042892	100.046906	100.048996	100.049995	100.047852	100.05014	100.05159	100.055946	100.054512
628	100.012337	100.000572	100.006195	100.003586	100.007286	100.013435	100.015747	100.016006	100.021187	100.017944	100.019051	100.026833	100.024651	100.024818	100.029579	100.027802	100.027344	100.023041	100.032463	100.030243	100.032936	100.036171	100.03376	100.033607	100.037109	100.036827	100.037193	100.035896	100.037849	100.04406	100.040642	100.039383	100.041939	100.04158	100.050056	100.042221	100.038719	100.040649	100.041046	100.039436	100.046478	100.044167	100.042305	100.047615	100.041649	100.048683	100.048828	100.042664	100.044167	100.046181	100.044525	100.04287	100.042381	100.046005	100.049057	100.049271	100.048424	100.049248	100.051292	100.056137	100.053406
629	100.011993	100.000343	100.005356	100.003937	100.006104	100.013947	100.014702	100.014435	100.018158	100.01812	100.019501	100.026154	100.024734	100.024055	100.030151	100.027573	100.028275	100.023613	100.031639	100.030434	100.031128	100.036606	100.035034	100.032318	100.037361	100.036179	100.036636	100.035728	100.037094	100.043579	100.039825	100.039658	100.042381	100.041855	100.049507	100.042465	100.038101	100.040588	100.041664	100.038841	100.045029	100.043869	100.04126	100.047836	100.041595	100.048302	100.047127	100.042603	100.042213	100.045929	100.044456	100.042549	100.041855	100.045097	100.049126	100.048553	100.048981	100.048363	100.050995	100.056328	100.052284
630	100.012436	100.000504	100.005005	100.004562	100.005806	100.014702	100.01429	100.013649	100.016418	100.01857	100.020309	100.026001	100.025284	100.02401	100.030853	100.028	100.029305	100.024605	100.031219	100.031235	100.030174	100.037193	100.036324	100.032043	100.037849	100.036217	100.036514	100.036491	100.03685	100.043571	100.039497	100.04023	100.043022	100.042297	100.049355	100.042999	100.038277	100.040855	100.042412	100.038956	100.044586	100.044426	100.041092	100.048241	100.042107	100.04847	100.046112	100.042831	100.041107	100.045883	100.04493	100.042725	100.041794	100.044678	100.049339	100.048317	100.04985	100.048088	100.05088	100.05661	100.051964
631	100.015533	100.001976	100.006355	100.006248	100.008453	100.016319	100.015961	100.015472	100.018951	100.019966	100.022316	100.027611	100.027382	100.026451	100.032043	100.030647	100.03067	100.027039	100.032249	100.034096	100.032066	100.038292	100.037682	100.035133	100.039207	100.038544	100.03791	100.04039	100.038239	100.045059	100.040779	100.041786	100.044342	100.043343	100.050507	100.044571	100.041199	100.042213	100.043617	100.041542	100.047577	100.047836	100.043846	100.049301	100.044502	100.050529	100.047371	100.043999	100.042809	100.046524	100.047279	100.044548	100.043259	100.045929	100.050064	100.049698	100.051704	100.049889	100.051407	100.057243	100.054291
632	100.018631	100.003448	100.007713	100.007927	100.011086	100.017929	100.017632	100.017296	100.021484	100.021339	100.024307	100.029221	100.029495	100.028885	100.033234	100.033279	100.032043	100.029465	100.033257	100.036942	100.033951	100.039383	100.039032	100.038193	100.040581	100.040855	100.039307	100.044266	100.039635	100.046562	100.042068	100.043343	100.04567	100.044403	100.051651	100.046143	100.044098	100.043571	100.044823	100.044128	100.05056	100.051247	100.046585	100.050354	100.046898	100.052582	100.048637	100.045181	100.04451	100.047173	100.049614	100.046371	100.044701	100.047173	100.050797	100.051079	100.053551	100.051689	100.051941	100.057877	100.056587
633	100.021698	100.004898	100.009048	100.009583	100.01371	100.019524	100.019279	100.019096	100.023987	100.022713	100.026283	100.030807	100.03157	100.031281	100.034416	100.035904	100.033401	100.031868	100.034264	100.039764	100.03582	100.040474	100.040352	100.041245	100.041924	100.043144	100.040672	100.048103	100.041023	100.048042	100.043343	100.044884	100.046982	100.045441	100.052795	100.047699	100.046967	100.044907	100.046005	100.046684	100.053513	100.054619	100.049301	100.051407	100.049271	100.054611	100.049889	100.046333	100.046196	100.047806	100.051926	100.048172	100.046135	100.048401	100.051521	100.052437	100.055374	100.053467	100.052452	100.058495	100.058876
634	100.01947	100.005638	100.007317	100.00824	100.012718	100.017761	100.016769	100.017548	100.023743	100.021591	100.025215	100.027718	100.030327	100.030579	100.032364	100.033379	100.031769	100.030609	100.033104	100.038383	100.035522	100.037682	100.038437	100.039581	100.04026	100.040993	100.039307	100.045898	100.040176	100.046494	100.040817	100.043961	100.045525	100.043999	100.05162	100.045815	100.045273	100.043419	100.043884	100.044502	100.051208	100.051514	100.047981	100.048973	100.047813	100.051758	100.04879	100.045181	100.043953	100.04686	100.049294	100.04631	100.045967	100.047897	100.049553	100.051155	100.053963	100.052345	100.051208	100.056412	100.056984
635	100.016594	100.006294	100.005196	100.006523	100.011292	100.015579	100.013748	100.015579	100.02314	100.020157	100.023743	100.024048	100.028648	100.029465	100.02993	100.03022	100.029778	100.028885	100.031677	100.036476	100.03495	100.034401	100.036095	100.037315	100.038216	100.038277	100.03759	100.042938	100.03904	100.044563	100.037804	100.042725	100.043724	100.042252	100.050148	100.043488	100.042999	100.041565	100.041328	100.041748	100.048271	100.0476	100.046143	100.046089	100.045883	100.048317	100.047394	100.043716	100.041214	100.045731	100.046051	100.043976	100.045601	100.047173	100.047241	100.049545	100.052139	100.050842	100.049736	100.053993	100.054565
636	100.01371	100.006935	100.00309	100.004791	100.00985	100.013397	100.010727	100.013626	100.022552	100.01873	100.022278	100.020393	100.026993	100.028374	100.027489	100.027069	100.027779	100.027168	100.030243	100.034569	100.034378	100.031158	100.033775	100.035057	100.036194	100.035583	100.035881	100.039986	100.037918	100.042641	100.034821	100.041512	100.041924	100.040497	100.048683	100.041176	100.040733	100.039719	100.038803	100.038979	100.045311	100.043701	100.044319	100.043228	100.043953	100.044884	100.046013	100.042259	100.038483	100.044586	100.042816	100.041664	100.045227	100.046455	100.044945	100.047935	100.050316	100.049355	100.048271	100.051567	100.052155
637	100.012299	100.006424	100.001694	100.003708	100.009155	100.012413	100.010284	100.013222	100.021507	100.018021	100.0214	100.019241	100.025986	100.028076	100.025787	100.024757	100.02713	100.025902	100.029137	100.032806	100.033043	100.030304	100.032631	100.033585	100.0355	100.034271	100.033867	100.037537	100.036346	100.040604	100.03421	100.039848	100.040672	100.039528	100.047241	100.040413	100.038849	100.038704	100.037941	100.038017	100.043091	100.04158	100.042274	100.041534	100.042	100.043655	100.044861	100.041321	100.036713	100.042931	100.041161	100.039864	100.044037	100.045059	100.043312	100.04673	100.047791	100.047859	100.046555	100.050392	100.050735
638	100.012115	100.004944	100.000885	100.003113	100.009048	100.012413	100.011955	100.014076	100.020073	100.017891	100.020966	100.020149	100.025536	100.028435	100.024666	100.023125	100.027596	100.025009	100.02829	100.031151	100.031067	100.031425	100.03244	100.032738	100.035904	100.034081	100.031593	100.0355	100.034378	100.038483	100.035568	100.037834	100.039879	100.0392	100.045822	100.040939	100.037254	100.038376	100.038483	100.038513	100.041451	100.040924	100.040009	100.040771	100.039986	100.044228	100.043884	100.040779	100.035751	100.040817	100.040802	100.038467	100.042175	100.043091	100.042213	100.045868	100.044647	100.046364	100.044609	100.050186	100.050117
639	100.011894	100.003471	100.000061	100.002525	100.008942	100.012398	100.013611	100.014923	100.018623	100.017761	100.020531	100.021042	100.02507	100.028778	100.023544	100.021492	100.028038	100.024101	100.027428	100.02948	100.029076	100.032532	100.032249	100.031876	100.036301	100.03389	100.029305	100.033463	100.032425	100.036331	100.036934	100.03582	100.039062	100.038849	100.044395	100.041458	100.035652	100.03804	100.038994	100.039017	100.039818	100.04026	100.03775	100.040009	100.037971	100.044785	100.042892	100.040245	100.03476	100.038704	100.040436	100.037064	100.040314	100.04113	100.041107	100.045013	100.041496	100.044861	100.042664	100.049988	100.049507
640	100.012085	100.002563	99.999893	100.002083	100.008835	100.012802	100.014771	100.015625	100.017548	100.017914	100.020134	100.021812	100.024879	100.029053	100.023163	100.020706	100.028374	100.023796	100.027023	100.028458	100.027588	100.03334	100.032379	100.031326	100.036667	100.03363	100.028015	100.032059	100.030945	100.03495	100.037933	100.034607	100.038681	100.038574	100.043465	100.041817	100.034378	100.037888	100.039421	100.039711	100.038681	100.039711	100.03595	100.039581	100.036713	100.045219	100.042152	100.039925	100.034286	100.037575	100.040031	100.036392	100.038979	100.039627	100.04039	100.044479	100.039276	100.043404	100.041489	100.049736	100.049042
641	100.013756	100.003876	100.002182	100.002304	100.008644	100.014793	100.013901	100.015747	100.017822	100.01918	100.019821	100.022079	100.025711	100.028954	100.025597	100.023209	100.028206	100.025711	100.028336	100.029884	100.027916	100.032959	100.033714	100.03196	100.036911	100.033104	100.030479	100.032997	100.031349	100.036453	100.037537	100.036415	100.039932	100.038506	100.044403	100.041557	100.034294	100.038422	100.039467	100.041107	100.039482	100.039566	100.035919	100.04039	100.038353	100.045105	100.042274	100.04039	100.035706	100.04023	100.039413	100.038506	100.039658	100.039841	100.041153	100.04512	100.040642	100.042023	100.043213	100.04921	100.049187
642	100.015434	100.005196	100.004486	100.002502	100.008476	100.016808	100.013039	100.015892	100.018105	100.020454	100.019516	100.022339	100.026558	100.028862	100.028038	100.025726	100.028038	100.027634	100.029663	100.031326	100.028275	100.032578	100.035072	100.032578	100.037155	100.032578	100.032959	100.033951	100.031769	100.037956	100.037148	100.038254	100.041199	100.038437	100.045357	100.04129	100.034225	100.038971	100.039528	100.042519	100.040306	100.039421	100.035904	100.041214	100.040009	100.044998	100.042412	100.040863	100.037132	100.0429	100.038788	100.040642	100.040367	100.04007	100.041924	100.045776	100.042	100.040649	100.044952	100.048683	100.049339
643	100.01712	100.006508	100.006798	100.002693	100.008286	100.018814	100.012184	100.016006	100.018379	100.021721	100.019203	100.022598	100.027397	100.028763	100.030495	100.028244	100.02787	100.029564	100.030968	100.032768	100.028625	100.032196	100.036415	100.033211	100.037399	100.032043	100.035439	100.034904	100.032173	100.039459	100.036743	100.040077	100.042465	100.038353	100.04631	100.041023	100.034126	100.039505	100.039581	100.04393	100.041115	100.039268	100.035873	100.04203	100.041664	100.044884	100.042534	100.041328	100.038567	100.04557	100.03817	100.042763	100.041054	100.040291	100.042702	100.046432	100.043358	100.039268	100.046692	100.048157	100.049469
644	100.016655	100.005341	100.006363	100.002884	100.008141	100.016281	100.012802	100.016579	100.018394	100.020493	100.018814	100.021912	100.02639	100.026794	100.028397	100.027832	100.027504	100.027954	100.029739	100.032951	100.028587	100.030922	100.034714	100.0317	100.036964	100.032677	100.034775	100.034058	100.032127	100.03817	100.035843	100.03904	100.041321	100.03791	100.045029	100.039398	100.034523	100.038254	100.037315	100.041916	100.040413	100.039185	100.036446	100.041107	100.041069	100.043365	100.041916	100.040482	100.037361	100.043953	100.037254	100.04184	100.039963	100.040199	100.041565	100.044807	100.042534	100.038841	100.045776	100.047577	100.048676
645	100.015846	100.003754	100.005516	100.003067	100.007988	100.013031	100.013672	100.017235	100.018349	100.018867	100.018402	100.021065	100.025085	100.024521	100.025581	100.026955	100.027084	100.025787	100.028084	100.032936	100.028481	100.029518	100.032509	100.029839	100.036407	100.033478	100.033585	100.032928	100.032005	100.03643	100.034866	100.037552	100.039795	100.037422	100.043396	100.03756	100.034988	100.036713	100.034668	100.039337	100.039444	100.039124	100.037109	100.039902	100.0401	100.041618	100.041153	100.039421	100.035736	100.041626	100.036278	100.040436	100.038574	100.04007	100.040146	100.042816	100.041351	100.038544	100.044441	100.046989	100.047722
646	100.015007	100.002167	100.004662	100.003258	100.007843	100.00975	100.014542	100.017891	100.018311	100.017235	100.01799	100.020203	100.023773	100.022232	100.022743	100.02607	100.02668	100.023605	100.026443	100.032928	100.028374	100.028084	100.030304	100.027969	100.035858	100.034294	100.032402	100.031792	100.031891	100.034676	100.03389	100.036064	100.038254	100.036919	100.041733	100.035713	100.035454	100.035164	100.032021	100.036751	100.038483	100.039055	100.037788	100.038681	100.039146	100.039864	100.04039	100.038361	100.034119	100.039291	100.035309	100.039032	100.037178	100.039925	100.038704	100.040802	100.040176	100.038239	100.043091	100.046394	100.046753
647	100.014816	100.001022	100.004364	100.003479	100.007225	100.008598	100.014473	100.017799	100.017967	100.016487	100.017929	100.020042	100.023415	100.021721	100.022354	100.025597	100.026344	100.02272	100.025787	100.032333	100.028732	100.027489	100.029541	100.027321	100.035118	100.033722	100.031303	100.031616	100.032387	100.033798	100.03344	100.035057	100.037148	100.036133	100.040855	100.035057	100.034836	100.035118	100.03083	100.035408	100.03772	100.038956	100.037643	100.037468	100.037971	100.039375	100.040039	100.037643	100.033165	100.038124	100.035683	100.038338	100.036873	100.039635	100.037682	100.039635	100.039398	100.038063	100.042213	100.046143	100.046158
648	100.015175	100.000275	100.004562	100.003754	100.00621	100.009392	100.013557	100.017021	100.017342	100.016533	100.018181	100.020508	100.023949	100.02285	100.024223	100.025475	100.026085	100.023018	100.026047	100.031219	100.029503	100.027672	100.03009	100.027786	100.03421	100.031914	100.030281	100.032303	100.033463	100.033722	100.033447	100.034546	100.036453	100.03508	100.040672	100.035492	100.033226	100.036453	100.030983	100.035202	100.037155	100.038849	100.036774	100.03624	100.036598	100.040039	100.040054	100.037254	100.032829	100.038017	100.0373	100.038338	100.03756	100.03923	100.037041	100.03923	100.039017	100.038002	100.041756	100.046196	100.045906
649	100.015549	99.999512	100.004753	100.004021	100.005173	100.010193	100.012627	100.016235	100.016716	100.016571	100.01844	100.020966	100.024475	100.023987	100.026093	100.025352	100.02581	100.023315	100.026306	100.03009	100.030289	100.027824	100.030647	100.028252	100.033295	100.030067	100.029243	100.032997	100.034538	100.03363	100.033463	100.033997	100.035751	100.034012	100.040497	100.035919	100.031593	100.037804	100.031136	100.035004	100.036575	100.038742	100.035896	100.035004	100.035202	100.04071	100.04007	100.036858	100.032486	100.037895	100.038925	100.038315	100.038239	100.038818	100.036385	100.038818	100.03862	100.037933	100.041306	100.046242	100.045647
650	100.015953	99.999184	100.004562	100.00399	100.004601	100.010635	100.011909	100.015572	100.016174	100.016495	100.01873	100.021454	100.02478	100.024948	100.027336	100.025009	100.025391	100.023521	100.026642	100.029144	100.030899	100.028107	100.031021	100.029076	100.032509	100.028801	100.028572	100.033485	100.035347	100.033485	100.033607	100.033882	100.035286	100.032997	100.040367	100.036324	100.030312	100.038841	100.031456	100.03476	100.036446	100.03846	100.035225	100.034286	100.03418	100.041214	100.040092	100.036476	100.032333	100.037674	100.039993	100.038109	100.038361	100.038277	100.035896	100.03849	100.038322	100.037941	100.040794	100.046181	100.045357
651	100.016487	100.000763	100.002609	100.002625	100.006126	100.009468	100.012146	100.015411	100.016045	100.015892	100.019119	100.021957	100.024071	100.025154	100.025734	100.023689	100.024292	100.023247	100.02726	100.029083	100.030693	100.028862	100.030495	100.03141	100.032318	100.03009	100.029526	100.033066	100.034882	100.033035	100.034264	100.035545	100.035843	100.03215	100.040436	100.036606	100.030609	100.038467	100.032425	100.034317	100.038292	100.037399	100.035439	100.035881	100.034782	100.040833	100.040115	100.036171	100.032974	100.036911	100.038567	100.037018	100.035843	100.037231	100.036095	100.038567	100.038383	100.038292	100.03997	100.045624	100.044922
652	100.017036	100.002357	100.000641	100.001251	100.007675	100.00827	100.012383	100.015274	100.01593	100.015282	100.019524	100.022491	100.023338	100.025368	100.024124	100.022339	100.023186	100.02298	100.027885	100.029037	100.030495	100.029633	100.029991	100.033783	100.032127	100.031403	100.030502	100.032654	100.034424	100.032593	100.03492	100.037254	100.036415	100.031326	100.040504	100.036911	100.030922	100.038101	100.033417	100.033882	100.040161	100.036331	100.035683	100.037506	100.035408	100.040451	100.040138	100.035873	100.03363	100.036156	100.037125	100.035927	100.03331	100.036171	100.036308	100.03862	100.03846	100.038651	100.039146	100.045059	100.044479
653	100.017593	100.003983	99.998665	99.999863	100.009239	100.007095	100.012634	100.015114	100.015793	100.014664	100.019928	100.023018	100.022614	100.025574	100.022491	100.020981	100.022079	100.02272	100.028526	100.028976	100.030289	100.030396	100.02948	100.036179	100.031937	100.032738	100.031487	100.032219	100.033951	100.03215	100.035599	100.038956	100.03698	100.030472	100.040588	100.037209	100.031242	100.037727	100.034416	100.03344	100.04203	100.035248	100.035919	100.039146	100.036026	100.04007	100.040176	100.035568	100.034294	100.035385	100.035652	100.034836	100.030746	100.03508	100.03653	100.038696	100.038528	100.039001	100.038322	100.044502	100.044044
654	100.016762	100.003342	99.998833	99.999908	100.007797	100.007759	100.012314	100.014366	100.015259	100.015221	100.018524	100.02253	100.021538	100.024437	100.022125	100.021217	100.022293	100.023018	100.027893	100.028717	100.029335	100.030457	100.029083	100.035515	100.03183	100.031624	100.031471	100.031265	100.033501	100.032982	100.035439	100.036964	100.036705	100.03064	100.041008	100.036415	100.030556	100.036324	100.033714	100.033401	100.039864	100.035599	100.034943	100.038895	100.03595	100.039505	100.039276	100.034538	100.034592	100.034653	100.034904	100.034889	100.030602	100.035439	100.036621	100.037216	100.038002	100.039612	100.038406	100.044785	100.043083
655	100.015678	100.002289	99.999405	100.000229	100.005783	100.008797	100.011887	100.013504	100.014641	100.016006	100.016785	100.021835	100.020409	100.023056	100.02198	100.021744	100.022781	100.023422	100.027023	100.028435	100.028244	100.030388	100.028732	100.034264	100.031731	100.030075	100.031265	100.030205	100.033058	100.034073	100.035118	100.034264	100.036278	100.030968	100.041489	100.035439	100.029671	100.034729	100.0327	100.033447	100.036919	100.036194	100.033745	100.038292	100.035751	100.038895	100.038208	100.033363	100.034836	100.033913	100.034286	100.035179	100.030922	100.036072	100.036713	100.035431	100.037369	100.040291	100.038658	100.045265	100.04203
656	100.01458	100.001228	99.999969	100.000534	100.003731	100.009834	100.011444	100.012627	100.013992	100.0168	100.015007	100.021133	100.019249	100.02166	100.021828	100.022278	100.023254	100.023827	100.026146	100.028137	100.02713	100.030304	100.028351	100.032997	100.031624	100.028503	100.031067	100.029137	100.032593	100.035156	100.034805	100.031532	100.035835	100.031319	100.041962	100.034439	100.028778	100.033096	100.031647	100.033485	100.033936	100.036797	100.032532	100.037674	100.035538	100.038292	100.037125	100.032166	100.035057	100.033173	100.033638	100.035461	100.031235	100.036705	100.036797	100.033615	100.036713	100.040985	100.03891	100.045731	100.04097
657	100.01329	100.000206	100.000153	100	100.002586	100.009727	100.011528	100.012505	100.01326	100.016495	100.014496	100.02018	100.019112	100.021103	100.022148	100.021912	100.022781	100.023293	100.02478	100.027832	100.027206	100.029411	100.027336	100.031593	100.031319	100.027252	100.029922	100.028404	100.031868	100.034607	100.033295	100.030174	100.034927	100.031212	100.041687	100.033501	100.028244	100.031837	100.030754	100.032822	100.033058	100.036469	100.031532	100.036797	100.0345	100.037277	100.035858	100.031158	100.034676	100.03215	100.032806	100.03511	100.030983	100.036072	100.035904	100.032806	100.036003	100.040092	100.038216	100.044868	100.03997
658	100.011803	99.999191	99.999947	99.998589	100.002304	100.008476	100.012115	100.013138	100.01236	100.015106	100.015236	100.018929	100.019958	100.021385	100.022934	100.020622	100.021317	100.021805	100.022972	100.027534	100.028442	100.027695	100.025681	100.030006	100.030769	100.026321	100.027832	100.028	100.030853	100.03241	100.030602	100.030159	100.033554	100.03064	100.040672	100.0326	100.028053	100.03096	100.029968	100.031433	100.034248	100.035187	100.030731	100.035645	100.032631	100.035873	100.034416	100.030342	100.033676	100.030853	100.031731	100.034081	100.030159	100.034187	100.034042	100.032997	100.035202	100.037636	100.036575	100.042686	100.039032
659	100.0103	99.998177	99.999741	99.997169	100.002029	100.007225	100.012718	100.013771	100.011482	100.013695	100.015999	100.017677	100.020828	100.02166	100.023735	100.019333	100.019836	100.020302	100.021133	100.027252	100.029694	100.025955	100.024017	100.028419	100.030228	100.025383	100.025734	100.027596	100.029823	100.030205	100.02787	100.030136	100.032188	100.030075	100.03965	100.0317	100.02787	100.030067	100.029182	100.030052	100.035454	100.033905	100.029922	100.0345	100.030731	100.034454	100.032959	100.029503	100.032677	100.029526	100.03067	100.033058	100.029312	100.032272	100.032166	100.033188	100.034393	100.035164	100.03492	100.040482	100.038086
660	100.009239	99.997284	99.999603	99.995979	100.001755	100.006195	100.013008	100.014221	100.010803	100.012505	100.016365	100.016693	100.021156	100.021805	100.024017	100.018295	100.018478	100.018982	100.01947	100.026764	100.030434	100.024536	100.022614	100.02681	100.029739	100.024498	100.023994	100.027069	100.028778	100.028206	100.025688	100.030075	100.030968	100.029709	100.038185	100.030876	100.02774	100.029434	100.02816	100.02874	100.036194	100.0327	100.029099	100.033394	100.029198	100.033173	100.031601	100.02874	100.031624	100.028519	100.029709	100.031952	100.028564	100.030479	100.030518	100.033142	100.033379	100.032845	100.033653	100.038696	100.037292
661	100.010445	99.997017	99.999893	99.995979	100.001511	100.006363	100.011696	100.013718	100.011215	100.012444	100.014732	100.017036	100.018799	100.02121	100.021683	100.018646	100.017754	100.01857	100.018799	100.025307	100.028549	100.024734	100.022629	100.025139	100.029633	100.023972	100.024185	100.025879	100.027695	100.027382	100.026382	100.029778	100.030609	100.030396	100.034416	100.030556	100.027908	100.030098	100.025955	100.027939	100.0345	100.032043	100.028275	100.0326	100.02948	100.032715	100.030769	100.028458	100.030388	100.029076	100.029388	100.030533	100.028252	100.029434	100.030136	100.031952	100.031403	100.031364	100.034355	100.039116	100.037262
662	100.011681	99.996758	100.000206	99.995987	100.001289	100.006546	100.010361	100.013206	100.01165	100.012398	100.013092	100.01738	100.016426	100.020622	100.019325	100.019012	100.017021	100.018181	100.018143	100.023842	100.026642	100.02494	100.022636	100.02346	100.029526	100.023445	100.024399	100.024689	100.026596	100.02655	100.027084	100.02948	100.030266	100.031105	100.030624	100.030228	100.028084	100.030769	100.023735	100.027153	100.032791	100.031364	100.027451	100.031807	100.02977	100.032234	100.02993	100.028183	100.029144	100.029633	100.029053	100.029083	100.027931	100.028374	100.029755	100.030746	100.029396	100.029884	100.035095	100.039551	100.037254
663	100.012924	99.99649	100.000504	99.995979	100.001053	100.006721	100.009003	100.01268	100.012062	100.012329	100.011421	100.017738	100.014023	100.020004	100.016937	100.019386	100.016281	100.017776	100.017456	100.022354	100.024704	100.025154	100.022636	100.021744	100.029411	100.022903	100.024605	100.023483	100.025475	100.025688	100.027802	100.02916	100.029907	100.031815	100.026772	100.0299	100.028267	100.031456	100.021469	100.026337	100.031052	100.030685	100.026611	100.030983	100.030067	100.031746	100.029076	100.027885	100.02787	100.030205	100.028702	100.027634	100.027618	100.02729	100.029358	100.029503	100.027374	100.028374	100.03582	100.039986	100.037239
664	100.013824	99.996658	100.000801	99.997292	100.001419	100.007011	100.008797	100.012444	100.012016	100.012169	100.012054	100.018372	100.016037	100.01918	100.018288	100.01963	100.017105	100.019096	100.01973	100.023094	100.024498	100.024414	100.022209	100.021851	100.029121	100.02298	100.025452	100.024734	100.026176	100.026428	100.027824	100.028526	100.030479	100.032463	100.027779	100.02977	100.028755	100.031364	100.021744	100.026955	100.032066	100.031136	100.027046	100.03096	100.029518	100.031754	100.030113	100.028358	100.028229	100.030243	100.028458	100.027969	100.028717	100.027679	100.029549	100.030396	100.028297	100.029076	100.035767	100.039116	100.036942
665	100.014671	99.99691	100.001106	99.998871	100.001923	100.007317	100.008842	100.012253	100.011848	100.011978	100.013145	100.019073	100.019012	100.018311	100.020454	100.019875	100.018265	100.02079	100.022636	100.024292	100.024643	100.023445	100.021683	100.022339	100.028801	100.023178	100.026413	100.026512	100.027275	100.027489	100.027672	100.027809	100.031265	100.033081	100.029816	100.029663	100.029305	100.031105	100.02253	100.027893	100.033653	100.031807	100.027763	100.031075	100.028778	100.031853	100.031555	100.029007	100.028908	100.030174	100.028206	100.028679	100.030136	100.028358	100.029861	100.031723	100.029884	100.030228	100.035522	100.037956	100.03656
666	100.015518	99.997177	100.001419	100.000465	100.002434	100.007629	100.008881	100.012062	100.011681	100.011787	100.014267	100.019775	100.022018	100.017441	100.022629	100.020111	100.01944	100.022491	100.025581	100.025536	100.02478	100.022484	100.021149	100.022842	100.028465	100.023376	100.02742	100.028297	100.028374	100.028572	100.027534	100.0271	100.032066	100.033722	100.031876	100.029564	100.029861	100.030838	100.023338	100.028824	100.035263	100.032486	100.028481	100.031197	100.028038	100.031952	100.03302	100.029633	100.02961	100.030098	100.027954	100.029411	100.031555	100.029053	100.030174	100.033066	100.031471	100.031403	100.035271	100.036789	100.036194
667	100.015656	99.997368	100.001312	100.000748	100.00238	100.006912	100.008789	100.011864	100.010811	100.011108	100.014786	100.019608	100.022446	100.016487	100.023079	100.01992	100.019417	100.022575	100.026451	100.025085	100.023941	100.02179	100.020958	100.022804	100.027252	100.023476	100.027481	100.028244	100.028702	100.02874	100.026787	100.026199	100.030968	100.032333	100.032471	100.029289	100.029419	100.029922	100.023079	100.028633	100.035431	100.032463	100.028755	100.030807	100.027107	100.03141	100.032913	100.029305	100.029243	100.029716	100.026939	100.028992	100.031456	100.028946	100.029716	100.033272	100.031578	100.031723	100.034439	100.035728	100.035057
668	100.01503	99.997505	100.000748	99.999641	100.001785	100.005127	100.008522	100.01165	100.009193	100.009903	100.014664	100.018562	100.020172	100.015488	100.021698	100.01931	100.018181	100.020943	100.025131	100.022873	100.022034	100.021385	100.021133	100.022209	100.025139	100.023445	100.026558	100.026237	100.028206	100.027931	100.025429	100.025131	100.027885	100.028801	100.03154	100.028847	100.027916	100.028313	100.021698	100.027252	100.034096	100.0317	100.028564	100.029861	100.025986	100.030197	100.031174	100.027939	100.027779	100.02903	100.025131	100.027382	100.02977	100.028	100.028442	100.032257	100.030151	100.031151	100.032951	100.034805	100.033127
669	100.014412	99.997635	100.000206	99.998512	100.001183	100.003326	100.00827	100.011429	100.007568	100.008713	100.014542	100.017502	100.017891	100.014458	100.020309	100.018715	100.016914	100.019302	100.023804	100.020645	100.020111	100.020981	100.021317	100.021599	100.02301	100.023445	100.025627	100.024223	100.027702	100.027122	100.024055	100.024071	100.024773	100.025246	100.030609	100.028404	100.026405	100.026688	100.020309	100.025848	100.032745	100.030937	100.028374	100.028931	100.024864	100.028976	100.029419	100.026573	100.026299	100.028336	100.023308	100.025764	100.028076	100.027061	100.027153	100.031235	100.028702	100.030579	100.031456	100.033882	100.031189
670	100.013771	99.997948	99.999878	99.997795	100.000969	100.002243	100.008224	100.011276	100.006554	100.007881	100.014351	100.016769	100.016113	100.013748	100.019073	100.018402	100.016129	100.017845	100.022614	100.018883	100.018585	100.021004	100.021698	100.021385	100.021484	100.02359	100.025055	100.022713	100.027359	100.026413	100.02314	100.023483	100.022575	100.022659	100.030045	100.02816	100.025307	100.025322	100.019386	100.024887	100.031578	100.030289	100.02829	100.028267	100.024162	100.028137	100.028038	100.025681	100.025322	100.027939	100.02211	100.024582	100.02668	100.026344	100.026382	100.030518	100.027618	100.030098	100.030243	100.03334	100.029846
671	100.0131	99.999329	100.000977	99.999329	100.00309	100.005341	100.009331	100.011444	100.009048	100.009193	100.013824	100.018051	100.017334	100.014793	100.018753	100.019905	100.01799	100.017464	100.022186	100.019745	100.019386	100.02359	100.023232	100.023315	100.02346	100.024628	100.026451	100.024101	100.027931	100.026306	100.02494	100.025734	100.025665	100.025703	100.031601	100.02906	100.026581	100.025436	100.021149	100.026527	100.031532	100.030388	100.028763	100.029198	100.025902	100.029457	100.028717	100.027573	100.02729	100.029282	100.024559	100.025955	100.027069	100.026962	100.028526	100.031487	100.028732	100.030197	100.030647	100.035011	100.031975
672	100.012421	100.000702	100.002083	100.000885	100.005211	100.008461	100.010468	100.011597	100.011551	100.010506	100.01329	100.019333	100.018562	100.015846	100.018433	100.021423	100.019859	100.017082	100.021759	100.020599	100.020195	100.026176	100.02478	100.025246	100.025467	100.025665	100.02787	100.025513	100.028503	100.026192	100.026741	100.027992	100.028778	100.028755	100.033165	100.029984	100.027847	100.025543	100.022911	100.028168	100.031494	100.030479	100.029251	100.030136	100.027657	100.030792	100.029396	100.029465	100.029266	100.030602	100.027	100.027336	100.027481	100.027588	100.03067	100.032463	100.029839	100.030289	100.031052	100.036705	100.034096
673	100.011742	100.002098	100.003181	100.002441	100.007339	100.011589	100.011589	100.011765	100.014069	100.011826	100.012756	100.020622	100.019791	100.016891	100.018097	100.022949	100.021744	100.016693	100.021324	100.021454	100.020996	100.028786	100.026337	100.027206	100.027481	100.026718	100.029289	100.026932	100.029076	100.026085	100.028549	100.030258	100.031898	100.031807	100.034737	100.030899	100.029137	100.025665	100.024689	100.029816	100.031448	100.030579	100.029755	100.031075	100.029411	100.032127	100.03009	100.031372	100.031258	100.031952	100.029465	100.028732	100.027885	100.028206	100.032829	100.033424	100.03096	100.030388	100.031456	100.038399	100.036224
674	100.012436	100.002602	100.004028	100.002304	100.006721	100.012459	100.011528	100.012276	100.014053	100.013458	100.013115	100.021271	100.019775	100.017189	100.018181	100.022926	100.022293	100.017235	100.020813	100.022903	100.022682	100.029007	100.02639	100.026215	100.028679	100.026535	100.029137	100.027588	100.030029	100.026428	100.02916	100.03035	100.031982	100.0326	100.034729	100.030914	100.029053	100.02829	100.025032	100.029778	100.032021	100.031151	100.031471	100.03157	100.030281	100.032532	100.030983	100.032028	100.031158	100.03363	100.030289	100.029198	100.028381	100.029228	100.033394	100.033829	100.031509	100.031319	100.032005	100.038704	100.036026
675	100.013458	100.002884	100.004807	100.001762	100.005463	100.012794	100.011169	100.012878	100.013458	100.015167	100.013672	100.021767	100.019478	100.017311	100.018356	100.022545	100.02253	100.018013	100.020302	100.024483	100.024567	100.028656	100.026108	100.024536	100.029709	100.026085	100.028633	100.028061	100.03109	100.026878	100.029465	100.029922	100.031372	100.032875	100.034348	100.030724	100.028656	100.031494	100.02507	100.029358	100.032738	100.031837	100.033501	100.031937	100.030937	100.032715	100.031921	100.03241	100.030563	100.035408	100.030724	100.029457	100.028931	100.030342	100.033569	100.034103	100.031952	100.032425	100.032578	100.038704	100.035286
676	100.014481	100.003174	100.005577	100.001228	100.004181	100.013138	100.010826	100.013474	100.012863	100.016876	100.014244	100.02227	100.01918	100.017426	100.018539	100.022163	100.022781	100.018799	100.019768	100.02607	100.026474	100.028313	100.025818	100.02285	100.030731	100.025627	100.028122	100.028549	100.03215	100.027336	100.029793	100.029503	100.030754	100.033142	100.033966	100.030533	100.028252	100.034714	100.025093	100.028931	100.033463	100.032532	100.035538	100.032318	100.031601	100.032898	100.032875	100.032791	100.029968	100.037178	100.031151	100.029716	100.02948	100.031448	100.033745	100.03437	100.032387	100.033546	100.033165	100.038696	100.034538
677	100.014984	100.00354	100.005493	100.000885	100.003746	100.012497	100.010475	100.013863	100.013145	100.016998	100.014458	100.022377	100.019386	100.017151	100.019325	100.021744	100.022568	100.019089	100.01992	100.026718	100.027451	100.028267	100.025414	100.022766	100.030754	100.025856	100.027451	100.029076	100.032471	100.027695	100.029846	100.029526	100.030174	100.032928	100.033913	100.03054	100.028244	100.035301	100.025162	100.029419	100.034012	100.032982	100.035431	100.03228	100.032005	100.032829	100.033714	100.032509	100.029411	100.037148	100.030991	100.029686	100.029114	100.031975	100.033607	100.035057	100.032684	100.033928	100.034012	100.039078	100.034973
678	100.014938	100.004021	100.004448	100.00074	100.004234	100.010773	100.010132	100.01403	100.014435	100.015343	100.01429	100.022041	100.020157	100.016441	100.02079	100.021301	100.021835	100.018837	100.020851	100.026299	100.027382	100.028549	100.024887	100.024498	100.029633	100.026833	100.026619	100.029633	100.031998	100.027931	100.029648	100.030029	100.02961	100.032188	100.034264	100.030792	100.028671	100.032928	100.025299	100.030937	100.034355	100.033188	100.032951	100.031807	100.03215	100.032486	100.034416	100.031487	100.0289	100.03511	100.030197	100.029305	100.027725	100.03183	100.033096	100.036201	100.032867	100.033508	100.035156	100.039886	100.036743
679	100.014862	100.004471	100.003395	100.000595	100.00473	100.009048	100.009766	100.014198	100.015709	100.013672	100.014114	100.021698	100.020935	100.015724	100.022255	100.020851	100.021103	100.01857	100.021767	100.025879	100.027313	100.028824	100.024368	100.02623	100.028503	100.027824	100.025772	100.030205	100.031494	100.028168	100.029434	100.030533	100.02906	100.031425	100.034592	100.031044	100.029083	100.03054	100.025414	100.03244	100.034691	100.033394	100.030457	100.031303	100.03228	100.032135	100.035133	100.030434	100.028374	100.033043	100.029388	100.028908	100.026344	100.031685	100.03257	100.037346	100.03302	100.033066	100.036301	100.040688	100.038513
680	100.014786	100.004753	100.002548	100.000465	100.005257	100.007774	100.009659	100.014198	100.016823	100.012566	100.014069	100.021446	100.02179	100.015274	100.02359	100.020744	100.020622	100.018547	100.022598	100.025711	100.027298	100.028992	100.024155	100.027695	100.027939	100.028839	100.025352	100.03067	100.031174	100.02874	100.029663	100.031235	100.028969	100.030876	100.035057	100.031364	100.029816	100.028755	100.025711	100.033867	100.035202	100.033737	100.028458	100.031021	100.032463	100.032166	100.035919	100.029671	100.028053	100.031532	100.02874	100.028755	100.025452	100.031784	100.032219	100.038383	100.033363	100.032791	100.037361	100.041534	100.040161
681	100.014557	100.003853	100.00309	100.00042	100.005951	100.009392	100.011078	100.013123	100.016724	100.0149	100.014832	100.021614	100.023117	100.016495	100.024078	100.022781	100.021866	100.019905	100.022865	100.027061	100.027641	100.028458	100.025925	100.027382	100.030899	100.02993	100.027672	100.03054	100.031898	100.031212	100.032593	100.033104	100.031754	100.031578	100.036194	100.032127	100.032555	100.030609	100.02713	100.034714	100.036682	100.035049	100.029518	100.032005	100.032761	100.034561	100.037125	100.03064	100.029099	100.033463	100.029121	100.029968	100.027695	100.033485	100.032867	100.038734	100.034752	100.033554	100.037834	100.042511	100.040901
682	100.014305	100.002922	100.003601	100.000359	100.006638	100.011017	100.012497	100.012039	100.016632	100.017235	100.015579	100.021782	100.024429	100.017715	100.024559	100.024811	100.023094	100.021294	100.023117	100.028419	100.027992	100.027916	100.027718	100.027061	100.033867	100.031029	100.029968	100.030411	100.032631	100.033676	100.035522	100.034988	100.034561	100.03228	100.037323	100.032875	100.035286	100.032486	100.028542	100.035561	100.038162	100.036346	100.030579	100.032982	100.033043	100.036957	100.038315	100.031578	100.030136	100.035393	100.029495	100.031174	100.02993	100.035187	100.033501	100.039055	100.036148	100.034317	100.038315	100.043465	100.041641
683	100.014069	100.002014	100.004112	100.000298	100.007339	100.012634	100.013924	100.010971	100.016525	100.0196	100.016357	100.02195	100.025764	100.018951	100.025055	100.026855	100.02433	100.022675	100.023376	100.029778	100.028351	100.027382	100.029503	100.026749	100.03685	100.032127	100.032272	100.030266	100.033356	100.036171	100.038483	100.036873	100.037361	100.032974	100.03846	100.033638	100.03804	100.03437	100.029961	100.036415	100.03965	100.037659	100.031662	100.033989	100.03334	100.03936	100.039505	100.032555	100.031174	100.037338	100.029877	100.032402	100.032188	100.036911	100.034142	100.039398	100.037537	100.03508	100.038788	100.044456	100.042381
684	100.013145	100.000572	100.001991	99.998978	100.006866	100.011551	100.013367	100.010979	100.014175	100.018143	100.015274	100.020012	100.023476	100.017914	100.023758	100.024483	100.022743	100.021255	100.022171	100.027641	100.026176	100.02552	100.026428	100.025452	100.035355	100.030388	100.030045	100.028824	100.030899	100.033737	100.035332	100.034225	100.035057	100.031158	100.036659	100.031662	100.035439	100.033615	100.029243	100.033394	100.037766	100.035728	100.030731	100.033531	100.031532	100.037933	100.038132	100.030708	100.029739	100.035439	100.028786	100.032059	100.030693	100.034508	100.033295	100.037216	100.035927	100.033966	100.035797	100.042572	100.041237
685	100.012062	99.999031	99.999199	99.997337	100.006104	100.009811	100.012314	100.011292	100.011253	100.015732	100.013733	100.017563	100.020302	100.016335	100.022034	100.021027	100.02047	100.019142	100.020615	100.024651	100.023376	100.023361	100.022125	100.023926	100.032768	100.027939	100.026657	100.027061	100.027641	100.03009	100.03067	100.030457	100.031487	100.028702	100.034126	100.029015	100.031487	100.032211	100.028	100.029419	100.035072	100.032997	100.029327	100.032722	100.029205	100.035545	100.036118	100.028168	100.027702	100.032593	100.027344	100.031342	100.028275	100.031075	100.032089	100.034424	100.033585	100.032379	100.031937	100.039986	100.039627
686	100.010971	99.997467	99.996407	99.995682	100.005325	100.008057	100.011253	100.011574	100.008308	100.013329	100.012184	100.015083	100.017105	100.014709	100.020287	100.017548	100.018166	100.017014	100.019028	100.021622	100.020561	100.021187	100.017807	100.022377	100.030174	100.025475	100.02327	100.025299	100.024368	100.026413	100.026001	100.026665	100.027908	100.026237	100.031578	100.02636	100.027527	100.030792	100.026749	100.025436	100.032356	100.030243	100.027908	100.031914	100.026855	100.033142	100.034096	100.02562	100.025642	100.029732	100.025894	100.030609	100.025848	100.027634	100.030876	100.031624	100.031212	100.030777	100.028061	100.037384	100.038017
687	100.011703	99.997765	99.996208	99.996201	100.005463	100.008026	100.011375	100.012764	100.007996	100.012566	100.012276	100.014793	100.016228	100.014999	100.019875	100.016632	100.018013	100.016403	100.018845	100.020813	100.020042	100.020409	100.016548	100.022629	100.028908	100.024925	100.022247	100.024452	100.023399	100.024918	100.024483	100.025642	100.027039	100.025833	100.031517	100.026176	100.026321	100.031052	100.026215	100.024437	100.031425	100.029037	100.027885	100.031456	100.026466	100.032211	100.033081	100.024582	100.025604	100.028954	100.025955	100.030159	100.025093	100.026382	100.03022	100.030586	100.029755	100.031006	100.026917	100.036217	100.037506
688	100.014542	100.000214	99.999031	99.999191	100.006653	100.009956	100.012848	100.014969	100.010719	100.013733	100.014282	100.017021	100.01799	100.017464	100.021019	100.018654	100.02034	100.017548	100.020279	100.02253	100.022163	100.021271	100.018799	100.024963	100.029198	100.026596	100.023941	100.024666	100.025093	100.025902	100.026642	100.027786	100.029312	100.027786	100.034309	100.028885	100.028313	100.033279	100.026489	100.026909	100.032578	100.02961	100.029503	100.031425	100.028336	100.032951	100.033257	100.025299	100.027908	100.030586	100.027763	100.030045	100.026299	100.027679	100.03022	100.031593	100.029373	100.03334	100.028931	100.036713	100.038239
689	100.017395	100.00267	100.001862	100.002197	100.007835	100.011894	100.014343	100.017181	100.013435	100.0149	100.016281	100.019264	100.019768	100.019928	100.022163	100.020706	100.022659	100.018677	100.021706	100.024261	100.024284	100.02211	100.021072	100.02729	100.029465	100.028267	100.025627	100.024887	100.026787	100.026917	100.028786	100.029961	100.031593	100.029739	100.037109	100.031593	100.030304	100.0355	100.026772	100.029388	100.033722	100.030182	100.031105	100.031387	100.030205	100.033699	100.03344	100.026009	100.030205	100.032234	100.029587	100.029922	100.027504	100.028976	100.030205	100.0326	100.028992	100.035683	100.030937	100.037209	100.039001
690	100.019394	100.004601	100.003853	100.004456	100.008461	100.013184	100.015236	100.018608	100.015488	100.015602	100.017799	100.020996	100.021103	100.021851	100.022766	100.022141	100.024368	100.019455	100.022697	100.02549	100.025879	100.022766	100.022865	100.029121	100.029442	100.029373	100.026909	100.025009	100.028084	100.027702	100.030411	100.03154	100.033295	100.031151	100.039116	100.033714	100.031731	100.036987	100.026871	100.031342	100.034523	100.030579	100.032082	100.031189	100.031639	100.034042	100.033295	100.026512	100.031853	100.033356	100.030754	100.029549	100.028336	100.0298	100.030075	100.033272	100.028465	100.037407	100.032402	100.037445	100.039253
691	100.015533	100.0028	99.999939	100.001572	100.005173	100.009834	100.012123	100.014626	100.01284	100.013062	100.015816	100.019157	100.019363	100.019897	100.019691	100.019333	100.021698	100.017677	100.020508	100.023285	100.023735	100.021973	100.021347	100.027504	100.027237	100.026581	100.025284	100.024353	100.026573	100.027	100.028206	100.029137	100.031006	100.028648	100.035492	100.031685	100.029327	100.033401	100.025734	100.029602	100.032745	100.029671	100.028542	100.029793	100.029984	100.031647	100.031006	100.025513	100.028931	100.030807	100.02742	100.027451	100.026535	100.027428	100.02903	100.031532	100.026993	100.034836	100.029968	100.035904	100.036011
692	100.011658	100.001015	99.996033	99.998672	100.001869	100.006485	100.009003	100.010643	100.010193	100.010529	100.013824	100.017319	100.017609	100.017944	100.016609	100.016548	100.019012	100.0159	100.018333	100.021065	100.021576	100.021187	100.019836	100.025871	100.025024	100.023796	100.023651	100.023712	100.025055	100.026306	100.026001	100.026726	100.028717	100.026154	100.031868	100.029648	100.026917	100.0298	100.02459	100.027847	100.030983	100.028763	100.025002	100.028397	100.02832	100.029243	100.028717	100.024521	100.026001	100.028252	100.024078	100.025368	100.024734	100.025047	100.027977	100.029793	100.025497	100.032249	100.027527	100.03437	100.032768
693	100.007782	99.999222	99.992111	99.995766	99.998566	100.00312	100.005875	100.006638	100.007523	100.007988	100.011841	100.015472	100.015854	100.015984	100.013519	100.013748	100.016342	100.014114	100.016144	100.018845	100.019417	100.020386	100.018311	100.024246	100.02282	100.021004	100.022018	100.023064	100.023529	100.025597	100.023781	100.024307	100.026413	100.023651	100.028244	100.027618	100.024498	100.026199	100.02346	100.026108	100.029205	100.027863	100.021446	100.027	100.026665	100.026825	100.026413	100.023529	100.023064	100.025688	100.020729	100.02327	100.022926	100.022659	100.026917	100.028038	100.024017	100.029671	100.025085	100.032829	100.029518
694	100.007591	99.999069	99.992867	99.995499	99.997841	100.003159	100.005867	100.007233	100.007942	100.008484	100.011337	100.015678	100.01577	100.016319	100.014664	100.014687	100.015488	100.013802	100.017357	100.019539	100.020584	100.020691	100.019089	100.024101	100.023972	100.021172	100.022125	100.024185	100.023994	100.025833	100.024391	100.023842	100.026093	100.023949	100.028946	100.027168	100.024567	100.026428	100.022575	100.025688	100.028465	100.027252	100.021637	100.027397	100.026085	100.027168	100.026871	100.024414	100.02372	100.025475	100.020508	100.023308	100.023483	100.023689	100.026154	100.02774	100.024483	100.028435	100.025352	100.032784	100.029686
695	100.008377	99.999359	99.994865	99.995934	99.997818	100.004074	100.006691	100.009033	100.009171	100.009811	100.01123	100.016418	100.016129	100.017258	100.016953	100.016617	100.015129	100.013863	100.019501	100.021019	100.022636	100.021294	100.02047	100.024353	100.026024	100.02211	100.022697	100.025772	100.024971	100.026321	100.025749	100.023888	100.026283	100.024986	100.030792	100.02713	100.025284	100.027679	100.021744	100.025627	100.028	100.026726	100.022827	100.028267	100.025795	100.028244	100.028053	100.025795	100.025345	100.025879	100.021103	100.023911	100.024666	100.025627	100.025452	100.027824	100.025467	100.027557	100.026337	100.033142	100.030754
696	100.009178	99.999641	99.996872	99.996368	99.997787	100.00502	100.007507	100.010849	100.010391	100.011124	100.011124	100.017151	100.016495	100.018219	100.019226	100.018547	100.014771	100.013939	100.021637	100.022491	100.024689	100.021896	100.021866	100.02462	100.028084	100.023064	100.023285	100.027374	100.025963	100.026825	100.027107	100.023949	100.026489	100.026024	100.032661	100.027107	100.026001	100.028923	100.02092	100.025574	100.027527	100.026199	100.02401	100.029137	100.025497	100.029312	100.029251	100.027191	100.026962	100.026276	100.021706	100.024521	100.025856	100.027573	100.02475	100.027908	100.026443	100.026688	100.027313	100.033485	100.03183
697	100.010071	99.99984	99.99791	99.996857	99.998199	100.005737	100.007591	100.01165	100.011299	100.011375	100.011406	100.017395	100.016167	100.018219	100.02018	100.019684	100.014786	100.014023	100.022041	100.022888	100.025223	100.022003	100.022438	100.024292	100.028847	100.023499	100.024048	100.027596	100.026108	100.027176	100.027763	100.024437	100.026558	100.026176	100.033478	100.027069	100.026192	100.029121	100.021271	100.025406	100.027145	100.026108	100.024475	100.029144	100.025597	100.029411	100.02948	100.028214	100.027481	100.026512	100.021957	100.02433	100.025749	100.027954	100.024414	100.028099	100.026794	100.026299	100.027512	100.03315	100.032516
698	100.011124	99.999931	99.997787	99.997398	99.999168	100.006172	100.006783	100.01123	100.01181	100.010345	100.012146	100.017014	100.014999	100.017075	100.019547	100.019859	100.015274	100.014099	100.020363	100.021996	100.023926	100.021515	100.022034	100.023285	100.028053	100.023308	100.025085	100.026192	100.025238	100.027397	100.027588	100.025467	100.026489	100.025246	100.033035	100.027061	100.025734	100.028061	100.023033	100.025116	100.026871	100.026527	100.024078	100.028145	100.026192	100.028351	100.028564	100.028816	100.026642	100.02655	100.02179	100.023209	100.024101	100.026451	100.024544	100.028442	100.026405	100.026527	100.026772	100.031975	100.032745
699	100.012146	100.000015	99.997665	99.997955	100.000122	100.006615	100.005974	100.010803	100.012329	100.0093	100.012901	100.016617	100.013817	100.01593	100.018898	100.020027	100.015762	100.014175	100.018654	100.021072	100.022614	100.021019	100.021614	100.022255	100.027237	100.023102	100.026108	100.024773	100.024368	100.027611	100.027382	100.026497	100.026405	100.024323	100.032578	100.027039	100.025269	100.026978	100.02478	100.024834	100.026581	100.026939	100.023666	100.02713	100.026787	100.027275	100.027634	100.029419	100.025795	100.026596	100.021614	100.022064	100.022438	100.02494	100.024666	100.028763	100.026001	100.026726	100.026024	100.030792	100.032959
700	100.013123	100.000259	99.997681	99.998421	100.001038	100.007118	100.005341	100.010368	100.012711	100.008629	100.013443	100.016357	100.012909	100.014915	100.018326	100.020126	100.016228	100.014198	100.017227	100.020172	100.021408	100.020683	100.021233	100.021317	100.026428	100.022804	100.026855	100.02356	100.023689	100.027702	100.027046	100.027405	100.026253	100.023605	100.032188	100.026909	100.02478	100.025925	100.026253	100.024506	100.02639	100.027214	100.023232	100.026299	100.027153	100.026321	100.026909	100.029541	100.025002	100.026535	100.021454	100.021004	100.021072	100.02359	100.02475	100.028946	100.025574	100.026909	100.025284	100.029671	100.033012
701	100.01358	100.001572	99.998672	99.998306	100.001526	100.007919	100.005936	100.009827	100.012077	100.010696	100.012497	100.016937	100.013969	100.014877	100.018242	100.019539	100.01651	100.01384	100.017654	100.019241	100.021004	100.021431	100.020897	100.020935	100.02565	100.021782	100.02549	100.023972	100.02433	100.026855	100.025688	100.02729	100.025497	100.02433	100.032112	100.025978	100.024033	100.024925	100.02552	100.023888	100.026772	100.026367	100.02253	100.026772	100.025772	100.026146	100.027588	100.026115	100.024414	100.025749	100.0214	100.020386	100.021889	100.023476	100.024521	100.027893	100.024811	100.026703	100.024651	100.028923	100.031616
702	100.014046	100.002899	99.999664	99.998184	100.002037	100.008728	100.006531	100.009285	100.011459	100.012764	100.011551	100.017525	100.015053	100.014839	100.018143	100.018951	100.016808	100.013481	100.018097	100.018295	100.020599	100.022194	100.020584	100.020554	100.024879	100.020752	100.024117	100.024391	100.024986	100.026024	100.024323	100.027176	100.024734	100.02507	100.032043	100.025047	100.02327	100.023941	100.024811	100.023293	100.027153	100.025536	100.021828	100.027252	100.024414	100.025986	100.028275	100.022713	100.023842	100.024971	100.021339	100.019768	100.022713	100.023361	100.024292	100.026855	100.024055	100.026512	100.02401	100.02816	100.030228
703	100.014511	100.004234	100.000671	99.99807	100.002541	100.009537	100.007126	100.008736	100.010826	100.014839	100.010597	100.01812	100.016144	100.014816	100.018059	100.018372	100.017097	100.013115	100.018539	100.017372	100.020195	100.022972	100.020264	100.02018	100.024094	100.01973	100.022743	100.024811	100.025642	100.025177	100.022949	100.027084	100.023987	100.025818	100.031982	100.024124	100.022522	100.022957	100.024078	100.022682	100.027557	100.024689	100.021133	100.02774	100.023033	100.025818	100.028969	100.019264	100.02327	100.024185	100.021278	100.019157	100.023544	100.023254	100.024071	100.025818	100.023308	100.026306	100.023376	100.02742	100.028839
704	100.013474	100.003517	100.000122	99.998062	100.002327	100.00856	100.007721	100.008797	100.010811	100.015053	100.010803	100.017357	100.015808	100.014565	100.018814	100.017166	100.01696	100.013992	100.017944	100.017593	100.01931	100.022171	100.0196	100.020256	100.023857	100.019691	100.022171	100.023331	100.024261	100.024353	100.023064	100.02607	100.024704	100.025497	100.03022	100.024429	100.021866	100.022186	100.024124	100.022163	100.026794	100.024582	100.020981	100.027069	100.021347	100.025093	100.027756	100.018669	100.023033	100.023254	100.021385	100.020149	100.023224	100.022247	100.024071	100.025414	100.022171	100.024345	100.023056	100.027374	100.027527
705	100.012016	100.002266	99.999146	99.998085	100.001923	100.007103	100.008324	100.00901	100.010979	100.014755	100.011314	100.016235	100.015106	100.014267	100.019821	100.015808	100.016724	100.015236	100.017044	100.018143	100.018326	100.020943	100.018837	100.02047	100.023781	100.019928	100.021828	100.021339	100.022331	100.023544	100.023605	100.024818	100.025833	100.024887	100.028	100.025093	100.021255	100.021492	100.024399	100.02166	100.025726	100.024689	100.020981	100.026085	100.019585	100.024223	100.026031	100.018845	100.022888	100.022293	100.021538	100.021599	100.022575	100.020981	100.024139	100.025177	100.020943	100.021873	100.022827	100.027534	100.026237
706	100.010551	100.000992	99.998169	99.998108	100.001503	100.00563	100.008926	100.009239	100.011131	100.01445	100.011826	100.015106	100.014389	100.013962	100.020828	100.01445	100.016487	100.016464	100.016151	100.018707	100.017311	100.019707	100.018059	100.020668	100.023689	100.020157	100.021469	100.019333	100.02037	100.022713	100.024139	100.02356	100.026962	100.024269	100.025772	100.025749	100.020638	100.02079	100.024673	100.021156	100.024643	100.024773	100.020981	100.025085	100.017822	100.023338	100.024292	100.019012	100.022736	100.021324	100.021683	100.023041	100.021935	100.019714	100.0242	100.024948	100.019707	100.019394	100.022591	100.027695	100.024948
707	100.010384	100.000465	99.998741	99.99868	100.001633	100.005707	100.009247	100.010529	100.011208	100.015274	100.012291	100.015236	100.014984	100.014839	100.021271	100.014603	100.017021	100.01725	100.016853	100.020477	100.018158	100.019524	100.018517	100.021553	100.024071	100.021759	100.022293	100.019691	100.02079	100.023178	100.025475	100.023529	100.028023	100.025116	100.026634	100.026726	100.021347	100.021484	100.025238	100.022079	100.025345	100.025764	100.022102	100.025536	100.018379	100.024269	100.024544	100.02037	100.023651	100.02179	100.022339	100.023773	100.022461	100.019943	100.024864	100.025925	100.01992	100.019745	100.02327	100.02887	100.024948
708	100.011787	100.000847	100.001228	99.999924	100.002441	100.007668	100.009239	100.013115	100.011124	100.017456	100.012695	100.016914	100.017204	100.017181	100.021004	100.01664	100.018539	100.017487	100.019524	100.023743	100.021294	100.020683	100.02047	100.023247	100.024986	100.025024	100.024544	100.022949	100.024117	100.025192	100.027786	100.025055	100.028976	100.027725	100.031296	100.028099	100.023735	100.023926	100.026131	100.024712	100.028267	100.027847	100.02459	100.027779	100.021812	100.02742	100.027229	100.023201	100.025848	100.024055	100.023582	100.02359	100.024414	100.022018	100.02626	100.028404	100.021935	100.023567	100.025047	100.031281	100.026573
709	100.013206	100.001236	100.003723	100.001183	100.003242	100.009628	100.009224	100.015724	100.011063	100.019661	100.0131	100.018608	100.019417	100.019524	100.020729	100.018692	100.02005	100.017715	100.022194	100.027016	100.024437	100.021851	100.022423	100.02494	100.025917	100.02829	100.02681	100.026215	100.027451	100.027229	100.030121	100.026581	100.029945	100.03035	100.035965	100.02948	100.026108	100.02636	100.027039	100.027359	100.031189	100.02993	100.0271	100.030006	100.025269	100.030579	100.029907	100.026024	100.028061	100.026321	100.024841	100.023422	100.026382	100.024101	100.027672	100.030876	100.023964	100.027405	100.026833	100.033714	100.028183
710	100.014328	100.001335	100.005768	100.002159	100.003899	100.011292	100.009109	100.01757	100.010765	100.021133	100.013397	100.01992	100.021126	100.021156	100.020325	100.020256	100.021149	100.01767	100.024323	100.029465	100.026939	100.022675	100.023926	100.026199	100.026405	100.030838	100.028458	100.028702	100.030052	100.028824	100.031853	100.027634	100.030609	100.032318	100.039711	100.030479	100.028053	100.028297	100.027451	100.029419	100.033356	100.031387	100.02916	100.031746	100.028076	100.033173	100.031998	100.028267	100.029671	100.028107	100.025711	100.023247	100.027809	100.025787	100.028702	100.032738	100.02552	100.030434	100.028214	100.035599	100.029411
711	100.013222	99.999199	100.004196	100.001053	100.003395	100.010406	100.008202	100.013641	100.008759	100.017143	100.012794	100.018242	100.018761	100.017372	100.018707	100.018082	100.019028	100.015327	100.02211	100.025574	100.024353	100.020828	100.021805	100.023987	100.02346	100.027695	100.025177	100.025139	100.026894	100.027107	100.028847	100.025055	100.028885	100.029114	100.036217	100.028526	100.026512	100.026276	100.024124	100.026932	100.029709	100.027885	100.027725	100.029549	100.025917	100.031303	100.029442	100.02594	100.026634	100.026176	100.023567	100.022903	100.025047	100.024223	100.026772	100.029739	100.023567	100.027206	100.026344	100.03331	100.027634
712	100.012115	99.997047	100.002625	99.999954	100.002899	100.009521	100.007286	100.009705	100.006744	100.013145	100.012184	100.016571	100.016403	100.013588	100.017097	100.0159	100.016914	100.013008	100.019905	100.021675	100.021767	100.018982	100.019691	100.02179	100.020515	100.024544	100.021896	100.021576	100.023743	100.025383	100.025856	100.022461	100.027168	100.025902	100.032722	100.026558	100.024963	100.024246	100.02079	100.024437	100.026047	100.024391	100.026306	100.027359	100.023735	100.029434	100.026894	100.023628	100.023605	100.024246	100.021423	100.022591	100.022278	100.022675	100.024841	100.026741	100.021599	100.023964	100.024475	100.031029	100.025856
713	100.010994	99.994896	100.001038	99.998848	100.002396	100.008644	100.006363	100.005737	100.004723	100.009132	100.011566	100.014877	100.014046	100.009773	100.015472	100.01371	100.014786	100.010658	100.017693	100.017761	100.019165	100.017105	100.01757	100.019585	100.017563	100.021378	100.018623	100.01799	100.020576	100.023636	100.022842	100.019859	100.025436	100.022682	100.029205	100.024605	100.023415	100.022217	100.017441	100.021919	100.022385	100.020859	100.024879	100.025154	100.021568	100.027557	100.02433	100.021294	100.020554	100.022301	100.019264	100.022255	100.019501	100.021126	100.022903	100.023735	100.01963	100.020706	100.022591	100.02874	100.024071
714	100.009094	99.994568	99.999344	99.998093	100.00148	100.006416	100.006226	100.005486	100.005051	100.008156	100.011353	100.015045	100.013611	100.009727	100.015221	100.013504	100.014153	100.010696	100.016991	100.017342	100.018181	100.017868	100.016655	100.018784	100.017296	100.02066	100.018944	100.017883	100.020515	100.023224	100.022484	100.01873	100.025047	100.020912	100.027779	100.023476	100.021507	100.022148	100.017357	100.020447	100.022377	100.019547	100.024689	100.02327	100.020897	100.026962	100.023582	100.020432	100.019859	100.02195	100.018761	100.022186	100.018921	100.021507	100.022362	100.023796	100.020409	100.021126	100.022926	100.027527	100.023743
715	100.006989	99.994736	99.997612	99.997429	100.000427	100.003777	100.006279	100.006271	100.006042	100.008011	100.011253	100.015724	100.01371	100.010727	100.015366	100.01384	100.013924	100.011398	100.016716	100.017906	100.017632	100.019363	100.016083	100.018394	100.017784	100.020622	100.020279	100.01873	100.021317	100.023163	100.022865	100.017998	100.025009	100.019516	100.026909	100.022568	100.019493	100.022629	100.018181	100.019241	100.023376	100.01886	100.024834	100.021469	100.020645	100.026726	100.023331	100.019981	100.019821	100.022034	100.01873	100.022171	100.018929	100.022423	100.022209	100.024727	100.02195	100.022591	100.02388	100.026596	100.023827
716	100.004868	99.994911	99.995872	99.996773	99.99939	100.00116	100.006355	100.007057	100.007034	100.007866	100.011131	100.016403	100.013817	100.011734	100.015495	100.014183	100.01371	100.012085	100.016426	100.018463	100.017082	100.020836	100.015495	100.01799	100.018295	100.020584	100.021622	100.0196	100.022125	100.023094	100.023254	100.017273	100.024971	100.018135	100.026031	100.021675	100.017487	100.023094	100.019012	100.018036	100.024399	100.018166	100.024971	100.019669	100.020409	100.026489	100.023094	100.019524	100.019791	100.022125	100.018692	100.022171	100.018951	100.023338	100.022057	100.025642	100.023499	100.024048	100.024834	100.025681	100.023911
717	100.003899	99.994965	99.995552	99.996239	99.999161	100.00032	100.00576	100.007103	100.007156	100.007462	100.011047	100.016174	100.013557	100.012276	100.01535	100.013908	100.01326	100.012299	100.016045	100.018486	100.016144	100.021698	100.015709	100.017754	100.01825	100.020638	100.021866	100.019859	100.022003	100.023041	100.023102	100.017479	100.024834	100.018143	100.025002	100.021233	100.017372	100.022797	100.018761	100.017502	100.024185	100.018433	100.024391	100.019112	100.020233	100.025574	100.022888	100.019821	100.019005	100.022209	100.018776	100.022018	100.018753	100.023331	100.021721	100.025665	100.024208	100.024368	100.024666	100.025269	100.024239
718	100.004349	99.994865	99.996986	99.995872	99.999939	100.001701	100.004364	100.006248	100.006165	100.006721	100.010971	100.014854	100.012817	100.012268	100.014862	100.012886	100.01255	100.011894	100.015533	100.01786	100.014725	100.021759	100.016907	100.017723	100.017563	100.02079	100.020752	100.019409	100.020744	100.023018	100.022293	100.01886	100.024536	100.019882	100.023743	100.021385	100.019623	100.021538	100.017204	100.017799	100.022484	100.019897	100.022903	100.020096	100.020134	100.023804	100.022697	100.021042	100.017288	100.022293	100.019012	100.021683	100.018272	100.022171	100.021187	100.024559	100.02388	100.023254	100.023102	100.025513	100.024834
719	100.004807	99.994766	99.998421	99.995506	100.000717	100.00309	100.002945	100.005379	100.005188	100.005974	100.010895	100.013519	100.012077	100.012245	100.014374	100.011848	100.011848	100.01149	100.014999	100.017212	100.01329	100.021805	100.018097	100.017677	100.016853	100.02092	100.019646	100.018951	100.01947	100.022995	100.021469	100.020233	100.024223	100.021622	100.022469	100.02153	100.021866	100.020279	100.015625	100.018082	100.020767	100.021362	100.021385	100.021072	100.020042	100.022034	100.022522	100.02227	100.015572	100.022377	100.019241	100.021347	100.017776	100.020996	100.020638	100.023445	100.02356	100.022148	100.021538	100.025749	100.025429
720	100.005173	99.994728	99.99958	99.99514	100.001335	100.00428	100.001862	100.004852	100.004242	100.005234	100.01075	100.012337	100.011337	100.012169	100.013939	100.010956	100.011292	100.011086	100.014458	100.01664	100.012253	100.021698	100.019119	100.017639	100.016464	100.021019	100.018677	100.01857	100.018372	100.02285	100.020645	100.021507	100.023804	100.023033	100.021553	100.021782	100.023666	100.019279	100.01432	100.018295	100.019348	100.022659	100.02005	100.021851	100.019775	100.020561	100.022331	100.02327	100.014328	100.022484	100.019417	100.02092	100.017311	100.019821	100.020126	100.022362	100.023033	100.021172	100.020195	100.026024	100.025879
721	100.004913	99.99511	99.99855	99.994781	100.000725	100.004005	100.003281	100.006866	100.003746	100.004578	100.010094	100.012413	100.010574	100.011696	100.013908	100.011276	100.011871	100.010666	100.01371	100.016594	100.014198	100.020302	100.018906	100.017563	100.018402	100.020706	100.018906	100.018799	100.018539	100.021935	100.019691	100.02195	100.022507	100.021835	100.023254	100.022781	100.021973	100.020309	100.015083	100.017891	100.020203	100.022713	100.019966	100.020935	100.018227	100.021484	100.02211	100.022438	100.016846	100.022614	100.019073	100.01973	100.016991	100.01873	100.019768	100.021614	100.021065	100.02124	100.020447	100.026428	100.025047
722	100.004646	99.995514	99.997536	99.994415	100.00013	100.003746	100.004707	100.008896	100.003242	100.003922	100.009453	100.012482	100.009796	100.011238	100.013901	100.011589	100.012459	100.010262	100.01297	100.016548	100.016129	100.018906	100.018677	100.017487	100.020363	100.020393	100.019135	100.019035	100.018707	100.021027	100.018753	100.0224	100.02121	100.02066	100.024971	100.023796	100.020279	100.021362	100.015854	100.017487	100.021065	100.022766	100.019897	100.020027	100.016678	100.0224	100.021896	100.021614	100.019363	100.022766	100.01873	100.018539	100.016678	100.017632	100.019432	100.020851	100.019096	100.021324	100.020691	100.026855	100.024239
723	100.004387	99.995895	99.996506	99.994049	99.999527	100.003479	100.006126	100.010918	100.002731	100.003258	100.008789	100.01255	100.009026	100.010765	100.013885	100.011894	100.013039	100.00985	100.01223	100.016495	100.018074	100.017502	100.018456	100.017418	100.022301	100.020073	100.019363	100.019249	100.018867	100.020111	100.017799	100.022842	100.019897	100.01947	100.02668	100.024818	100.01857	100.0224	100.016632	100.017082	100.021935	100.02282	100.019821	100.019112	100.015114	100.023331	100.021675	100.02079	100.021873	100.022903	100.018379	100.017357	100.016357	100.016533	100.019073	100.020073	100.01712	100.021408	100.020958	100.02726	100.023399
724	100.005463	99.998032	99.997177	99.995956	100.000717	100.005829	100.006927	100.012711	100.005127	100.004509	100.010315	100.012672	100.011269	100.012383	100.014732	100.0131	100.01445	100.010536	100.01429	100.018524	100.018402	100.018402	100.018929	100.019226	100.024033	100.020454	100.020668	100.020683	100.020515	100.021172	100.019218	100.023293	100.021408	100.020584	100.027336	100.025192	100.019836	100.023224	100.018333	100.019646	100.023186	100.02285	100.019836	100.021515	100.016914	100.023964	100.022781	100.022034	100.022804	100.024811	100.019897	100.018822	100.017761	100.018402	100.020454	100.021378	100.017693	100.02301	100.02198	100.028542	100.024704
725	100.006912	100.000656	99.998322	99.998489	100.002411	100.008919	100.007568	100.014435	100.008324	100.006294	100.012421	100.012802	100.014343	100.014603	100.015831	100.014557	100.01609	100.011536	100.017143	100.021133	100.018295	100.019958	100.0196	100.021553	100.025703	100.021042	100.022278	100.022446	100.022575	100.022781	100.021271	100.023758	100.02372	100.022339	100.027718	100.025383	100.021919	100.023987	100.020302	100.023033	100.024559	100.022903	100.019882	100.024841	100.01963	100.024506	100.024269	100.023857	100.023308	100.027206	100.021919	100.021042	100.019646	100.021088	100.022301	100.023254	100.018967	100.025032	100.023232	100.030067	100.026581
726	100.008369	100.003288	99.999474	100.001022	100.004105	100.012001	100.008202	100.016167	100.011528	100.00808	100.014542	100.012924	100.017441	100.016823	100.01693	100.016006	100.017723	100.012543	100.019981	100.023735	100.018181	100.021507	100.020264	100.023888	100.027382	100.021622	100.023888	100.024208	100.024643	100.024391	100.023338	100.024208	100.026024	100.024101	100.028084	100.025574	100.024017	100.02475	100.022278	100.026428	100.025925	100.022934	100.01992	100.028183	100.022362	100.02507	100.025764	100.025681	100.023796	100.029602	100.023964	100.023254	100.02153	100.023796	100.024155	100.025139	100.020241	100.027084	100.024483	100.031593	100.028465
727	100.009811	100.004105	100.000748	100.002182	100.004456	100.012421	100.008881	100.015984	100.012909	100.00898	100.015091	100.013115	100.018463	100.017456	100.01738	100.016823	100.018776	100.013458	100.021187	100.024376	100.018166	100.022301	100.020409	100.024284	100.028244	100.022484	100.024162	100.025009	100.025391	100.025665	100.024475	100.024246	100.026955	100.025269	100.028503	100.025383	100.025009	100.024857	100.022758	100.027779	100.026657	100.023392	100.020309	100.029335	100.02372	100.025787	100.026237	100.026031	100.023613	100.030205	100.024841	100.023666	100.02227	100.024834	100.024818	100.025978	100.020897	100.027756	100.025307	100.032082	100.02977
728	100.01123	100.00267	100.002167	100.001633	100.003143	100.009575	100.009575	100.013435	100.012032	100.008759	100.013695	100.013351	100.016991	100.016151	100.017059	100.01683	100.019089	100.014244	100.02034	100.022598	100.018227	100.022148	100.019859	100.022293	100.028099	100.023636	100.02282	100.02462	100.024521	100.026527	100.024452	100.023743	100.026215	100.025665	100.028931	100.024689	100.02462	100.024139	100.021408	100.026611	100.026573	100.024292	100.021103	100.027832	100.023361	100.026665	100.025429	100.02459	100.022591	100.02861	100.024307	100.021851	100.021614	100.023842	100.02401	100.025497	100.020744	100.026772	100.025581	100.031265	100.030312
729	100.012672	100.001251	100.003586	100.001083	100.001846	100.006744	100.010277	100.01091	100.011154	100.00856	100.012314	100.013603	100.015518	100.014854	100.016739	100.016846	100.019394	100.01503	100.019501	100.020828	100.018295	100.022018	100.019333	100.020309	100.027969	100.024811	100.021469	100.024246	100.023666	100.027397	100.024429	100.023247	100.025467	100.02607	100.029373	100.02401	100.024246	100.023422	100.02005	100.025436	100.026497	100.025223	100.021896	100.026344	100.02301	100.027557	100.02462	100.023163	100.021576	100.027023	100.023773	100.02005	100.020958	100.022865	100.023209	100.025032	100.020615	100.025787	100.025879	100.030457	100.030876
730	100.013855	99.999908	100.004662	100.000526	100.000786	100.004242	100.010826	100.008728	100.010345	100.008217	100.010971	100.013794	100.014198	100.013641	100.016525	100.016785	100.0196	100.015625	100.018654	100.01931	100.01825	100.02179	100.018738	100.018501	100.02774	100.025574	100.020309	100.023735	100.022873	100.027969	100.024292	100.022804	100.024734	100.026283	100.029541	100.023437	100.023865	100.022598	100.018776	100.024323	100.026299	100.025902	100.022507	100.024811	100.022598	100.028084	100.023689	100.021851	100.020531	100.02552	100.023148	100.018379	100.020264	100.021919	100.022362	100.02446	100.020493	100.024727	100.025978	100.029602	100.031136
731	100.01326	99.999084	100.003036	99.999786	100.001381	100.004242	100.010193	100.009117	100.009918	100.006783	100.00985	100.013527	100.013901	100.012985	100.017075	100.016212	100.018967	100.014664	100.017723	100.019714	100.01725	100.02092	100.017693	100.017944	100.026848	100.023392	100.020561	100.022217	100.022614	100.026367	100.023209	100.02285	100.024017	100.025055	100.027702	100.02359	100.023483	100.020874	100.017967	100.023445	100.025192	100.024834	100.021729	100.022972	100.021828	100.025879	100.021812	100.02153	100.019165	100.024704	100.021866	100.017654	100.019264	100.021271	100.021255	100.023041	100.020561	100.023102	100.024651	100.02829	100.029121
732	100.012657	99.998268	100.001442	99.999062	100.001999	100.004242	100.00956	100.009521	100.009499	100.005363	100.008736	100.013268	100.013603	100.012329	100.017616	100.015656	100.018349	100.013695	100.0168	100.020126	100.016258	100.020065	100.01664	100.017372	100.025955	100.021233	100.020828	100.020729	100.022362	100.024773	100.022141	100.022903	100.023308	100.023842	100.025879	100.023773	100.023102	100.019165	100.017151	100.022591	100.024094	100.023743	100.020966	100.021133	100.021065	100.023697	100.019958	100.021217	100.017807	100.023865	100.020576	100.016953	100.018272	100.020615	100.020149	100.021622	100.020638	100.021484	100.023338	100.026962	100.027107
733	100.012062	99.997452	99.999832	99.998329	100.002609	100.004242	100.008926	100.009918	100.009087	100.003944	100.007614	100.013008	100.013306	100.011673	100.018181	100.015091	100.017723	100.012741	100.015869	100.020538	100.015274	100.019196	100.015594	100.0168	100.025055	100.019058	100.021072	100.019226	100.022102	100.023186	100.021049	100.022949	100.022598	100.022598	100.024048	100.023941	100.02272	100.017456	100.016357	100.021721	100.02298	100.022675	100.020195	100.019302	100.020287	100.021507	100.018082	100.020897	100.016464	100.023033	100.019287	100.016228	100.017296	100.019958	100.019051	100.020218	100.020706	100.019859	100.022018	100.02565	100.025093
734	100.011429	99.997749	99.998703	99.99778	100.001968	100.004135	100.007881	100.010124	100.008484	100.004784	100.007416	100.012985	100.01284	100.011108	100.018013	100.013664	100.016441	100.013496	100.015068	100.020218	100.014793	100.019249	100.015663	100.016441	100.022995	100.018181	100.019791	100.018219	100.0214	100.022926	100.020576	100.021835	100.0224	100.021652	100.024094	100.022629	100.020447	100.016846	100.01577	100.021065	100.02124	100.021706	100.019714	100.019279	100.019157	100.021133	100.018898	100.019135	100.016609	100.021599	100.018585	100.016174	100.017456	100.018715	100.019073	100.018967	100.019928	100.01899	100.020691	100.025246	100.024017
735	100.010765	99.998352	99.997696	99.997246	100.000992	100.003983	100.006691	100.010254	100.00782	100.00621	100.007454	100.013031	100.012291	100.010574	100.017632	100.012001	100.014969	100.014687	100.01429	100.019691	100.01445	100.019547	100.016006	100.016129	100.020576	100.017616	100.018082	100.017319	100.020576	100.023018	100.020233	100.020393	100.022339	100.020767	100.024643	100.02092	100.017632	100.016525	100.015236	100.020447	100.01931	100.020752	100.01931	100.019714	100.017929	100.02124	100.020409	100.016953	100.017143	100.020012	100.018013	100.016281	100.017891	100.017311	100.019394	100.017723	100.018929	100.018311	100.019333	100.025055	100.023209
736	100.010109	99.998947	99.996689	99.996719	100.000015	100.003838	100.005508	100.010384	100.007164	100.007645	100.0075	100.013077	100.011765	100.01004	100.017258	100.010345	100.013496	100.0159	100.013519	100.01918	100.014114	100.019852	100.016357	100.015816	100.018166	100.017059	100.016365	100.016426	100.019753	100.023117	100.019882	100.018951	100.022278	100.019882	100.0252	100.019203	100.014832	100.016212	100.014709	100.019836	100.017403	100.019814	100.018906	100.020172	100.016716	100.021378	100.021919	100.014786	100.017693	100.018433	100.017464	100.016388	100.018349	100.015892	100.01973	100.01651	100.017914	100.017639	100.01799	100.024879	100.022385
737	100.009628	99.99939	99.996254	99.996277	99.998695	100.00296	100.004234	100.009933	100.006638	100.007797	100.0075	100.012566	100.011086	100.00975	100.016487	100.009201	100.012123	100.015114	100.012985	100.017799	100.013588	100.019608	100.015854	100.015305	100.01664	100.016342	100.014587	100.015846	100.018608	100.02198	100.019157	100.017342	100.021362	100.018761	100.024437	100.017319	100.013115	100.015381	100.014008	100.019119	100.01593	100.019279	100.017403	100.019279	100.015556	100.021362	100.021729	100.013397	100.016678	100.016975	100.016975	100.01532	100.017258	100.014603	100.018181	100.015488	100.016312	100.01651	100.016785	100.023781	100.021019
738	100.009331	99.999603	99.99649	99.995895	99.996956	100.001183	100.002838	100.008751	100.006248	100.006401	100.007454	100.01136	100.010216	100.009743	100.015244	100.008667	100.010857	100.011971	100.012711	100.015381	100.012848	100.018692	100.014328	100.01458	100.016151	100.015434	100.012718	100.015602	100.017082	100.019394	100.017929	100.015511	100.019417	100.017372	100.022141	100.015213	100.01268	100.013908	100.013092	100.018272	100.014984	100.019226	100.014587	100.016785	100.014496	100.021187	100.019478	100.012947	100.013794	100.015663	100.016548	100.012802	100.014366	100.013435	100.014389	100.014702	100.013985	100.014862	100.015724	100.021599	100.018982
739	100.009048	99.999817	99.996719	99.995522	99.995193	99.999413	100.001434	100.007584	100.005867	100.005005	100.007416	100.010155	100.009361	100.009727	100.013985	100.008133	100.009598	100.008797	100.012421	100.012955	100.012115	100.017776	100.012794	100.01384	100.015678	100.014511	100.010834	100.01535	100.015556	100.016785	100.016716	100.013672	100.017464	100.015961	100.019821	100.0131	100.012245	100.012444	100.012161	100.017418	100.01403	100.019165	100.011765	100.014259	100.013412	100.021019	100.017212	100.012466	100.01091	100.014351	100.016129	100.010277	100.011444	100.012268	100.01059	100.013885	100.01165	100.013206	100.014641	100.019409	100.01693
740	100.008728	99.999832	99.99704	99.995132	99.993874	99.998245	100.000275	100.006592	100.005768	100.003922	100.007355	100.009247	100.008835	100.009827	100.013031	100.007843	100.008499	100.006279	100.012329	100.010994	100.011574	100.016998	100.011612	100.013306	100.015533	100.013802	100.009514	100.01519	100.014282	100.014618	100.015846	100.012383	100.016045	100.014938	100.018143	100.011574	100.012161	100.011528	100.01162	100.0168	100.013542	100.019028	100.009415	100.012299	100.012711	100.020752	100.015434	100.012161	100.008537	100.013374	100.015709	100.008392	100.00898	100.011551	100.007698	100.013474	100.009956	100.012016	100.013771	100.017548	100.015022
741	100.008156	99.998543	99.997864	99.994621	99.995415	100.001228	100.000801	100.006882	100.007561	100.004875	100.007248	100.010384	100.010666	100.010612	100.014114	100.009193	100.008476	100.008102	100.013527	100.012085	100.012398	100.017128	100.012741	100.014069	100.017654	100.01458	100.011871	100.015518	100.014709	100.015221	100.017258	100.014786	100.018265	100.01651	100.020729	100.013992	100.014328	100.014351	100.013687	100.017693	100.016113	100.018242	100.010239	100.014076	100.014389	100.019852	100.016846	100.01284	100.009628	100.014664	100.015381	100.010681	100.009491	100.013855	100.01104	100.015465	100.012466	100.013885	100.014198	100.017952	100.014069
742	100.007591	99.997246	99.998703	99.994125	99.996986	100.004219	100.00132	100.007179	100.009369	100.005844	100.007156	100.011528	100.01252	100.011406	100.015198	100.010551	100.008476	100.009956	100.014732	100.013206	100.013229	100.017273	100.013885	100.014854	100.019798	100.015366	100.014259	100.015877	100.015152	100.015854	100.018692	100.017204	100.020508	100.018097	100.023354	100.016449	100.016533	100.017189	100.015762	100.0186	100.01873	100.017456	100.011063	100.015892	100.01609	100.018944	100.018272	100.013519	100.010742	100.015961	100.015053	100.012993	100.010002	100.016174	100.014412	100.017479	100.014999	100.01577	100.014641	100.018372	100.013115
743	100.007019	99.995934	99.999527	99.993607	99.99855	100.007233	100.001846	100.007477	100.011185	100.006821	100.007034	100.012657	100.014374	100.012222	100.016281	100.011894	100.008461	100.011803	100.015953	100.01432	100.014069	100.017395	100.01503	100.015617	100.02195	100.016129	100.01664	100.016228	100.015594	100.016472	100.020126	100.019623	100.022743	100.019684	100.025978	100.018898	100.018738	100.02005	100.017838	100.019501	100.021339	100.016655	100.011894	100.017677	100.017799	100.018021	100.019707	100.014198	100.011841	100.017258	100.014709	100.01532	100.010513	100.018501	100.017776	100.019501	100.017532	100.01767	100.015068	100.018784	100.012146
744	100.005829	99.996284	99.998642	99.994606	99.998291	100.005867	100.002411	100.006577	100.008987	100.006714	100.006508	100.011322	100.013458	100.011894	100.015663	100.010727	100.008621	100.010956	100.015007	100.013557	100.013863	100.016418	100.015129	100.014854	100.021004	100.015984	100.016533	100.016174	100.015762	100.016273	100.018951	100.01873	100.022484	100.018631	100.025322	100.018562	100.01786	100.018814	100.017227	100.018227	100.020424	100.016724	100.013412	100.016823	100.017464	100.017105	100.019226	100.013817	100.011375	100.016251	100.013985	100.015434	100.011917	100.017548	100.017036	100.018288	100.0168	100.016319	100.015495	100.018944	100.012611
745	100.004486	99.997047	99.997337	99.995987	99.997566	100.003395	100.002983	100.005386	100.005768	100.006332	100.005875	100.009369	100.011864	100.011322	100.014626	100.008926	100.008835	100.00943	100.013527	100.012314	100.013412	100.015167	100.014946	100.013687	100.019302	100.015602	100.015808	100.016045	100.015877	100.015854	100.017105	100.017014	100.021591	100.016914	100.023827	100.017525	100.016197	100.016533	100.015938	100.01638	100.018608	100.017036	100.015106	100.015282	100.016617	100.016197	100.018265	100.013176	100.010506	100.014648	100.013145	100.015022	100.013542	100.01577	100.015244	100.016258	100.015221	100.01416	100.015915	100.019035	100.01342
746	100.00312	99.997826	99.99601	99.997383	99.996849	100.000908	100.003555	100.004173	100.002541	100.005936	100.005234	100.007401	100.010239	100.010727	100.01358	100.007103	100.009048	100.007889	100.012039	100.011078	100.012947	100.013885	100.014786	100.012497	100.017586	100.015213	100.015083	100.0159	100.015976	100.015434	100.015244	100.015297	100.020683	100.01519	100.022354	100.016487	100.014534	100.014236	100.014648	100.014519	100.0168	100.017334	100.016808	100.013733	100.015762	100.015274	100.017288	100.012527	100.009628	100.013039	100.012314	100.014603	100.015175	100.013969	100.013458	100.014206	100.013649	100.011978	100.016335	100.019112	100.014259
747	100.003609	99.998444	99.995796	99.998161	99.997742	100.000359	100.004211	100.004723	100.001839	100.007072	100.005814	100.007561	100.009964	100.010506	100.013733	100.007477	100.009933	100.007332	100.011864	100.011444	100.012993	100.013748	100.014511	100.013016	100.017059	100.015053	100.015404	100.016365	100.01619	100.015938	100.015083	100.015236	100.020805	100.015129	100.021729	100.016006	100.014206	100.013901	100.013863	100.015129	100.01683	100.017632	100.017548	100.013565	100.015816	100.015678	100.017784	100.013206	100.010445	100.012718	100.012222	100.014282	100.016212	100.013474	100.012993	100.013924	100.01342	100.012146	100.01664	100.019264	100.015579
748	100.006195	99.998917	99.996811	99.998245	100.000465	100.001991	100.004982	100.00721	100.003983	100.009918	100.007782	100.010086	100.011215	100.010696	100.015259	100.010284	100.011566	100.007843	100.013145	100.013649	100.013603	100.014862	100.014099	100.01545	100.017891	100.015198	100.01693	100.017525	100.016487	100.017502	100.016785	100.017082	100.022057	100.016975	100.02211	100.01619	100.015427	100.015762	100.013649	100.018517	100.018951	100.017891	100.017227	100.014961	100.016907	100.017586	100.019943	100.015388	100.013138	100.013863	100.012947	100.014069	100.016571	100.014427	100.014046	100.01564	100.014725	100.014946	100.016823	100.019478	100.017487
749	100.008812	99.99939	99.997849	99.998344	100.00322	100.003639	100.00576	100.009727	100.006142	100.012794	100.009773	100.01265	100.012497	100.010895	100.0168	100.013138	100.013222	100.008392	100.014458	100.015877	100.014206	100.015984	100.01371	100.017891	100.018753	100.015343	100.018478	100.018677	100.0168	100.019073	100.018524	100.018944	100.023331	100.018837	100.022507	100.016365	100.01664	100.017654	100.013443	100.021919	100.021103	100.018188	100.016914	100.016365	100.018013	100.019516	100.022125	100.017586	100.015869	100.015007	100.013687	100.013863	100.016953	100.015388	100.015091	100.017372	100.016037	100.017784	100.016998	100.019707	100.019409
750	100.011124	99.999695	99.998726	99.998421	100.005554	100.004913	100.006485	100.011894	100.007919	100.015022	100.01123	100.014709	100.013542	100.01123	100.017906	100.015602	100.014664	100.008949	100.015701	100.01767	100.014732	100.016937	100.013458	100.019966	100.019493	100.015594	100.01963	100.019768	100.017151	100.020454	100.019966	100.020508	100.024208	100.020393	100.022995	100.016617	100.01786	100.019264	100.013313	100.024475	100.022995	100.01857	100.016808	100.017441	100.018944	100.021149	100.023888	100.019363	100.018204	100.015953	100.014343	100.01384	100.017166	100.016045	100.016045	100.018799	100.017151	100.019981	100.017296	100.020027	100.021042
751	100.011597	99.999062	99.998627	99.998413	100.005341	100.003906	100.006889	100.011864	100.007309	100.01326	100.009552	100.013748	100.013229	100.012444	100.016533	100.015709	100.014755	100.009682	100.016472	100.016701	100.014618	100.01683	100.014069	100.019684	100.019516	100.016403	100.018547	100.020233	100.017845	100.020615	100.019684	100.020241	100.022736	100.020203	100.023987	100.017204	100.019028	100.019226	100.013603	100.021812	100.023293	100.019547	100.017967	100.016403	100.018867	100.020943	100.023064	100.018501	100.018097	100.015579	100.014481	100.0149	100.016449	100.014816	100.016319	100.018402	100.017075	100.018288	100.018204	100.020889	100.020836
752	100.012085	99.998421	99.998512	99.998405	100.005135	100.002899	100.007294	100.011848	100.006699	100.011482	100.007866	100.012756	100.012924	100.013664	100.015167	100.015816	100.014862	100.010406	100.017258	100.015732	100.014496	100.016724	100.014702	100.019394	100.019539	100.017227	100.017479	100.020706	100.018539	100.020775	100.019394	100.019989	100.021255	100.020027	100.024986	100.017799	100.020203	100.019196	100.013901	100.019142	100.02359	100.020538	100.019142	100.015388	100.018814	100.020767	100.022255	100.017639	100.017998	100.015221	100.014626	100.015976	100.015747	100.013588	100.016594	100.018021	100.017014	100.016609	100.019135	100.021744	100.02066
753	100.012573	99.99778	99.998421	99.998405	100.004936	100.001884	100.007698	100.011826	100.006081	100.009705	100.006165	100.01178	100.012611	100.0149	100.013771	100.015938	100.014984	100.011147	100.018059	100.014755	100.014389	100.016632	100.01532	100.019112	100.019585	100.018059	100.01638	100.02121	100.019249	100.020943	100.019112	100.019745	100.019753	100.019836	100.026001	100.018417	100.0214	100.019165	100.014206	100.016464	100.023903	100.02153	100.02034	100.014351	100.018753	100.020584	100.021431	100.016762	100.017906	100.014862	100.014771	100.017044	100.01503	100.01236	100.016876	100.017639	100.016937	100.0149	100.020065	100.022614	100.02047
754	100.012184	99.998306	99.999161	99.998352	100.004318	100.002205	100.007423	100.010994	100.006035	100.010048	100.006996	100.012825	100.012657	100.014793	100.013412	100.014961	100.014114	100.012184	100.017548	100.014999	100.013992	100.015976	100.015594	100.017754	100.019096	100.017296	100.016365	100.019516	100.019775	100.019905	100.019455	100.019157	100.019051	100.019241	100.025955	100.018921	100.021072	100.020088	100.013687	100.017097	100.023293	100.020241	100.020042	100.014458	100.018265	100.021454	100.020912	100.016556	100.016449	100.014946	100.014626	100.01664	100.015549	100.013329	100.016167	100.017776	100.016975	100.016357	100.020027	100.022873	100.020157
755	100.011574	99.999115	100.000092	99.998276	100.003586	100.002823	100.007011	100.009964	100.006119	100.010895	100.008415	100.01432	100.012764	100.014404	100.01326	100.013733	100.013008	100.01329	100.016739	100.015511	100.013527	100.015198	100.01577	100.016144	100.018486	100.016151	100.016579	100.017334	100.020264	100.0186	100.019943	100.018486	100.018501	100.018539	100.02565	100.019417	100.020409	100.021217	100.012955	100.018478	100.022484	100.018402	100.019394	100.014839	100.017693	100.022568	100.020432	100.016487	100.014664	100.015129	100.014435	100.0159	100.016342	100.014793	100.015221	100.018036	100.017036	100.018539	100.019775	100.02298	100.019814
756	100.010979	99.999916	100.001038	99.998199	100.002861	100.003456	100.006577	100.008926	100.00621	100.011742	100.009834	100.015816	100.012878	100.013992	100.013115	100.012497	100.011887	100.014412	100.01593	100.016006	100.013062	100.014412	100.015961	100.014519	100.017883	100.015022	100.016808	100.015137	100.020752	100.017273	100.020447	100.017799	100.017952	100.017822	100.025368	100.019905	100.019745	100.022362	100.012222	100.019875	100.021652	100.016571	100.018761	100.015213	100.01712	100.023674	100.019966	100.016418	100.012878	100.01532	100.014221	100.015152	100.017143	100.016258	100.014267	100.018295	100.017097	100.020744	100.019524	100.023102	100.01947
757	100.010933	99.999001	99.99968	99.998055	100.001671	100.003067	100.005363	100.007607	100.005829	100.010529	100.010086	100.014961	100.012741	100.013145	100.013557	100.011696	100.010849	100.013794	100.015083	100.015869	100.012627	100.013115	100.015709	100.013992	100.017235	100.014771	100.016495	100.014641	100.020432	100.017128	100.020424	100.017639	100.017677	100.017189	100.024673	100.019691	100.018394	100.022377	100.011826	100.020424	100.020744	100.016747	100.018013	100.015167	100.017151	100.023285	100.02005	100.016357	100.012268	100.015808	100.014732	100.014839	100.017227	100.01651	100.013611	100.01799	100.01696	100.020836	100.019119	100.023804	100.020004
758	100.011459	99.996292	99.995926	99.997818	100.000015	100.00161	100.003342	100.005974	100.004974	100.007141	100.009109	100.011635	100.01236	100.011826	100.014618	100.011383	100.009872	100.01136	100.014198	100.015045	100.012207	100.011269	100.015022	100.014626	100.016579	100.015434	100.015656	100.01593	100.019241	100.018242	100.019882	100.018036	100.017715	100.016632	100.023605	100.018753	100.016342	100.021217	100.011765	100.020111	100.019745	100.019058	100.017166	100.014664	100.017868	100.021317	100.020744	100.016319	100.012901	100.016655	100.015984	100.014984	100.016533	100.015465	100.013229	100.017075	100.01664	100.018738	100.01857	100.025131	100.021484
759	100.011978	99.993568	99.992165	99.997589	99.998344	100.000145	100.001289	100.004326	100.004112	100.003746	100.008133	100.008286	100.011978	100.010506	100.015678	100.011063	100.008896	100.008926	100.01329	100.014221	100.011803	100.009407	100.014328	100.015282	100.015938	100.016113	100.014793	100.017227	100.018036	100.019348	100.019333	100.018417	100.017754	100.016068	100.022507	100.017807	100.014282	100.020065	100.011719	100.019791	100.018738	100.021385	100.016312	100.014175	100.0186	100.019333	100.021431	100.016281	100.013542	100.017502	100.017258	100.015137	100.015854	100.014412	100.012863	100.016151	100.016312	100.016617	100.018021	100.026466	100.022957
760	100.012329	99.991776	99.989441	99.997231	99.997063	99.999084	99.99971	100.002983	100.003578	100.001099	100.007378	100.00589	100.011864	100.009712	100.016663	100.010788	100.008438	100.006996	100.012657	100.013504	100.011589	100.00808	100.013992	100.01577	100.015602	100.016716	100.014236	100.018272	100.017097	100.020363	100.018753	100.018654	100.017944	100.01564	100.021805	100.017227	100.012817	100.01918	100.011917	100.019226	100.018036	100.023033	100.01564	100.013939	100.018929	100.018013	100.02198	100.016495	100.01416	100.01812	100.018143	100.015305	100.015282	100.013733	100.012573	100.015678	100.015999	100.015045	100.017906	100.027313	100.024139
761	100.011681	99.994812	99.992279	99.996262	99.997742	100.00013	100.000595	100.003227	100.004745	100.002525	100.007797	100.008545	100.013016	100.011803	100.017258	100.010681	100.010719	100.007774	100.013367	100.01339	100.012421	100.009537	100.015533	100.015533	100.016975	100.016869	100.015282	100.018051	100.017586	100.020836	100.018021	100.018074	100.019005	100.015961	100.02314	100.018539	100.014435	100.019775	100.013519	100.017456	100.018951	100.021133	100.01593	100.015068	100.01725	100.020157	100.021744	100.018013	100.014748	100.017525	100.017059	100.015488	100.015381	100.015045	100.012794	100.017479	100.015831	100.016281	100.019981	100.025597	100.023735
762	100.01104	99.997864	99.995125	99.9953	99.998428	100.00119	100.001488	100.003471	100.005913	100.00396	100.008217	100.011215	100.014198	100.013885	100.017845	100.010597	100.012993	100.008568	100.014069	100.013268	100.01326	100.010994	100.017075	100.015297	100.018356	100.017036	100.016319	100.017822	100.018074	100.021301	100.017296	100.017479	100.020065	100.016281	100.024475	100.019875	100.016068	100.020386	100.015114	100.015663	100.019882	100.019226	100.016228	100.016212	100.015556	100.022301	100.021484	100.019524	100.015327	100.01693	100.015961	100.015663	100.015465	100.016342	100.012993	100.019287	100.015656	100.017525	100.022064	100.02388	100.023331
763	100.010368	100.000954	99.997993	99.994316	99.999123	100.002251	100.002396	100.003723	100.007095	100.005402	100.008652	100.013908	100.015381	100.015999	100.018456	100.010506	100.015305	100.009369	100.014786	100.013145	100.014099	100.012459	100.018623	100.015053	100.019753	100.017189	100.01738	100.017586	100.01857	100.021782	100.016556	100.016869	100.021133	100.016617	100.025833	100.021194	100.017723	100.020981	100.016739	100.013878	100.020813	100.017296	100.01651	100.017357	100.013855	100.024483	100.021233	100.021065	100.0159	100.016319	100.014862	100.015869	100.015556	100.017677	100.013206	100.021111	100.015472	100.018784	100.024162	100.022141	100.022911
764	100.010429	100.001335	99.998947	99.995224	99.999535	100.002823	100.004669	100.006332	100.008263	100.007294	100.009964	100.01458	100.015274	100.017273	100.0177	100.013008	100.017479	100.011444	100.016556	100.015511	100.016823	100.015495	100.019745	100.016594	100.022232	100.019196	100.019135	100.019112	100.020309	100.022507	100.018776	100.019501	100.022293	100.019562	100.027489	100.022034	100.019966	100.021484	100.017715	100.015686	100.021614	100.019241	100.019562	100.018707	100.015625	100.025345	100.022423	100.022797	100.017975	100.018082	100.016953	100.0168	100.016808	100.019905	100.01638	100.022949	100.017616	100.019714	100.025047	100.02459	100.024269
765	100.010635	100.00119	99.99955	99.996513	99.999901	100.003304	100.00721	100.009415	100.009407	100.009285	100.011467	100.014854	100.014915	100.018394	100.016693	100.016006	100.01963	100.013779	100.018547	100.018356	100.019905	100.018845	100.020767	100.018478	100.024948	100.021553	100.021027	100.020966	100.022316	100.02327	100.021576	100.022766	100.02346	100.023033	100.029221	100.022758	100.022339	100.021935	100.01857	100.018204	100.022377	100.02195	100.023163	100.020111	100.018074	100.025963	100.023903	100.024559	100.02034	100.020302	100.019684	100.017883	100.018295	100.022339	100.020149	100.024796	100.020203	100.020576	100.025688	100.027885	100.026001
766	100.010834	100.001076	100.000153	99.997803	100.000275	100.003792	100.009789	100.012543	100.01059	100.011299	100.012985	100.015137	100.014565	100.019539	100.015678	100.019051	100.021812	100.016144	100.020554	100.02124	100.023033	100.022232	100.021812	100.020386	100.027679	100.023941	100.022934	100.022842	100.024345	100.024055	100.024399	100.02607	100.024651	100.026527	100.03096	100.023521	100.024712	100.022423	100.019432	100.020744	100.023163	100.024673	100.026794	100.021515	100.020554	100.026581	100.025391	100.02636	100.022713	100.022552	100.022423	100.01899	100.019798	100.024811	100.023941	100.026642	100.022827	100.021446	100.02636	100.031197	100.027725
767	100.011154	100.000511	100.00087	99.998718	100.000168	100.004112	100.010612	100.013374	100.010452	100.011787	100.013603	100.014969	100.014366	100.01947	100.015732	100.01973	100.021683	100.016083	100.020828	100.022141	100.023376	100.023254	100.022163	100.021019	100.028549	100.024208	100.023567	100.023117	100.024368	100.023743	100.025543	100.027206	100.024811	100.027596	100.031387	100.022995	100.025269	100.022827	100.019577	100.021454	100.023972	100.025475	100.027893	100.021729	100.022079	100.026764	100.025436	100.025833	100.023125	100.023781	100.022972	100.019882	100.019524	100.024643	100.024673	100.026192	100.023865	100.021568	100.026871	100.0317	100.028084
768	100.011612	99.99958	100.001732	99.999252	99.999634	100.004303	100.009773	100.012039	100.009071	100.010857	100.01339	100.014389	100.01432	100.01825	100.016846	100.018188	100.019363	100.01371	100.019455	100.021133	100.021103	100.022064	100.021866	100.020454	100.027679	100.022484	100.02298	100.021851	100.022491	100.022423	100.025093	100.026283	100.024017	100.026382	100.030586	100.021294	100.024078	100.023178	100.019051	100.020454	100.024841	100.024437	100.026558	100.020836	100.022682	100.026527	100.024155	100.023125	100.021652	100.024033	100.021431	100.020599	100.01757	100.021996	100.02253	100.023506	100.023415	100.020966	100.02726	100.029549	100.027176
769	100.012039	99.998627	100.002579	99.999794	99.999092	100.004471	100.008926	100.010696	100.007675	100.009903	100.013161	100.013802	100.014259	100.017021	100.017944	100.016617	100.017021	100.011314	100.018059	100.020111	100.018799	100.020836	100.021568	100.019875	100.026787	100.020721	100.022377	100.020561	100.020599	100.021072	100.024628	100.025352	100.023209	100.025139	100.029778	100.019562	100.022865	100.023521	100.018486	100.019432	100.025688	100.023415	100.025223	100.01992	100.023308	100.02626	100.022842	100.020393	100.020172	100.024284	100.019875	100.021301	100.015594	100.019325	100.02037	100.020805	100.022949	100.020348	100.027672	100.027382	100.026253
770	100.012352	99.997978	100.003006	100.000595	99.998863	100.0047	100.008392	100.009605	100.00634	100.009201	100.012794	100.013351	100.014305	100.015762	100.018822	100.015213	100.015114	100.009666	100.017105	100.019142	100.017082	100.019691	100.021271	100.019409	100.025879	100.019241	100.021683	100.019646	100.019241	100.020042	100.024124	100.024559	100.022743	100.024139	100.029099	100.018517	100.021759	100.023689	100.017952	100.018631	100.026413	100.02227	100.023888	100.019348	100.023613	100.025848	100.021912	100.018059	100.019035	100.02433	100.018562	100.021591	100.013985	100.017258	100.0186	100.018402	100.022377	100.019852	100.027802	100.025726	100.02549
771	100.012016	99.998665	100.001617	100.002541	100.000023	100.005135	100.009247	100.00975	100.00528	100.009552	100.011848	100.01358	100.014809	100.014389	100.01873	100.014519	100.015152	100.011276	100.018051	100.018356	100.017967	100.018845	100.021004	100.019417	100.024918	100.018967	100.020599	100.020302	100.020241	100.020424	100.023437	100.024345	100.023758	100.024162	100.029037	100.020348	100.021049	100.023064	100.017441	100.018776	100.026558	100.020721	100.022545	100.020279	100.022614	100.024712	100.022598	100.017479	100.019455	100.023582	100.018288	100.020042	100.014023	100.017838	100.018486	100.017357	100.021408	100.019821	100.026848	100.026337	100.025452
772	100.011696	99.999344	100.000229	100.004509	100.00119	100.005569	100.010109	100.009895	100.004211	100.009895	100.01091	100.013802	100.015305	100.013008	100.018623	100.013824	100.015167	100.012901	100.019012	100.01757	100.01886	100.017998	100.020752	100.019417	100.023949	100.018707	100.019524	100.020958	100.02124	100.020813	100.022736	100.024124	100.024773	100.0242	100.028976	100.022209	100.020348	100.022423	100.01693	100.018921	100.026688	100.019157	100.021194	100.02121	100.021614	100.023582	100.023308	100.016891	100.019875	100.022804	100.018021	100.018478	100.01403	100.018417	100.018394	100.016296	100.020432	100.019798	100.025894	100.026955	100.025414
773	100.011353	100.000023	99.998825	100.006485	100.00235	100.005997	100.010956	100.01004	100.003113	100.010231	100.009956	100.014023	100.015808	100.011597	100.018517	100.013115	100.01519	100.014519	100.019966	100.016785	100.019753	100.017143	100.020477	100.019417	100.022972	100.018433	100.018417	100.021614	100.022247	100.021187	100.022034	100.023903	100.025787	100.024208	100.028908	100.024078	100.01963	100.02179	100.016403	100.019058	100.02681	100.01757	100.019821	100.022141	100.020584	100.022423	100.02401	100.016296	100.020279	100.022041	100.017738	100.016876	100.014046	100.01899	100.018288	100.015221	100.01944	100.019768	100.024918	100.027557	100.025368
774	100.010956	100.000023	99.999054	100.005486	100.001633	100.005928	100.01049	100.008865	100.004448	100.010887	100.011238	100.013474	100.015366	100.012245	100.017227	100.013672	100.014053	100.01384	100.018478	100.016083	100.018188	100.01696	100.018845	100.018944	100.022766	100.017761	100.018036	100.020615	100.02037	100.020996	100.020538	100.022293	100.024139	100.022743	100.027153	100.023972	100.018188	100.020096	100.01413	100.018761	100.025772	100.017761	100.017441	100.021431	100.017975	100.021187	100.023376	100.01593	100.018547	100.021233	100.017403	100.016167	100.013626	100.017288	100.017143	100.014175	100.016747	100.018295	100.022781	100.026001	100.023735
775	100.010559	99.999931	99.999535	100.004021	100.000595	100.005783	100.009811	100.007484	100.006165	100.011589	100.012878	100.012802	100.014771	100.013199	100.015732	100.014427	100.012718	100.012794	100.016579	100.015388	100.016212	100.016891	100.016991	100.018402	100.022697	100.017044	100.017761	100.019348	100.018036	100.020691	100.018944	100.020447	100.022057	100.021042	100.025116	100.02356	100.01664	100.01825	100.011551	100.018394	100.024536	100.018204	100.014877	100.020447	100.015114	100.019928	100.022545	100.015572	100.016487	100.020424	100.017075	100.015579	100.013123	100.015213	100.015831	100.013123	100.013771	100.016617	100.020454	100.024101	100.021866
776	100.010147	99.999825	100.000023	100.002541	99.999557	100.005638	100.009117	100.006088	100.007889	100.012299	100.014542	100.012123	100.014175	100.01416	100.014244	100.015175	100.011398	100.011734	100.014664	100.014687	100.014236	100.01683	100.015114	100.01786	100.022614	100.016335	100.017502	100.018074	100.015678	100.020409	100.017311	100.018585	100.019966	100.019325	100.023064	100.02314	100.015091	100.016388	100.008949	100.018013	100.023285	100.018669	100.012299	100.019455	100.01223	100.018654	100.021706	100.015221	100.014389	100.0196	100.016724	100.014984	100.012634	100.013123	100.014511	100.012077	100.010765	100.014915	100.018105	100.022194	100.019981
777	100.011635	99.999908	100.000511	100.00222	100.000145	100.007034	100.008842	100.006691	100.009033	100.012657	100.014786	100.012657	100.014221	100.014351	100.01519	100.015388	100.01178	100.011932	100.015175	100.015854	100.014404	100.016876	100.015091	100.018707	100.023964	100.016891	100.017975	100.018394	100.015343	100.020912	100.017372	100.018051	100.019981	100.019608	100.022339	100.023209	100.015549	100.01619	100.01001	100.018288	100.022842	100.020515	100.011894	100.019966	100.012245	100.019089	100.022293	100.015274	100.014137	100.019089	100.01767	100.015846	100.013206	100.013908	100.014023	100.013077	100.011467	100.014915	100.01767	100.021873	100.019539
778	100.014709	100.000153	100.000992	100.002899	100.002113	100.009727	100.008926	100.008965	100.009682	100.012733	100.013824	100.014244	100.014832	100.013901	100.018219	100.015152	100.013626	100.013229	100.017738	100.0186	100.016418	100.017036	100.01664	100.020729	100.026497	100.018547	100.019089	100.020065	100.016716	100.02211	100.01886	100.018623	100.021805	100.021599	100.022736	100.023697	100.017738	100.017426	100.01416	100.019119	100.023094	100.023529	100.013313	100.021759	100.014709	100.020981	100.024094	100.015663	100.01545	100.018837	100.019669	100.017914	100.014709	100.017143	100.014221	100.015854	100.01532	100.016357	100.018837	100.022888	100.02034
779	100.017807	100.000397	100.001488	100.003586	100.004105	100.012459	100.00901	100.011269	100.010323	100.012779	100.012878	100.015816	100.015427	100.013435	100.021271	100.014915	100.015495	100.014519	100.02034	100.021378	100.018433	100.017189	100.018204	100.022766	100.02906	100.020233	100.020195	100.021759	100.018097	100.023308	100.02037	100.019203	100.023636	100.023613	100.023117	100.024208	100.019943	100.018677	100.018372	100.019943	100.023354	100.026581	100.014755	100.023544	100.017227	100.022873	100.025894	100.01606	100.016747	100.01857	100.021721	100.020012	100.016235	100.020393	100.014435	100.018646	100.019203	100.017807	100.020012	100.023911	100.021149
780	100.01947	100.000748	100.001755	100.003746	100.005493	100.013962	100.009003	100.012863	100.010742	100.012802	100.012062	100.016632	100.015808	100.01284	100.02314	100.014732	100.016106	100.015137	100.022003	100.022888	100.019989	100.017632	100.019249	100.023903	100.030563	100.021294	100.020729	100.022591	100.018906	100.023911	100.021347	100.019707	100.024673	100.024857	100.023567	100.024353	100.021538	100.019585	100.021271	100.019966	100.023483	100.028145	100.015701	100.024399	100.019012	100.024055	100.026741	100.016106	100.01767	100.018265	100.022713	100.021133	100.017357	100.022362	100.014648	100.020668	100.021896	100.018417	100.020325	100.02433	100.02153
781	100.015953	100.001549	100.00116	100.00206	100.004768	100.011131	100.00869	100.011948	100.010345	100.012711	100.011826	100.014664	100.015434	100.01181	100.020744	100.014786	100.012329	100.01329	100.020348	100.01992	100.019859	100.019096	100.018478	100.021759	100.028206	100.020218	100.019218	100.02037	100.01767	100.022377	100.020477	100.019897	100.022865	100.023285	100.024208	100.023209	100.020996	100.019203	100.019501	100.017082	100.023201	100.024414	100.014793	100.021828	100.018242	100.022629	100.024117	100.014961	100.017166	100.017799	100.020042	100.018715	100.017075	100.019684	100.014923	100.019905	100.020363	100.015961	100.017487	100.022591	100.02037
782	100.012383	100.00235	100.000549	100.000343	100.004044	100.008247	100.008392	100.011017	100.009941	100.012604	100.011574	100.012672	100.015068	100.010773	100.018326	100.014832	100.008484	100.011444	100.018677	100.016914	100.01973	100.020576	100.017693	100.0196	100.025833	100.019119	100.017693	100.01812	100.016418	100.020828	100.019608	100.020088	100.021019	100.021706	100.024864	100.022064	100.020447	100.018814	100.017723	100.014175	100.022903	100.020645	100.013878	100.019226	100.017456	100.021194	100.021454	100.013794	100.016663	100.017342	100.017319	100.016281	100.016785	100.01696	100.015198	100.019119	100.018799	100.013458	100.014618	100.020828	100.019203
783	100.008774	100.003159	99.999947	99.998611	100.003311	100.005341	100.008072	100.010063	100.009521	100.012505	100.011322	100.010658	100.014687	100.009712	100.015869	100.014893	100.004601	100.00956	100.016998	100.013878	100.0196	100.022079	100.016907	100.017403	100.023422	100.018013	100.016129	100.015854	100.015152	100.019249	100.018715	100.020287	100.019157	100.020111	100.02552	100.020897	100.019882	100.018417	100.01593	100.011238	100.022614	100.01683	100.012947	100.016609	100.016655	100.01973	100.018761	100.012611	100.016151	100.016869	100.01458	100.013824	100.016487	100.014221	100.015465	100.018333	100.017212	100.010941	100.011703	100.019035	100.018013
784	100.009773	100.002266	100.000595	99.997673	100.003578	100.005661	100.007668	100.009766	100.008133	100.011269	100.011269	100.010719	100.013458	100.009605	100.014435	100.014626	100.007538	100.008797	100.015938	100.013855	100.01799	100.020134	100.016365	100.018074	100.021133	100.01545	100.015549	100.01503	100.01413	100.0186	100.017586	100.01918	100.01786	100.018822	100.023521	100.018677	100.017975	100.017502	100.014351	100.011528	100.022141	100.01725	100.013062	100.016403	100.016808	100.019966	100.017464	100.01329	100.015175	100.015846	100.014641	100.011887	100.014915	100.012878	100.012993	100.017418	100.0149	100.011703	100.011719	100.018517	100.016533
785	100.011314	100.001205	100.001419	99.996811	100.003983	100.006378	100.007248	100.009552	100.00663	100.009872	100.011238	100.011017	100.012138	100.009605	100.013123	100.014343	100.011314	100.008179	100.014961	100.014183	100.016235	100.017784	100.015869	100.019089	100.018837	100.012711	100.015083	100.014366	100.013138	100.018036	100.016441	100.017929	100.016594	100.01757	100.021194	100.016335	100.015915	100.016548	100.012825	100.012192	100.021652	100.018143	100.013313	100.016495	100.017082	100.020409	100.016319	100.014206	100.01416	100.014748	100.015053	100.010002	100.013199	100.011696	100.010208	100.016487	100.012482	100.012863	100.012054	100.018143	100.015007
786	100.012878	100.000092	100.002243	99.995934	100.004372	100.00708	100.006821	100.009323	100.005089	100.008476	100.011215	100.011314	100.010773	100.009605	100.011765	100.01403	100.015129	100.007538	100.013962	100.014511	100.014427	100.015404	100.01535	100.020111	100.016495	100.009918	100.014587	100.013695	100.012123	100.017479	100.015274	100.016663	100.01532	100.016296	100.018845	100.013939	100.013802	100.015556	100.011253	100.012878	100.021133	100.019051	100.013565	100.016579	100.017357	100.020851	100.015137	100.015129	100.013115	100.013641	100.01545	100.00808	100.011444	100.01049	100.007355	100.015533	100.010025	100.014023	100.012398	100.017761	100.013458
787	100.01297	99.999641	100.001511	99.995613	100.003922	100.007309	100.006233	100.008369	100.00489	100.007561	100.011421	100.011574	100.010086	100.010338	100.011826	100.013908	100.015953	100.007698	100.01265	100.014366	100.012924	100.014626	100.014366	100.019562	100.015732	100.009277	100.014755	100.013412	100.011917	100.016663	100.014961	100.016609	100.01503	100.015343	100.018143	100.013412	100.012444	100.014732	100.010445	100.012817	100.019562	100.01931	100.013115	100.016022	100.017143	100.020706	100.015137	100.014786	100.012466	100.01329	100.014771	100.007568	100.010452	100.008705	100.007072	100.015274	100.008629	100.013779	100.011658	100.01696	100.012077
788	100.011978	99.99968	99.999649	99.995682	100.002823	100.007187	100.005547	100.006851	100.005676	100.007034	100.011826	100.011826	100.009872	100.011612	100.012947	100.013962	100.01458	100.008476	100.011101	100.013885	100.01165	100.015053	100.013016	100.017845	100.016129	100.010216	100.015404	100.013412	100.012314	100.015663	100.015305	100.017464	100.015495	100.014641	100.018669	100.014267	100.011612	100.014023	100.010178	100.012207	100.017212	100.019096	100.012169	100.014984	100.016571	100.020126	100.016022	100.013519	100.012123	100.013519	100.013268	100.008118	100.01001	100.00647	100.008667	100.015495	100.008034	100.01252	100.010094	100.015869	100.010826
789	100.010994	99.99971	99.997749	99.995766	100.001717	100.007057	100.004829	100.005318	100.00647	100.006485	100.012222	100.012077	100.009659	100.012932	100.014069	100.013992	100.013184	100.009262	100.009521	100.01339	100.010338	100.015488	100.011658	100.016106	100.01651	100.011169	100.01606	100.013397	100.012718	100.014664	100.015663	100.018326	100.015961	100.013939	100.019203	100.015152	100.010765	100.013306	100.009933	100.011589	100.014832	100.018883	100.011208	100.013939	100.015984	100.019539	100.016907	100.012222	100.011765	100.013748	100.011765	100.008682	100.00956	100.004219	100.010284	100.015747	100.007423	100.011208	100.008522	100.014748	100.009552
790	100.010368	100.000023	99.996613	99.996346	100.001076	100.006905	100.004005	100.004593	100.007042	100.006279	100.012657	100.012253	100.009521	100.013817	100.015007	100.014008	100.012207	100.009712	100.008904	100.013145	100.009895	100.015686	100.011101	100.014702	100.016846	100.012085	100.016693	100.013779	100.013557	100.014259	100.015686	100.0186	100.016487	100.01371	100.019882	100.016045	100.009933	100.012848	100.009834	100.011124	100.013374	100.018623	100.010658	100.01329	100.015129	100.019547	100.017502	100.011169	100.011589	100.014099	100.010658	100.009216	100.009201	100.002899	100.011398	100.015816	100.007462	100.010132	100.007584	100.01416	100.008667
791	100.010834	100.001099	99.997696	99.998352	100.001762	100.006691	100.002884	100.006195	100.006958	100.007103	100.013184	100.012245	100.009682	100.01342	100.015366	100.013885	100.012466	100.00914	100.011063	100.013649	100.011978	100.015244	100.012924	100.014374	100.016953	100.012886	100.017181	100.015244	100.015594	100.015572	100.014793	100.017189	100.017166	100.0149	100.020981	100.016953	100.009216	100.013199	100.010178	100.011147	100.014725	100.018288	100.011292	100.013824	100.013481	100.021339	100.017227	100.010834	100.011871	100.014839	100.010788	100.009644	100.00914	100.004303	100.011002	100.015427	100.009407	100.009712	100.008537	100.015083	100.008926
792	100.011322	100.002205	99.99881	100.000404	100.002495	100.006485	100.001755	100.007858	100.006882	100.00795	100.013733	100.012245	100.00985	100.013054	100.015747	100.013794	100.012741	100.008568	100.01326	100.01416	100.014114	100.014816	100.014786	100.014046	100.017059	100.01371	100.017693	100.016747	100.017677	100.016914	100.013878	100.015747	100.017868	100.016144	100.022102	100.017891	100.008476	100.013557	100.010551	100.011185	100.01609	100.017952	100.011932	100.014374	100.011826	100.023178	100.01696	100.010513	100.012184	100.015602	100.010918	100.010071	100.009071	100.005745	100.010597	100.015022	100.011398	100.0093	100.009499	100.016037	100.009216
793	100.01181	100.003311	99.999931	100.00248	100.00322	100.006256	100.000587	100.009521	100.006775	100.008797	100.01429	100.01223	100.010002	100.01265	100.016113	100.013672	100.013008	100.007988	100.015488	100.014671	100.016281	100.014351	100.016678	100.013687	100.017181	100.014534	100.018204	100.018272	100.019791	100.018288	100.012947	100.014282	100.018585	100.017372	100.023232	100.018822	100.007721	100.013901	100.01091	100.011192	100.017487	100.017609	100.012589	100.014938	100.010124	100.025024	100.016678	100.01017	100.012497	100.016365	100.011047	100.010529	100.008987	100.007202	100.010178	100.014603	100.01342	100.008881	100.01049	100.016998	100.009491
794	100.010475	100.000175	99.997772	100.000809	100.000641	100.005005	100.000526	100.007942	100.006615	100.00663	100.011528	100.011086	100.008926	100.010429	100.013962	100.010071	100.010696	100.006905	100.012909	100.012398	100.014854	100.011551	100.014915	100.011978	100.016312	100.012634	100.0159	100.014259	100.016197	100.015404	100.01223	100.01149	100.015892	100.015343	100.020432	100.016006	100.007118	100.0103	100.00914	100.010635	100.015434	100.015068	100.011971	100.0121	100.008926	100.021019	100.014511	100.008347	100.010193	100.014664	100.00898	100.007263	100.00676	100.005135	100.008461	100.01062	100.011238	100.006416	100.008713	100.016106	100.008858
795	100.00898	99.996689	99.995346	99.998848	99.997803	100.003647	100.000526	100.006104	100.006424	100.004211	100.008461	100.009834	100.007736	100.008057	100.011566	100.006172	100.008156	100.005768	100.009941	100.009872	100.013145	100.008537	100.012848	100.010132	100.015343	100.010513	100.013374	100.009789	100.012161	100.012184	100.011505	100.008568	100.012924	100.013039	100.017319	100.012886	100.006508	100.006355	100.007187	100.01001	100.0131	100.012329	100.011238	100.00898	100.007736	100.016533	100.012169	100.006393	100.007698	100.012764	100.006699	100.003685	100.004341	100.002777	100.00663	100.006317	100.008751	100.003746	100.006714	100.015053	100.008133
796	100.007454	99.993149	99.992874	99.996864	99.994919	100.002274	100.000534	100.004219	100.006271	100.001755	100.005363	100.008568	100.006523	100.005638	100.00914	100.002205	100.005569	100.004623	100.006935	100.007309	100.011429	100.005486	100.010765	100.008263	100.014374	100.008369	100.010811	100.005249	100.008034	100.008926	100.010773	100.005577	100.009903	100.010719	100.014137	100.009705	100.00589	100.00235	100.005196	100.009384	100.010742	100.009552	100.010513	100.005791	100.006523	100.011978	100.009796	100.004387	100.00515	100.010834	100.004387	100.000046	100.001884	100.000397	100.004753	100.001945	100.006226	100.001038	100.004684	100.014008	100.007401
797	100.006935	99.992508	99.993935	99.996559	99.994102	100.003075	100.001312	100.004196	100.005508	100.001678	100.004578	100.009026	100.006271	100.005867	100.008705	100.001869	100.005219	100.004456	100.006416	100.007126	100.010635	100.006119	100.010696	100.009216	100.014427	100.008904	100.010475	100.005325	100.007797	100.008713	100.012222	100.005974	100.009308	100.009537	100.013947	100.010155	100.007011	100.002777	100.006256	100.009895	100.010857	100.008812	100.010231	100.006416	100.007721	100.011421	100.009407	100.004768	100.005043	100.010445	100.004211	100.000633	100.00119	100.001907	100.004112	100.001694	100.006439	100.001541	100.005173	100.013206	100.007965
798	100.007042	99.99366	99.997208	99.997307	99.994568	100.005257	100.002548	100.005295	100.004349	100.003098	100.005249	100.010551	100.006615	100.007721	100.009476	100.00383	100.006256	100.004913	100.007416	100.008438	100.010406	100.009064	100.011864	100.011948	100.015091	100.011147	100.011528	100.008308	100.009979	100.010406	100.015022	100.008453	100.010231	100.009048	100.015602	100.012901	100.009224	100.005974	100.009193	100.011108	100.012527	100.009361	100.010208	100.009392	100.010429	100.013336	100.010231	100.006638	100.006447	100.011002	100.005363	100.003853	100.00161	100.005867	100.004234	100.004005	100.008347	100.004005	100.007233	100.01255	100.009323
799	100.007164	99.99485	100.000557	99.99807	99.995056	100.007484	100.003838	100.006439	100.003181	100.004539	100.005928	100.012123	100.006989	100.009644	100.0103	100.005814	100.007317	100.005379	100.008461	100.009773	100.010178	100.012062	100.013062	100.014748	100.015793	100.01342	100.012604	100.011353	100.012207	100.012146	100.017891	100.011002	100.011185	100.008568	100.017319	100.015709	100.01149	100.009247	100.012207	100.01236	100.014244	100.009918	100.010178	100.012466	100.013222	100.01532	100.011101	100.008545	100.007889	100.011574	100.006546	100.007141	100.002052	100.009941	100.004364	100.006393	100.010315	100.006554	100.009369	100.011887	100.010719
800	100.007317	99.995499	100.002357	99.998405	99.995438	100.008713	100.004745	100.007416	100.002815	100.005577	100.006248	100.013092	100.007721	100.010086	100.011101	100.007568	100.007835	100.005508	100.009178	100.010742	100.010422	100.014702	100.013733	100.015976	100.016113	100.015167	100.01358	100.013145	100.013481	100.013649	100.019547	100.012383	100.012352	100.009003	100.019012	100.017258	100.013206	100.01181	100.01403	100.013176	100.015594	100.010338	100.010513	100.013962	100.014786	100.016342	100.011673	100.009712	100.009117	100.012245	100.007339	100.008919	100.003014	100.0121	100.0047	100.007973	100.011787	100.008186	100.010681	100.011719	100.012115
801	100.007561	99.994904	100.000465	99.997749	99.995552	100.007568	100.004807	100.007996	100.004341	100.005592	100.005707	100.012634	100.009392	100.007034	100.011894	100.008667	100.007019	100.004837	100.009155	100.010811	100.011719	100.016388	100.013062	100.013504	100.015511	100.015579	100.014282	100.011971	100.012482	100.014557	100.018356	100.010994	100.014053	100.011612	100.02066	100.015877	100.013603	100.012657	100.012985	100.01297	100.016006	100.010445	100.011696	100.011765	100.013443	100.015114	100.011589	100.009132	100.009811	100.013138	100.007263	100.007095	100.005173	100.009705	100.005516	100.00769	100.012077	100.007629	100.010063	100.012741	100.013527
802	100.00782	99.994278	99.998543	99.997078	99.995682	100.006401	100.004852	100.008606	100.005898	100.005615	100.005173	100.012169	100.011086	100.003937	100.012711	100.009796	100.006195	100.004158	100.009117	100.010887	100.013039	100.01812	100.012383	100.010971	100.014915	100.015999	100.014984	100.010773	100.011459	100.015488	100.017143	100.00956	100.015793	100.014259	100.022354	100.01445	100.014008	100.013527	100.011917	100.012764	100.016441	100.010559	100.012886	100.009537	100.012077	100.013863	100.011482	100.008545	100.010513	100.014069	100.007164	100.005249	100.007378	100.007271	100.00634	100.007378	100.012375	100.007072	100.009445	100.013779	100.014961
803	100.00808	99.993652	99.996559	99.996391	99.995819	100.005211	100.004898	100.009216	100.007484	100.00563	100.004623	100.011696	100.012817	100.000748	100.013557	100.010956	100.005356	100.003471	100.009087	100.010971	100.014404	100.019882	100.011703	100.008392	100.01429	100.016441	100.015709	100.009537	100.010406	100.016441	100.015877	100.008095	100.017586	100.016991	100.024078	100.012993	100.014412	100.014412	100.010834	100.01255	100.016876	100.010666	100.01413	100.007233	100.010681	100.012566	100.011398	100.007942	100.011238	100.014999	100.007072	100.003342	100.009628	100.004784	100.007202	100.007072	100.012695	100.0065	100.008812	100.014839	100.016426
804	100.007042	99.994667	99.997505	99.99765	99.994385	100.006042	100.005043	100.008598	100.008453	100.005806	100.005707	100.011467	100.013557	100.00473	100.013397	100.010872	100.007225	100.005051	100.009789	100.011429	100.0131	100.0196	100.013985	100.010933	100.015831	100.015579	100.016281	100.009491	100.011467	100.0168	100.016212	100.010384	100.016891	100.017776	100.025223	100.013695	100.014282	100.01384	100.011421	100.012268	100.016716	100.013435	100.015152	100.008858	100.010658	100.013336	100.012123	100.009026	100.011208	100.01416	100.007843	100.005745	100.008774	100.006721	100.007866	100.007011	100.012444	100.008049	100.009415	100.016365	100.017014
805	100.005974	99.995728	99.998505	99.998978	99.992905	100.006912	100.005196	100.007942	100.009445	100.00602	100.006844	100.011238	100.014267	100.008865	100.013245	100.010773	100.009178	100.006721	100.010529	100.011917	100.011757	100.019302	100.016365	100.013588	100.017426	100.014687	100.016876	100.009476	100.012566	100.017181	100.016594	100.012779	100.016144	100.018547	100.026405	100.014427	100.014137	100.013245	100.012039	100.011955	100.016556	100.016312	100.016228	100.010559	100.010658	100.01416	100.012886	100.010147	100.011147	100.013306	100.008644	100.008263	100.007858	100.008751	100.008522	100.006973	100.012184	100.009659	100.010071	100.017944	100.017616
806	100.004852	99.996796	99.999527	100.000298	99.991379	100.007797	100.005341	100.007263	100.010445	100.006226	100.007996	100.011002	100.015007	100.0131	100.013077	100.010658	100.011169	100.008408	100.011276	100.012421	100.010345	100.018967	100.018799	100.016312	100.019058	100.013771	100.017464	100.009445	100.013695	100.017532	100.016953	100.015198	100.015381	100.019333	100.027596	100.015167	100.013985	100.012627	100.012657	100.011635	100.01638	100.019226	100.017296	100.012291	100.010635	100.014999	100.013664	100.011299	100.011101	100.012421	100.009453	100.010826	100.006905	100.010834	100.009201	100.006905	100.011917	100.011292	100.010719	100.019539	100.018204
807	100.00473	99.997078	99.998421	100.000336	99.992653	100.007416	100.004242	100.007271	100.010513	100.006577	100.007927	100.011078	100.014618	100.013649	100.012756	100.011841	100.012085	100.009087	100.012123	100.012146	100.010811	100.018166	100.017426	100.016823	100.020172	100.015175	100.017975	100.010262	100.014603	100.018097	100.016487	100.015053	100.016045	100.019035	100.025871	100.016388	100.01384	100.012459	100.012169	100.011513	100.017418	100.019859	100.018219	100.013672	100.010803	100.015259	100.014206	100.011803	100.010612	100.012573	100.010155	100.011612	100.008621	100.012161	100.010323	100.008682	100.012375	100.012222	100.011192	100.020264	100.017204
808	100.005104	99.996956	99.996239	99.999687	99.995323	100.006378	100.002495	100.007614	100.010132	100.007011	100.007225	100.011276	100.013611	100.012329	100.012337	100.013664	100.012505	100.009216	100.013039	100.011505	100.012222	100.017128	100.014114	100.016212	100.021042	100.017784	100.01844	100.011528	100.015404	100.018753	100.015602	100.013611	100.017464	100.018188	100.022652	100.017845	100.01371	100.012505	100.011108	100.011505	100.019073	100.019348	100.019058	100.014862	100.011047	100.015236	100.014626	100.011971	100.009895	100.01326	100.010826	100.011505	100.011703	100.013123	100.011681	100.011398	100.013184	100.012817	100.011589	100.020576	100.015366
809	100.005493	99.996826	99.994019	99.999031	99.998055	100.005341	100.000717	100.007988	100.009727	100.007477	100.006523	100.011505	100.012611	100.010971	100.011917	100.015533	100.012924	100.009369	100.013985	100.010834	100.013649	100.01606	100.01075	100.015617	100.021919	100.020454	100.018929	100.012817	100.016228	100.019432	100.014709	100.012146	100.018921	100.017334	100.019386	100.019348	100.013588	100.012543	100.010025	100.01149	100.020767	100.018822	100.019928	100.016113	100.011314	100.015221	100.015083	100.012146	100.009171	100.013969	100.011505	100.011398	100.014854	100.014099	100.013062	100.01416	100.014046	100.01342	100.012001	100.020897	100.013496
810	100.006355	99.997726	99.994301	99.999084	100.000488	100.00576	100.000809	100.008926	100.009933	100.008453	100.007057	100.012611	100.012718	100.010887	100.012924	100.017563	100.013969	100.010147	100.015068	100.011917	100.01532	100.016335	100.009605	100.016228	100.022911	100.022484	100.019249	100.014175	100.017418	100.01992	100.015137	100.012711	100.020668	100.017593	100.018463	100.020561	100.014687	100.013794	100.009605	100.013199	100.02227	100.018242	100.020943	100.017639	100.012138	100.016464	100.016579	100.013092	100.010094	100.015511	100.012543	100.011734	100.017075	100.015747	100.014587	100.016975	100.015274	100.014862	100.012947	100.021912	100.013565
811	100.00808	100.000504	99.999275	100.00045	100.002304	100.008919	100.004433	100.010933	100.011215	100.010384	100.00988	100.01535	100.0149	100.013138	100.016579	100.019852	100.016167	100.012062	100.016426	100.016235	100.017395	100.019089	100.012657	100.019112	100.024071	100.023308	100.019279	100.015663	100.019279	100.020096	100.018013	100.017082	100.022934	100.019981	100.021996	100.021217	100.018021	100.017273	100.010422	100.018036	100.023361	100.017586	100.022209	100.019684	100.013985	100.020012	100.02005	100.015411	100.014099	100.018585	100.014198	100.012848	100.017487	100.01857	100.016365	100.019768	100.017204	100.017822	100.0149	100.024185	100.017273
812	100.009857	100.003342	100.004364	100.001846	100.00415	100.012138	100.008133	100.01297	100.01255	100.012375	100.012779	100.018166	100.017128	100.01545	100.020325	100.022186	100.018402	100.014023	100.017799	100.020638	100.019501	100.021889	100.015785	100.022064	100.025238	100.024124	100.019302	100.017189	100.021172	100.020264	100.020943	100.021538	100.025261	100.022415	100.025604	100.021889	100.021431	100.020828	100.011253	100.022995	100.024498	100.016914	100.023506	100.021782	100.015869	100.023651	100.023582	100.017799	100.018204	100.021721	100.015877	100.014008	100.017929	100.021469	100.018181	100.022636	100.019157	100.020851	100.016876	100.026527	100.021072
813	100.011589	100.006081	100.009247	100.003159	100.005913	100.015244	100.011719	100.014923	100.013855	100.014259	100.015579	100.020836	100.019196	100.017693	100.023911	100.02433	100.020554	100.015808	100.019035	100.024857	100.02153	100.024498	100.018822	100.024902	100.026283	100.024811	100.019249	100.018631	100.022972	100.02047	100.023796	100.025833	100.027428	100.024704	100.029121	100.022484	100.024673	100.024246	100.012138	100.027725	100.025497	100.016258	100.024651	100.023735	100.017723	100.027145	100.026962	100.020004	100.02211	100.024673	100.017532	100.015129	100.018349	100.0242	100.019852	100.025269	100.021019	100.023781	100.018822	100.028763	100.024666
814	100.011269	100.005112	100.007187	100.001617	100.004852	100.013985	100.010719	100.013611	100.013863	100.01255	100.014725	100.018402	100.016006	100.016998	100.021973	100.020767	100.019112	100.012741	100.015953	100.022438	100.020386	100.021072	100.018288	100.023506	100.023331	100.021301	100.017456	100.017509	100.021706	100.020943	100.022766	100.023567	100.024887	100.022469	100.028564	100.021111	100.021805	100.022545	100.013397	100.024437	100.022972	100.01619	100.021339	100.021339	100.01812	100.025627	100.02475	100.017128	100.019363	100.021652	100.017128	100.014946	100.018051	100.021378	100.017075	100.021233	100.01918	100.022469	100.018539	100.02742	100.021538
815	100.010956	100.004135	100.005104	100.000046	100.003754	100.012711	100.009689	100.012276	100.013878	100.010811	100.013855	100.015938	100.012764	100.016296	100.019981	100.01712	100.017632	100.009621	100.012802	100.019958	100.019226	100.017593	100.017761	100.022087	100.020325	100.017723	100.015617	100.016365	100.020409	100.021431	100.021759	100.021255	100.022293	100.020195	100.027992	100.019714	100.018883	100.020813	100.014702	100.021103	100.020409	100.016144	100.017952	100.018906	100.018539	100.024094	100.022491	100.014198	100.016556	100.01857	100.016747	100.014786	100.017761	100.018486	100.014236	100.017105	100.017319	100.021133	100.018265	100.026031	100.018372
816	100.01062	100.00312	100.00293	99.998444	100.002647	100.011398	100.008652	100.01091	100.013878	100.00901	100.012955	100.013397	100.009445	100.015579	100.017952	100.013397	100.016129	100.006401	100.009583	100.017418	100.018051	100.01403	100.017204	100.020638	100.017235	100.014053	100.013733	100.015198	100.019096	100.021935	100.020691	100.018883	100.01963	100.017868	100.02742	100.018288	100.015877	100.019051	100.016022	100.01767	100.017776	100.016068	100.014496	100.016403	100.018944	100.022507	100.020203	100.011192	100.013672	100.015411	100.016335	100.014587	100.017464	100.015533	100.011337	100.012878	100.015411	100.019775	100.017967	100.024643	100.015114
817	100.009766	100.00238	100.000725	99.997307	100.001129	100.010345	100.007164	100.009361	100.013176	100.008629	100.012169	100.012398	100.008667	100.01413	100.017082	100.012329	100.014099	100.006485	100.010658	100.015518	100.016495	100.014854	100.015816	100.017944	100.015434	100.013817	100.012985	100.014183	100.019249	100.021255	100.019333	100.01844	100.018311	100.016846	100.026337	100.017738	100.014427	100.018188	100.015625	100.016258	100.016975	100.017296	100.013054	100.015282	100.018105	100.022034	100.019135	100.010338	100.012207	100.014664	100.016006	100.013519	100.017715	100.014458	100.010063	100.01165	100.014519	100.017883	100.017479	100.023926	100.014587
818	100.00869	100.00174	99.998466	99.996353	99.999443	100.009384	100.005508	100.007721	100.012192	100.008774	100.011444	100.011978	100.008865	100.012398	100.016663	100.012268	100.011848	100.007858	100.013397	100.013855	100.014786	100.017395	100.014099	100.014755	100.014137	100.0149	100.012672	100.013222	100.019981	100.020096	100.017868	100.018761	100.017487	100.016319	100.025032	100.017532	100.013565	100.017677	100.01458	100.015625	100.016853	100.019035	100.012383	100.014702	100.016769	100.021973	100.018524	100.0103	100.011269	100.014832	100.015732	100.012077	100.018181	100.014114	100.009407	100.011589	100.014023	100.01577	100.016907	100.023483	100.015114
819	100.007607	100.001083	99.996162	99.995369	99.997726	100.008408	100.003792	100.006042	100.011192	100.008942	100.010696	100.011536	100.009087	100.010612	100.016235	100.012192	100.009537	100.009247	100.016212	100.012138	100.013031	100.019989	100.012337	100.01149	100.012794	100.016022	100.012352	100.01223	100.020744	100.018944	100.016365	100.019096	100.016655	100.015785	100.023712	100.017319	100.01268	100.017151	100.013496	100.014984	100.016747	100.020828	100.011696	100.014091	100.015404	100.021919	100.017914	100.010277	100.0103	100.015007	100.01545	100.010612	100.018654	100.013756	100.008736	100.011513	100.013504	100.013626	100.016335	100.023033	100.015656
820	100.006889	100.000893	99.994781	99.994385	99.997559	100.007439	100.002373	100.005386	100.0103	100.00914	100.010254	100.011208	100.009903	100.009857	100.016273	100.011192	100.008484	100.010208	100.017525	100.011673	100.01255	100.021042	100.011658	100.010193	100.012604	100.016953	100.012901	100.012276	100.020554	100.018021	100.015793	100.019096	100.015663	100.016655	100.023605	100.017479	100.012482	100.017021	100.014519	100.014244	100.016716	100.021576	100.011826	100.014755	100.014511	100.021004	100.017944	100.011238	100.010811	100.014854	100.015259	100.010559	100.017776	100.01403	100.008774	100.012482	100.013268	100.01284	100.016556	100.022102	100.016953
821	100.00676	100.001381	99.994781	99.993416	99.999657	100.006508	100.001396	100.006256	100.00956	100.009415	100.010262	100.011024	100.01162	100.01062	100.016998	100.00882	100.009285	100.010551	100.016609	100.013039	100.013924	100.019791	100.012543	100.011757	100.014076	100.017639	100.014709	100.013878	100.01899	100.017487	100.016632	100.018623	100.014458	100.019577	100.025269	100.018166	100.013268	100.017441	100.018585	100.013412	100.016808	100.020828	100.013138	100.017288	100.01432	100.01886	100.018906	100.013672	100.013443	100.014236	100.015167	100.012611	100.014946	100.015213	100.009834	100.014984	100.013435	100.014053	100.01799	100.020508	100.019348
822	100.00663	100.001892	99.994766	99.992424	100.001823	100.005569	100.000381	100.007141	100.00882	100.009689	100.010284	100.010834	100.01339	100.011398	100.017754	100.006393	100.010094	100.010887	100.015678	100.01445	100.015343	100.018524	100.013443	100.013351	100.015602	100.018349	100.016556	100.015495	100.01738	100.016953	100.017487	100.018158	100.013229	100.022568	100.027	100.018883	100.014076	100.017868	100.022743	100.012543	100.016907	100.02005	100.014481	100.019859	100.014099	100.016663	100.019882	100.016151	100.016144	100.013603	100.015083	100.014709	100.012054	100.016418	100.010933	100.017532	100.013588	100.015305	100.01944	100.01886	100.021805
823	100.006676	100.002304	99.995087	99.99176	100.003883	100.00489	100.000046	100.008072	100.008202	100.010124	100.010429	100.010941	100.015236	100.012077	100.018333	100.004494	100.010857	100.011421	100.014938	100.015831	100.01683	100.017464	100.014366	100.014816	100.017311	100.019073	100.018326	100.017059	100.016235	100.016525	100.018478	100.01767	100.012466	100.025368	100.028488	100.019577	100.014938	100.018272	100.026108	100.011932	100.017151	100.01931	100.015678	100.022232	100.014099	100.014786	100.020767	100.018326	100.018478	100.013123	100.014938	100.016312	100.009598	100.017372	100.011803	100.019897	100.013947	100.01664	100.020752	100.017525	100.02401
824	100.008308	100.001839	99.998291	99.994202	100.0047	100.006721	100.005806	100.009171	100.008858	100.011848	100.011673	100.013565	100.017479	100.011787	100.017403	100.007759	100.010994	100.013626	100.01606	100.016853	100.018867	100.018517	100.015152	100.014786	100.02047	100.019981	100.01899	100.017715	100.019478	100.017227	100.020584	100.017227	100.01606	100.025963	100.027847	100.020157	100.016129	100.01844	100.021622	100.013802	100.018814	100.019051	100.015274	100.022293	100.016006	100.016068	100.020645	100.017227	100.017105	100.014236	100.014236	100.01326	100.011597	100.015816	100.010574	100.020042	100.015953	100.018517	100.02047	100.019241	100.023697
825	100.009987	100.001358	100.001587	99.996712	100.005554	100.008606	100.011703	100.010284	100.009521	100.013626	100.012932	100.016258	100.019768	100.01149	100.016449	100.011108	100.011131	100.015869	100.017212	100.017914	100.020958	100.019585	100.015961	100.014748	100.023697	100.020897	100.019691	100.018394	100.02282	100.017952	100.022743	100.016769	100.019745	100.026573	100.027206	100.020744	100.017334	100.018623	100.017021	100.015724	100.020508	100.018784	100.014854	100.022354	100.017944	100.017395	100.020515	100.01609	100.015701	100.015366	100.013519	100.010124	100.013664	100.014221	100.009308	100.020172	100.01799	100.020424	100.020157	100.020996	100.023392
826	100.011696	100.000854	100.004936	99.999275	100.006401	100.010529	100.017754	100.011444	100.010216	100.015434	100.014236	100.019012	100.022102	100.011185	100.015465	100.014542	100.011276	100.018166	100.018394	100.01899	100.023094	100.020683	100.016769	100.014702	100.027	100.021851	100.020386	100.019073	100.02623	100.018677	100.024963	100.016296	100.023506	100.027176	100.026512	100.021347	100.01857	100.018799	100.012291	100.01767	100.022232	100.018517	100.014404	100.022415	100.01992	100.018738	100.02037	100.014938	100.014244	100.016525	100.012779	100.006889	100.015762	100.012589	100.007996	100.020309	100.020096	100.022385	100.019852	100.022797	100.023056
827	100.01181	100.001488	100.003937	99.998589	100.00502	100.009087	100.016174	100.01162	100.011147	100.01371	100.013885	100.017929	100.020149	100.011002	100.014832	100.013863	100.012192	100.01725	100.017754	100.016632	100.020729	100.019623	100.016388	100.01416	100.025787	100.020851	100.018288	100.018921	100.024162	100.01812	100.024864	100.017372	100.01973	100.026176	100.025497	100.020554	100.017616	100.018845	100.012924	100.015808	100.021194	100.018013	100.013054	100.020828	100.019135	100.017952	100.020775	100.014664	100.013718	100.016113	100.013481	100.006699	100.014183	100.011734	100.008583	100.019279	100.020096	100.021111	100.01738	100.02272	100.021805
828	100.011505	100.002441	100.001717	99.996986	100.002991	100.006691	100.012466	100.011528	100.012161	100.010971	100.013062	100.015762	100.01696	100.010849	100.014259	100.012062	100.013336	100.015427	100.016571	100.01329	100.017097	100.017944	100.015678	100.013474	100.023315	100.01931	100.015366	100.018517	100.020561	100.017189	100.024124	100.018867	100.013794	100.024704	100.024368	100.019363	100.016037	100.01886	100.015007	100.012863	100.019371	100.017426	100.011406	100.018761	100.01757	100.016548	100.021339	100.014618	100.01342	100.015274	100.01458	100.007309	100.011566	100.011063	100.009682	100.017891	100.019547	100.018929	100.014282	100.022141	100.020279
829	100.011185	100.003418	99.999435	99.995354	100.000893	100.004242	100.008682	100.011444	100.013199	100.008156	100.01223	100.013557	100.01371	100.010696	100.013672	100.010208	100.014511	100.013557	100.015381	100.009872	100.013367	100.016235	100.014923	100.012756	100.02079	100.017738	100.012383	100.018105	100.016876	100.016228	100.023392	100.020409	100.007721	100.023201	100.023209	100.018135	100.014412	100.01886	100.017143	100.00985	100.017487	100.016823	100.009727	100.01664	100.015976	100.015106	100.021896	100.014565	100.013123	100.014412	100.015709	100.007927	100.008881	100.010384	100.010803	100.016472	100.018967	100.016701	100.011108	100.021538	100.018715
830	100.009262	100.003265	99.99736	99.994263	99.999168	100.003563	100.005386	100.010551	100.011635	100.005707	100.010422	100.011719	100.011086	100.010193	100.012901	100.00898	100.01445	100.011505	100.014053	100.009033	100.011482	100.014709	100.014481	100.013039	100.018547	100.016617	100.010277	100.016388	100.013885	100.015221	100.022217	100.020264	100.004944	100.021339	100.02195	100.017021	100.012733	100.018181	100.01725	100.008392	100.016357	100.016129	100.009048	100.014877	100.014565	100.014267	100.020683	100.013306	100.011955	100.013649	100.015724	100.007561	100.006226	100.009827	100.011154	100.014702	100.016388	100.014328	100.008308	100.019981	100.017715
831	100.005569	100.001862	99.995506	99.993744	99.997826	100.004898	100.002686	100.008759	100.007118	100.00367	100.007538	100.0103	100.009178	100.0093	100.011932	100.008438	100.013008	100.009239	100.012611	100.011101	100.011635	100.013397	100.014389	100.014427	100.016617	100.015984	100.00914	100.013206	100.01165	100.014153	100.020584	100.018242	100.005867	100.019089	100.020538	100.016045	100.010956	100.016724	100.015053	100.00869	100.016037	100.01532	100.009468	100.013504	100.013374	100.014099	100.017441	100.010704	100.009827	100.012985	100.014496	100.006088	100.003578	100.009415	100.010643	100.012543	100.011589	100.011803	100.005951	100.017342	100.017342
832	100.001778	100.00042	99.993599	99.99324	99.996445	100.006256	99.999908	100.006912	100.002495	100.001587	100.004578	100.008858	100.007225	100.008392	100.010933	100.007881	100.011536	100.006912	100.011131	100.013222	100.011787	100.012054	100.014282	100.015854	100.014641	100.01535	100.007988	100.009964	100.009361	100.013062	100.018906	100.016167	100.006821	100.016785	100.019112	100.015045	100.009155	100.015259	100.012817	100.009003	100.015709	100.014496	100.009903	100.0121	100.012146	100.013939	100.01413	100.008034	100.007629	100.012314	100.013222	100.004578	100.00087	100.009003	100.010124	100.010323	100.00666	100.009201	100.003517	100.014641	100.016975
833	99.999062	99.999329	99.99231	99.993355	99.99559	100.007774	99.99794	100.005951	99.998817	100.000557	100.002625	100.008369	100.005844	100.008141	100.010468	100.007996	100.010406	100.005249	100.010048	100.015411	100.012337	100.01162	100.014305	100.017097	100.013367	100.015274	100.00737	100.007759	100.007942	100.012543	100.017479	100.014587	100.008156	100.015152	100.018326	100.014832	100.007866	100.014183	100.011063	100.009666	100.01577	100.014099	100.010323	100.011238	100.01136	100.014114	100.011803	100.006119	100.006508	100.011826	100.012497	100.003685	99.99926	100.008759	100.010216	100.008713	100.003265	100.007339	100.002197	100.01252	100.016953
834	100.002029	100.000206	99.994225	99.99662	99.997421	100.009903	100.000397	100.009445	100.00032	100.004997	100.005959	100.012779	100.007507	100.01123	100.012779	100.011536	100.011124	100.007103	100.011086	100.017784	100.014725	100.0159	100.01503	100.017296	100.01577	100.018021	100.00956	100.011024	100.011101	100.014938	100.017479	100.015762	100.011299	100.017143	100.020805	100.0186	100.009384	100.015411	100.012054	100.012077	100.017845	100.015953	100.010612	100.013245	100.012863	100.016022	100.014702	100.00824	100.01091	100.012444	100.014648	100.00602	100.003365	100.009453	100.013474	100.010361	100.007927	100.009415	100.006592	100.013588	100.018646
835	100.005066	100.001099	99.996185	99.999962	99.999306	100.0121	100.002899	100.013039	100.001862	100.009552	100.009369	100.017334	100.009216	100.014404	100.015129	100.015167	100.011871	100.009003	100.012138	100.020233	100.017189	100.020302	100.015762	100.017479	100.01825	100.020859	100.01181	100.014404	100.014328	100.017403	100.017479	100.016937	100.014542	100.01918	100.023338	100.022446	100.010918	100.016655	100.013062	100.014565	100.019958	100.017845	100.010895	100.015297	100.014389	100.01799	100.017654	100.010391	100.015427	100.013077	100.016846	100.008415	100.007568	100.01017	100.016808	100.012039	100.012718	100.011536	100.011108	100.014687	100.020393
836	100.008186	100.002029	99.998207	100.00341	100.001236	100.014351	100.00547	100.016747	100.003456	100.014236	100.012901	100.022003	100.010979	100.01767	100.01757	100.018898	100.012627	100.010956	100.013229	100.022743	100.019714	100.024834	100.01651	100.01767	100.02079	100.023773	100.014137	100.01786	100.01767	100.019928	100.017479	100.018166	100.017868	100.021278	100.025963	100.026413	100.01252	100.017952	100.014091	100.01712	100.022141	100.019791	100.011185	100.017403	100.015961	100.020004	100.020721	100.012634	100.020065	100.013718	100.019096	100.010887	100.011917	100.010895	100.020233	100.013779	100.017654	100.013718	100.015747	100.015808	100.022194
837	100.010857	100.001907	99.99939	100.002739	100.003525	100.012466	100.006546	100.014748	100.004921	100.013718	100.012413	100.020493	100.010857	100.016129	100.016083	100.017044	100.011528	100.009659	100.01339	100.020309	100.018158	100.022598	100.014664	100.01725	100.020393	100.021851	100.014076	100.017441	100.016251	100.018547	100.0177	100.018753	100.017609	100.018837	100.025475	100.022804	100.012383	100.015343	100.01162	100.0149	100.022957	100.017189	100.010971	100.015022	100.014854	100.019348	100.018784	100.011803	100.016472	100.012627	100.014862	100.00869	100.011932	100.010696	100.017395	100.012611	100.015831	100.012611	100.014618	100.013206	100.019646
838	100.013504	100.001595	100.00045	100.001373	100.005936	100.009834	100.007378	100.011742	100.006401	100.012299	100.011253	100.017914	100.010422	100.013771	100.013908	100.014221	100.010086	100.007797	100.01339	100.016991	100.015892	100.01918	100.012337	100.016701	100.019493	100.019096	100.013611	100.016365	100.014023	100.016487	100.017975	100.019241	100.016739	100.015556	100.024452	100.01786	100.011971	100.012016	100.008522	100.011848	100.023582	100.013756	100.010666	100.011826	100.013268	100.018242	100.015984	100.010429	100.011421	100.011192	100.009468	100.005661	100.011238	100.010323	100.01342	100.010918	100.012848	100.010918	100.012497	100.009918	100.016319
839	100.016228	100.001274	100.001549	99.999962	100.008408	100.007126	100.008224	100.008652	100.007927	100.010857	100.010071	100.015259	100.009964	100.011314	100.011673	100.011314	100.008606	100.005867	100.01339	100.013565	100.013542	100.015656	100.009941	100.016129	100.01857	100.016258	100.013138	100.015259	100.011703	100.014351	100.01825	100.019745	100.015831	100.012192	100.023392	100.012756	100.011536	100.008598	100.005302	100.00869	100.024208	100.010216	100.010345	100.008522	100.01162	100.017082	100.0131	100.009033	100.00621	100.009743	100.003883	100.002541	100.010536	100.009933	100.009331	100.009178	100.009773	100.009178	100.0103	100.006523	100.012901
840	100.014458	99.999107	100.000679	99.997543	100.00795	100.004562	100.007668	100.007629	100.007507	100.009453	100.008156	100.013687	100.009575	100.009796	100.010063	100.008453	100.007202	100.00473	100.012383	100.011635	100.011208	100.011765	100.008308	100.01416	100.01638	100.0131	100.011192	100.013374	100.010025	100.013161	100.016342	100.017754	100.014915	100.010918	100.020996	100.009605	100.008705	100.005951	100.003433	100.006195	100.022141	100.007507	100.009521	100.006592	100.00956	100.01535	100.010277	100.006615	100.003662	100.007271	100.001076	100.001732	100.009262	100.007919	100.007668	100.006577	100.007164	100.006737	100.008545	100.004578	100.009705
841	100.008926	99.995361	99.998161	99.99427	100.005051	100.002113	100.00589	100.008324	100.005432	100.008057	100.0056	100.012993	100.009239	100.009033	100.008949	100.00563	100.005844	100.004242	100.010536	100.010895	100.008842	100.007523	100.007317	100.011017	100.013115	100.009659	100.007996	100.010834	100.008842	100.012733	100.012589	100.013672	100.013947	100.011375	100.017464	100.008057	100.003853	100.003922	100.002647	100.004265	100.017761	100.005432	100.00827	100.005783	100.007103	100.013138	100.007484	100.003349	100.003288	100.003944	100.000526	100.0028	100.007507	100.004517	100.007996	100.003242	100.004875	100.00367	100.007126	100.003799	100.006699
842	100.003204	99.991493	99.995552	99.990898	100.00206	99.999565	100.004044	100.00901	100.003311	100.006607	100.002983	100.012268	100.008865	100.008247	100.007805	100.002716	100.004433	100.003731	100.008629	100.010132	100.006424	100.003136	100.006294	100.007759	100.009766	100.006088	100.0047	100.008224	100.007629	100.012291	100.008713	100.009453	100.012947	100.011826	100.013802	100.00647	99.998848	100.001846	100.001816	100.002266	100.013268	100.003311	100.006973	100.004944	100.004578	100.010849	100.004601	99.999969	100.002907	100.000504	99.999954	100.003922	100.005684	100.001022	100.008331	99.999786	100.002525	100.000511	100.005661	100.002991	100.003586
843	99.998558	99.988625	99.993446	99.988426	99.999458	99.997543	100.002495	100.00901	100.00106	100.005196	100.000633	100.011238	100.00824	100.007393	100.00621	100.000511	100.003311	100.003006	100.006378	100.009361	100.003853	99.999825	100.005638	100.005066	100.006889	100.003853	100.002357	100.006119	100.006279	100.010979	100.005165	100.006065	100.011734	100.012436	100.011002	100.005508	99.995087	99.999771	100.000801	100.000336	100.009384	100.001457	100.00576	100.004051	100.001907	100.008568	100.001945	99.996727	100.001953	99.998024	99.999603	100.004051	100.003586	99.998154	100.007965	99.997185	100.000122	99.997803	100.003609	100.002159	100.001083
844	99.997589	99.989037	99.993057	99.988976	99.998199	99.997292	100.001953	100.006798	99.998566	100.00396	99.999329	100.009369	100.006744	100.006332	100.003288	100.000679	100.003143	100.001587	100.003159	100.00856	100.001038	100.000038	100.006256	100.004349	100.00576	100.005913	100.00322	100.005707	100.004616	100.007034	100.002815	100.005516	100.009857	100.013458	100.01104	100.006554	99.995537	99.997849	99.999191	99.998802	100.007698	100.000595	100.004898	100.003006	99.999001	100.006508	100.00013	99.994095	99.999184	99.998734	99.999985	100.001099	100.000702	99.997467	100.005379	99.997452	99.997696	99.996666	99.999847	100.001251	100.000671
845	99.996574	99.989456	99.992645	99.989548	99.996895	99.997017	100.001373	100.004509	99.996002	100.002655	99.997955	100.007423	100.005219	100.005234	100.000275	100.000832	100.002968	100.000092	99.999847	100.007721	99.998131	100.000259	100.006882	100.003601	100.004562	100.008026	100.004089	100.005272	100.002899	100.002945	100.000381	100.004921	100.007919	100.014511	100.011063	100.007652	99.995979	99.995865	99.997536	99.997208	100.005951	99.99971	100.004005	100.00193	99.995979	100.004349	99.99826	99.991379	99.996307	99.999458	100.000343	99.998047	99.997719	99.996742	100.002686	99.997704	99.995178	99.995491	99.995941	100.00029	100.000229
846	99.995522	99.989876	99.992203	99.990128	99.995544	99.996742	100.000786	100.002144	99.99334	100.00132	99.996544	100.005409	100.003624	100.004089	99.997147	100.000999	100.002792	99.998573	99.996407	100.006866	99.995117	100.000488	100.007538	100.002815	100.003349	100.010216	100.004997	100.004829	100.001106	99.998718	99.997871	100.004318	100.005913	100.015579	100.011101	100.008759	99.996445	99.993805	99.995804	99.99556	100.004135	99.998787	100.003075	100.000824	99.992867	100.002136	99.996315	99.988564	99.993355	100.000206	100.000725	99.994881	99.994621	99.99601	99.999901	99.997971	99.992577	99.99427	99.991913	99.999306	99.999771
847	99.998978	99.991592	99.993965	99.992653	99.996933	99.997261	99.999519	100.00132	99.997917	100.00267	99.997803	100.004425	100.005424	100.005569	99.99971	100.002708	100.003922	100.000595	100.001213	100.008606	99.99868	100.002708	100.009361	100.004211	100.006042	100.010788	100.007019	100.004349	100.004387	100.002205	100.001717	100.007652	100.006844	100.015366	100.012657	100.011086	99.998833	99.996666	99.99865	99.995468	100.005493	100.000473	100.002563	100.002228	99.995354	100.004982	100.001213	99.994156	99.996162	100.000549	100.00399	99.998215	99.995026	99.997803	99.999672	100.000229	99.997742	99.997345	99.995728	99.999672	100.002014
848	100.002823	99.993423	99.995926	99.995361	99.998535	99.997841	99.998184	100.000557	100.00309	100.004219	99.999268	100.003479	100.007484	100.007233	100.002708	100.004562	100.005165	100.002884	100.00666	100.010551	100.002762	100.005127	100.011337	100.005768	100.009064	100.011292	100.009193	100.003876	100.008095	100.006256	100.006088	100.011322	100.007973	100.015068	100.014366	100.013565	100.001419	99.999931	100.001862	99.995476	100.00708	100.00238	100.002052	100.003853	99.998283	100.008217	100.00666	100.000443	99.999413	100.00087	100.007523	100.002037	99.995659	99.999825	99.999596	100.00267	100.00354	100.000763	100.000153	100.000145	100.004494
849	100.006798	99.995308	99.997917	99.998169	100.000191	99.998451	99.996788	99.999763	100.00843	100.005806	100.000778	100.002495	100.009605	100.008949	100.005791	100.006485	100.006447	100.005249	100.012314	100.012566	100.006958	100.007591	100.013367	100.007393	100.012169	100.011787	100.011421	100.003372	100.011909	100.010445	100.010597	100.015114	100.009155	100.014748	100.016129	100.016106	100.004074	100.003288	100.005173	99.995468	100.008713	100.004341	100.001511	100.005508	100.001289	100.011551	100.012314	100.006927	100.002762	100.001205	100.011154	100.005997	99.9963	100.001892	99.999504	100.005196	100.009521	100.004288	100.004707	100.000618	100.007042
850	100.006889	99.994766	99.99704	100.000336	100.000336	99.998238	99.997276	100.001457	100.009407	100.005997	100.00354	100.005814	100.009621	100.009323	100.007584	100.008987	100.008308	100.006554	100.01371	100.013031	100.010643	100.009552	100.01458	100.009323	100.012413	100.013054	100.011703	100.004066	100.014351	100.013199	100.012222	100.016571	100.009644	100.014343	100.016281	100.016129	100.004807	100.004005	100.006615	99.997314	100.01104	100.006058	100.002441	100.007393	100.002632	100.01297	100.014008	100.009201	100.004509	100.001976	100.009262	100.007271	99.998276	100.003944	100.000046	100.005569	100.010643	100.004829	100.004684	100.000038	100.007401
851	100.004684	99.992767	99.994423	100.002159	99.999596	99.997536	99.998886	100.004616	100.00782	100.005341	100.00708	100.011703	100.008354	100.008896	100.008606	100.011864	100.010513	100.007248	100.012604	100.012589	100.014053	100.011208	100.01532	100.011467	100.010971	100.014771	100.010826	100.005447	100.015999	100.015175	100.012184	100.016693	100.009712	100.013824	100.015472	100.014664	100.004387	100.003159	100.006989	100.000237	100.013794	100.007645	100.004219	100.009415	100.003006	100.013268	100.01342	100.009033	100.005325	100.002991	100.004028	100.006989	100.00106	100.005997	100.000938	100.004662	100.008919	100.003578	100.001945	99.998787	100.006439
852	100.002411	99.990715	99.991707	100.004051	99.99884	99.996826	100.000557	100.007904	100.006187	100.004684	100.010742	100.017822	100.00708	100.008461	100.009689	100.014862	100.012817	100.007965	100.01149	100.012138	100.017593	100.012924	100.01609	100.013695	100.009476	100.016548	100.009918	100.006905	100.0177	100.017204	100.012146	100.01683	100.009811	100.013329	100.014648	100.013145	100.00396	100.002304	100.007355	100.003281	100.016655	100.0093	100.006065	100.011528	100.00341	100.013588	100.012817	100.008865	100.006172	100.004066	99.998619	100.006691	100.003944	100.008133	100.001892	100.003746	100.007141	100.002304	99.999115	99.997498	100.005463
853	100.001839	99.989464	99.990891	100.004662	99.998154	99.996979	100.001503	100.009628	100.005486	100.004425	100.01265	100.02066	100.005653	100.00882	100.010475	100.015846	100.013756	100.008392	100.010574	100.01265	100.019165	100.014435	100.01619	100.014343	100.00882	100.017456	100.010048	100.008308	100.01812	100.018242	100.01265	100.015274	100.009453	100.013474	100.01416	100.012123	100.003143	100.003014	100.007484	100.005516	100.018219	100.010452	100.00737	100.012863	100.003578	100.01371	100.012291	100.008034	100.006737	100.004089	99.995827	100.006401	100.005432	100.009247	100.002838	100.00367	100.005699	100.00235	99.998268	99.998802	100.004555
854	100.004829	99.989983	99.994057	100.002548	99.997681	99.998932	100.000908	100.008049	100.006714	100.00502	100.010857	100.01664	100.004005	100.010803	100.010658	100.012611	100.011894	100.008163	100.010132	100.015129	100.016617	100.01545	100.0149	100.011703	100.009933	100.016525	100.012299	100.009583	100.015808	100.017151	100.014259	100.010284	100.008217	100.015007	100.014404	100.012161	100.001526	100.006973	100.00708	100.006058	100.017036	100.010551	100.0075	100.01255	100.003281	100.013412	100.011978	100.005898	100.006676	100.001976	99.998543	100.006149	100.003944	100.00827	100.003754	100.005379	100.004997	100.005165	100.001549	100.005402	100.003853
855	100.007942	99.990517	99.99733	100.000397	99.997215	100.000969	100.00032	100.006416	100.007973	100.005653	100.00901	100.012505	100.002304	100.012863	100.010849	100.0093	100.009979	100.007965	100.009705	100.017715	100.013985	100.016533	100.013565	100.008987	100.011086	100.015572	100.014648	100.01091	100.01342	100.016037	100.01593	100.00515	100.00695	100.016609	100.014648	100.012192	99.999886	100.011101	100.006676	100.006615	100.015831	100.010643	100.007629	100.012245	100.002991	100.013123	100.011658	100.003693	100.006615	99.999802	100.001373	100.005928	100.002434	100.007286	100.004723	100.007164	100.004288	100.008102	100.004959	100.012253	100.00312
856	100.010941	99.990936	100.000465	99.998131	99.996681	100.003006	99.999649	100.004768	100.009171	100.006195	100.007095	100.008247	100.000557	100.014854	100.010971	100.005913	100.007835	100.007782	100.009201	100.020134	100.011292	100.017502	100.012245	100.006248	100.012276	100.014542	100.016846	100.012138	100.010933	100.014832	100.017502	100.000122	100.005707	100.018082	100.014877	100.0121	99.998207	100.015175	100.006195	100.007019	100.014519	100.010658	100.007675	100.011787	100.002693	100.012764	100.011192	100.001457	100.006439	99.997612	100.004089	100.005615	100.000824	100.006142	100.005653	100.008858	100.003456	100.010849	100.008286	100.018944	100.002327
857	100.008369	99.987206	99.996719	99.995438	99.995155	100.003502	99.997719	100.004288	100.006653	100.004105	100.005196	100.005081	99.999374	100.013367	100.009033	100.004364	100.00106	100.008354	100.007889	100.015961	100.01001	100.014374	100.012718	100.005424	100.013672	100.012207	100.012436	100.009598	100.007805	100.012505	100.014374	100.003326	100.006905	100.0149	100.013924	100.008438	99.997719	100.014137	100.004105	100.002731	100.011444	100.008179	100.005234	100.007858	100.002647	100.011147	100.006958	100.000473	100.002693	99.997383	100.001213	100.003967	99.998634	100.00238	100.004814	100.006065	100.000038	100.005234	100.006317	100.014755	100.000534
858	100.005707	99.983345	99.992828	99.992653	99.993576	100.004028	99.995712	100.003799	100.004051	100.001923	100.003227	100.001801	99.998154	100.011803	100.007034	100.002754	99.99408	100.008965	100.006523	100.011658	100.008682	100.011169	100.013222	100.004578	100.015114	100.009789	100.007889	100.006935	100.004562	100.010094	100.011169	100.006653	100.008141	100.011589	100.012947	100.004662	99.997208	100.013077	100.001923	99.998283	100.00827	100.005592	100.002708	100.003792	100.002586	100.009468	100.002602	99.999451	99.99881	99.997154	99.998245	100.002251	99.996368	99.998497	100.00396	100.003174	99.996483	99.999443	100.004265	100.010429	99.998672
859	100.002968	99.979355	99.988815	99.989769	99.991951	100.004578	99.993637	100.003288	100.001373	99.99968	100.00119	99.998413	99.99688	100.010208	100.004982	100.001083	99.986855	100.009583	100.005112	100.00721	100.007309	100.007843	100.013718	100.003708	100.016609	100.007294	100.003181	100.004211	100.001228	100.007614	100.007843	100.010086	100.009415	100.008179	100.011932	100.000763	99.996681	100.011955	99.99968	99.993698	100.004997	100.002945	100.000084	99.99958	100.002541	100.007721	99.998077	99.998405	99.994797	99.99691	99.995171	100.000488	99.994026	99.994484	100.003075	100.000191	99.992821	99.993454	100.002159	100.005951	99.996742
860	100.00386	99.984375	99.989197	99.991257	99.992386	100.004997	99.996529	100.005104	100.001633	100.002014	100.003471	99.999855	99.999252	100.011078	100.008072	100.002052	99.989021	100.00882	100.006691	100.008949	100.007507	100.007439	100.015221	100.006126	100.016869	100.006195	100.00248	100.003647	100.00293	100.008156	100.008789	100.012924	100.009666	100.009178	100.012505	100.002083	99.999825	100.011658	100.001884	99.995537	100.007545	100.005638	100.003036	100.001595	100.004257	100.008049	99.998932	100.000916	99.995956	100.000275	99.996887	100.002411	99.995361	99.997833	100.004005	100.002266	99.993835	99.994621	100.001945	100.006126	100.001694
861	100.006187	99.992943	99.991272	99.994446	99.993637	100.005363	100.001373	100.007835	100.003029	100.006165	100.007454	100.003197	100.003067	100.012932	100.013206	100.004051	99.994827	100.007484	100.009445	100.013123	100.008324	100.008156	100.017143	100.00985	100.01664	100.005615	100.003304	100.003899	100.006615	100.00985	100.011375	100.015594	100.009521	100.011871	100.013687	100.005463	100.004433	100.01165	100.005829	99.999878	100.012375	100.010429	100.008186	100.006035	100.006676	100.00914	100.001862	100.004868	99.99913	100.005089	100.000465	100.005783	99.998131	100.004074	100.005638	100.006332	99.996681	99.99855	100.002464	100.008095	100.009384
862	100.008568	100.001816	99.993423	99.997742	99.994919	100.005745	100.006378	100.010658	100.004471	100.010452	100.011566	100.00663	100.007011	100.014839	100.018517	100.006119	100.000824	100.006119	100.012299	100.017426	100.009155	100.008881	100.019119	100.013695	100.016426	100.005005	100.004158	100.004158	100.010406	100.011597	100.014053	100.018333	100.009384	100.014664	100.014915	100.008942	100.009193	100.011635	100.009918	100.004364	100.017372	100.015388	100.013519	100.01062	100.009178	100.0103	100.00489	100.008926	100.002411	100.010071	100.004158	100.009277	100.000992	100.010529	100.007332	100.010513	99.999611	100.002609	100.003014	100.010124	100.017311
863	100.009705	100.00602	99.994904	99.998787	99.997177	100.006195	100.009193	100.012436	100.005005	100.011841	100.0131	100.008881	100.009499	100.015678	100.020805	100.007233	100.005302	100.005875	100.013969	100.019264	100.009583	100.010941	100.020157	100.016335	100.017502	100.005516	100.005257	100.005089	100.013374	100.01329	100.015556	100.020088	100.009415	100.017334	100.016655	100.011002	100.012627	100.011459	100.012825	100.008835	100.019684	100.016846	100.015785	100.013878	100.010361	100.011398	100.007179	100.011299	100.003647	100.012276	100.006805	100.011208	100.003418	100.014915	100.007629	100.012932	100.002083	100.005814	100.003693	100.011337	100.020432
864	100.009026	100.003746	99.995438	99.996712	100.00074	100.006714	100.008926	100.012733	100.004257	100.00914	100.01104	100.009445	100.009964	100.014999	100.018867	100.007034	100.007668	100.00721	100.013992	100.017609	100.00943	100.014839	100.019875	100.017212	100.020363	100.007568	100.006691	100.006935	100.015137	100.014854	100.015404	100.020424	100.009666	100.019775	100.019096	100.011078	100.014175	100.011024	100.014069	100.013199	100.018242	100.013397	100.013771	100.015236	100.009705	100.012413	100.00843	100.011276	100.00206	100.010612	100.007942	100.010979	100.005234	100.016403	100.005997	100.012825	100.003876	100.007759	100.004593	100.011421	100.016846
865	100.008331	100.001396	99.995995	99.994553	100.004425	100.007248	100.008667	100.013054	100.003494	100.006355	100.008919	100.01001	100.010452	100.014305	100.016876	100.006844	100.010094	100.008598	100.014023	100.015915	100.009277	100.01886	100.019562	100.018135	100.023331	100.009689	100.008156	100.00882	100.01696	100.016464	100.015236	100.020752	100.009941	100.022301	100.021614	100.011154	100.015762	100.010574	100.01535	100.017715	100.016762	100.00985	100.011696	100.01664	100.009026	100.013443	100.009727	100.011253	100.00042	100.008904	100.009117	100.010742	100.007095	100.017929	100.004318	100.012733	100.005722	100.009773	100.005493	100.011505	100.013138
866	100.007965	99.998665	99.996201	99.992165	100.007332	100.00737	100.00795	100.012901	100.002625	100.003792	100.006523	100.010109	100.010826	100.013039	100.015007	100.006233	100.011734	100.009598	100.013908	100.014267	100.009064	100.022079	100.018761	100.01844	100.025414	100.011314	100.009598	100.010406	100.01857	100.017723	100.014961	100.020874	100.010109	100.023697	100.023331	100.011292	100.016914	100.010094	100.015999	100.021324	100.015152	100.006485	100.009659	100.018013	100.00827	100.013863	100.011337	100.011238	99.999336	100.007156	100.009903	100.010147	100.008629	100.018669	100.002495	100.012878	100.007393	100.011154	100.006187	100.011765	100.009903
867	100.009827	99.993767	99.993973	99.988571	100.004303	100.004669	100.00428	100.009537	100.001144	100.003197	100.002739	100.006912	100.010345	100.008057	100.014389	100.002876	100.007484	100.007805	100.012947	100.013306	100.00856	100.019073	100.014626	100.014519	100.021049	100.009216	100.010513	100.009491	100.018326	100.016388	100.013901	100.019478	100.009628	100.01693	100.019157	100.011681	100.014687	100.009499	100.012138	100.01799	100.012909	100.005081	100.008301	100.018837	100.007103	100.00975	100.014877	100.011314	100.002357	100.005424	100.007782	100.007164	100.007584	100.013771	100.000046	100.014709	100.007507	100.007866	100.005211	100.013138	100.010506
868	100.011757	99.988716	99.991676	99.984871	100.00119	100.001884	100.000504	100.006058	99.999626	100.002586	99.998817	100.003624	100.00985	100.002899	100.013733	99.999397	100.00309	100.005951	100.011948	100.012314	100.008034	100.015976	100.010361	100.010468	100.016548	100.007072	100.011459	100.008545	100.018082	100.014999	100.012802	100.018036	100.009132	100.009941	100.014839	100.012085	100.012398	100.008896	100.008156	100.014542	100.01059	100.003609	100.006889	100.019691	100.005898	100.005508	100.018539	100.011398	100.005486	100.003639	100.005615	100.004089	100.0065	100.008713	99.997505	100.016594	100.007629	100.004471	100.004196	100.014565	100.011108
869	100.013718	99.98349	99.989296	99.981033	99.997963	99.999008	99.99659	100.002457	99.998047	100.001953	99.994766	100.000214	100.009331	99.997566	100.013062	99.995796	99.99855	100.004021	100.01091	100.011276	100.007484	100.012756	100.005936	100.006271	100.011894	100.004829	100.012413	100.007561	100.017807	100.013565	100.011673	100.016533	100.008598	100.002708	100.010368	100.012505	100.010025	100.008247	100.004028	100.010971	100.008179	100.002113	100.005424	100.020576	100.004662	100.001106	100.022301	100.011459	100.008705	100.001801	100.003349	100.000908	100.005379	100.003479	99.994888	100.018539	100.007751	100.000954	100.003136	100.016037	100.011742
870	100.013588	99.988159	99.987999	99.985245	99.999931	100.001816	99.997772	100.00396	99.999931	100.003014	99.998459	100.00312	100.008049	99.99881	100.010384	99.99807	99.99955	100.005844	100.011063	100.011253	100.008629	100.011238	100.007057	100.004875	100.011536	100.006485	100.014458	100.007881	100.016769	100.013969	100.011909	100.015831	100.010895	100.004051	100.01004	100.013039	100.013718	100.010719	100.006226	100.013527	100.009583	100.005852	100.007805	100.018539	100.006958	100.005486	100.022491	100.011909	100.007759	100.006424	100.004707	100.002548	100.006958	100.00415	99.996643	100.020729	100.008057	100.003792	100.003098	100.014702	100.01181
871	100.013008	99.995026	99.986877	99.991249	100.003067	100.00589	100.000046	100.006569	100.002586	100.004448	100.00386	100.007454	100.006569	100.001442	100.007202	100.001617	100.00174	100.008476	100.011482	100.011429	100.01017	100.01004	100.009361	100.004028	100.012062	100.009026	100.016769	100.008461	100.015533	100.014786	100.012444	100.015282	100.013855	100.007248	100.010551	100.013588	100.018799	100.013885	100.009789	100.017456	100.01181	100.010803	100.011063	100.015831	100.010086	100.011826	100.021935	100.012444	100.005936	100.012543	100.006866	100.005257	100.009155	100.006065	99.999374	100.023041	100.00843	100.008011	100.003265	100.012741	100.01178
872	100.012383	100.002098	99.985733	99.997444	100.006271	100.010094	100.002396	100.009247	100.005325	100.005928	100.009445	100.011917	100.00502	100.004173	100.003899	100.00528	100.004005	100.011192	100.011894	100.011612	100.011742	100.008789	100.011742	100.003159	100.012611	100.011635	100.019157	100.009071	100.014259	100.015602	100.012993	100.014709	100.016891	100.010529	100.011063	100.01416	100.024048	100.017181	100.013474	100.021484	100.014114	100.015915	100.014404	100.013031	100.013306	100.018356	100.021347	100.012993	100.004028	100.018845	100.009087	100.008034	100.011406	100.008034	100.002182	100.025406	100.008797	100.01236	100.003433	100.010719	100.011734
873	100.01149	100.004044	99.986465	99.999496	100.007614	100.010086	100.002907	100.009987	100.007011	100.0065	100.011681	100.011787	100.004707	100.003983	100.00415	100.006699	100.004539	100.011765	100.012955	100.010529	100.011955	100.008202	100.013039	100.004219	100.013885	100.012352	100.017967	100.009956	100.013199	100.013824	100.013695	100.016281	100.017723	100.012077	100.010704	100.015327	100.02401	100.01799	100.013878	100.022003	100.014709	100.016319	100.014267	100.011681	100.013161	100.020287	100.020477	100.013885	100.003471	100.020111	100.010803	100.008865	100.012077	100.008156	100.002197	100.024521	100.009239	100.013283	100.005783	100.009193	100.011742
874	100.010338	100.001312	99.988907	99.997787	100.007248	100.006248	100.001732	100.008926	100.007721	100.006233	100.010895	100.007484	100.005508	100.001129	100.007607	100.006081	100.003517	100.010361	100.014618	100.008263	100.010933	100.008202	100.013367	100.00708	100.015785	100.011322	100.013519	100.011078	100.012299	100.009682	100.014519	100.019814	100.016556	100.012016	100.009537	100.017021	100.019165	100.016579	100.011299	100.019325	100.013718	100.012459	100.010979	100.011612	100.009979	100.018074	100.019348	100.015068	100.004128	100.0168	100.012062	100.007919	100.011299	100.006592	99.999687	100.02066	100.00975	100.011063	100.010109	100.008133	100.011803
875	100.009155	99.998512	99.991432	99.996033	100.006866	100.002289	100.000526	100.007835	100.008461	100.005959	100.010086	100.003067	100.00634	99.998192	100.011185	100.005432	100.002457	100.008926	100.016335	100.005936	100.009857	100.008217	100.013695	100.010025	100.017761	100.010277	100.008926	100.012245	100.011398	100.005409	100.015366	100.02346	100.015327	100.011955	100.008347	100.018761	100.014175	100.015114	100.008652	100.016556	100.012711	100.008461	100.007591	100.011536	100.006691	100.015762	100.018181	100.016312	100.004807	100.013367	100.013367	100.006927	100.010506	100.004959	99.997101	100.016678	100.010277	100.008774	100.01458	100.007019	100.011864
876	100.008102	99.99688	99.992683	99.99514	100.00663	100.00029	99.999702	100.007904	100.009224	100.006569	100.009216	100.000473	100.00737	99.996384	100.013901	100.005898	100.003075	100.008072	100.017799	100.004425	100.009727	100.008545	100.01432	100.012794	100.019585	100.010109	100.006554	100.014153	100.011612	100.002693	100.016022	100.02549	100.014938	100.01265	100.008881	100.020348	100.010811	100.013924	100.006592	100.014374	100.012413	100.00666	100.005997	100.011513	100.004784	100.013863	100.017502	100.017639	100.006065	100.011383	100.013985	100.006691	100.010193	100.003609	99.995346	100.012924	100.010513	100.008202	100.018013	100.006821	100.011658
877	100.007584	99.999382	99.989532	99.997231	100.006851	100.004982	100.000206	100.011826	100.009987	100.010094	100.008202	100.004303	100.009003	99.998489	100.013603	100.010048	100.009216	100.009201	100.018295	100.00576	100.012657	100.009941	100.015793	100.014755	100.020767	100.012924	100.011734	100.018417	100.015594	100.005402	100.015999	100.022057	100.017311	100.015747	100.015236	100.021278	100.013123	100.013756	100.006691	100.014328	100.014481	100.012352	100.010529	100.011551	100.007652	100.013435	100.018517	100.019302	100.009201	100.014343	100.012291	100.008949	100.011612	100.003288	99.996552	100.010193	100.009773	100.013397	100.017776	100.009583	100.010559
878	100.007042	100.001945	99.986282	99.999382	100.007072	100.009811	100.000725	100.015854	100.010773	100.013718	100.007164	100.008217	100.010666	100.000656	100.013268	100.01432	100.015533	100.010361	100.018822	100.007126	100.015678	100.011375	100.017311	100.016762	100.021957	100.015808	100.017044	100.022804	100.019684	100.008179	100.015961	100.018501	100.019753	100.018929	100.021767	100.022232	100.015511	100.013565	100.006798	100.014282	100.016617	100.018188	100.015175	100.011589	100.01059	100.012985	100.019547	100.020996	100.012436	100.01738	100.010529	100.011269	100.013062	100.00296	99.997787	100.00737	100.00901	100.018738	100.017509	100.012421	100.009415
879	100.0065	100.004593	99.982948	100.001587	100.007309	100.014793	100.001251	100.020027	100.011597	100.017456	100.006088	100.012268	100.012398	100.002884	100.012955	100.018715	100.022041	100.011566	100.019371	100.008537	100.018784	100.012848	100.018867	100.018845	100.023209	100.018799	100.02253	100.027321	100.023903	100.011047	100.015953	100.014854	100.02227	100.022232	100.028488	100.023224	100.017967	100.013374	100.006889	100.014221	100.018837	100.024223	100.019981	100.011635	100.013626	100.01252	100.020638	100.022743	100.015762	100.020515	100.008728	100.013649	100.014565	100.002609	99.999062	100.004471	100.008224	100.024261	100.017258	100.01535	100.008247
880	100.007179	100.002304	99.986664	100.003494	100.007668	100.011024	100.001434	100.020279	100.010788	100.0149	100.007866	100.01329	100.011292	100.005806	100.014473	100.014961	100.024078	100.012543	100.016769	100.010994	100.022461	100.014221	100.018585	100.020454	100.023949	100.021324	100.02301	100.02494	100.023949	100.013733	100.019157	100.015846	100.020073	100.022079	100.029121	100.023331	100.016083	100.014046	100.011978	100.013779	100.018082	100.02314	100.0224	100.01329	100.014099	100.015785	100.022591	100.020889	100.015404	100.020203	100.009491	100.016357	100.014725	100.006248	100.00312	100.009621	100.007164	100.023758	100.0186	100.016228	100.01329
881	100.00795	99.999649	99.990913	100.005424	100.008049	100.006615	100.001587	100.020287	100.009857	100.011887	100.00985	100.014137	100.009964	100.008842	100.016151	100.010597	100.025894	100.013519	100.013908	100.013557	100.02626	100.01564	100.018166	100.022087	100.024689	100.023926	100.023201	100.022064	100.023743	100.016472	100.022652	100.017143	100.017532	100.021721	100.029411	100.023392	100.013885	100.014771	100.017525	100.013306	100.01712	100.021576	100.024727	100.015091	100.014427	100.019363	100.024651	100.018753	100.014816	100.019684	100.010422	100.019135	100.014793	100.010231	100.007477	100.015388	100.006058	100.022888	100.020065	100.016991	100.018845
882	100.008736	99.996925	99.995277	100.007416	100.008438	100.002075	100.001755	100.020302	100.008919	100.008774	100.011909	100.01503	100.008606	100.011971	100.017883	100.006119	100.027763	100.014542	100.010979	100.016212	100.030197	100.017082	100.017761	100.023773	100.025452	100.026581	100.023399	100.019112	100.023544	100.019302	100.026253	100.018478	100.014923	100.021347	100.029686	100.023437	100.01165	100.015533	100.023232	100.012825	100.016144	100.019989	100.027122	100.016937	100.014786	100.023056	100.026772	100.016579	100.014206	100.019142	100.011398	100.021996	100.014877	100.014328	100.011948	100.021339	100.004921	100.02198	100.021576	100.017776	100.024582
883	100.009277	99.995094	99.994934	100.006042	100.007118	100.000275	100.000473	100.016716	100.008011	100.007904	100.012375	100.013222	100.007652	100.014183	100.015427	100.005447	100.026871	100.01268	100.009918	100.016312	100.027359	100.017754	100.016937	100.024292	100.025116	100.024536	100.020691	100.017479	100.02285	100.020111	100.026581	100.016151	100.015091	100.019325	100.025192	100.024284	100.011192	100.017097	100.021446	100.013283	100.01458	100.018036	100.025429	100.017929	100.014473	100.024567	100.024879	100.015747	100.013031	100.018295	100.013985	100.021149	100.014748	100.015114	100.012657	100.021599	100.005081	100.019775	100.02005	100.014786	100.025322
884	100.009682	99.993774	99.99192	100.002762	100.004837	100	99.99839	100.011047	100.007141	100.008301	100.011993	100.009903	100.006912	100.0159	100.01059	100.006927	100.024437	100.009216	100.009903	100.014984	100.020721	100.017975	100.0159	100.0242	100.0242	100.019798	100.016357	100.016594	100.021896	100.019821	100.025116	100.011742	100.016823	100.016357	100.017967	100.025581	100.011757	100.019135	100.015427	100.01429	100.012672	100.0159	100.021423	100.01844	100.013824	100.024887	100.020729	100.015678	100.011528	100.017288	100.017525	100.018204	100.014519	100.014053	100.011292	100.018654	100.005997	100.016823	100.016823	100.009666	100.02327
885	100.010086	99.992409	99.988838	99.99939	100.00248	99.999718	99.996231	100.005234	100.006233	100.00869	100.011574	100.006485	100.006149	100.017677	100.005615	100.00843	100.021912	100.005638	100.009895	100.013611	100.013908	100.018219	100.014832	100.024094	100.023247	100.014961	100.011887	100.015663	100.020912	100.019516	100.023605	100.00721	100.018608	100.013306	100.010536	100.026917	100.012329	100.021217	100.009247	100.015327	100.010704	100.013687	100.017296	100.018967	100.013145	100.025223	100.016464	100.015594	100.009964	100.016235	100.021149	100.015175	100.014282	100.012955	100.00988	100.01564	100.006927	100.013771	100.013496	100.00441	100.021156
886	100.009689	99.991379	99.986687	99.996964	100.001503	100.000557	99.995102	100.001732	100.005318	100.007614	100.009933	100.003647	100.004448	100.015915	100.003433	100.007629	100.019073	100.002075	100.009064	100.011444	100.009766	100.017586	100.013626	100.022697	100.020668	100.011375	100.008629	100.015602	100.019478	100.019501	100.021072	100.005173	100.019005	100.012169	100.006699	100.025681	100.011742	100.021126	100.003967	100.014755	100.009201	100.009689	100.014771	100.017822	100.011803	100.023865	100.012848	100.014389	100.007866	100.015152	100.021919	100.011917	100.012192	100.011375	100.007095	100.013458	100.006638	100.010704	100.010895	100.000786	100.01844
887	100.007782	99.990974	99.986382	99.996338	100.00312	100.003471	99.995911	100.002625	100.004372	100.003777	100.005981	100.001945	100.001015	100.007523	100.006546	100.00248	100.015678	99.998619	100.006714	100.007805	100.010765	100.015327	100.012207	100.018921	100.015114	100.010208	100.007721	100.01712	100.01725	100.020042	100.016693	100.007866	100.016769	100.014664	100.009705	100.0196	100.008987	100.016891	100.000534	100.011169	100.008606	100.002396	100.015244	100.013542	100.009193	100.019371	100.010536	100.011086	100.004768	100.014046	100.01725	100.008301	100.006691	100.008919	100.001816	100.012924	100.004128	100.007645	100.009727	100.000366	100.014603
888	100.005829	99.990555	99.986053	99.995689	100.004807	100.00647	99.996742	100.003555	100.003395	99.99984	100.00193	100.000206	99.997482	99.998924	100.009727	99.9972	100.012192	99.995056	100.004288	100.004074	100.011803	100.013031	100.01075	100.015045	100.009415	100.00901	100.006798	100.018669	100.014984	100.020615	100.012192	100.01062	100.014496	100.017212	100.012779	100.013367	100.006149	100.012543	99.997002	100.007484	100.007973	99.994904	100.015762	100.00914	100.006523	100.014755	100.008179	100.00769	100.001587	100.012901	100.012466	100.004562	100.001015	100.006378	99.996361	100.012352	100.001511	100.004494	100.008522	99.999931	100.010666
889	100.003746	99.990204	99.985764	99.995186	100.006279	100.009476	99.997528	100.004646	100.00235	99.996361	99.998222	99.998901	99.994591	99.990921	100.012794	99.992187	100.008713	99.991829	100.002182	100.000916	100.013039	100.01075	100.009178	100.011383	100.004074	100.008049	100.00576	100.019943	100.012764	100.020805	100.008057	100.012924	100.012436	100.019585	100.01577	100.007317	100.003479	100.008476	99.993805	100.003899	100.007523	99.988098	100.016258	100.005112	100.003944	100.010361	100.005974	100.004509	99.998718	100.011658	100.007973	100.001038	99.995857	100.003944	99.991669	100.011696	99.999184	100.001717	100.007416	99.999603	100.007042
890	100.00061	99.990822	99.986176	99.996773	100.004555	100.011574	99.997345	100.008354	100.000557	100.00132	100.001381	100.005104	100.002396	99.995354	100.01297	99.992981	100.006401	99.994904	100.005699	100.007919	100.017166	100.009682	100.006577	100.012444	100.006248	100.010872	100.003563	100.016418	100.012482	100.015327	100.01104	100.007339	100.014565	100.018181	100.016281	100.006355	100.004135	100.010254	99.997055	100.003181	100.009743	99.994453	100.016632	100.008369	100.00399	100.010803	100.007118	100.005783	100.002052	100.009392	100.009583	100.001953	100.000511	100.00399	100.000038	100.009872	100.00174	100.005531	100.007965	100.001106	100.00956
891	99.997391	99.991478	99.98661	99.998428	100.002777	100.013748	99.997154	100.012169	99.998726	100.006424	100.004639	100.01149	100.010422	99.999901	100.013145	99.993813	100.004044	99.998062	100.009323	100.015091	100.0214	100.008598	100.003899	100.013542	100.008499	100.013802	100.001312	100.012817	100.012192	100.009705	100.014114	100.00161	100.016769	100.016747	100.016823	100.005379	100.004814	100.012085	100.000404	100.002464	100.012032	100.000999	100.017014	100.011719	100.004051	100.011269	100.008286	100.007095	100.005463	100.007072	100.011269	100.002907	100.00528	100.004051	100.008652	100.008026	100.004387	100.009453	100.008545	100.00267	100.012161
892	99.99408	99.992126	99.987038	100.000122	100.000938	100.015961	99.996964	100.016083	99.996849	100.01165	100.007988	100.018036	100.018669	100.004578	100.013329	99.994659	100.001595	100.001312	100.013039	100.022484	100.025749	100.007462	100.00116	100.014664	100.010788	100.0168	99.999001	100.009094	100.011909	100.003922	100.017273	99.995712	100.019035	100.015274	100.017372	100.004364	100.005493	100.013969	100.003838	100.001732	100.014374	100.007713	100.017403	100.015152	100.004112	100.011734	100.009499	100.008438	100.008965	100.004669	100.012985	100.003899	100.010193	100.004112	100.017509	100.006104	100.007095	100.013474	100.009117	100.004265	100.014816
893	99.997269	99.990738	99.988464	100.001129	100.001373	100.013351	99.998589	100.016441	99.998558	100.011421	100.005661	100.017563	100.01738	100.005356	100.009003	99.998817	100.000069	100.002693	100.012825	100.022247	100.023865	100.006798	99.99942	100.016785	100.01181	100.016953	99.998199	100.007713	100.011108	100.002716	100.014412	99.999413	100.01683	100.014351	100.01535	100.006721	100.007545	100.015297	100.006271	100.00132	100.014725	100.010338	100.017929	100.015022	100.005257	100.013557	100.010002	100.008728	100.010368	100.00563	100.009727	100.005135	100.008629	100.003922	100.017319	100.008156	100.011826	100.012863	100.007034	100.007484	100.013901
894	100.002525	99.988693	99.990234	100.001953	100.002525	100.009201	100.000824	100.015709	100.001434	100.009499	100.001587	100.014938	100.013138	100.004959	100.003204	100.004112	99.998787	100.003525	100.011406	100.019684	100.020042	100.006248	99.997978	100.019279	100.012459	100.016235	99.997864	100.007019	100.010147	100.002922	100.009659	100.006142	100.013222	100.013588	100.012527	100.010193	100.010071	100.016472	100.008438	100.001022	100.01445	100.01178	100.018517	100.013802	100.006783	100.015831	100.010315	100.00869	100.011169	100.007629	100.004898	100.0065	100.005081	100.003662	100.014366	100.011482	100.017296	100.010788	100.004105	100.011292	100.011848
895	100.007919	99.986565	99.992035	100.002792	100.003685	100.004944	100.003098	100.014946	100.004372	100.007507	99.997375	100.012207	100.008774	100.004532	99.997238	100.009521	99.997459	100.004402	100.009933	100.017021	100.01609	100.005684	99.996475	100.021828	100.013123	100.015488	99.99749	100.00631	100.009155	100.003136	100.004753	100.013054	100.009499	100.012802	100.009621	100.013748	100.01265	100.017693	100.010681	100.000717	100.01416	100.013229	100.019096	100.012527	100.008331	100.018166	100.010612	100.008652	100.011971	100.009682	99.999931	100.007889	100.001396	100.003387	100.011314	100.014915	100.022903	100.008667	100.00106	100.015175	100.00975
896	100.010918	99.986633	99.99263	100.002625	100.004181	100.005005	100.004341	100.0121	100.005341	100.005875	99.994812	100.012123	100.008652	100.004509	99.995781	100.012329	99.997139	100.004723	100.007317	100.014305	100.013008	100.007584	99.996689	100.023499	100.013641	100.015427	100.001266	100.005737	100.009872	100.005402	100.004555	100.016426	100.007835	100.013031	100.008301	100.014702	100.013008	100.017014	100.01162	100.001022	100.014587	100.013161	100.017632	100.010429	100.00882	100.0177	100.008942	100.008133	100.012001	100.011971	99.998634	100.009323	99.998978	100.003967	100.008247	100.016579	100.024292	100.006248	99.998581	100.0149	100.008217
897	100.011253	99.989113	99.991852	100.00132	100.003906	100.009941	100.00441	100.006927	100.004074	100.004623	99.994057	100.014969	100.013306	100.004898	99.999413	100.012161	99.99794	100.004456	100.00341	100.011505	100.010849	100.012192	99.998817	100.024162	100.014008	100.016151	100.009644	100.005302	100.012527	100.010002	100.009644	100.015816	100.008453	100.014389	100.008751	100.012733	100.010849	100.014244	100.011108	100.002037	100.015793	100.011337	100.013863	100.007393	100.008118	100.014114	100.005051	100.007072	100.011169	100.014473	100.001465	100.010788	99.997955	100.005531	100.005188	100.016312	100.020958	100.003494	99.996719	100.009918	100.007317
898	100.011589	99.991676	99.991058	99.999977	100.003639	100.014999	100.004471	100.001595	100.002762	100.003326	99.993294	100.017906	100.018074	100.005302	100.00312	100.012001	99.998756	100.004181	99.999382	100.008606	100.008606	100.016953	100.001015	100.024841	100.014374	100.016891	100.018272	100.004875	100.015244	100.014725	100.014862	100.015198	100.009087	100.015785	100.009216	100.010719	100.008606	100.011406	100.010597	100.00309	100.017036	100.009453	100.009987	100.004265	100.007378	100.010406	100.00106	100.005981	100.010315	100.017059	100.004372	100.012299	99.99691	100.007141	100.002037	100.016037	100.017525	100.000656	99.994812	100.004807	100.006401
899	100.011765	99.994171	99.990379	99.99987	100.004135	100.019058	100.004532	99.998672	100.002136	100.002602	99.993042	100.020233	100.022484	100.006226	100.006866	100.011467	100.000206	100.004364	99.997337	100.006866	100.006973	100.021622	100.003265	100.025452	100.014832	100.017128	100.024887	100.005829	100.017998	100.018227	100.019585	100.015198	100.010193	100.017059	100.010063	100.009666	100.007126	100.009369	100.010429	100.003937	100.018898	100.009026	100.007736	100.001907	100.006905	100.008598	99.99881	100.006226	100.009033	100.019455	100.007591	100.013664	99.996872	100.008896	100.000557	100.015198	100.014236	99.999336	99.993912	100.00161	100.005959
900	100.01123	99.996185	99.990227	100.005104	100.008034	100.018288	100.004593	100.006508	100.004433	100.004372	99.995026	100.019661	100.024918	100.0093	100.010284	100.009361	100.004219	100.006523	100.004112	100.010284	100.007942	100.025429	100.005577	100.025642	100.015572	100.015106	100.022102	100.012733	100.020531	100.016037	100.021614	100.017868	100.013313	100.017654	100.012482	100.012955	100.00898	100.011078	100.011803	100.003815	100.023186	100.014923	100.012741	100.002983	100.007523	100.01519	100.004372	100.012253	100.00602	100.02079	100.011909	100.014206	100.00119	100.011124	100.006508	100.011917	100.01181	100.004745	99.997482	100.007042	100.007614
901	100.010681	99.998245	99.990074	100.010506	100.012054	100.017487	100.004662	100.014587	100.006798	100.006226	99.997086	100.019051	100.027405	100.012444	100.013802	100.007187	100.008354	100.008751	100.011086	100.013802	100.008942	100.029358	100.007965	100.025848	100.016319	100.013016	100.019241	100.019836	100.02314	100.013794	100.02372	100.020615	100.016525	100.018272	100.014969	100.016319	100.010895	100.01284	100.013206	100.003693	100.027611	100.020996	100.017891	100.004074	100.008163	100.021973	100.010124	100.018463	100.002907	100.022163	100.016335	100.014771	100.005638	100.013412	100.012634	100.008545	100.009331	100.010315	100.00116	100.01265	100.009331
902	100.010132	100.000397	99.989929	100.01606	100.016197	100.016678	100.00473	100.022926	100.009247	100.008118	99.999199	100.01844	100.029991	100.015686	100.017441	100.004959	100.012634	100.01104	100.018288	100.017441	100.009979	100.033417	100.010429	100.02607	100.01712	100.010887	100.016296	100.027168	100.025818	100.011482	100.025879	100.023445	100.019836	100.018906	100.017548	100.019821	100.012863	100.014648	100.014687	100.003578	100.032188	100.027275	100.023209	100.005219	100.008835	100.028976	100.016037	100.024879	99.99971	100.02359	100.020912	100.01535	100.010239	100.015785	100.018951	100.005081	100.006775	100.01606	100.004974	100.018417	100.011086
903	100.010048	99.993309	99.989449	100.012016	100.01136	100.012352	100.00116	100.019409	100.008789	100.006088	99.999062	100.015808	100.021866	100.014076	100.015877	100.006798	100.010559	100.012077	100.017082	100.014221	100.008881	100.026634	100.008667	100.021957	100.015106	100.007011	100.008926	100.01963	100.019157	100.009918	100.021133	100.022057	100.016785	100.015427	100.014557	100.018761	100.012062	100.014862	100.01255	100.002441	100.02462	100.024437	100.020233	100.00441	100.008186	100.022758	100.013351	100.016556	99.996078	100.017914	100.013855	100.009331	100.0065	100.007271	100.013039	100.000168	100.00563	100.01104	100.003906	100.015427	100.006935
904	100.01001	99.985031	99.988922	100.006821	100.005402	100.007523	99.997093	100.014481	100.007988	100.003586	99.99868	100.012886	100.01236	100.011871	100.013695	100.009117	100.007759	100.012993	100.014915	100.01017	100.007538	100.018486	100.006378	100.017273	100.012733	100.002838	100.000908	100.010277	100.011276	100.008408	100.015511	100.020149	100.012947	100.011383	100.010872	100.017189	100.010941	100.014893	100.009941	100.001183	100.015495	100.020531	100.016258	100.003365	100.007378	100.014923	100.009644	100.006416	99.992302	100.011314	100.005325	100.002419	100.001778	99.997368	100.00563	99.994972	100.004593	100.0047	100.002304	100.011383	100.002029
905	100.009979	99.976517	99.988373	100.001465	99.999275	100.002548	99.992912	100.009445	100.007179	100.000999	99.998283	100.009895	100.002563	100.009605	100.011459	100.011528	100.004868	100.013962	100.012711	100.005981	100.006149	100.010109	100.004028	100.012459	100.0103	99.998558	99.99263	100.000641	100.003159	100.006844	100.009727	100.018204	100.00901	100.007225	100.00708	100.015579	100.009796	100.014938	100.007271	99.999878	100.006142	100.01651	100.012184	100.002289	100.006554	100.006866	100.005844	99.995956	99.988419	100.004517	99.996567	99.995293	99.996902	99.987152	99.997978	99.989616	100.003525	99.998177	100.000656	100.007225	99.996979
906	100.009003	99.976746	99.990303	99.995819	99.998871	100.002052	99.991074	100.009918	100.004074	100.000832	99.999535	100.007858	100.000397	100.007973	100.011993	100.010559	100.006378	100.012337	100.010529	100.004402	100.004242	100.007042	100.002441	100.009155	100.010025	99.997566	99.993576	99.998756	100.002495	100.006653	100.005653	100.018204	100.006248	100.006256	100.005898	100.014153	100.009682	100.016045	100.005699	100.001022	100.002632	100.01236	100.011757	100.002014	100.007118	100.003899	100.004997	99.991463	99.989281	100.001656	99.990349	99.99411	99.996506	99.986099	99.99437	99.989677	100.003746	99.997498	99.999168	100.007439	99.995674
907	100.007393	99.982605	99.993843	99.989914	100.002159	100.004425	99.990746	100.013962	99.999474	100.002205	100.001862	100.006424	100.003136	100.006744	100.014328	100.007423	100.010765	100.009026	100.008354	100.004471	100.001968	100.007339	100.001312	100.006775	100.011154	99.998695	100.000473	100.001846	100.006615	100.007332	100.002625	100.01947	100.004211	100.007317	100.006378	100.012817	100.010216	100.01786	100.004814	100.003769	100.002876	100.008095	100.013695	100.002228	100.008598	100.00415	100.006042	99.990753	99.993195	100.001289	99.985733	99.996742	99.998978	99.990936	99.993317	99.993202	100.004768	100.000572	99.997803	100.010475	99.99678
908	100.005722	99.988647	99.997498	99.983826	100.005554	100.006851	99.990395	100.018135	99.99472	100.003624	100.004257	100.004944	100.005951	100.005463	100.016724	100.004181	100.015274	100.005615	100.006126	100.004539	99.999634	100.007652	100.000145	100.004303	100.012329	99.999855	100.007591	100.005028	100.010857	100.008034	99.999504	100.020752	100.002083	100.00843	100.006866	100.011429	100.010765	100.019714	100.003906	100.006592	100.003113	100.00367	100.015686	100.002464	100.010109	100.00441	100.007126	99.990013	99.997231	100.000908	99.980957	99.999458	100.001541	99.995926	99.992218	99.996849	100.005829	100.003731	99.996376	100.013603	99.99791
909	100.004219	99.992004	99.998322	99.980423	100.006714	100.007164	99.990242	100.019768	99.992302	100.00322	100.005196	100.00309	100.008308	100.004616	100.01638	100.001503	100.015656	100.002495	100.002739	100.004089	99.998558	100.007858	99.999611	100.002838	100.011719	100.000656	100.009712	100.007057	100.014709	100.008369	99.997498	100.018814	100.00045	100.00943	100.006714	100.009277	100.010475	100.019028	100.00116	100.00737	100.001419	100.00293	100.016533	100.002838	100.009666	100.00502	100.006104	99.989655	99.999329	99.999985	99.979584	100.000656	100.002625	99.999344	99.992569	99.998268	100.004646	100.003395	99.994644	100.014687	99.998817
910	100.003052	99.989632	99.993195	99.982765	100.003143	100.002991	99.990486	100.015999	99.99482	99.998978	100.003036	100.000473	100.009682	100.0047	100.010323	100.000107	100.007332	100.000084	99.99707	100.002518	100.000168	100.007774	100.00042	100.003494	100.007416	100.000671	100.001297	100.006554	100.017609	100.007889	99.997864	100.010147	99.999847	100.010193	100.005188	100.005554	100.008392	100.013016	99.994644	100.003815	99.995728	100.009918	100.014969	100.003494	100.005127	100.006317	100.000694	99.990089	99.997276	99.99794	99.985374	99.998619	100.000633	99.999329	99.995918	99.994972	99.99881	99.995682	99.99231	100.011459	99.999199
911	100.001869	99.987183	99.987892	99.985176	99.999466	99.998688	99.990753	100.012123	99.997437	99.994606	100.000809	99.997787	100.011078	100.004768	100.004074	99.998657	99.998749	99.997597	99.991211	100.000893	100.001823	100.007698	100.001251	100.004181	100.002983	100.000679	99.992615	100.006042	100.020615	100.007401	99.998245	100.001183	99.999229	100.010994	100.003624	100.001701	100.006256	100.006798	99.987915	100.000145	99.989853	100.017143	100.013367	100.004181	100.00045	100.007675	99.995102	99.990555	99.995155	99.995842	99.991364	99.996521	99.998566	99.999321	99.999374	99.99157	99.992775	99.98774	99.989906	100.008133	99.999603
912	100.000717	99.984795	99.982887	99.987663	99.995926	99.994576	99.991104	100.008163	99.999847	99.990715	99.998444	99.995422	100.012314	100.00473	99.998154	99.9972	99.990417	99.995201	99.985542	99.999329	100.003586	100.007545	100.002075	100.004814	99.998863	100.000618	99.984352	100.005447	100.023338	100.006958	99.998688	99.992821	99.998489	100.01178	100.002121	99.99807	100.004066	100.000656	99.981506	99.996635	99.984291	100.024048	100.011757	100.004814	99.995888	100.009026	99.989738	99.99086	99.993149	99.993851	99.997292	99.994453	99.996643	99.999306	100.002655	99.988235	99.9869	99.980202	99.987801	100.005066	99.999947
913	100.00116	99.985413	99.9869	99.990028	99.997581	99.996841	99.993324	100.005302	99.996628	99.998924	99.994995	100.000931	100.0093	100.002228	100.002846	99.996513	99.992401	99.996201	99.987244	99.999748	100.006226	100.005951	100.001892	100.004028	100.00399	99.998909	99.989883	100.003609	100.019218	100.007721	100.000168	100.001717	99.995895	100.011971	100.003014	100.001053	100.001976	99.999809	99.985489	99.998512	99.988541	100.020149	100.011528	100.004028	99.996681	100.009384	99.992363	99.987923	99.994759	99.995468	99.998314	99.994148	99.998734	99.999298	100.000343	99.988258	99.987976	99.985893	99.993179	100.00943	99.998878
914	100.00161	99.986038	99.991035	99.992477	99.999275	99.999191	99.995605	100.002327	99.993294	100.007401	99.991417	100.006607	100.006172	99.999641	100.007675	99.995789	99.994453	99.997215	99.988991	100.000175	100.008942	100.004303	100.001701	100.00322	100.009285	99.997139	99.995598	100.001701	100.014946	100.008499	100.001694	100.010895	99.993202	100.012169	100.003937	100.004112	99.999825	99.998932	99.989609	100.000443	99.99292	100.016113	100.011276	100.00322	99.99749	100.00975	99.995071	99.984886	99.996414	99.997131	99.999367	99.993828	100.000885	99.999283	99.99794	99.988274	99.989082	99.991753	99.998734	100.013947	99.997765
915	100.002075	99.986687	99.995323	99.995018	100.001053	100.00161	99.997971	99.999268	99.989853	100.016174	99.987724	100.012497	100.00296	99.996979	100.012695	99.995056	99.996574	99.998291	99.990791	100.000618	100.011757	100.002602	100.001503	100.00238	100.014771	99.995316	100.001511	99.999741	100.010551	100.009308	100.003281	100.020393	99.990433	100.012375	100.00489	100.007286	99.997612	99.998024	99.993866	100.002441	99.997452	100.011955	100.011024	100.00238	99.998337	100.010147	99.997864	99.98175	99.998131	99.998863	100.000473	99.9935	100.00312	99.999275	99.995468	99.988304	99.990227	99.997826	100.004486	100.018623	99.996613
916	99.99894	99.98513	99.989388	99.993141	100.001129	99.997559	99.988495	99.99472	99.984406	100.0121	99.989792	100.006805	99.996864	99.994225	100.008881	99.992233	99.997391	99.994545	99.985764	99.996773	100.007919	100.001183	99.999413	99.998596	100.01075	99.992744	99.999687	99.993912	100.006508	100.00634	99.997826	100.012054	99.986534	100.008263	99.998787	99.999153	99.993935	99.993286	99.992744	99.998985	99.996796	100.000214	100.003326	99.996864	99.990051	100.002762	99.99437	99.979904	99.995239	99.993561	99.995041	99.985916	99.997482	99.994591	99.991188	99.986259	99.985374	99.993912	99.995209	100.010994	99.990944
917	99.994568	99.982819	99.980042	99.989822	100.000702	99.991333	99.975014	99.989586	99.978188	100.00383	99.993744	99.997292	99.989708	99.991379	100.002159	99.988663	99.99781	99.989189	99.978424	99.991447	100.001862	99.999832	99.996651	99.993752	100.003586	99.989876	99.995323	99.986702	100.002495	100.002083	99.990005	99.997818	99.982185	100.00267	99.990288	99.987228	99.989708	99.987213	99.989876	99.993706	99.994453	99.985779	99.993065	99.989708	99.978653	99.992722	99.988785	99.978424	99.990807	99.985901	99.987396	99.975822	99.989189	99.988319	99.986229	99.983513	99.978485	99.986702	99.980911	99.99926	99.983688
918	99.990051	99.980431	99.97039	99.986389	100.000252	99.984886	99.961075	99.984291	99.971756	99.99527	99.997841	99.987457	99.982307	99.988441	99.995193	99.984985	99.998238	99.983635	99.970833	99.985939	99.995598	99.998436	99.99379	99.988762	99.996201	99.986908	99.990807	99.979248	99.998344	99.997696	99.981903	99.983093	99.977692	99.99688	99.981491	99.974892	99.985344	99.980942	99.986908	99.988235	99.992027	99.970848	99.98246	99.982307	99.966881	99.982338	99.982994	99.976891	99.986229	99.977966	99.979492	99.965393	99.980614	99.981834	99.981102	99.980675	99.971367	99.979248	99.966141	99.987122	99.976196
919	99.986412	99.980492	99.967972	99.984779	99.99678	99.984322	99.958496	99.98616	99.972359	99.991364	100.001038	99.985321	99.980286	99.988159	99.992477	99.984955	99.998451	99.983307	99.969879	99.982658	99.993721	99.999168	99.994751	99.987144	99.994637	99.986603	99.988327	99.977531	99.995995	99.995445	99.977898	99.977753	99.979706	99.996986	99.979309	99.970863	99.986687	99.979622	99.985222	99.986031	99.990784	99.96714	99.979759	99.981552	99.962967	99.976547	99.980698	99.977493	99.984009	99.975967	99.977287	99.962082	99.976799	99.979477	99.980858	99.978081	99.971237	99.9758	99.961327	99.981354	99.974174
920	99.983757	99.983292	99.973701	99.985245	99.989967	99.990326	99.968636	99.996056	99.980804	99.992661	100.00322	99.991821	99.984291	99.990852	99.994522	99.989029	99.998413	99.988815	99.976357	99.98188	99.996742	100.002274	99.999962	99.989334	99.999603	99.989265	99.988136	99.982201	99.995689	99.995613	99.978485	99.982918	99.989006	100.003693	99.984497	99.976151	99.994415	99.983856	99.984962	99.987473	99.990868	99.975983	99.985924	99.98822	99.967888	99.975906	99.982292	99.980476	99.984459	99.980621	99.981483	99.966736	99.978333	99.981781	99.986084	99.975777	99.978943	99.97683	99.967651	99.982719	99.978317
921	99.981018	99.986191	99.979622	99.985725	99.982925	99.996529	99.979141	100.006279	99.989548	99.994003	100.005486	99.99855	99.988434	99.993637	99.996628	99.993263	99.99839	99.994507	99.983063	99.981071	99.999878	100.005508	100.005363	99.9916	100.004745	99.99202	99.987923	99.987045	99.995361	99.995781	99.979088	99.988266	99.998627	100.010635	99.989868	99.981628	100.002411	99.988243	99.984703	99.988976	99.990952	99.985138	99.99231	99.995132	99.972961	99.975235	99.983948	99.983582	99.984917	99.985435	99.985825	99.97155	99.979919	99.984154	99.991478	99.973389	99.986916	99.977898	99.974213	99.984146	99.982605
922	99.98008	99.987457	99.983719	99.985107	99.97757	100.000618	99.989197	100.013313	99.996513	99.994835	100.00676	100.003685	99.992569	99.996468	99.999069	99.997589	99.997696	99.999184	99.989197	99.980896	100.002052	100.008347	100.008858	99.993645	100.008453	99.995842	99.989029	99.990837	99.994476	99.994835	99.980339	99.992981	100.00502	100.01664	99.994568	99.98658	100.009155	99.991859	99.985344	99.991394	99.991188	99.993896	99.99688	100.000404	99.97834	99.975517	99.984848	99.986382	99.984383	99.990219	99.990372	99.975624	99.98085	99.985458	99.994987	99.972191	99.99324	99.978859	99.979675	99.985306	99.986275
923	99.986603	99.981918	99.979889	99.980026	99.979736	99.995544	99.996384	100.006439	99.995445	99.993477	100.00383	100.001732	99.996254	99.999199	100.002625	100.001869	99.994362	99.999168	99.99231	99.983368	100.000061	100.009247	100.004181	99.994568	100.005806	100.003647	99.995461	99.989922	99.991333	99.98941	99.98407	99.994644	99.997482	100.018188	99.99601	99.988899	100.010086	99.991974	99.989677	99.997345	99.992065	100.000145	99.993523	99.99839	99.984322	99.979691	99.982552	99.987671	99.979805	99.99437	99.995293	99.976234	99.979004	99.982162	99.990334	99.976044	99.992111	99.979263	99.980095	99.985313	99.987068
924	99.99334	99.976173	99.975922	99.974762	99.981964	99.990295	100.003799	99.999306	99.994331	99.992058	100.000801	99.999687	100.000069	100.002029	100.006279	100.006294	99.990891	99.999146	99.995537	99.985924	99.997993	100.010178	99.999344	99.995499	100.003052	100.011719	100.002098	99.988968	99.988083	99.983795	99.987923	99.996361	99.989685	100.019798	99.997482	99.991287	100.011024	99.992096	99.994148	100.003502	99.992958	100.006615	99.990051	99.996292	99.990509	99.983986	99.980179	99.989006	99.97506	99.998665	100.000381	99.976852	99.977089	99.978752	99.985504	99.980011	99.990936	99.979668	99.980515	99.985313	99.987869
925	100.00032	99.970222	99.971809	99.969307	99.984268	99.984871	100.011505	99.99192	99.993172	99.990601	99.99765	99.997566	100.004005	100.004959	100.010071	100.010872	99.987312	99.99913	99.998871	99.988571	99.995842	100.011154	99.994331	99.99646	100.000214	100.020088	100.00898	99.987976	99.984711	99.977974	99.991913	99.998131	99.981613	100.021469	99.999016	99.993759	100.012016	99.99221	99.998772	100.009872	99.993874	100.013306	99.986443	99.99411	99.996918	99.988426	99.977722	99.990387	99.970146	100.003113	100.005638	99.977478	99.975098	99.97522	99.980515	99.984138	99.989723	99.980103	99.980965	99.985306	99.988708
926	100.004837	99.975937	99.972496	99.97654	99.98394	99.986916	100.003624	99.992447	99.996445	99.993057	99.996117	99.991913	100.004402	100.007248	100.007317	100.003731	99.989304	99.99614	99.999115	99.987831	99.99511	100.008942	99.995827	99.993256	99.999748	100.012413	100.0047	99.98819	99.9879	99.981117	99.991592	100.003448	99.986366	100.019981	99.998123	99.994347	100.010063	99.995552	99.997131	100.006081	99.992851	100.001671	99.988419	99.992851	99.996117	99.99131	99.979874	99.987854	99.972961	99.997559	100.007393	99.981865	99.977493	99.977982	99.979797	99.98394	99.988213	99.97805	99.980667	99.987793	99.984367
927	100.0093	99.982857	99.97361	99.985123	99.983368	99.989677	99.994133	99.993683	100.000206	99.995934	99.994682	99.985748	100.004471	100.009575	100.003906	99.995338	99.991829	99.99279	99.9991	99.986794	99.994476	100.006378	99.99794	99.989586	99.999474	100.00309	99.999336	99.988518	99.991776	99.98513	99.990891	100.009247	99.992393	100.018181	99.997002	99.994781	100.007797	99.999306	99.994904	100.001289	99.991631	99.988037	99.990936	99.991631	99.994682	99.994156	99.982506	99.984894	99.976555	99.990959	100.008904	99.986717	99.980347	99.9814	99.979416	99.983368	99.986633	99.975731	99.980301	99.990562	99.979431
928	100.013939	99.990044	99.974785	99.994019	99.982765	99.992546	99.984283	99.994949	100.004112	99.998924	99.993195	99.979355	100.004562	100.011993	100.000366	99.986626	99.994453	99.989311	99.999092	99.985703	99.993813	100.003723	100.00013	99.985764	99.999191	99.993408	99.993759	99.988861	99.995789	99.989296	99.990166	100.015274	99.99865	100.016296	99.995827	99.995247	100.005447	100.003197	99.992577	99.996307	99.990356	99.9739	99.993553	99.990356	99.993195	99.997101	99.985237	99.981819	99.980286	99.984108	100.010468	99.991753	99.983315	99.98494	99.979012	99.982765	99.984985	99.973312	99.979935	99.993446	99.974297
929	100.018051	99.998978	99.979805	100.004936	99.989838	100.002121	99.989632	100.003983	100.006699	100.00367	100.001564	99.988472	100.008514	100.018738	100.006607	99.991318	99.999756	99.993958	100.003479	99.994286	99.999001	100.01181	100.007751	99.993729	100.004028	99.993797	99.998787	99.994156	100.005852	99.996201	99.998024	100.017334	100.004616	100.0186	100.001038	100.002327	100.01091	100.007973	99.99897	99.999374	99.996925	99.978989	100.000847	99.993057	99.999535	100.001266	99.992088	99.988159	99.987061	99.988899	100.014481	99.996605	99.990967	99.990257	99.982063	99.988182	99.987289	99.979767	99.985382	100.000671	99.983444
930	100.021935	100.009132	99.987206	100.01725	100.001526	100.015831	100.003937	100.017738	100.008583	100.009575	100.015846	100.006821	100.014816	100.028183	100.018669	100.003922	100.006721	100.00341	100.010536	100.008705	100.007698	100.026321	100.018669	100.008705	100.011978	100.000061	100.010094	100.002457	100.019646	100.004837	100.011078	100.017143	100.010536	100.023376	100.010071	100.013435	100.021049	100.013374	100.010574	100.00721	100.008202	99.995377	100.01104	99.998138	100.010574	100.006233	100.001503	100.000107	99.995789	100.000572	100.02005	100.001465	100.001511	99.996727	99.987183	99.997231	99.991943	99.991524	99.994362	100.010574	100.001099
931	100.026024	100.019768	99.994934	100.030151	100.013771	100.030182	100.018898	100.032127	100.010574	100.015747	100.030777	100.026024	100.021408	100.038055	100.031303	100.017097	100.014023	100.013306	100.017929	100.023773	100.0168	100.041496	100.030113	100.024368	100.020287	100.006607	100.021935	100.011131	100.034081	100.013863	100.024712	100.016937	100.016724	100.028374	100.019524	100.025047	100.031639	100.019051	100.02272	100.015411	100.019989	100.012527	100.021706	100.003448	100.022125	100.011429	100.01136	100.012604	100.004913	100.012779	100.025856	100.006554	100.01255	100.003494	99.992546	100.006691	99.996811	100.00383	100.003754	100.02092	100.019577
932	100.025246	100.022575	99.998314	100.031189	100.018486	100.037933	100.023903	100.033394	100.008156	100.01535	100.032738	100.033211	100.020447	100.040207	100.03511	100.022934	100.017059	100.015236	100.020386	100.029579	100.021187	100.041916	100.033119	100.030685	100.02282	100.010429	100.023315	100.015175	100.040123	100.017044	100.029907	100.014511	100.017487	100.027451	100.020561	100.029587	100.034119	100.021301	100.025116	100.01963	100.024261	100.019012	100.026031	100.003159	100.025116	100.009575	100.013588	100.017593	100.0075	100.016251	100.025795	100.006149	100.013206	100.004837	99.994881	100.007233	99.998085	100.007591	100.005814	100.021324	100.023842
933	100.015617	100.010979	99.993561	100.010422	100.009285	100.03334	100.010468	100.010506	99.997726	100.002945	100.010765	100.018158	100.005661	100.028183	100.022614	100.015114	100.012222	100.002502	100.013748	100.018166	100.016762	100.01519	100.020561	100.019623	100.014687	100.009155	100.00547	100.01059	100.030586	100.009384	100.01947	100.008011	100.008247	100.015686	100.006104	100.021019	100.021591	100.017189	100.009514	100.016418	100.014587	100.00576	100.018623	99.992592	100.012352	99.994797	100.00174	100.00869	99.997986	100.003525	100.014923	99.995667	99.994774	99.996201	99.991608	99.991455	99.992714	99.995575	99.994385	100.003418	100.001945
934	100.005424	99.998718	99.988541	99.988464	99.999557	100.028519	99.996246	99.986282	99.986702	99.989792	99.987526	100.002228	99.990021	100.01545	100.009407	100.006844	100.007095	99.989029	100.006721	100.006119	100.012085	99.986916	100.007286	100.007942	100.006081	100.007805	99.98661	100.005737	100.020508	100.001266	100.008415	100.001144	99.998489	100.003242	99.990784	100.011948	100.008347	100.012848	99.993011	100.013016	100.004364	99.99173	100.010773	99.981415	99.998833	99.979156	99.98922	99.999268	99.98793	99.990097	100.003418	99.984589	99.975266	99.987045	99.988144	99.974754	99.987015	99.982872	99.982292	99.984489	99.978775
935	99.995781	99.986984	99.983292	99.967484	99.990372	100.023499	99.983154	99.964005	99.97628	99.977966	99.966377	99.98761	99.976196	100.00296	99.996292	99.999443	100.002739	99.976227	100.000557	99.994492	100.007095	99.961243	99.995277	99.996605	99.998138	100.006508	99.969604	100.000809	100.010826	99.994637	99.99836	99.994965	99.989212	99.991798	99.977287	100.003876	99.995712	100.008713	99.978149	100.009361	99.995186	99.978828	100.003479	99.971252	99.986069	99.964493	99.977524	99.990311	99.978447	99.978149	99.992195	99.974457	99.957787	99.978416	99.985329	99.95993	99.981781	99.971375	99.971596	99.966866	99.956841
936	99.997017	99.986893	99.978622	99.967781	99.99176	100.019478	99.988777	99.973801	99.977898	99.986168	99.978302	99.9944	99.9888	99.999619	99.991371	100.005257	100.00901	99.97715	100.00676	99.993622	100.00148	99.97644	100.003014	99.995125	100.001511	100.006363	99.9813	99.997742	100.01049	100.007164	100.004135	99.999268	99.989876	99.997017	99.989922	100.010513	99.996254	100.009003	99.988419	100.004868	100.001884	99.98465	100.006012	99.977165	99.988007	99.967781	99.980896	99.991005	99.980141	99.988419	99.989876	99.97979	99.970802	99.979767	99.991028	99.972687	99.984268	99.978668	99.981293	99.97229	99.959526
937	99.998329	99.986794	99.973633	99.968086	99.993256	100.015175	99.994781	99.984268	99.97963	99.994919	99.991051	100.001671	100.002266	99.996048	99.986099	100.011482	100.015709	99.978142	100.01339	99.992699	99.995491	99.992676	100.011292	99.993538	100.005112	100.006233	99.993805	99.994469	100.010147	100.020538	100.010323	100.003853	99.990601	100.002602	100.003433	100.017609	99.996826	100.0093	99.99939	100.000061	100.009064	99.990868	100.008705	99.983475	99.990089	99.971298	99.984497	99.991768	99.981949	99.99939	99.987396	99.985474	99.984726	99.981209	99.997101	99.986305	99.986916	99.98645	99.991669	99.978081	99.962402
938	99.999741	99.986679	99.968285	99.96843	99.99485	100.010559	100.001213	99.995468	99.981483	100.004303	100.004707	100.009445	100.016693	99.992226	99.980453	100.018135	100.022903	99.979195	100.020477	99.991699	99.98909	100.010063	100.020157	99.991837	100.00898	100.006088	100.007187	99.990959	100.009766	100.034882	100.01693	100.008774	99.991371	100.008568	100.017883	100.025223	99.997459	100.009628	100.011124	99.994911	100.016747	99.997536	100.011589	99.990257	99.99231	99.97506	99.988373	99.992569	99.983879	100.011124	99.984734	99.991577	99.999626	99.982742	100.003624	100.000908	99.989769	99.994789	100.002762	99.984291	99.965492
939	99.994698	99.98632	99.970154	99.966408	99.988487	100.006523	100.001236	99.999077	99.979172	100.004662	99.998421	100.003723	100.010857	99.991295	99.980415	100.012436	100.017403	99.988205	100.019279	99.99379	99.987877	100.00621	100.014282	99.987244	100.001228	100.004349	100.004349	99.98661	100.010895	100.029518	100.012741	100.00248	99.99192	100.001541	100.015221	100.020508	99.993149	99.999359	100.008705	99.987549	100.01149	99.992218	100.013374	99.988495	99.992844	99.974503	99.985374	99.987549	99.977585	100.00621	99.990685	99.990356	100.002167	99.978218	99.999054	99.999062	99.991608	99.990967	99.995926	99.981956	99.968597
940	99.987839	99.985847	99.973869	99.963707	99.979836	100.002419	99.999702	100.000999	99.975708	100.002846	99.986977	99.994408	99.999832	99.990997	99.981712	100.003395	100.008545	99.99958	100.015984	99.996719	99.987862	99.996971	100.004539	99.981705	99.990257	100.002136	99.997414	99.981842	100.012436	100.019112	100.005699	99.993118	99.992432	99.990982	100.008263	100.01255	99.987411	99.98597	100.002693	99.979271	100.002838	99.983688	100.014999	99.984566	99.992996	99.972855	99.98056	99.980843	99.968979	99.996971	99.999008	99.987274	100.001846	99.971985	99.991547	99.993126	99.993286	99.983978	99.984398	99.977425	99.971863
941	99.980515	99.985367	99.977837	99.960831	99.970612	99.998032	99.99807	100.003075	99.972031	100.000916	99.974739	99.984467	99.988045	99.990685	99.983124	99.993774	99.9991	100.011765	100.012482	99.999855	99.987846	99.987122	99.994141	99.975792	99.978546	99.999771	99.990013	99.976753	100.014076	100.007996	99.998177	99.983131	99.992981	99.979698	100.000832	100.004044	99.981293	99.971672	99.996292	99.970428	99.993591	99.974594	100.016739	99.98037	99.993172	99.9711	99.975426	99.973679	99.959785	99.987122	100.007927	99.983994	100.001511	99.965324	99.983543	99.986801	99.995079	99.976524	99.972084	99.972572	99.975357
942	99.977631	99.983101	99.975563	99.960976	99.969658	99.993828	99.994743	100.005486	99.973076	99.995415	99.973999	99.98175	99.983109	99.98996	99.980133	99.991783	99.991547	100.011848	100.005913	100.000916	99.991341	99.981735	99.987892	99.973991	99.971695	99.998405	99.984932	99.973297	100.011635	100.002052	99.994522	99.980835	99.991318	99.975815	99.997719	100.001144	99.979004	99.966225	99.991554	99.964394	99.984001	99.971474	100.013687	99.978546	99.991783	99.973526	99.977188	99.97216	99.958702	99.98243	100.009575	99.976692	99.999084	99.960732	99.979004	99.981277	99.993828	99.972847	99.967369	99.973526	99.976715
943	99.97879	99.979248	99.967651	99.963852	99.976189	99.989815	99.989883	100.008202	99.978409	99.986717	99.983635	99.98558	99.984398	99.988846	99.97319	99.996735	99.985764	100.000992	99.996628	100.000084	99.997993	99.980423	99.985451	99.975906	99.969261	99.99794	99.981979	99.971336	100.005493	100.000809	99.994385	99.985504	99.987671	99.978638	99.99852	100.003326	99.980194	99.968811	99.988335	99.960915	99.974159	99.973763	100.00631	99.978867	99.988998	99.979736	99.985207	99.975761	99.964951	99.982414	100.004669	99.96582	99.994766	99.958031	99.977615	99.976509	99.989815	99.97258	99.969551	99.979736	99.976135
944	99.979996	99.975174	99.959328	99.966881	99.983055	99.985588	99.984779	100.011047	99.984016	99.97757	99.993782	99.989609	99.985756	99.987671	99.965897	100.00193	99.97966	99.989571	99.986847	99.999199	100.004982	99.979027	99.982864	99.977921	99.966698	99.997437	99.978867	99.969269	99.999023	99.999519	99.99424	99.990402	99.983826	99.981598	99.999359	100.0056	99.981438	99.971519	99.984947	99.957253	99.963799	99.976151	99.998543	99.979195	99.986061	99.986252	99.993622	99.979523	99.971527	99.982391	99.999504	99.954353	99.990227	99.955177	99.976143	99.971497	99.985588	99.972305	99.97184	99.986252	99.975517
945	99.983322	99.975708	99.955299	99.97139	99.990692	99.98629	99.981079	100.015274	99.986847	99.97287	100.00235	99.992256	99.988846	99.988724	99.964165	100.004662	99.977921	99.980461	99.983955	100.000397	100.011322	99.979996	99.983192	99.980721	99.967224	99.99868	99.980629	99.97216	99.997833	99.999397	99.99485	99.99398	99.984322	99.984268	100.001122	100.00663	99.984177	99.977188	99.986038	99.956276	99.959488	99.979492	99.992874	99.983086	99.984901	99.991524	100	99.985046	99.977272	99.984428	99.993095	99.950531	99.987358	99.956543	99.975433	99.969048	99.983055	99.974716	99.977066	99.991898	99.976059
946	99.99221	99.989059	99.96373	99.97963	99.99971	100.000725	99.981682	100.02285	99.981575	99.981133	100.005592	99.990753	99.996445	99.995865	99.978241	100.000153	99.988548	99.97876	100.000656	100.007271	100.015175	99.98745	99.991623	99.985443	99.976303	100.004601	99.995895	99.988647	100.011536	100.002586	99.997505	99.993423	99.996887	99.985847	100.005272	100.00399	99.990784	99.990555	99.99955	99.962875	99.972565	99.985115	99.993675	99.996552	99.98877	99.99276	100	99.994873	99.980103	99.991951	99.983803	99.968506	99.989433	99.969574	99.976852	99.974037	99.985519	99.984383	99.989983	99.994507	99.979782
947	100.001396	100.002861	99.972443	99.988144	100.009026	100.015656	99.9823	100.030685	99.976135	99.98967	100.008949	99.989197	100.004318	100.003258	99.992783	99.995491	99.99955	99.976997	100.017906	100.014389	100.019157	99.995163	100.000336	99.990318	99.98568	100.010742	100.011673	100.005707	100.025726	100.005898	100.000259	99.992844	100.00988	99.987473	100.009552	100.001266	99.99762	100.004387	100.013527	99.969711	99.986092	99.990929	99.994499	100.010475	99.992783	99.994041	100	100.005043	99.983032	99.999741	99.974213	99.987099	99.991585	99.98304	99.978325	99.979187	99.988075	99.99437	100.003311	99.997215	99.983635
948	100.010788	100.017021	99.9814	99.996933	100.018608	100.030991	99.982948	100.038757	99.970604	99.998466	100.01236	99.987595	100.012398	100.010826	100.007713	99.990723	100.010849	99.975288	100.035629	100.021675	100.023232	100.00312	100.009262	99.995407	99.995377	100.017044	100.027885	100.023224	100.040306	100.009308	100.003174	99.992271	100.023247	99.989174	100.013962	99.998459	100.004646	100.01857	100.027939	99.976753	99.999992	99.996948	99.995323	100.02478	99.996933	99.995369	100.000046	100.015472	99.986076	100.007759	99.964386	100.006233	99.993805	99.996933	99.979904	99.984535	99.990692	100.004639	100.017059	99.999992	99.987617
949	99.997955	100.011948	99.982162	100.003136	100.018814	100.029419	99.983727	100.038231	99.981781	100.001816	100.004349	99.987457	100.009659	100.005188	100.001083	99.993973	100.01001	99.992279	100.028824	100.014236	100.018219	100.008438	100.003136	100.006393	99.999641	100.015793	100.022438	100.016762	100.039795	100.010857	100.01712	99.996498	100.021103	99.99337	100.014587	99.998924	100.003746	100.012062	100.033043	99.979378	99.999031	100.006508	99.990479	100.020264	100.003624	99.99868	100.009644	100.009407	99.992165	100.009285	99.973587	100.011086	99.994209	100.002655	99.990227	99.991562	99.989151	100.000847	100.01725	99.99855	99.992287
950	99.984848	100.006744	99.982925	100.009476	100.019028	100.027809	99.984512	100.037682	99.993217	100.005219	99.996155	99.98732	100.006851	99.999428	99.994316	99.997299	100.009155	100.009644	100.021873	100.006638	100.013077	100.013863	99.996872	100.017609	100.004005	100.014519	100.016869	100.010155	100.039268	100.012436	100.031364	100.000824	100.018921	99.997665	100.015236	99.99939	100.002815	100.005409	100.038254	99.982056	99.998055	100.016281	99.985527	100.01564	100.010445	100.002052	100.019455	100.003204	99.998375	100.010849	99.982994	100.016068	99.994637	100.008499	100.000786	99.998734	99.987579	99.996986	100.017441	99.997078	99.99704
951	99.971428	100.001419	99.983711	100.015961	100.019241	100.026169	99.985321	100.037132	100.004913	100.008713	99.987778	99.987183	100.003983	99.99353	99.987381	100.000702	100.00827	100.027405	100.014771	99.998871	100.007835	100.019417	99.990471	100.029083	100.008461	100.013222	100.011169	100.00341	100.038734	100.014046	100.045944	100.005257	100.016678	100.002052	100.0159	99.999878	100.001862	99.998604	100.043594	99.984802	99.997055	100.026276	99.980453	100.01091	100.017426	100.005508	100.02948	99.99688	100.00473	100.012444	99.992607	100.021149	99.995071	100.014481	100.011589	100.006081	99.98597	99.993019	100.017632	99.995583	100.001923
952	99.978569	99.994156	99.981621	100.009048	100.012497	100.017143	99.989799	100.025925	100.004807	100.002777	99.988708	99.983398	100.00032	99.991905	99.99054	100.004173	100.004807	100.02034	100.012222	99.993118	99.999176	100.015213	99.981377	100.022888	100.008247	100.014771	100.007889	100.001976	100.033737	100.006905	100.037048	100.007927	100.013268	99.993393	100.015091	100.000725	100.000153	99.997864	100.032913	99.987251	99.994942	100.022934	99.975677	100.003502	100.010315	100.003181	100.02581	99.995148	99.999542	100.010765	99.986755	100.008797	99.994774	100.009979	100.006172	100.008453	99.981422	99.990807	100.007965	99.988945	99.997765
953	99.99337	99.986115	99.978455	99.997139	100.003113	100.005302	99.995712	100.010666	100.000343	99.993309	99.993111	99.978241	99.996323	99.991829	99.997452	100.007713	100.000343	100.004028	100.011337	99.988052	99.989174	100.007339	99.971199	100.010109	100.006332	100.017418	100.005463	100.002502	100.027061	99.996475	100.019394	100.010002	100.009392	99.979836	100.013733	100.001732	99.998161	99.999336	100.016235	99.989632	99.992386	100.014648	99.970947	99.995049	99.997902	99.998726	100.017044	99.995102	99.990044	100.007866	99.975136	99.989876	99.994232	100.001587	99.994736	100.009033	99.975746	99.989227	99.994537	99.980339	99.990242
954	100.008453	99.977905	99.97522	99.984993	99.993546	99.993233	100.001732	99.995117	99.995811	99.983658	99.997589	99.972992	99.992249	99.99176	100.004494	100.011322	99.995811	99.987404	100.010422	99.982903	99.978981	99.999336	99.960831	99.99707	100.004364	100.020096	100.002983	100.003029	100.020241	99.985847	100.001404	100.012115	100.005447	99.966019	100.012352	100.002754	99.996117	100.000832	99.999222	99.992058	99.989792	100.006195	99.966133	99.98642	99.985268	99.994171	100.008118	99.995056	99.980354	100.004913	99.963295	99.970612	99.993668	99.993011	99.98307	100.009621	99.969963	99.987617	99.98085	99.971573	99.982574
955	100.01403	99.97718	99.97097	99.980255	99.988342	99.98381	99.996635	99.988586	99.990936	99.984077	99.996178	99.967628	99.989059	99.994301	100.006889	100.00901	99.98999	99.979546	100.010468	99.984795	99.974319	99.993568	99.96077	99.994789	100.001892	100.017342	100.002373	100.001183	100.013779	99.980972	99.997887	100.00782	100.000465	99.961952	100.007118	99.999741	99.994286	99.997833	99.988098	99.98999	99.990967	99.999512	99.966705	99.982162	99.977867	99.990479	100.000214	99.990219	99.967613	100.000465	99.955505	99.963852	99.989281	99.983803	99.978111	100.001617	99.968605	99.985954	99.97216	99.965736	99.976196
956	100.008499	99.985191	99.965515	99.984184	99.98822	99.97747	99.978569	99.992592	99.985703	99.996277	99.9879	99.962151	99.986877	99.999908	100.003876	99.999847	99.982681	99.981918	100.011612	99.994942	99.97612	99.990417	99.972733	100.005028	99.998825	100.008247	100.003944	99.996559	100.007751	99.982841	100.011253	99.996063	99.994293	99.969299	99.997406	99.99202	99.992683	99.989578	99.983856	99.982681	99.996544	99.994873	99.973579	99.983009	99.976616	99.987808	99.99353	99.979828	99.951324	99.994293	99.952492	99.971733	99.980415	99.973854	99.980988	99.983612	99.972412	99.984268	99.969307	99.963341	99.971329
957	100.002861	99.993355	99.959961	99.988174	99.988106	99.970993	99.960144	99.996674	99.980354	100.008728	99.979446	99.956566	99.984673	100.00563	100.000786	99.990479	99.97522	99.984322	100.012756	100.00528	99.977943	99.98719	99.984932	100.015488	99.995682	99.99897	100.005547	99.991837	100.001572	99.984741	100.024887	99.984055	99.987984	99.976776	99.987488	99.984131	99.991043	99.98114	99.979523	99.97522	100.002228	99.990135	99.980583	99.983871	99.975334	99.985085	99.986702	99.969208	99.934692	99.987984	99.949394	99.979752	99.971367	99.963699	99.983902	99.965233	99.976288	99.982544	99.966393	99.960869	99.966347
958	100.000618	100.001167	99.958435	99.993118	99.988083	99.970016	99.947922	100.001381	99.977974	100.02005	99.975288	99.955429	99.983147	100.011681	99.999031	99.983467	99.970894	99.986473	100.0149	100.0149	99.981522	99.98645	99.995483	100.023293	99.99472	99.991837	100.006546	99.98893	99.999443	99.98658	100.033066	99.978394	99.985489	99.984848	99.981094	99.977356	99.99118	99.975624	99.975952	99.971634	100.008034	99.988914	99.986893	99.986244	99.975838	99.983894	99.98217	99.964539	99.924835	99.984955	99.948898	99.986687	99.966812	99.957588	99.98732	99.953812	99.981201	99.981956	99.966911	99.960594	99.964989
959	100.012337	100.007034	99.973389	100.001549	99.988472	99.991493	99.961693	100.008308	99.987831	100.026146	99.988846	99.972466	99.98455	100.018738	100.002739	99.986473	99.979607	99.987381	100.020935	100.020935	99.991951	99.995872	99.998627	100.019836	100.002647	99.993881	100.005028	99.993599	100.013794	99.988022	100.018562	99.998894	99.998627	99.994781	99.989388	99.975494	99.998535	99.982254	99.975677	99.984093	100.013985	100.002098	99.989937	99.994598	99.983536	99.989029	99.987289	99.984352	99.943123	99.99543	99.958954	99.988663	99.980804	99.968269	99.9925	99.971375	99.990028	99.986015	99.98143	99.969177	99.978416
960	100.024323	100.013039	99.988693	100.010178	99.988892	100.013458	99.975784	100.015411	99.997925	100.032364	100.002708	99.989922	99.985985	100.025955	100.006546	99.98954	99.988518	99.988319	100.0271	100.0271	100.002625	100.005516	100.001839	100.016312	100.01075	99.995956	100.003471	99.998375	100.028488	99.989494	100.003708	100.019875	100.012062	100.004944	99.997879	99.973602	100.006042	99.989052	99.975403	99.996826	100.020065	100.015579	99.99305	100.003159	99.991432	99.994286	99.992523	100.004639	99.961845	100.006142	99.969231	99.990685	99.99511	99.97921	99.997803	99.989342	99.999062	99.990158	99.996292	99.977974	99.992165
961	100.036583	100.01918	100.004341	100.019012	99.989296	100.035942	99.990189	100.022659	100.00824	100.038742	100.016891	100.007759	99.98745	100.033333	100.010429	99.992683	99.997643	99.989265	100.033401	100.033401	100.013527	100.015381	100.005127	100.01268	100.019051	99.998077	100.001869	100.003242	100.043526	99.991005	99.988495	100.041344	100.025818	100.015343	100.006554	99.971649	100.013748	99.996002	99.975113	100.00985	100.026299	100.029373	99.996231	100.011894	99.999489	99.999657	99.997887	100.025368	99.980995	100.017097	99.979759	99.992752	100.00975	99.990395	100.003204	100.007721	100.008308	99.994392	100.01149	99.986969	100.006226
962	100.036751	100.023415	100.00489	100.02549	99.99334	100.039848	99.997726	100.027	100.018814	100.044235	100.026787	100.013138	100.001884	100.036774	100.015976	100.000046	100.012672	99.998001	100.03109	100.03109	100.010773	100.019814	100.014183	100.026558	100.022888	100.010612	100.014206	100.016525	100.040855	100.00238	99.993614	100.053513	100.026474	100.023949	100.011848	99.985168	100.019051	100.003639	99.993431	100.011314	100.028023	100.028526	99.990715	100.028099	100.002586	100.004135	100.006996	100.014076	99.98822	100.013863	100.004509	99.996941	100.006149	99.991005	99.998436	100.016235	100.011589	99.995125	100.012085	99.993095	100.009262
963	100.036072	100.027596	100.004387	100.031921	99.997726	100.042572	100.004944	100.031235	100.029648	100.049797	100.036583	100.017761	100.017525	100.040009	100.021744	100.007858	100.028458	100.007454	100.028122	100.028122	100.006996	100.023949	100.023842	100.041939	100.026527	100.024124	100.027763	100.03067	100.036873	100.014671	100.000229	100.065323	100.02623	100.0326	100.017021	100.000046	100.024307	100.01149	100.01342	100.012016	100.02948	100.026642	99.984467	100.045189	100.005409	100.008652	100.016556	100.00029	99.994759	100.00956	100.030777	100.001358	100.001205	99.990891	99.992836	100.024239	100.014511	99.995628	100.011673	99.999138	100.011612
964	100.035393	100.031898	100.003876	100.038544	100.002228	100.045357	100.01236	100.035583	100.040749	100.055489	100.046661	100.022507	100.033554	100.04332	100.027657	100.015854	100.044617	100.017151	100.025085	100.025085	100.003136	100.028206	100.033745	100.057709	100.030243	100.037979	100.041664	100.045181	100.032822	100.02729	100.007011	100.077423	100.026001	100.041473	100.022316	100.015305	100.029686	100.019547	100.033936	100.012733	100.030968	100.024712	99.978065	100.062691	100.008301	100.01329	100.026367	99.986176	100.001488	100.005165	100.057724	100.005898	99.996132	99.990784	99.987099	100.032448	100.017509	99.99614	100.011253	100.005356	100.014023
965	100.021194	100.018562	100.00296	100.030266	100.000259	100.033165	100.006844	100.032318	100.032845	100.047066	100.042305	100.014244	100.026474	100.033615	100.020996	100.011734	100.046936	100.014748	100.019249	100.015022	99.996475	100.017143	100.028084	100.053047	100.020935	100.033295	100.038574	100.040375	100.027504	100.020554	100.004707	100.055908	100.017639	100.030533	100.018478	100.013985	100.025177	100.015083	100.031044	99.999573	100.024017	100.009224	99.9823	100.052094	99.999306	100.007988	100.02639	99.987122	99.996414	100.000656	100.051773	99.995125	99.985153	99.989128	99.983147	100.025833	100.006714	99.984703	100.000801	99.993584	100.008377
966	100.000023	99.996201	100.001846	100.014427	99.995056	100.013306	99.994751	100.0252	100.015297	100.031433	100.03067	99.999359	100.00769	100.017227	100.007942	100.001442	100.042305	100.006233	100.011955	100.001297	99.988319	99.998238	100.014534	100.038078	100.004974	100.019226	100.026878	100.025818	100.021469	100.004005	99.99781	100.017204	100.005127	100.009476	100.010025	100.004318	100.01564	100.004257	100.016365	99.979286	100.012733	99.98674	99.99192	100.02726	99.984238	99.997665	100.021515	99.995644	99.985352	99.996025	100.029251	99.976524	99.971054	99.986671	99.980026	100.011673	99.988831	99.967125	99.985161	99.972641	99.998634
967	99.97831	99.973267	100.000694	99.998177	99.989708	99.992928	99.982361	100.017891	99.997299	100.015404	100.01873	99.984093	99.988419	100.000427	99.994537	99.990891	100.037575	99.997513	100.004486	99.987236	99.979935	99.978844	100.000633	100.02272	99.988602	100.004807	100.014915	100.010895	100.015282	99.987038	99.990746	99.977516	99.992279	99.987885	100.00135	99.994377	100.005867	99.993156	100.00132	99.958473	100.00116	99.963692	100.001801	100.001785	99.968765	99.987061	100.01651	100.004402	99.974014	99.99128	100.006142	99.957436	99.956596	99.984146	99.976837	99.997139	99.970497	99.949089	99.969116	99.951164	99.988632
968	99.969749	99.964432	99.999016	99.990814	99.990608	99.980858	99.978958	100.016273	99.986908	100.008034	100.011894	99.981651	99.984093	99.991539	99.986908	99.986931	100.033936	99.992729	100.003433	99.982353	99.976517	99.9739	99.995682	100.012352	99.982101	99.997101	100.010941	100.005379	100.010658	99.981133	99.988144	99.962029	99.985718	99.979698	99.998825	99.987137	99.998299	99.991325	99.995926	99.954773	99.992233	99.958405	100.005081	99.986908	99.961967	99.981346	100.00843	100.012138	99.970718	99.988129	99.99617	99.949371	99.95034	99.984261	99.976517	99.988373	99.962959	99.945793	99.961479	99.946266	99.985985
969	99.980789	99.976601	99.996597	99.996719	100.000717	99.981194	99.988922	100.023117	99.987946	100.013557	100.012634	99.998268	100.001945	99.994431	99.987946	99.992783	100.03196	99.993843	100.011909	99.991142	99.980408	99.990417	100.004051	100.009499	99.990303	99.999466	100.018921	100.013878	100.008377	99.991737	99.992195	99.982613	99.988525	99.99147	100.005432	99.983955	99.994041	100.003265	100.004898	99.976456	99.987297	99.979546	99.998489	99.987946	99.968094	99.982895	99.99588	100.018326	99.979355	99.98735	100.005745	99.957733	99.956306	99.988266	99.980408	99.988213	99.971489	99.964348	99.966393	99.966042	99.994225
970	99.992142	99.98912	99.994102	100.002777	100.011108	99.981567	99.999153	100.030151	99.989014	100.019226	100.01342	100.015366	100.020287	99.997414	99.989014	99.998795	100.029961	99.99498	100.020622	100.000191	99.984428	100.007401	100.012657	100.006569	99.998718	100.001907	100.027122	100.022614	100.006058	100.002625	99.996376	100.003769	99.991432	100.003563	100.012222	99.98069	99.989693	100.015518	100.014137	99.998749	99.982246	100.001251	99.99176	99.989014	99.974388	99.984505	99.983009	100.024689	99.988243	99.98658	100.015602	99.966339	99.96244	99.992386	99.984428	99.98806	99.980286	99.983421	99.971443	99.986359	100.002708
971	100.004364	100.001038	99.994087	100.007797	100.02018	99.983337	100.007988	100.037445	99.990662	100.024963	100.014786	100.02906	100.036705	99.999352	99.992157	100.005432	100.028923	99.996895	100.027039	100.008072	99.989197	100.022301	100.018784	100.005898	100.006058	100.005066	100.033554	100.030647	100.00563	100.011276	100.000938	100.022018	99.995064	100.015244	100.019852	99.979958	99.988213	100.025299	100.022301	100.019012	99.979958	100.019989	99.987648	99.990097	99.982353	99.987274	99.974838	100.03009	99.996712	99.986526	100.024879	99.973854	99.968178	99.995872	99.988922	99.988922	99.988266	100.000092	99.977272	100.002716	100.010384
972	100.020096	100.00795	100.00843	100.006012	100.020454	99.993149	100.007454	100.045479	99.995544	100.030312	100.019363	100.021294	100.039696	99.994942	100.007103	100.014923	100.033691	100.00312	100.019241	100.008179	99.997841	100.023224	100.009621	100.018539	100.006126	100.012032	100.028976	100.033569	100.016365	100.005768	100.007225	100.021049	100.002525	100.02298	100.03141	99.994118	100.003731	100.019363	100.023224	100.024902	99.994118	100.019005	99.999413	99.991219	99.999054	99.996513	99.995209	100.029228	100.001694	99.99073	100.029587	99.974129	99.970886	99.995186	99.995682	99.995682	99.990616	100.000717	99.987007	99.993965	100.012398
973	100.036285	100.015053	100.023178	100.004196	100.020729	100.003242	100.006927	100.053741	100.000587	100.03582	100.024094	100.013313	100.042793	99.990425	100.022469	100.024673	100.038597	100.009537	100.01123	100.008286	100.006721	100.024178	100.000214	100.031517	100.00621	100.019196	100.024292	100.036575	100.027405	100.00013	100.013687	100.020073	100.010208	100.030937	100.043282	100.008682	100.019691	100.013268	100.024178	100.030968	100.008682	100.017998	100.01149	99.992378	100.016212	100.006012	100.016129	100.028358	100.006805	99.995071	100.034454	99.974426	99.973671	99.994492	100.002609	100.002609	99.993042	100.001373	99.997017	99.984993	100.014473
974	100.052895	100.022354	100.038322	100.002312	100.021019	100.013588	100.006363	100.062202	100.005745	100.041473	100.028923	100.005112	100.045952	99.985764	100.038254	100.034676	100.04364	100.016106	100.003006	100.008408	100.015831	100.025154	99.99054	100.044838	100.006294	100.02655	100.01947	100.03965	100.038742	99.994324	100.020309	100.019051	100.018074	100.039078	100.055489	100.023613	100.036072	100.006996	100.025154	100.037193	100.023613	100.016953	100.023903	99.993553	100.033844	100.015762	100.037621	100.027451	100.012054	99.999504	100.039436	99.974709	99.976532	99.993774	100.009743	100.009743	99.995514	100.002029	100.007286	99.975754	100.016609
975	100.034401	100.023437	100.027061	99.999207	100.009048	100.016663	99.998802	100.046417	100.002304	100.034454	100.013496	100.006012	100.042213	99.981575	100.027641	100.028053	100.030746	100.017044	99.986382	100.006775	100.009453	100.013313	99.985252	100.036957	100.006393	100.022446	100.0075	100.03698	100.030563	99.998268	100.01664	100.009262	100.02092	100.041649	100.037109	100.008644	100.02668	100.003471	100.013313	100.025513	100.012733	100.007713	100.021484	99.993607	100.030388	99.991959	100.027061	100.014267	100.006363	99.995331	100.031136	99.979088	99.974808	99.991852	99.9879	99.996063	99.988152	99.995712	99.998604	99.968002	100.006531
976	100.011002	100.023781	100.012192	99.99588	99.995247	100.018898	99.990166	100.027176	99.997696	100.02565	99.99511	100.00808	100.037506	99.977341	100.013458	100.019165	100.015274	100.017288	99.968269	100.004875	100.000969	99.99958	99.9804	100.026215	100.006485	100.0168	99.994347	100.033531	100.01973	100.003555	100.011574	99.998108	100.023224	100.043571	100.014427	99.989532	100.013794	100.000206	99.99958	100.011292	99.998322	99.997208	100.017151	99.993523	100.0242	99.96331	100.012192	99.999229	99.999168	99.98996	100.020981	99.984108	99.972458	99.989754	99.961861	99.979431	99.979362	99.988358	99.987305	99.960258	99.99469
977	99.986938	100.024117	99.996895	99.992462	99.981049	100.021187	99.98127	100.007393	99.992958	100.016609	99.976196	100.010231	100.032661	99.972977	99.99884	100.010025	99.999336	100.017532	99.949631	100.00293	99.992241	99.985435	99.97541	100.015152	100.006569	100.010979	99.980804	100.029984	100.008568	100.008987	100.006355	99.986649	100.025581	100.045563	99.991081	99.969864	100.000534	99.996841	99.985435	99.996651	99.98349	99.986404	100.01268	99.993423	100.017807	99.933846	99.996895	99.983734	99.991745	99.984428	100.010513	99.989258	99.970039	99.987579	99.935059	99.962303	99.970314	99.980782	99.975685	99.952278	99.982506
978	99.979912	100.026657	99.996307	100.002373	99.979851	100.021385	99.982948	100.010406	99.993256	100.022034	99.978806	100.015465	100.035057	99.983208	99.996796	100.010147	100.003288	100.026474	99.95903	100.003098	99.989304	99.984741	99.981087	100.008965	100.012314	100.012802	99.982445	100.029358	100.004456	100.018059	100.011826	99.986969	100.027588	100.042847	99.987839	99.972557	100.001183	99.993813	99.990807	99.994125	99.992477	99.995628	100.016769	100.005898	100.01429	99.9468	100.00193	99.982079	100.004486	99.987404	100.017509	100.000206	99.977509	99.987511	99.934723	99.973259	99.983528	99.985977	99.981903	99.954872	99.988579
979	99.983063	100.03054	100.004562	100.020454	99.986473	100.020348	99.991005	100.027229	99.996635	100.036255	99.994446	100.022652	100.041855	100.00238	100.002304	100.015854	100.01931	100.040771	99.985466	100.004539	99.98983	99.992134	99.993286	100.00563	100.02153	100.019249	99.993286	100.030518	100.004532	100.029442	100.023804	99.994392	100.029411	100.037262	99.996666	99.988792	100.010216	99.990936	100.008011	99.998894	100.015976	100.017082	100.026047	100.026115	100.012436	99.985542	100.01931	99.988739	100.029541	99.995529	100.035141	100.014786	99.991035	99.988708	99.950371	100.001297	100.010338	99.998947	99.998978	99.96389	100.00576
980	99.986336	100.034546	100.013115	100.039116	99.993317	100.019249	99.999329	100.044586	100.000092	100.050926	100.010574	100.030067	100.048866	100.022171	100.007973	100.021744	100.035835	100.055527	100.012741	100.006012	99.990372	99.999763	100.005875	100.002197	100.031044	100.025902	100.004456	100.031708	100.004601	100.041199	100.036171	100.00206	100.031265	100.031509	100.005783	100.005547	100.019547	99.987976	100.025772	100.00383	100.040199	100.039207	100.035629	100.046982	100.010506	100.025513	100.037254	99.995613	100.055397	100.003922	100.053337	100.029823	100.005005	99.989929	99.966507	100.030228	100.038002	100.012337	100.016579	99.97319	100.023483
981	99.985901	100.032188	100.008644	100.037239	99.993874	100.017036	99.994644	100.047066	99.998802	100.04821	100.012337	100.024712	100.047173	100.027679	100.005173	100.018898	100.037468	100.052055	100.019768	99.999954	99.986603	99.996811	100.009659	99.995934	100.02948	100.024643	100.007866	100.028061	99.996262	100.038704	100.037018	100.008629	100.024269	100.026917	100.005981	100.010094	100.018349	99.983284	100.028397	100.001038	100.045982	100.039848	100.031982	100.048744	100.003647	100.041046	100.042221	99.993767	100.064209	100.004181	100.053696	100.031807	100.004784	99.985245	99.974777	100.036812	100.041916	100.013687	100.017426	99.975464	100.027428
982	99.979095	100.01886	99.981819	99.999962	99.983566	100.012947	99.96759	100.023781	99.989311	100.015472	99.98922	99.997429	100.030449	100.008461	99.987762	100.000992	100.01329	100.017204	99.991676	99.98101	99.975449	99.975624	99.998161	99.98494	100.00882	100.009743	99.997803	100.016129	99.973618	100.01165	100.017952	100.013138	100.002075	100.024437	99.990776	99.9935	99.99897	99.975731	100.004807	99.985031	100.019768	100.003349	100.005531	100.017487	99.988396	100.014023	100.024704	99.976906	100.043396	99.99041	100.023232	100.011192	99.980095	99.970421	99.969254	100.004623	100.004707	99.99424	99.989304	99.965599	100.007462
983	99.972099	100.005112	99.954132	99.961456	99.972939	100.008728	99.939659	99.999741	99.979523	99.981674	99.965347	99.969238	100.013184	99.988602	99.969795	99.982491	99.98835	99.981216	99.962654	99.961449	99.963943	99.953751	99.986282	99.973587	99.987503	99.994362	99.987404	100.003815	99.950233	99.983696	99.99826	100.017799	99.979149	100.021889	99.975067	99.976364	99.978966	99.967918	99.980453	99.968491	99.992706	99.965637	99.978233	99.985191	99.972656	99.986115	100.006607	99.959496	100.021912	99.976189	99.991768	99.989906	99.95459	99.955139	99.963562	99.971382	99.966286	99.974152	99.960243	99.955406	99.986855
984	99.967804	99.993767	99.932503	99.929588	99.966278	100.004814	99.917419	99.980148	99.971397	99.953743	99.945923	99.946472	99.998291	99.974274	99.956375	99.968178	99.966499	99.950821	99.939674	99.945824	99.956841	99.938606	99.976768	99.966179	99.971184	99.983536	99.979691	99.994133	99.932602	99.959877	99.982979	100.022438	99.960815	100.020531	99.962334	99.963356	99.962799	99.963272	99.960724	99.954987	99.969795	99.934586	99.956932	99.958183	99.96035	99.963448	99.991585	99.946762	100.002266	99.96563	99.96563	99.971863	99.933289	99.945869	99.960625	99.944214	99.934128	99.955963	99.935928	99.948639	99.970634
985	99.984871	100.002846	99.961205	99.954391	99.990974	100.004135	99.942764	99.998207	99.977798	99.975906	99.964119	99.969284	100.004402	100.004494	99.980141	99.988304	99.972801	99.969109	99.966965	99.963257	99.984444	99.977402	99.987099	99.99012	99.995979	100.009323	99.993904	100.00631	99.962059	99.972198	100.004158	100.025917	99.98082	100.028587	99.974701	99.984177	99.979004	99.983322	99.979958	99.967209	99.983055	99.960258	99.985306	99.976608	99.976501	99.985039	100.00293	99.97187	100.000778	99.984955	99.984955	99.982101	99.948189	99.984024	99.979088	99.968513	99.95594	99.955925	99.9524	99.969193	99.990807
986	100.002579	100.012291	99.990967	99.980125	100.016617	100.003448	99.969063	100.016937	99.984428	99.998924	99.982994	99.992943	100.010742	100.035858	100.004784	100.009201	99.979332	99.988083	99.995277	99.981331	100.013077	100.017616	99.997803	100.014961	100.021706	100.036095	100.008644	100.018929	99.992622	99.98497	100.026131	100.029541	100.001572	100.036957	99.987518	100.005768	99.995819	100.004128	99.999908	99.979889	99.996803	99.98687	100.014748	99.995712	99.993271	100.007423	100.014732	99.99794	99.999229	100.005005	100.005005	99.992722	99.963638	100.023605	99.998245	99.993729	99.978577	99.955887	99.969498	99.990509	100.011757
987	100.020935	100.022079	100.021866	100.006821	100.043213	100.002693	99.996353	100.036369	99.991295	100.022797	100.002586	100.017502	100.017311	100.068413	100.03035	100.030884	99.986099	100.007759	100.024651	100.000084	100.042793	100.059387	100.008904	100.040733	100.048401	100.06385	100.023941	100.032021	100.024353	99.99823	100.04892	100.033272	100.023117	100.045601	100.000824	100.028183	100.013268	100.025703	100.020622	99.993042	100.011086	100.014511	100.045288	100.015549	100.010666	100.03067	100.026939	100.024971	99.997612	100.02581	100.02581	100.003723	99.97966	100.064682	100.01812	100.019882	100.00206	99.955818	99.987228	100.012634	100.033478
988	100.025894	100.000465	100.024292	100.010559	100.031303	99.999825	100.002121	100.039627	99.983612	100.021469	100.003174	100.016891	100.014969	100.065491	100.027275	100.014565	99.977615	100.006332	100.025536	100.006882	100.043312	100.055443	100.004211	100.03009	100.049301	100.049614	100.014412	100.017395	100.013519	100.001404	100.039413	100.020218	100.032768	100.028481	99.997704	100.02253	100.013733	100.019882	100.00824	99.986946	99.998383	100.014259	100.036072	100.005081	100.004028	100.032928	100.014236	100.016357	99.981827	100.023415	100.023415	100.008118	99.973038	100.034607	100.014771	100.009659	99.996819	99.958626	99.976021	100.012329	100.025688
989	100.02887	99.973152	100.022278	100.010765	100.012863	99.996498	100.004639	100.04039	99.973351	100.01609	100.00074	100.012245	100.011108	100.056816	100.019524	99.991669	99.966415	100.00148	100.021889	100.011978	100.039169	100.044098	99.996841	100.013268	100.046112	100.028214	100.00061	99.997849	99.995567	100.003098	100.024452	100.004044	100.040855	100.006676	99.991859	100.012184	100.011513	100.009499	99.990173	99.977585	99.980957	100.00956	100.020203	99.989441	99.99334	100.031914	99.997116	100.001762	99.963257	100.017235	100.017235	100.011574	99.962578	99.992218	100.007607	99.993279	99.986816	99.961967	99.959824	100.008415	100.012932
990	100.031982	99.944771	100.020195	100.010979	99.993706	99.993057	100.007271	100.041183	99.9627	100.010506	99.998222	100.007423	100.007103	100.047806	100.011467	99.967865	99.954781	99.996445	100.018097	100.017288	100.034882	100.032303	99.989182	99.995804	100.042793	100.005981	99.986275	99.977554	99.976906	100.004852	100.008896	99.987244	100.049255	99.984016	99.985794	100.001457	100.009216	99.998711	99.971413	99.967865	99.962845	100.004684	100.003723	99.973198	99.982239	100.030853	99.979332	99.986603	99.943954	100.010826	100.010826	100.01519	99.951706	99.948158	100.000153	99.976257	99.976425	99.965439	99.942986	100.004364	99.99968
991	100.028824	99.940765	100.00631	99.997368	99.984398	99.993721	100.007332	100.02977	99.954796	99.999893	100.008369	100.008797	100.00029	100.029922	100.009468	99.964897	99.945854	99.988014	100.013077	100.012161	100.030945	100.021622	99.984932	99.989326	100.038292	99.997726	99.977737	99.981956	99.97876	99.999748	100.000145	99.991035	100.048424	99.974792	99.991699	99.996132	100.005211	100.005043	99.96093	99.967842	99.959969	99.991631	99.985489	99.971184	99.97599	100.021767	99.974648	99.980919	99.940369	100.008926	100.004669	100.008301	99.949974	99.930504	99.984955	99.978226	99.967209	99.965858	99.940903	99.999611	99.988014
992	100.021492	99.952736	99.984451	99.974457	99.981445	99.997108	100.005737	100.010155	99.948593	99.985817	100.027	100.014244	99.991493	100.005913	100.011421	99.975624	99.938599	99.977219	100.007202	100.000092	100.027191	100.011513	99.982872	99.98999	100.032928	99.998566	99.972885	100.002693	99.994156	99.990067	99.99575	100.008438	100.041512	99.974281	100.0056	99.994301	100.000046	100.022736	99.955734	99.97422	99.967072	99.972992	99.965851	99.9785	99.97287	100.007263	99.978531	99.981415	99.94706	100.010002	99.998619	99.9944	99.954231	99.92997	99.964432	99.992737	99.958626	99.964279	99.948486	99.994324	99.977219
993	100.013878	99.965218	99.961685	99.950584	99.978363	100.000641	100.004051	99.989731	99.942131	99.971161	100.046432	100.019943	99.982338	99.980904	100.013458	99.986778	99.93103	99.965965	100.00106	99.987534	100.02327	100.000992	99.980721	99.990685	100.027321	99.999443	99.967827	100.024292	100.010193	99.979988	99.991173	100.026573	100.034294	99.97374	100.020088	99.992386	99.994659	100.041161	99.950317	99.980865	99.974457	99.953583	99.945396	99.986137	99.969604	99.992157	99.982574	99.981926	99.954033	100.011108	99.992302	99.979919	99.958656	99.929398	99.943039	100.007843	99.949677	99.962631	99.95639	99.988823	99.965965
994	100.008606	99.97554	99.948387	99.941521	99.981544	100.002304	100.002647	99.978851	99.93541	99.964294	100.056229	100.01947	99.981216	99.965927	100.011192	99.99707	99.932236	99.958618	99.999374	99.981499	100.018501	99.99707	99.977798	99.989044	100.022827	99.996635	99.970306	100.036049	100.018166	99.976547	99.990768	100.03302	100.024078	99.972168	100.024414	99.994087	99.990044	100.04892	99.948387	99.983421	99.977463	99.946121	99.933487	99.988708	99.975639	99.983803	99.9814	99.983803	99.95929	100.011574	99.986061	99.974915	99.962944	99.930176	99.93219	100.009796	99.948433	99.963959	99.967659	99.981743	99.961983
995	100.007858	99.981575	99.952911	99.959946	99.99614	100.000488	100.001762	99.985901	99.928421	99.971962	100.04805	100.007698	99.994865	99.969894	100.001129	100.005432	99.949539	99.958679	100.005928	99.987663	100.012337	100.005432	99.973587	99.983192	100.020508	99.987206	99.986526	100.029312	100.011063	99.98542	99.99807	100.017799	100.008667	99.968773	100.009941	100.002396	99.98703	100.03685	99.952911	99.978378	99.972305	99.960915	99.937698	99.981911	99.998535	99.988144	99.970711	99.988144	99.961243	100.010895	99.980148	99.987495	99.96685	99.933372	99.941055	99.987526	99.961388	99.970688	99.984772	99.971985	99.971481
996	100.007057	99.987869	99.957642	99.979172	100.011375	99.998581	100.000847	99.993248	99.921127	99.979973	100.039528	99.995438	100.009094	99.974022	99.990639	100.01416	99.967583	99.958748	100.012741	99.994095	100.005898	100.01416	99.969193	99.977089	100.018074	99.977356	100.003456	100.022293	100.003647	99.994675	100.005684	100.001907	99.992584	99.965225	99.994858	100.011063	99.983887	100.024261	99.957642	99.973137	99.966919	99.976334	99.942093	99.974815	100.022423	99.992676	99.959549	99.992676	99.96328	100.01017	99.973976	100.000618	99.970917	99.936722	99.95031	99.964302	99.974915	99.977699	100.002625	99.961815	99.981392
997	100.005424	99.992958	99.964882	99.997055	100.025642	99.995674	99.997223	99.999771	99.91468	99.987534	100.030266	99.985603	100.022926	99.979607	99.982315	100.020615	99.98365	99.960533	100.019753	99.998024	99.998619	100.02166	99.966553	99.971519	100.015762	99.970528	100.017097	100.016357	99.99614	100.002373	100.012825	99.987404	99.977989	99.962105	99.982208	100.019875	99.981056	100.01236	99.962799	99.969032	99.960602	99.991394	99.946793	99.968567	100.041245	99.996246	99.949173	99.996819	99.966789	100.010094	99.969719	100.01075	99.974701	99.938477	99.958351	99.94442	99.987297	99.984222	100.019875	99.954872	99.992073
998	99.997551	99.986801	99.990097	99.998993	100.028206	99.985588	99.973183	99.997765	99.916824	99.98925	100.017929	99.998299	100.029419	99.995163	99.993935	100.00708	99.979301	99.975677	100.026176	99.981003	99.986588	100.017128	99.978821	99.971909	100.015114	99.989891	100.000488	100.020691	99.990051	99.99543	100.014099	99.988136	99.979515	99.963287	99.992821	100.027298	99.981651	100.009628	99.969986	99.975357	99.948761	99.999199	99.952644	99.970894	100.01416	99.991173	99.948074	99.996758	99.981056	100.015327	99.982063	99.993988	99.975151	99.927155	99.954453	99.957214	99.987015	99.984894	100.027298	99.975899	100.005898
999	99.989311	99.980377	100.016441	100.000999	100.030876	99.975044	99.948059	99.995667	99.91906	99.991051	100.005043	100.011536	100.036201	100.011383	100.006058	99.99292	99.974754	99.991478	100.03289	99.963203	99.974022	100.012398	99.991631	99.972298	100.014427	100.010094	99.983124	100.025238	99.983688	99.988159	100.015434	99.988884	99.981102	99.964508	100.003899	100.035049	99.982246	100.006775	99.977486	99.981956	99.936378	100.007355	99.958733	99.973297	99.985855	99.985855	99.946907	99.996681	99.995956	100.020767	99.994949	99.976486	99.975609	99.915314	99.950371	99.970558	99.986717	99.985565	100.035049	99.997833	100.02034
1000	99.980721	99.973663	100.043991	100.003113	100.033661	99.96402	99.921799	99.993477	99.921402	99.992928	99.99157	100.025383	100.043297	100.028374	100.01873	99.978134	99.969994	100.007996	100.039909	99.944611	99.960892	100.007462	100.00502	99.972717	100.013695	100.031219	99.964973	100.029991	99.977051	99.980583	100.01683	99.989685	99.982765	99.96579	100.015472	100.043152	99.982903	100.003792	99.985336	99.988869	99.923439	100.015877	99.965111	99.975838	99.956276	99.980316	99.945702	99.996605	100.011536	100.026466	100.008408	99.958191	99.976105	99.902931	99.946106	99.984528	99.98642	99.98629	100.043152	100.020767	100.035431
1001	99.975464	99.975967	100.012276	99.979279	100.031891	99.973938	99.941864	99.985611	99.944412	99.972603	100.004471	100.033318	100.016251	100.019119	100.015221	99.984077	99.962273	99.997375	100.013718	99.943832	99.947212	99.993912	100.000427	99.975037	100.005493	100.019798	99.965561	100.009827	99.985947	99.960587	99.99688	99.984947	99.980797	99.974617	99.989441	100.024628	99.970566	99.996956	99.986122	99.990524	99.913719	99.995026	99.952293	99.965492	99.9533	99.971741	99.946365	99.994667	99.98597	99.99704	99.992729	99.950256	99.963623	99.897552	99.94915	99.969383	99.985191	99.97496	100.020897	100.017761	100.013031
1002	99.970551	99.979813	99.969955	99.950424	100.029327	99.987564	99.970062	99.976555	99.971565	99.947952	100.022057	100.040627	99.982758	100.005356	100.00901	99.993568	99.953789	99.982033	99.981247	99.945847	99.932922	99.978485	99.99279	99.97776	99.995789	100.002762	99.96917	99.984917	99.99765	99.937859	99.972786	99.979141	99.978188	99.98497	99.956429	100.001144	99.955711	99.98925	99.985817	99.991402	99.904137	99.968697	99.935936	99.952698	99.954445	99.962379	99.947357	99.992363	99.952888	99.960937	99.971809	99.943687	99.948608	99.893082	99.953484	99.949036	99.983772	99.961296	99.992973	100.010513	99.983833
1003	99.965408	99.983826	99.925682	99.920235	100.026657	100.001801	99.999557	99.967087	99.999977	99.922188	100.040451	100.048271	99.947716	99.990952	100.002525	100.003479	99.944908	99.965981	99.947296	99.947968	99.917992	99.962357	99.98481	99.980606	99.985649	99.984955	99.972939	99.95887	100.009903	99.914093	99.947578	99.973076	99.975456	99.995811	99.921913	99.976593	99.940163	99.981186	99.985489	99.992332	99.894127	99.941162	99.918831	99.939331	99.955643	99.952576	99.948387	99.98996	99.918289	99.923172	99.949936	99.936806	99.932907	99.888405	99.958008	99.927757	99.982292	99.947006	99.963753	100.002945	99.953308
1004	99.959305	99.983727	99.921494	99.922928	100.021683	100.018845	100.016846	99.975029	100.007561	99.923065	100.051819	100.042664	99.947472	99.982292	100.004997	100.005272	99.952766	99.965599	99.953903	99.966606	99.919495	99.967606	100.000015	99.99572	99.984291	99.993446	99.969727	99.953751	100.0177	99.916367	99.959053	99.97316	99.986877	100.007141	99.930779	99.968735	99.953186	99.982025	99.990868	99.991867	99.917229	99.932335	99.935928	99.938896	99.979034	99.950897	99.961617	99.988152	99.91993	99.919357	99.948479	99.936043	99.932907	99.910667	99.964172	99.91906	99.984291	99.954185	99.964607	100.005707	99.941322
1005	99.952492	99.980995	99.943069	99.946869	100.015175	100.038025	100.026611	99.994347	100.001884	99.941154	100.058899	100.028458	99.969658	99.977188	100.013313	100.001892	99.97155	99.975327	99.986778	99.996269	99.931641	99.98674	100.030457	100.019051	99.988609	100.019051	99.96199	99.962029	100.022804	99.935463	99.994385	99.977203	100.007645	100.019028	99.967796	99.971512	99.984879	99.988625	100.000023	99.990501	99.962112	99.935425	99.975403	99.946831	100.017189	99.954422	99.982956	99.986694	99.944977	99.937347	99.960144	99.939217	99.943039	99.950706	99.971519	99.91832	99.988609	99.975357	99.984856	100.015213	99.941116
1006	99.945358	99.978134	99.965675	99.971977	100.008354	100.058136	100.03685	100.014603	99.995934	99.960121	100.06633	100.013557	99.992912	99.97184	100.022041	99.998337	99.991249	99.985519	100.02124	100.027374	99.944374	100.006821	100.062393	100.043503	99.993134	100.045906	99.953873	99.970695	100.02816	99.95549	100.031433	99.981461	100.029419	100.031487	100.006592	99.974426	100.018097	99.995544	100.009621	99.989075	100.009178	99.938652	100.016785	99.955139	100.057182	99.958107	100.005341	99.985176	99.971237	99.95623	99.972374	99.942543	99.953659	99.992691	99.979233	99.917534	99.993134	99.997551	100.006081	100.025177	99.940887
1007	99.9505	99.977486	99.98101	99.991783	99.999771	100.062386	100.042427	100.026024	99.989685	99.966965	100.074051	100.002113	100.012634	99.96579	100.026489	99.989937	99.99369	99.996689	100.039627	100.048279	99.95311	100.016655	100.070122	100.057434	99.996941	100.049736	99.943993	99.973747	100.024399	99.970917	100.055313	99.985924	100.042892	100.03331	100.023941	99.973282	100.034248	99.998131	100.014999	99.989441	100.032379	99.942558	100.039162	99.968086	100.074806	99.967155	100.009644	99.984993	99.988045	99.965317	99.979141	99.952614	99.963882	100.010574	99.98452	99.922386	100.000679	100.009605	100.020393	100.025795	99.943497
1008	99.97702	99.980743	99.983078	100.001656	99.988457	100.038681	100.039635	100.021599	99.98317	99.952354	100.082062	99.997131	100.025497	99.958702	100.023331	99.973351	99.965897	100.009201	100.029228	100.050652	99.954536	100.00824	100.035286	100.052475	99.999382	100.013176	99.931374	99.96685	100.004852	99.977791	100.055351	99.990623	100.041367	100.016472	100.003113	99.965118	100.019943	99.99305	100.012825	99.992973	100.013008	99.947525	100.027489	99.988724	100.052643	99.98526	99.982216	99.98716	99.98777	99.956963	99.976143	99.974152	99.973114	99.98568	99.985413	99.936935	100.013268	100.003555	100.02211	100.010048	99.950989
1009	100.004791	99.984146	99.985252	100.011978	99.976593	100.013863	100.036713	100.016953	99.976334	99.937073	100.090446	99.991913	100.038979	99.951294	100.020027	99.955986	99.936768	100.022278	100.018333	100.053154	99.956039	99.99942	99.998795	100.047287	100.001945	99.974861	99.918159	99.959633	99.984367	99.984993	100.055374	99.99556	100.03978	99.99884	99.9813	99.956573	100.004974	99.98774	100.010559	99.996666	99.992714	99.952713	100.015274	100.010345	100.029442	100.004211	99.953476	99.989433	99.98748	99.948219	99.973007	99.996712	99.982765	99.959595	99.986366	99.952164	100.026451	99.9972	100.023926	99.993561	99.958832
1010	100.031021	99.986641	99.985558	100.018311	99.968338	99.992355	100.032043	100.011917	99.96917	99.925423	100.092339	99.988083	100.049843	99.944061	100.016548	99.942688	99.913315	100.030579	100.009285	100.05648	99.957626	99.990005	99.967255	100.040771	100.005363	99.942688	99.9114	99.954979	99.966545	99.992737	100.052139	99.998207	100.034859	99.983093	99.964432	99.950699	99.990379	99.984535	100.007477	99.997833	99.975807	99.959068	100.001022	100.026299	100.005653	100.021378	99.927345	99.992195	99.987373	99.944313	99.970985	100.01329	99.989296	99.937889	99.987183	99.963638	100.035408	99.991814	100.023102	99.977188	99.963806
1011	100.039848	99.982269	99.973061	99.995781	99.986488	99.998932	100.016579	100.005463	99.9617	99.9412	100.049973	99.994553	100.040222	99.940041	100.012901	99.960236	99.934212	100.004303	100.014893	100.064575	99.95932	99.978966	99.97728	100.026871	100.013588	99.960236	99.949799	99.968758	99.97113	100.001999	100.027718	99.98465	100.008682	99.984024	99.985184	99.964378	99.98204	99.996315	99.999542	99.981583	99.986031	99.971603	99.97673	99.999924	99.984184	100.021873	99.925613	99.997398	99.988403	99.974045	99.977051	99.98526	99.972824	99.951248	99.98687	99.946571	100.013283	99.994324	100.004753	99.965836	99.948105
1012	100.049103	99.977676	99.959953	99.97216	100.005516	100.005806	100.000381	99.998665	99.953842	99.957741	100.005547	100.00132	100.030136	99.935814	100.009048	99.978622	99.956108	99.976746	100.020775	100.073036	99.96109	99.967392	99.987785	100.012299	100.022209	99.978622	99.990067	99.9832	99.97596	100.011719	100.002098	99.970444	99.981224	99.985023	100.006935	99.978714	99.973297	100.008667	99.991226	99.964523	99.99675	99.984734	99.951271	99.97226	99.96167	100.022415	99.923805	100.002861	99.989502	100.005219	99.983398	99.955856	99.955559	99.965271	99.986557	99.928665	99.990089	99.996948	99.985497	99.953941	99.931625
1013	100.05883	99.972878	99.946198	99.94738	100.02549	100.013039	99.983383	99.991539	99.945602	99.975113	99.958923	100.008438	100.019547	99.931389	100.00502	99.99794	99.979118	99.947815	100.026962	100.081947	99.962959	99.955246	99.998817	99.997017	100.031265	99.99794	100.032333	99.998375	99.981018	100.021935	99.975227	99.955536	99.952408	99.986069	100.0298	99.993774	99.964134	100.021652	99.982506	99.94664	100.008011	99.99852	99.924561	99.943222	99.938034	100.022972	99.921913	100.008598	99.990669	100.037956	99.990074	99.924995	99.937447	99.979988	99.986221	99.909889	99.965752	99.99971	99.965309	99.94146	99.91433
1014	100.048111	99.971786	99.96698	99.946167	100.028206	100.001083	99.968178	99.989288	99.960472	99.960876	99.956871	100.004196	100.0214	99.950264	99.998184	99.944069	99.956467	99.927963	100.030807	100.058617	99.974075	99.965981	99.993492	99.988785	100.027702	99.986992	100.018105	99.975281	99.978577	99.992287	99.980888	99.950371	99.94696	99.976784	100.016006	99.966667	99.953278	100.011803	99.97467	99.947464	99.991188	100.001297	99.948669	99.944069	99.951073	99.98838	99.92395	100.002899	99.987991	100.018898	99.987991	99.940865	99.967979	99.982483	99.967667	99.921555	99.966278	99.98568	99.955872	99.923256	99.928856
1015	100.034416	99.9711	99.99295	99.947845	100.028885	99.986252	99.952545	99.987549	99.978851	99.942101	99.960297	99.998352	100.024887	99.972855	99.990715	99.878799	99.927177	99.908394	100.034523	100.030304	99.986832	99.980026	99.985901	99.981079	100.022438	99.971817	99.996239	99.946442	99.975098	99.956429	99.990829	99.946198	99.944206	99.96582	99.997063	99.933174	99.941742	99.998703	99.966637	99.950668	99.970161	100.002815	99.980148	99.948669	99.969223	99.947975	99.92659	99.995529	99.984726	99.992599	99.984726	99.963226	100.005852	99.983559	99.946083	99.937508	99.969925	99.969002	99.947372	99.903572	99.947968
1016	100.020042	99.97039	100.02018	99.949608	100.029602	99.970695	99.936142	99.985725	99.998131	99.922386	99.963882	99.992218	100.028549	99.996552	99.982872	99.810326	99.896446	99.887848	100.038422	100.000595	100.000214	99.994774	99.977943	99.973007	100.016891	99.955887	99.973305	99.916176	99.971436	99.918808	100.001266	99.941826	99.941307	99.954315	99.977196	99.898026	99.929649	99.98497	99.958199	99.954018	99.948105	100.00441	100.013176	99.953491	99.988266	99.905571	99.929344	99.987808	99.9813	99.965004	99.9813	99.986687	100.045609	99.984673	99.923431	99.954247	99.973763	99.951477	99.938461	99.882919	99.968002
1017	100.005936	99.95433	100.04158	99.944366	100.006744	99.967697	99.924149	99.986885	99.982513	99.931526	99.963608	99.983749	99.99958	99.989685	99.957253	99.80838	99.884834	99.905388	100.034264	99.9776	99.990715	99.991814	99.961433	99.97789	100.005936	99.933105	99.963608	99.90094	99.965591	99.91835	99.997879	99.938347	99.946548	99.941292	99.956375	99.880737	99.924225	99.959305	99.940193	99.939171	99.948593	99.998901	99.994537	99.934044	99.983681	99.899101	99.923126	99.959236	99.970573	99.941216	99.965454	99.972412	100.033989	99.973587	99.920265	99.941162	99.962456	99.931122	99.916924	99.871658	99.970642
1018	99.991692	99.929291	100.06012	99.935059	99.970177	99.971733	99.914368	99.989769	99.94696	99.957047	99.961159	99.973778	99.95166	99.965485	99.921104	99.843773	99.883713	99.944672	100.02549	99.957909	99.968132	99.978844	99.939758	99.990128	99.991692	99.90596	99.961159	99.893814	99.958389	99.938782	99.986641	99.935303	99.956459	99.927132	99.934578	99.873123	99.92244	99.926399	99.91642	99.913773	99.961746	99.989296	99.946503	99.900543	99.965721	99.912682	99.911728	99.91835	99.955498	99.91906	99.942276	99.936623	99.993271	99.955383	99.927948	99.911011	99.942406	99.908722	99.88781	99.865433	99.963554
1019	99.976776	99.903038	100.079559	99.925301	99.931847	99.975952	99.904106	99.99279	99.909698	99.983826	99.958572	99.963333	99.901421	99.940109	99.883217	99.880875	99.88253	99.985855	100.016296	99.937248	99.944458	99.965233	99.91703	100.002968	99.976776	99.87751	99.958572	99.886337	99.950836	99.96019	99.974876	99.932091	99.96685	99.91227	99.911728	99.865135	99.920563	99.891907	99.891487	99.887146	99.97554	99.979225	99.896133	99.865425	99.946907	99.926933	99.89978	99.875488	99.939713	99.895844	99.917969	99.899109	99.950569	99.93631	99.93602	99.879417	99.921371	99.885246	99.857277	99.85891	99.956131
1020	99.973763	99.898033	100.083069	99.91304	99.916924	99.979004	99.905365	99.994568	99.896629	99.998596	99.96151	99.962921	99.882469	99.934586	99.889145	99.913605	99.890511	100.005234	100.013649	99.938797	99.942116	99.964317	99.916412	100.012947	99.967453	99.885643	99.974129	99.890511	99.952072	99.997421	99.98497	99.94072	99.982697	99.90519	99.91658	99.869514	99.929878	99.870552	99.882278	99.888062	99.980919	99.975677	99.868622	99.860947	99.942635	99.942635	99.899956	99.860077	99.932999	99.895424	99.903091	99.879471	99.92688	99.928268	99.944542	99.879326	99.918327	99.885269	99.859039	99.870399	99.942062
1021	99.988594	99.924812	100.062714	99.897316	99.937286	99.980232	99.923759	99.994446	99.919952	99.995132	99.972633	99.977501	99.910606	99.958786	99.960297	99.939026	99.911972	99.991646	100.020828	99.973381	99.971634	99.982361	99.948761	100.018394	99.966705	99.948143	100.016403	99.911972	99.966408	100.057373	100.027504	99.966774	100.006294	99.909851	99.962662	99.892212	99.955681	99.869263	99.89669	99.930061	99.973625	99.981979	99.87587	99.902313	99.960175	99.960175	99.918205	99.885979	99.940033	99.929001	99.902557	99.886963	99.932037	99.936913	99.953552	99.926254	99.942154	99.920334	99.90892	99.908546	99.918449
1022	100.004128	99.952873	100.041389	99.880836	99.958618	99.981529	99.943001	99.994316	99.944374	99.991516	99.984268	99.99276	99.940071	99.984146	100.034821	99.96566	99.934456	99.977409	100.028351	100.009605	100.002548	100.001251	99.982651	100.024094	99.965912	100.013603	100.060677	99.934456	99.9814	100.120163	100.072037	99.994064	100.031029	99.914734	100.010918	99.91597	99.982704	99.867912	99.911789	99.974022	99.965981	99.988571	99.883461	99.945625	99.978531	99.978531	99.937325	99.913094	99.94738	99.964165	99.901985	99.894814	99.937454	99.945938	99.962982	99.975395	99.967102	99.957047	99.961166	99.948509	99.893692
1023	100.016144	99.975433	100.020981	99.878654	99.981979	99.983543	99.958954	99.997459	99.969353	99.990662	99.995827	100.004517	99.965759	100.00647	100.092674	99.987717	99.952164	99.963799	100.030006	100.038765	100.021568	100.017128	100.005104	100.027451	99.965431	100.063263	100.089409	99.956421	99.990257	100.158813	100.102676	100.017128	100.042549	99.921516	100.052681	99.939285	100.004181	99.869164	99.92112	100.001167	99.961906	99.991241	99.894394	99.978958	99.988953	99.991241	99.952492	99.933403	99.952164	99.990593	99.899483	99.904716	99.938568	99.951187	99.968956	100.012222	99.982155	99.984779	100.000259	99.973068	99.874649
1024	100.009155	99.967506	100.008583	99.945786	100.010979	99.98867	99.956177	100.015785	99.992561	100.003326	100.004921	99.997253	99.968658	100.0103	100.059845	99.983765	99.943718	99.955612	100.003098	100.028595	99.979752	100.015678	99.96843	100.018883	99.966476	100.027916	100.038101	99.97197	99.967972	100.074135	100.060867	100.015678	99.988335	99.936279	100.055717	99.956299	99.995087	99.882736	99.900932	99.942337	99.975746	99.974495	99.919579	99.958244	99.959274	99.974495	99.945885	99.917168	99.943718	99.970139	99.888	99.922775	99.918762	99.937202	99.957207	99.983063	99.9468	99.964195	99.969009	99.919113	99.886505
1025	100.001839	99.959221	99.995598	100.016022	100.041344	99.994057	99.953285	100.034966	100.016853	100.016571	100.014435	99.989662	99.971687	100.01429	100.025467	99.979607	99.934875	99.947044	99.974937	100.017975	99.935989	100.014153	99.930054	100.009903	99.967583	99.990929	99.984406	99.988251	99.944641	99.985519	100.01712	100.014153	99.931595	99.951729	100.058891	99.974098	99.98555	99.896935	99.879799	99.880775	99.990234	99.956963	99.94593	99.936569	99.928215	99.956963	99.93898	99.900185	99.934875	99.948738	99.875977	99.941673	99.898064	99.922554	99.944916	99.95256	99.909798	99.942657	99.936279	99.862656	99.898926
1026	99.994171	99.950546	99.982018	100.089607	100.073158	99.999695	99.950233	100.055061	100.042297	100.030449	100.024414	99.981712	99.974861	100.018486	99.989464	99.975273	99.925621	99.938087	99.945435	100.006844	99.890152	100.012566	99.889847	100.000511	99.968735	99.952179	99.928162	100.005318	99.920204	99.892708	99.971283	100.012566	99.872169	99.967926	100.062225	99.992737	99.975578	99.911835	99.857674	99.816284	100.005409	99.938599	99.973541	99.913864	99.895676	99.938599	99.93174	99.882393	99.925621	99.926323	99.863396	99.961487	99.876373	99.907234	99.932045	99.920609	99.871048	99.920097	99.902008	99.803513	99.911926
1027	100.01416	99.932175	99.979004	100.058281	100.057831	99.998131	99.94339	100.053642	100.024078	100.009468	99.995613	99.975266	99.972626	100.01725	99.96669	99.987572	99.936554	99.928764	99.970627	100.000778	99.913246	99.992203	99.903908	99.996262	99.979317	99.963936	99.917877	100.010109	99.924583	99.896439	99.973724	99.990334	99.877304	99.953171	100.018929	100.004829	99.974495	99.938744	99.853348	99.832993	100.004509	99.93811	99.95208	99.942482	99.908417	99.897011	99.909309	99.869514	99.955231	99.914146	99.902679	99.946793	99.889282	99.915558	99.944801	99.907768	99.884781	99.924583	99.894241	99.823982	99.882713
1028	100.036705	99.91243	99.976494	100.019302	100.039017	99.996071	99.936005	100.05088	100.002457	99.985481	99.963226	99.968636	99.969963	100.015656	99.943718	100.001404	99.949196	99.919022	100.000229	99.994743	99.941483	99.969826	99.921837	99.992142	99.990952	99.979233	99.909904	100.014389	99.930885	99.90612	99.979172	99.965897	99.886536	99.935936	99.97094	100.017059	99.973892	99.96759	99.849907	99.855316	100.002602	99.938675	99.926743	99.975456	99.924431	99.852211	99.884979	99.856361	99.988503	99.902039	99.946815	99.929405	99.904861	99.92569	99.959656	99.895515	99.902252	99.930885	99.887726	99.850121	99.849686
1029	100.060318	99.891708	99.973862	99.978409	100.019287	99.993912	99.928261	100.047974	99.979767	99.96032	99.929268	99.961678	99.967171	100.013969	99.919632	100.0159	99.96244	99.908791	100.031235	99.988411	99.971085	99.94635	99.940628	99.987808	100.003136	99.99527	99.901535	100.01886	99.937477	99.916252	99.984863	99.940262	99.896202	99.917847	99.920624	100.029861	99.973259	99.99781	99.846283	99.878708	100.000587	99.939255	99.900162	100.010002	99.941216	99.805244	99.859489	99.842567	100.023361	99.889343	99.99308	99.911156	99.921158	99.936302	99.97522	99.882668	99.92057	99.937477	99.88089	99.87751	99.815056
1030	100.047211	99.907974	99.950012	99.967339	99.998573	100.000717	99.936905	100.029716	99.978706	99.935555	99.930069	99.955978	99.962807	100.01519	99.932289	100.014458	99.950729	99.910362	100.025902	99.968216	99.958359	99.936981	99.970993	99.998405	100.003815	100.003014	99.894463	100.003899	99.944534	99.921013	99.989357	99.942223	99.920128	99.930779	99.90432	100.035683	99.957565	99.99324	99.8564	99.880806	99.975845	99.953583	99.904243	99.985779	99.939293	99.795692	99.852669	99.849571	100.01001	99.88382	99.979652	99.889221	99.890099	99.917351	99.959877	99.878502	99.938416	99.938492	99.861893	99.88533	99.813881
1031	100.01799	99.940521	99.916473	99.968765	99.976921	100.011551	99.952789	100.004448	99.986877	99.910339	99.945808	99.950668	99.957657	100.017677	99.961052	100.006142	99.928009	99.917007	100.004868	99.941566	99.92717	99.933418	100.007103	100.015678	99.999573	100.007416	99.887787	99.980202	99.951942	99.923576	99.993446	99.956078	99.950783	99.957344	99.902191	100.038635	99.934998	99.97364	99.872658	99.873825	99.94072	99.974174	99.92157	99.935738	99.929291	99.801949	99.853714	99.865677	99.975655	99.881233	99.940292	99.865135	99.837921	99.885246	99.930878	99.877945	99.956505	99.937119	99.837189	99.884933	99.827034
1032	99.987442	99.974548	99.881401	99.970268	99.954292	100.022865	99.969414	99.978012	99.99543	99.883972	99.962265	99.945137	99.952278	100.020302	99.991135	99.997437	99.904266	99.923965	99.982872	99.913696	99.894547	99.929687	100.044861	100.033722	99.995148	100.012016	99.880821	99.955437	99.959702	99.926254	99.997719	99.970558	99.982834	99.98513	99.899956	100.041733	99.911407	99.95314	99.889664	99.866524	99.903992	99.995705	99.939682	99.883408	99.918831	99.808487	99.854797	99.882515	99.939713	99.878525	99.899124	99.839951	99.783363	99.851677	99.900551	99.87738	99.97541	99.935684	99.811378	99.884529	99.84079
1033	99.970764	100.003601	99.881844	99.987129	99.939331	100.041267	99.9879	99.989647	99.989075	99.900085	99.992592	99.957893	99.965218	100.011017	100.014961	99.979599	99.905632	99.941101	99.998055	99.926033	99.882278	99.952003	100.061432	100.030769	99.998161	100.023361	99.90847	99.934975	99.980919	99.945457	100.012016	99.984634	100.008751	100.004372	99.922768	100.044968	99.917313	99.960091	99.92823	99.880753	99.910332	100.016045	99.94883	99.878899	99.924294	99.827393	99.886536	99.905632	99.921768	99.893196	99.880096	99.851837	99.77655	99.885361	99.917969	99.906296	99.978836	99.950577	99.816055	99.910332	99.862854
1034	99.97007	100.026848	99.923088	100.021568	99.933281	100.067688	100.008453	100.044991	99.96566	99.964905	100.038742	99.991653	99.99913	99.988106	100.031517	99.951317	99.935844	99.969818	100.055908	99.984535	99.893417	100.004158	100.053596	100.003685	100.009682	100.042427	99.975822	99.919548	100.017525	99.983559	100.037766	99.998161	100.027466	100.013733	99.974228	100.048317	99.957062	99.99852	99.991402	99.919655	99.966141	100.03495	99.947639	99.929344	99.94799	99.86042	99.953377	99.935844	99.924561	99.92775	99.886551	99.906281	99.824608	99.99617	99.990173	99.968956	99.964432	99.984161	99.855766	99.966141	99.894394
1035	99.96936	100.051208	99.966316	100.057663	99.926956	100.095406	100.030006	100.102997	99.941132	100.032845	100.087097	100.027023	100.034691	99.964111	100.048874	99.921692	99.967529	99.999931	100.116539	100.045822	99.905106	100.058807	100.045395	99.975319	100.021782	100.062416	100.046394	99.903397	100.055901	100.023483	100.064766	100.012352	100.047096	100.02356	100.028168	100.051842	99.998734	100.038803	100.057602	99.960426	100.02462	100.054756	99.946388	99.982208	99.972847	99.895042	100.023415	99.967529	99.927513	99.963982	99.893333	99.963341	99.874969	100.112282	100.065826	100.03463	99.949356	100.019363	99.897377	100.02462	99.927452
1036	99.968025	100.068733	99.996323	100.087479	99.920364	100.107193	100.041534	100.152657	99.920364	100.0746	100.112579	100.045692	100.052307	99.952477	100.054764	99.894379	99.990318	100.024139	100.144432	100.084892	99.916809	100.097038	100.035538	99.951118	100.020325	100.066772	100.091515	99.887772	100.073387	100.048134	100.09301	100.017998	100.057205	100.022171	100.065056	100.053047	100.027084	100.064445	100.107941	99.989098	100.055862	100.07119	99.93898	100.02475	99.984802	99.927727	100.06002	99.989098	99.923286	99.986633	99.906639	100.005386	99.922333	100.178741	100.112579	100.077667	99.945244	100.043365	99.929428	100.067505	99.953568
1037	99.964836	100.06279	99.981346	100.094368	99.913635	100.067352	100.020096	100.170921	99.913635	100.029076	100.06292	100.009468	100.011253	99.981209	100.023689	99.877159	99.982658	100.027145	100.065681	100.04953	99.927399	100.079308	100.021408	99.942589	99.976089	100.021065	100.051323	99.875374	100.02285	100.021896	100.122345	99.996063	100.036118	99.985413	100.044144	100.046753	100.010284	100.041031	100.102867	99.97644	99.997505	100.075218	99.912811	100.030258	99.954674	99.950951	99.986862	99.97644	99.896774	99.963997	99.939339	99.995575	99.955376	100.080887	100.06292	100.044617	99.976311	100.029419	99.927872	100.05658	99.955025
1038	99.96151	100.056587	99.965706	100.101562	99.906631	100.025711	99.997711	100.189987	99.906631	99.981514	100.01104	99.971603	99.968361	100.011253	99.991226	99.859177	99.974655	100.030304	99.983406	100.012573	99.938461	100.060783	100.006676	99.933685	99.929863	99.973312	100.009331	99.862419	99.97007	99.994469	100.153015	99.973137	100.014099	99.947014	100.022293	100.040207	99.99276	100.016571	100.097565	99.963226	99.936539	100.079468	99.885475	100.036011	99.923203	99.975235	99.910423	99.963226	99.869087	99.940361	99.973526	99.985329	99.989922	99.978638	100.01104	100.010094	100.008774	100.014862	99.926254	100.045158	99.956558
1039	99.958725	100.049278	99.949211	100.106956	99.89962	99.983681	99.9748	100.207588	99.898926	99.933907	99.958031	99.933395	99.924942	100.041344	99.958221	99.842018	99.966469	100.03215	99.899178	99.973602	99.949272	100.041092	99.990547	99.924248	99.883789	99.92482	99.96685	99.849831	99.916183	99.966156	100.182762	99.949593	99.992256	99.907745	100.000443	100.03315	99.974167	99.992378	100.091698	99.950096	99.874847	100.082436	99.857773	100.041092	99.890671	99.999184	99.833183	99.949524	99.841064	99.915108	100.007881	99.973915	100.024208	99.875092	99.957649	99.973282	100.040771	99.999184	99.924881	100.033592	99.958466
1040	99.98436	100.007881	99.926865	100.024323	99.905396	100.001907	99.971588	100.129822	99.875473	99.972252	99.95446	99.950508	99.939224	100.018333	99.962616	99.891655	99.965736	99.974426	99.886345	99.91993	99.929581	100.007462	99.945221	99.909325	99.929039	99.933784	99.98204	99.875748	99.914368	99.952141	100.117706	99.943176	100.018608	99.903076	100.019028	100.017944	99.944405	100.024048	100.072441	99.96492	99.896011	100.025818	99.865295	100.007462	99.87236	99.964645	99.864059	99.940453	99.850868	99.868134	99.986809	99.933533	99.984901	99.906883	99.938133	99.906334	99.993874	99.964645	99.936501	100.036964	99.973488
1041	100.011147	99.964653	99.903542	99.938049	99.91143	100.020935	99.968246	100.048592	99.851021	100.012352	99.950737	99.968414	99.95417	99.994339	99.967216	99.94352	99.964981	99.914192	99.872986	99.863907	99.909035	99.972382	99.897888	99.893753	99.976303	99.943184	99.99794	99.902847	99.912468	99.937523	100.049797	99.936501	100.046158	99.898216	100.038445	100.00206	99.91333	100.057152	100.052353	99.980423	99.918129	99.966721	99.873161	99.972382	99.853256	99.928612	99.896317	99.931	99.861137	99.819107	99.964821	99.891373	99.943886	99.940086	99.917786	99.836441	99.944916	99.928612	99.948677	100.040504	99.989174
1042	100.039162	99.919464	99.879158	99.84787	99.917747	100.04084	99.964752	99.963684	99.825447	100.05426	99.946854	99.987122	99.969788	99.969238	99.972023	99.997726	99.964188	99.851212	99.859016	99.805328	99.887558	99.935684	99.848404	99.87748	100.025711	99.952995	100.014542	99.93116	99.910477	99.922234	99.978775	99.929512	100.074974	99.89315	100.058746	99.985466	99.880836	100.091743	100.031349	99.996635	99.941238	99.904922	99.881386	99.935684	99.833267	99.890923	99.930046	99.921104	99.871857	99.767838	99.941833	99.847282	99.900993	99.974808	99.896507	99.763374	99.893738	99.890923	99.96138	100.044205	100.005577
1043	99.984619	99.946938	99.860519	99.878151	99.910805	100.032188	99.97924	99.956398	99.819168	100.066353	99.947342	99.956886	99.992912	99.938469	99.972534	99.948013	99.936218	99.848808	99.855804	99.839264	99.899117	99.929039	99.819374	99.910339	100.016228	99.933846	99.997917	99.93364	99.922043	99.915344	99.92263	99.910912	100.030304	99.89241	100.050484	99.956772	99.899002	100.080299	99.998032	100.002251	99.938271	99.89695	99.892319	99.892792	99.812469	99.828918	99.949516	99.904007	99.824295	99.764145	99.911003	99.848808	99.894669	99.965851	99.894669	99.759544	99.887779	99.880989	99.945267	100.002754	99.979706
1044	99.905869	99.995094	99.842796	99.942139	99.900047	100.015495	99.999077	99.96991	99.817932	100.070763	99.949036	99.912331	100.018883	99.905113	99.971901	99.868423	99.899902	99.862762	99.855392	99.899467	99.920029	99.930305	99.794899	99.957642	99.990471	99.906189	99.971741	99.929222	99.937668	99.9105	99.868568	99.888542	99.964211	99.892845	100.034225	99.923851	99.931534	100.056007	99.960236	100.005211	99.928146	99.903282	99.904358	99.846779	99.790764	99.758209	99.965759	99.884399	99.759277	99.773254	99.877029	99.862762	99.898071	99.944725	99.898071	99.774345	99.893921	99.878265	99.920776	99.947639	99.941498
1045	99.823418	100.045502	99.824249	100.009132	99.888786	99.998032	100.019852	99.98407	99.816635	100.075386	99.950806	99.8657	100.046074	99.870209	99.971245	99.785095	99.861893	99.877373	99.854973	99.962494	99.941925	99.931633	99.769287	100.007164	99.963501	99.877243	99.944321	99.924591	99.954048	99.905426	99.812004	99.865128	99.89502	99.893311	100.017204	99.889366	99.965599	100.030579	99.920662	100.008308	99.917549	99.909935	99.916977	99.798607	99.768028	99.684181	99.982803	99.863861	99.691223	99.782799	99.841446	99.877373	99.901619	99.92263	99.901619	99.789856	99.900352	99.875412	99.895142	99.889938	99.901489
1046	99.810486	100.045967	99.818977	100.032249	99.866692	99.984985	100.013718	100.011108	99.822479	100.043579	99.914406	99.848396	100.053596	99.868652	99.944466	99.778252	99.864082	99.884109	99.863419	99.979752	99.93531	99.959251	99.775856	100.048569	99.959702	99.874969	99.931389	99.930298	99.957306	99.912437	99.801781	99.846001	99.876709	99.892174	99.999359	99.877792	99.999557	100.009155	99.908951	100.009811	99.932693	99.930946	99.909386	99.771057	99.781075	99.701134	99.990204	99.856461	99.703964	99.800026	99.835762	99.894569	99.88282	99.890869	99.915916	99.80809	99.901978	99.888252	99.889343	99.861031	99.899796
1047	99.852875	100.006577	99.824257	100.020531	99.835716	99.975311	99.986053	100.048683	99.834045	99.982361	99.847183	99.854324	100.045464	99.893684	99.896568	99.832352	99.898346	99.884621	99.879013	99.96064	99.905876	100.008095	99.808136	100.083862	99.97435	99.893929	99.929848	99.94429	99.950134	99.929123	99.828415	99.830116	99.898819	99.889755	99.980682	99.884384	100.03376	99.9907	99.919334	100.01004	99.968498	99.963608	99.885582	99.759705	99.822807	99.790817	99.989983	99.859451	99.781273	99.823532	99.853836	99.913963	99.845978	99.851105	99.938911	99.828674	99.899773	99.913734	99.8993	99.854805	99.928635
1048	99.897209	99.965378	99.82975	100.00827	99.803314	99.96521	99.9571	100.087967	99.846138	99.918335	99.776878	99.860519	100.036964	99.919876	99.846489	99.888939	99.934181	99.885162	99.895325	99.940651	99.875084	100.059189	99.841904	100.120781	99.989662	99.913757	99.928238	99.958916	99.942627	99.946579	99.856285	99.813484	99.921944	99.887222	99.961151	99.891266	100.069519	99.971413	99.930214	100.010262	100.005951	99.997757	99.860695	99.747833	99.866447	99.884621	99.989746	99.862579	99.862144	99.848106	99.872742	99.934258	99.807449	99.809517	99.962959	99.850174	99.897476	99.940376	99.909714	99.848274	99.958817
1049	99.943695	99.943924	99.831131	99.987473	99.795792	99.96376	99.935966	100.110771	99.848694	99.875351	99.746796	99.859169	100.029182	99.932549	99.812447	99.924347	99.93531	99.878998	99.893135	99.910698	99.858925	100.094353	99.873962	100.134239	99.990883	99.911812	99.931168	99.958305	99.933693	99.954659	99.859406	99.822441	99.924576	99.883553	99.945305	99.888336	100.067032	99.958076	99.930267	99.978615	100.017784	99.998207	99.845032	99.752716	99.878098	99.937332	99.956505	99.860313	99.90361	99.86145	99.89492	99.930511	99.794647	99.778717	99.961967	99.86145	99.887199	99.934174	99.919548	99.865509	99.956276
1050	99.99234	99.962685	99.824257	99.950661	99.838005	99.979614	99.931297	100.099815	99.832214	99.876038	99.797943	99.842918	100.02314	99.917839	99.811813	99.9161	99.867493	99.85984	99.85434	99.862282	99.872574	100.096336	99.901215	100.100517	99.964119	99.866776	99.943016	99.927536	99.922325	99.943741	99.813255	99.881836	99.886444	99.877777	99.937508	99.866043	99.988701	99.957191	99.908867	99.885139	99.978294	99.931717	99.848419	99.790703	99.825684	99.90612	99.859238	99.847397	99.865036	99.851883	99.922623	99.879196	99.833527	99.770737	99.911324	99.851883	99.861565	99.863014	99.927818	99.929131	99.888901
1051	100.043091	99.982246	99.817085	99.91227	99.88205	99.996155	99.92643	100.088379	99.815025	99.876762	99.851295	99.825958	100.016853	99.902496	99.811157	99.907516	99.796761	99.839844	99.813866	99.811798	99.88681	100.098404	99.929642	100.065353	99.936203	99.819778	99.955368	99.895424	99.910477	99.932343	99.765106	99.943779	99.846664	99.871758	99.929382	99.842804	99.90699	99.956276	99.886551	99.787628	99.937103	99.862358	99.851936	99.83033	99.771027	99.873558	99.757767	99.833931	99.824799	99.841896	99.951508	99.825691	99.874069	99.762413	99.858505	99.841896	99.834839	99.788773	99.936455	99.995499	99.818626
1052	100.071144	99.985764	99.805153	99.883324	99.915115	100.006279	99.919563	100.071991	99.794426	99.880211	99.897224	99.810951	100.0103	99.890045	99.811836	99.895889	99.735847	99.815437	99.766731	99.768028	99.901237	100.086761	99.946411	100.02552	99.903503	99.771622	99.962929	99.863693	99.903908	99.914215	99.720215	99.987984	99.808273	99.863693	99.920906	99.821671	99.825722	99.949982	99.865486	99.700531	99.903908	99.796654	99.860985	99.85746	99.717094	99.842239	99.661224	99.823448	99.78727	99.827499	99.974548	99.785431	99.919525	99.756851	99.806488	99.827499	99.808708	99.720215	99.931229	100.050095	99.757301
1053	99.927299	99.871964	99.761887	99.93042	99.860062	99.967415	99.900078	100.023911	99.754471	99.90242	99.877251	99.813904	100.003433	99.90184	99.821915	99.865234	99.762001	99.765305	99.683624	99.784241	99.913254	99.978729	99.874321	99.962242	99.84465	99.727623	99.933739	99.842987	99.937263	99.852058	99.710548	99.891968	99.789902	99.842987	99.912079	99.82132	99.768715	99.906326	99.858986	99.711731	99.937263	99.774483	99.907593	99.786972	99.682549	99.828163	99.625465	99.837334	99.779068	99.784714	99.949173	99.851677	99.988701	99.77282	99.77388	99.784714	99.7939	99.710548	99.826881	100.005081	99.776825
1054	99.777046	99.75309	99.716698	99.979622	99.802567	99.926796	99.879723	99.973694	99.712738	99.925621	99.856384	99.816994	99.996254	99.914131	99.832428	99.833229	99.789299	99.712936	99.596794	99.801163	99.925819	99.865875	99.799004	99.896141	99.783173	99.681679	99.903259	99.821358	99.972115	99.787132	99.70047	99.791679	99.770699	99.821358	99.902863	99.820938	99.709167	99.860725	99.852219	99.723419	99.972115	99.75132	99.956284	99.713318	99.646446	99.813438	99.588081	99.851822	99.770508	99.740044	99.922653	99.92086	100.060944	99.789497	99.739838	99.740044	99.778404	99.70047	99.71788	99.958061	99.797211
1055	99.619904	99.628784	99.669434	100.031075	99.742416	99.884338	99.858421	99.921181	99.669098	99.949875	99.834549	99.820236	99.988747	99.92701	99.843437	99.799744	99.817863	99.658165	99.506004	99.818871	99.93895	99.747841	99.720238	99.827019	99.71888	99.633606	99.871376	99.798721	100.00856	99.719223	99.689903	99.68679	99.750626	99.798721	99.893242	99.820572	99.646896	99.813042	99.845131	99.735641	100.00856	99.727089	100.007202	99.636314	99.608711	99.79805	99.549011	99.866974	99.761543	99.693306	99.894928	99.993225	100.136505	99.806931	99.704224	99.693306	99.76223	99.689903	99.603905	99.908897	99.818527
1056	99.72477	99.699059	99.727196	100.022827	99.748734	99.912415	99.898338	99.924904	99.713417	99.906387	99.898056	99.875519	99.977455	99.919876	99.903374	99.868332	99.820381	99.704651	99.566673	99.837601	99.897621	99.803871	99.755356	99.827263	99.74501	99.749168	99.886421	99.830437	100.053558	99.665756	99.75161	99.735954	99.750595	99.826981	99.855705	99.865173	99.678658	99.911552	99.82756	99.790092	99.998421	99.815788	100.019096	99.638901	99.676514	99.833878	99.622391	99.924339	99.766243	99.76194	99.962532	100.058578	100.10511	99.749603	99.725899	99.786072	99.731789	99.710258	99.671211	99.974731	99.820381
1057	99.862045	99.793098	99.798615	100.007835	99.762451	99.949211	99.946472	99.934845	99.769005	99.853851	99.973328	99.938622	99.965317	99.910316	99.970993	99.950691	99.820206	99.763931	99.646118	99.857216	99.848778	99.88089	99.804131	99.835007	99.781921	99.887001	99.907135	99.86927	100.10128	99.611687	99.82357	99.803688	99.752739	99.86187	99.813667	99.916428	99.72184	100.029778	99.808151	99.85128	99.982864	99.920227	100.02729	99.650154	99.75843	99.876671	99.710831	99.988541	99.772614	99.845779	100.043106	100.125816	100.060928	99.681892	99.754639	99.897591	99.698601	99.734741	99.76075	100.055588	99.820206
1058	100.005661	99.891487	99.873314	99.992142	99.776817	99.987724	99.996803	99.945251	99.827156	99.798912	100.052048	100.004662	99.952606	99.900307	100.041733	100.036827	99.82003	99.825928	99.729202	99.877724	99.797684	99.961456	99.855141	99.843117	99.820534	100.031189	99.928795	99.909904	100.15123	99.55513	99.898857	99.874542	99.754967	99.898346	99.769691	99.970047	99.766998	100.153458	99.787865	99.915298	99.966606	100.029465	100.035835	99.661926	99.844109	99.92144	99.803337	100.055733	99.779282	99.933472	100.127426	100.196159	100.014725	99.611092	99.784683	100.014244	99.663879	99.760368	99.854408	100.140175	99.82003
1059	100.060608	99.9161	99.864784	99.936523	99.80619	100	99.954208	99.973038	99.854622	99.82019	100.075485	100.009285	99.978622	99.901215	100.028816	100.076462	99.845329	99.893852	99.74926	99.899376	99.828606	100.003777	99.869507	99.868629	99.908821	100.069893	99.971184	99.876869	100.152824	99.656349	99.94133	99.906815	99.810921	99.975899	99.816513	99.981346	99.794975	100.136887	99.77816	99.920753	100.028099	100.003601	99.983101	99.694351	99.855507	99.948769	99.866783	100.075485	99.800583	99.963646	100.136971	100.174202	100	99.621651	99.83326	100.01297	99.622452	99.759521	99.885353	100.119194	99.820114
1060	100.074371	99.90596	99.8162	99.860474	99.843399	100	99.866127	100.00975	99.868019	99.878448	100.07299	99.984596	100.023773	99.907326	99.975548	100.094711	99.883392	99.966156	99.739609	99.922043	99.899483	100.028732	99.866646	99.903069	100.022926	100.058975	100.024452	99.807831	100.131287	99.835381	99.969055	99.921356	99.893829	100.074875	99.90786	99.972633	99.815353	100.052818	99.773293	99.898277	100.12822	99.912453	99.899803	99.737396	99.831596	99.968376	99.917763	100.07299	99.829369	99.967003	100.110947	100.107513	100	99.671402	99.891785	99.9552	99.576843	99.745941	99.886993	100.047173	99.82032
1061	100.088753	99.895386	99.76545	99.781052	99.882278	100	99.774101	100.048126	99.882004	99.939316	100.070404	99.958832	100.07093	99.913734	99.919884	100.1138	99.92318	100.04171	99.729546	99.945724	99.973534	100.05481	99.863655	99.939041	100.142136	100.047592	100.080109	99.735695	100.108803	100.022461	99.998047	99.936546	99.980484	100.178314	100.003288	99.963554	99.836655	99.964973	99.768219	99.874802	100.232849	99.81723	99.812767	99.782387	99.806633	99.988869	99.971039	100.070404	99.859467	99.970505	100.083771	100.037872	100	99.723389	99.95295	99.894844	99.529213	99.731773	99.888695	99.971931	99.820526
1062	100.120178	99.944046	99.737259	99.796921	99.970329	100.028801	99.787102	100.1026	99.900856	99.984467	100.079979	99.960724	100.109901	99.963692	99.929657	100.156296	99.962776	100.079498	99.78093	100.009605	100.046852	100.084091	99.910004	99.974648	100.196716	100.047997	100.136185	99.748947	100.122238	100.106918	100.050972	99.933975	100.042274	100.25338	100.063965	100.013733	99.879623	99.936951	99.785706	99.885323	100.263855	99.818626	99.853592	99.850151	99.836227	100.016464	100.05349	100.065567	99.895157	99.992706	100.067627	100.043213	100.006172	99.835541	100.014862	99.920296	99.56617	99.776817	99.937866	99.944725	99.837341
1063	100.171532	100.062439	99.735954	99.925392	100.115875	100.091446	99.924217	100.175713	99.925262	100.010704	100.103851	99.995293	100.13887	100.064789	100.016716	100.226143	100.001823	100.072372	99.904617	100.120567	100.118744	100.11692	100.014366	100.009521	100.174416	100.062325	100.192299	99.863068	100.178062	100.069366	100.131821	99.91037	100.074196	100.294327	100.083092	100.133644	99.947861	99.979874	99.829773	99.935982	100.207588	99.934273	100.045326	99.944328	99.930099	100.052246	100.169838	100.058128	99.937149	100.036835	100.064674	100.137177	100.019585	100.018013	100.077202	100.047012	99.702904	99.891556	100.042847	99.974518	99.873657
1064	100.225174	100.186111	99.734619	100.059601	100.267914	100.156891	100.067459	100.25209	99.950775	100.038124	100.128815	100.031425	100.169136	100.170395	100.107658	100.29911	100.042618	100.064934	100.033829	100.236488	100.193855	100.151237	100.123383	100.045982	100.151131	100.077293	100.250938	99.9823	100.236382	100.030159	100.216278	99.885742	100.107559	100.337135	100.103058	100.258896	100.019165	100.024727	99.875793	99.988899	100.148819	100.055084	100.245605	100.042725	100.028183	100.089661	100.291374	100.050369	99.981049	100.082947	100.061584	100.235329	100.033615	100.208641	100.142334	100.179413	99.845734	100.011421	100.152496	100.005661	99.911613
1065	100.273827	100.292328	99.767113	100.1745	100.38443	100.207092	100.177322	100.328102	100.008774	100.05349	100.16925	100.073959	100.213882	100.256538	100.190582	100.360695	100.073181	100.069153	100.160393	100.316475	100.250519	100.195396	100.196251	100.108109	100.143539	100.107338	100.289131	100.104485	100.275459	99.997589	100.26944	99.898613	100.143539	100.373146	100.125038	100.34021	100.077995	100.066734	99.911934	100.047813	100.114975	100.154808	100.383636	100.120224	100.105347	100.129852	100.368774	100.05426	100.03054	100.128647	100.083603	100.323273	100.051857	100.354675	100.197029	100.264618	99.971024	100.106552	100.236847	100.049019	99.97541
1066	100.302971	100.336014	99.899414	100.220551	100.382744	100.206551	100.176193	100.396141	100.160133	100.030945	100.252998	100.132141	100.298523	100.275894	100.241676	100.382149	100.069939	100.108337	100.267578	100.280342	100.246132	100.265488	100.152969	100.242577	100.184227	100.180367	100.261894	100.224724	100.252678	99.988083	100.222908	100.024124	100.184227	100.385414	100.151184	100.280937	100.09375	100.096428	99.914879	100.119652	100.159821	100.181541	100.320526	100.127373	100.112198	100.175003	100.305344	100.093147	100.092567	100.169052	100.179779	100.372337	100.081253	100.352386	100.215172	100.199104	100.031853	100.118164	100.236908	100.12561	100.111923
1067	100.333344	100.381538	100.037193	100.268509	100.381004	100.205994	100.175003	100.467026	100.317764	100.007477	100.340202	100.192749	100.386665	100.296066	100.294891	100.40451	100.066566	100.14917	100.379196	100.242744	100.241577	100.338486	100.107918	100.382614	100.226616	100.256432	100.233551	100.34993	100.228951	99.978203	100.174477	100.154831	100.226616	100.398209	100.178436	100.219238	100.110161	100.127365	99.917953	100.194466	100.206528	100.209412	100.254822	100.134834	100.119354	100.222031	100.239326	100.133667	100.157181	100.211121	100.279938	100.423416	100.111862	100.350021	100.234093	100.130882	100.095215	100.130249	100.236977	100.20536	100.254082
1068	100.359344	100.42424	100.171875	100.309326	100.378433	100.203499	100.175385	100.532166	100.469826	99.98465	100.420738	100.246284	100.469124	100.311661	100.341652	100.424484	100.063034	100.187935	100.48494	100.202347	100.231873	100.408195	100.059761	100.517738	100.268425	100.329338	100.201881	100.469589	100.203278	99.971161	100.120697	100.281189	100.265373	100.401894	100.204445	100.157928	100.119308	100.15303	99.917183	100.26609	100.250031	100.234673	100.180229	100.136757	100.123024	100.262344	100.17141	100.168839	100.217926	100.245598	100.373062	100.470757	100.138382	100.344704	100.250259	100.061165	100.155594	100.139091	100.230255	100.282356	100.387939
1069	100.270676	100.371895	100.129913	100.164543	100.360359	100.162125	100.208733	100.421608	100.378189	99.9944	100.293076	100.105347	100.362419	100.217094	100.212524	100.377167	100.059174	100.151268	100.378525	100.135849	100.120773	100.350533	99.985603	100.437035	100.263359	100.275246	100.125351	100.372932	100.156868	100.030838	99.997482	100.211143	100.195038	100.208649	100.183144	100.15583	99.965958	100.045486	99.835358	100.2108	100.189438	100.18383	99.977859	100.01886	100.050041	100.126717	100.119385	100.061592	100.146713	100.0896	100.239494	100.399208	100.055656	100.280846	100.194695	100.017128	100.103287	100.071404	100.083992	100.237419	100.234566
1070	100.178673	100.317596	100.086365	100.01429	100.341629	100.119194	100.243362	100.306908	100.283112	100.004532	100.160599	99.959106	100.251709	100.118958	100.078522	100.328079	100.055191	100.113251	100.268127	100.066849	100.005493	100.290718	99.908653	100.353279	100.258125	100.219109	100.045929	100.272644	100.108719	100.092766	99.869644	100.138458	100.122047	100.008118	100.161064	100.153687	99.806847	99.933876	99.750458	100.153442	100.126564	100.131096	99.767845	99.896538	99.974312	99.985977	100.065437	99.950294	100.0728	99.927704	100.100883	100.324974	99.969803	100.214592	100.137032	99.971458	100.049019	100.001205	99.93222	100.190796	100.075439
1071	100.083099	100.261177	100.041115	99.858238	100.322151	100.074593	100.27932	100.187752	100.184341	100.01503	100.022995	99.807198	100.136696	100.017036	99.939339	100.277069	100.051033	100.07373	100.153419	99.995178	99.885727	100.228561	99.828728	100.266289	100.252663	100.160805	99.963417	100.168457	100.058701	100.157082	99.736855	100.062965	100.046242	99.79982	100.138107	100.151421	99.641579	99.817963	99.66227	100.093864	100.061249	100.076279	99.549713	99.76947	99.895653	99.839798	100.009361	99.834686	99.996033	99.759552	99.956924	100.247864	99.880623	100.145767	100.077141	99.924004	99.99263	99.928268	99.774582	100.142357	99.910133
1072	100.050438	100.264702	100.065231	99.86058	100.355164	100.103783	100.347725	100.232788	100.174988	100.070404	100.071129	99.876099	100.141617	99.959984	99.932518	100.277313	100.024498	100.054886	100.145317	100.022957	99.992493	100.217262	99.861313	100.291382	100.202469	100.1446	99.939949	100.189064	100.104507	100.228333	99.847885	100.12674	100.118576	99.84127	100.149773	100.131271	99.718895	99.879822	99.74411	100.085274	100.091171	100.059334	99.701042	99.766418	99.99176	99.887985	100.013336	99.901321	100.040749	99.749367	99.985138	100.176529	99.876907	100.212013	100.117126	99.923615	100.098541	99.928062	99.855324	100.091972	99.916183
1073	100.029739	100.280724	100.104439	99.895775	100.400055	100.149155	100.42498	100.313202	100.183846	100.136803	100.159218	99.992867	100.171471	99.910446	99.952858	100.288177	99.992439	100.039696	100.159012	100.072166	100.149475	100.216103	99.91819	100.340424	100.141403	100.136589	99.92794	100.236107	100.171577	100.303246	100.012886	100.221321	100.223854	99.935684	100.168968	100.10675	99.848846	99.980408	99.863724	100.086937	100.141731	100.049652	99.933586	99.788925	100.127068	99.977905	100.029846	100.007751	100.111977	99.771538	100.049866	100.104118	99.890747	100.308273	100.179031	99.932945	100.241348	99.942902	99.987946	100.039589	99.957886
1074	100.008224	100.297401	100.145218	99.932388	100.446747	100.19635	100.505318	100.396851	100.193047	100.205864	100.250854	100.114349	100.202545	99.858894	99.974022	100.299454	99.959145	100.023926	100.173256	100.123344	100.312759	100.21489	99.977348	100.391457	100.077927	100.128281	99.915436	100.285042	100.241348	100.381172	100.184486	100.319717	100.333344	100.033882	100.188919	100.081238	99.984001	100.085022	99.988113	100.088676	100.194298	100.039604	100.175438	99.812332	100.267776	100.071426	100.047028	100.118462	100.186073	99.794594	100.117172	100.028816	99.905144	100.408409	100.243401	99.942665	100.389877	99.958344	100.125885	99.985107	100.001251
1075	100	100.172722	100.09185	99.921104	100.388206	100.110695	100.41803	100.327362	100.124443	100.178207	100.18293	100.045929	100.142494	99.788048	99.936028	100.186852	99.892845	99.979202	100.078117	100.070259	100.213158	100.128365	99.954079	100.281052	99.912872	100.094589	99.828484	100.211571	100.18959	100.305771	100.111496	100.265739	100.255539	100.026306	100.149155	99.998055	99.926613	100.009827	99.887756	100.030228	100.110695	100.018456	100.10128	99.766457	100.268486	100.01297	99.972923	100.063599	100.085976	99.7696	100.063202	99.908157	99.860275	100.242981	100.178993	99.882248	100.27124	99.886169	100.099312	99.921501	99.8909
1076	100	99.958115	99.978912	99.879715	100.263084	99.940834	100.224724	100.161156	100.006317	100.089622	100.014282	99.857803	100.024673	99.704346	99.860535	99.995361	99.805176	99.915894	99.913422	99.951233	99.947693	99.987427	99.878891	100.06826	99.682434	100.044693	99.693932	100.060585	100.061119	100.133453	99.884399	100.115669	100.059494	99.952332	100.071541	99.877808	99.747917	99.821091	99.645454	99.933441	99.940834	99.990143	99.828217	99.676674	100.181427	99.858627	99.840813	99.904396	99.875618	99.714211	99.93261	99.757782	99.777794	99.909348	100.033165	99.777237	99.983864	99.758339	99.969322	99.851501	99.682991
1077	100	99.736115	99.862106	99.836891	100.133644	99.765137	100.024773	99.98922	99.884148	99.997986	99.839828	99.663231	99.902824	99.61776	99.782455	99.79731	99.714508	99.850388	99.743095	99.828125	99.673134	99.841621	99.801125	99.848152	99.444084	99.993027	99.554771	99.904404	99.928246	99.955246	99.649506	99.960419	99.856712	99.875824	99.991241	99.753426	99.563095	99.625877	99.394814	99.83329	99.765137	99.960854	99.545792	99.583786	100.091347	99.69899	99.704155	99.739716	99.658043	99.656906	99.797523	99.602242	99.692467	99.56424	99.882347	99.668602	99.68663	99.626091	99.834869	99.779068	99.467934
1078	99.967606	99.668121	99.803368	99.82238	100.084435	99.690254	99.91993	99.880966	99.814903	99.970398	99.761307	99.593658	99.84639	99.637581	99.768776	99.719238	99.710182	99.814903	99.683716	99.747917	99.573074	99.817688	99.752899	99.749771	99.356514	99.954521	99.525093	99.792465	99.825508	99.875351	99.588043	99.876907	99.721436	99.898712	99.937996	99.709259	99.511078	99.523232	99.329391	99.771912	99.720161	99.888161	99.435036	99.564674	100.047981	99.63324	99.647263	99.688705	99.534767	99.649742	99.684967	99.530708	99.686218	99.423508	99.788429	99.668121	99.543167	99.598648	99.732948	99.733902	99.352158
1079	99.888435	99.824966	99.829849	99.849228	100.152504	99.762924	99.954643	99.866623	99.823471	100.036301	99.823235	99.706795	99.88575	99.811981	99.848984	99.81662	99.831589	99.823471	99.786469	99.731041	99.728119	99.971344	99.748207	99.829605	99.489311	99.935516	99.65506	99.746231	99.767807	99.939445	99.779617	99.898743	99.685928	100.065979	99.924728	99.782288	99.652847	99.556473	99.534187	99.76757	99.865913	99.75309	99.575386	99.653084	100.073067	99.704819	99.707016	99.803635	99.550095	99.715599	99.606476	99.582222	99.795059	99.581757	99.778358	99.824966	99.625137	99.723961	99.679543	99.728828	99.382164
1080	99.806198	99.987885	99.857361	99.877098	100.223206	99.838409	99.990723	99.85173	99.832375	100.104759	99.887581	99.824303	99.926666	99.993118	99.932304	99.917778	99.957672	99.832375	99.893196	99.713524	99.889168	100.130928	99.74334	99.912552	99.627266	99.915787	99.790054	99.698204	99.707886	100.006035	99.978607	99.921432	99.649055	100.239708	99.910957	99.858154	99.800117	99.591019	99.746925	99.763069	100.017311	99.612801	99.721153	99.744926	100.099113	99.779182	99.769112	99.923019	99.56604	99.784019	99.524948	99.635735	99.908112	99.746117	99.767906	99.987885	99.710266	99.854118	99.624069	99.723587	99.41333
1081	99.751793	100.127533	99.900803	99.926338	100.279114	99.916893	100.037674	99.876747	99.878105	100.183998	99.946358	99.928925	99.982689	100.162521	100.00135	100.01619	100.06443	99.865952	99.998764	99.720993	100.037674	100.285995	99.770706	100.004158	99.757202	99.939842	99.899345	99.698273	99.690178	100.046883	100.144958	99.957153	99.64315	100.386513	99.926338	99.942421	99.950523	99.660713	99.943771	99.780029	100.157104	99.542633	99.863251	99.845818	100.134262	99.857857	99.84716	100.041725	99.611	99.845703	99.486168	99.721107	100.040497	99.877861	99.792183	100.123466	99.78936	99.977287	99.616394	99.757317	99.493042
1082	99.81102	100.162064	100.001381	100.05304	100.271759	99.998558	100.121704	100.053741	100.061523	100.296494	99.977341	99.972382	100.091255	100.268196	100.007782	100.093399	100.084923	99.99147	100.088432	99.824448	100.121704	100.406906	99.919991	100.119568	99.842148	100.130867	99.897377	99.884575	99.837891	99.983742	100.167023	100.039612	99.757919	100.4133	100.05304	100.050209	100.096909	99.8591	100.057999	99.878242	100.237068	99.751534	99.975899	99.970947	100.200966	99.944771	99.978729	100.14505	99.763565	99.874718	99.617073	99.920677	100.233482	99.869064	99.948288	100.138702	99.836502	100.060127	99.794701	99.93837	99.75222
1083	99.872604	100.19796	100.105965	100.184784	100.264122	100.083481	100.209084	100.237778	100.252243	100.413498	100.009575	100.01757	100.20417	100.378098	100.014473	100.173676	100.106224	100.121986	100.181686	99.932037	100.209084	100.532639	100.075233	100.239578	99.930496	100.329521	99.895332	100.078323	99.991486	99.91806	100.189949	100.125351	99.877258	100.441147	100.184784	100.1623	100.249146	100.065384	100.176773	99.980377	100.320206	99.96875	100.093056	100.101067	100.270332	100.035164	100.115524	100.252495	99.922226	99.904907	99.753204	100.128197	100.434181	99.859917	100.110611	100.154541	99.885521	100.146278	99.980103	100.126633	100.021729
1084	99.935478	100.234016	100.212059	100.320282	100.254021	100.169182	100.29718	100.425629	100.447449	100.532043	100.042709	100.063614	100.319221	100.49015	100.020615	100.254913	100.127235	100.254997	100.276268	100.041962	100.297485	100.660255	100.233185	100.362244	100.02121	100.531876	99.893517	100.276733	100.148285	99.851097	100.212204	100.212952	99.999542	100.468567	100.318611	100.277779	100.405182	100.27597	100.299835	100.084602	100.403664	100.191605	100.211441	100.2341	100.340889	100.127541	100.255157	100.361565	100.084518	99.93631	99.89344	100.340668	100.636925	99.849739	100.276054	100.170395	99.935852	100.233948	100.169266	100.318993	100.296356
1085	99.89402	100.156082	100.079712	100.317886	100.054634	100.022743	100.138962	100.296196	100.358894	100.370255	100.043297	100.023911	100.22216	100.402176	99.953262	100.136696	100.047829	100.143539	100.158333	99.974907	100.166321	100.506996	100.080849	100.292816	100.007965	100.356583	99.91909	100.199364	100.04213	99.90316	100.093391	100.161766	99.958961	100.360023	100.16745	100.295105	100.356613	100.130989	100.378296	100.011375	100.219856	100.140129	100.025009	100.162926	100.271164	100.075188	100.157211	100.231262	100.004532	99.969238	99.912262	100.250648	100.307533	99.780067	100.137833	100.132156	99.928215	100.149223	100.029587	100.20163	100.063744
1086	99.851425	100.075981	99.943718	100.315437	99.849747	99.872253	99.976364	100.163208	100.267899	100.204018	100.043907	99.983124	100.122414	100.31179	99.884071	100.01519	99.96624	100.028992	100.037148	99.906029	100.031517	100.349495	99.924309	100.221458	99.99437	100.176445	99.945412	100.119865	99.933037	99.956665	99.971306	100.109184	99.917259	100.248482	100.012115	100.312912	100.306725	99.981995	100.458954	99.936127	100.03096	100.087234	99.833427	100.089767	100.199509	100.0214	100.05658	100.097366	99.92234	100.003098	99.931625	100.158157	99.969055	99.708481	99.995781	100.092865	99.920372	100.062202	99.886032	100.081047	99.824699
1087	99.807632	99.993614	99.803909	100.312897	99.639091	99.717529	99.809204	100.026474	100.174332	100.033096	100.04451	99.941185	100.019859	100.218834	99.812912	99.890282	99.882332	99.911209	99.912544	99.835182	99.892929	100.187576	99.763359	100.148094	99.980385	99.991226	99.972443	100.038132	99.820862	100.011658	99.845772	100.055099	99.874405	100.133774	99.852386	100.3312	100.255409	99.828812	100.541855	99.858765	99.836746	100.032829	99.636444	100.014565	100.125847	99.966064	99.953094	99.959709	99.83783	100.037895	99.951515	100.063049	99.621048	99.634865	99.849739	100.052467	99.912285	99.972694	99.738464	99.957062	99.578934
1088	99.814102	99.971733	99.700233	100.127457	99.588272	99.695602	99.723061	99.897278	100.038055	99.868736	100.039421	99.846718	99.960045	100.128807	99.75132	99.893188	99.790451	99.818733	99.767365	99.728241	99.904602	100.100838	99.774963	100.026909	99.869003	99.806503	99.988846	99.845634	99.831223	99.942657	99.81955	100.027992	99.761925	100.021484	99.81955	100.269875	100.116859	99.677132	100.352776	99.807861	99.848351	99.91983	99.616798	99.920105	100.055717	99.886398	99.795372	99.818192	99.739655	99.948097	99.977707	99.879616	99.560272	99.679306	99.728241	100.073662	99.727135	99.937767	99.666801	99.886681	99.49205
1089	99.833015	99.964211	99.60331	99.89341	99.575554	99.705788	99.655022	99.767281	99.888519	99.702629	100.032791	99.737488	99.9095	100.037674	99.690811	99.927467	99.694748	99.730537	99.614182	99.610245	99.953323	100.030746	99.829086	99.891525	99.731483	99.618134	100.002983	99.622063	99.871811	99.84185	99.817108	100.006935	99.630096	99.907448	99.817108	100.187775	99.954102	99.522743	100.09317	99.762398	99.910599	99.790138	99.640205	99.818993	99.985016	99.799118	99.621117	99.672844	99.636101	99.825928	100.005981	99.670792	99.568626	99.753563	99.610245	100.110374	99.49482	99.915482	99.612297	99.82798	99.442329
1090	99.852455	99.956467	99.503723	99.652946	99.562492	99.71624	99.585114	99.63372	99.734901	99.531975	100.025986	99.625244	99.857552	99.944031	99.628632	99.962669	99.596413	99.639931	99.456802	99.489021	100.003387	99.95874	99.884674	99.752426	99.590202	99.424591	100.017509	99.392372	99.913521	99.738297	99.814606	99.985291	99.494667	99.790291	99.814606	100.103424	99.786896	99.364105	99.826469	99.715683	99.974556	99.656891	99.664238	99.715111	99.912384	99.70945	99.442108	99.523506	99.529716	99.700424	100.035034	99.45623	99.577202	99.829849	99.489021	100.148079	99.256149	99.892601	99.556282	99.76767	99.391228
1091	99.800835	99.966469	99.491104	99.638802	99.517876	99.722618	99.558189	99.639908	99.720421	99.437363	100.027969	99.662308	99.835571	99.973221	99.614128	99.931717	99.580582	99.654427	99.416153	99.530319	100.019012	99.934021	99.892601	99.74839	99.552612	99.467712	99.987656	99.380424	100.019112	99.667778	99.906151	99.927238	99.494476	99.817749	99.780739	100.012245	99.762917	99.380424	99.69574	99.676743	99.973137	99.654427	99.751762	99.720421	99.89151	99.67115	99.495682	99.553818	99.47876	99.656624	100.100731	99.491196	99.608551	99.854584	99.463135	100.124123	99.248444	99.909439	99.566063	99.822227	99.464325
1092	99.701363	99.98835	99.536324	99.775352	99.45179	99.726295	99.559639	99.739258	99.798515	99.392509	100.035789	99.799171	99.833359	100.084541	99.631241	99.856346	99.619568	99.73909	99.452911	99.68029	100.011826	99.940567	99.868813	99.83432	99.583778	99.668953	99.92794	99.513474	100.168266	99.618607	100.061211	99.844376	99.584419	99.941849	99.725655	99.915634	99.83416	99.513474	99.654404	99.64257	99.928101	99.73909	99.882416	99.798515	99.904938	99.66671	99.70475	99.704109	99.464264	99.666862	100.191429	99.692764	99.655357	99.845169	99.500534	100.058807	99.3946	99.952873	99.619728	99.953835	99.62085
1093	99.599152	100.010826	99.582794	99.915665	99.383888	99.730095	99.56115	99.841324	99.878769	99.346443	100.043831	99.939812	99.83107	100.198898	99.648811	99.778908	99.659622	99.826065	99.490677	99.834389	100.004433	99.947311	99.844391	99.9226	99.615791	99.875717	99.86657	99.6502	100.32151	99.568085	100.220551	99.759216	99.676826	100.069359	99.669052	99.81636	99.907364	99.6502	99.611916	99.607483	99.881836	99.826065	100.01664	99.878769	99.918716	99.662125	99.91954	99.858528	99.449348	99.677368	100.284622	99.899864	99.703461	99.835503	99.538956	99.991692	99.544769	99.997505	99.674889	100.08905	99.781677
1094	99.561295	99.94577	99.628242	99.905609	99.312492	99.718864	99.510193	99.858299	99.892159	99.319527	100.020515	99.914314	99.800797	100.189926	99.686508	99.740891	99.660583	99.871635	99.48967	99.860695	99.949661	99.878815	99.797646	99.947281	99.551979	99.930779	99.832245	99.693695	100.336411	99.507812	100.241898	99.666145	99.728302	100.061562	99.611748	99.749557	99.888268	99.712555	99.575516	99.651024	99.79689	99.818153	99.9907	99.898445	99.898445	99.645622	99.948158	99.91658	99.457336	99.632271	100.30407	99.93634	99.706268	99.715851	99.500755	99.850502	99.621193	99.948921	99.622086	100.111137	99.802414
1095	99.619202	99.752716	99.671303	99.673714	99.23732	99.685654	99.382782	99.749245	99.806503	99.321457	99.951355	99.643959	99.729767	99.998932	99.753174	99.761787	99.603783	99.855133	99.431427	99.697723	99.825974	99.700592	99.718887	99.877487	99.347893	99.760704	99.838524	99.598648	100.14666	99.434296	100.059059	99.563148	99.718285	99.854073	99.554535	99.732018	99.733238	99.663895	99.548798	99.809837	99.656502	99.670235	99.728683	99.828247	99.828247	99.611794	99.701195	99.831116	99.498955	99.50589	100.214195	99.720085	99.642151	99.436104	99.350151	99.602715	99.587166	99.763596	99.410889	99.965706	99.615852
1096	99.678108	99.556366	99.715118	99.437843	99.160889	99.651901	99.253204	99.638336	99.719391	99.323425	99.88102	99.368988	99.657539	99.804695	99.820999	99.783066	99.546013	99.838371	99.372185	99.531998	99.700188	99.519356	99.638786	99.806526	99.140312	99.587746	99.844917	99.501984	99.953682	99.35955	99.873108	99.458412	99.708115	99.643066	99.496346	99.714211	99.575554	99.614418	99.521645	99.971382	99.513718	99.519814	99.462219	99.756859	99.756859	99.577408	99.450027	99.744217	99.54129	99.377373	100.122795	99.500153	99.57695	99.151581	99.196976	99.350708	99.552567	99.575119	99.196083	99.817787	99.426117
1097	99.734856	99.421333	99.7565	99.284683	99.148064	99.646568	99.203178	99.578255	99.683441	99.339493	99.840027	99.172768	99.624939	99.693588	99.863029	99.818382	99.523125	99.83326	99.32428	99.443314	99.633385	99.413208	99.588058	99.77002	99.022934	99.473068	99.873505	99.429466	99.813309	99.348274	99.717941	99.423355	99.708122	99.538666	99.481514	99.711502	99.447716	99.593132	99.519753	100.095047	99.451759	99.428108	99.289757	99.728409	99.713196	99.573181	99.320183	99.696625	99.582993	99.294525	100.068642	99.366531	99.536324	98.976257	99.099365	99.196426	99.526199	99.444672	99.084816	99.709824	99.299591
1098	99.780792	99.520836	99.786797	99.446495	99.372185	99.747185	99.45121	99.710022	99.839355	99.407089	99.910103	99.2789	99.741188	99.896782	99.807236	99.904091	99.631012	99.871811	99.320923	99.645271	99.789047	99.591408	99.649017	99.863365	99.246429	99.580704	99.983116	99.450256	99.875381	99.573387	99.685059	99.648834	99.746056	99.835594	99.628555	99.76519	99.437119	99.677742	99.611855	100.071884	99.693138	99.55912	99.47522	99.860924	99.774773	99.681297	99.64753	99.797493	99.6203	99.385506	100.155594	99.560242	99.589149	99.215271	99.213013	99.412926	99.531723	99.536407	99.363739	99.75563	99.41423
1099	99.827171	99.621323	99.81739	99.609917	99.598534	99.848793	99.701698	99.843124	99.996803	99.475349	99.980873	99.386086	99.858597	100.10202	99.750877	99.990669	99.73996	99.910736	99.317535	99.849258	99.946266	99.771378	99.710564	99.957649	99.472153	99.6894	100.093819	99.47126	99.938057	99.800743	99.65184	99.876579	99.784355	100.13549	99.777069	99.81942	99.426392	99.763191	99.704895	100.048508	99.936935	99.691452	99.662521	99.994774	99.836945	99.790497	99.978134	99.899353	99.657974	99.477402	100.243423	99.755898	99.642502	99.45668	99.327782	99.631569	99.5373	99.629059	99.645447	99.801895	99.530006
1100	99.874214	99.722847	99.848137	99.775711	99.822739	99.949028	99.946625	99.975815	100.149132	99.545929	100.052177	99.494263	99.974945	100.302216	99.696251	100.074471	99.84642	99.951431	99.321625	100.049782	100.103668	99.948685	99.774849	100.050461	99.693848	99.796989	100.200272	99.492554	100.001205	100.025558	99.623329	100.100052	99.823074	100.430229	99.924332	99.87233	99.418419	99.849846	99.796471	100.023331	100.176598	99.823074	99.848488	100.126312	99.899269	99.897209	100.302902	99.998276	99.696251	99.568558	100.328461	99.946281	99.699333	99.696083	99.445175	99.84642	99.545586	99.72406	99.924332	99.846252	99.647858
1101	99.930069	99.826714	99.872299	99.97467	99.84697	99.941208	99.827698	100.031425	99.99794	99.689903	100.115524	99.598679	99.990875	100.182404	99.744591	99.994911	99.791222	100.054726	99.664566	100.002014	100.198639	99.925003	99.934128	100.034454	99.631088	99.805412	100.064835	99.517601	100.056755	100.03344	99.822655	100.028374	99.863174	100.35775	99.948318	99.840874	99.538879	99.953392	99.78109	99.928032	100.12059	99.863174	99.888519	100.094238	99.939178	99.841881	100.214836	99.918907	99.744591	99.585487	100.248276	99.811478	99.890549	99.736496	99.629082	99.791222	99.673676	99.883461	99.948318	99.783119	99.807442
1102	99.985657	99.930061	99.896362	100.172661	99.871101	99.933441	99.709358	100.086761	99.847534	99.833168	100.178589	99.702583	100.006737	100.063202	99.79274	99.915764	99.736313	100.157509	100.005829	99.954514	100.293159	99.901428	100.092636	100.018539	99.568672	99.813805	99.930092	99.542542	100.112022	100.041267	100.021027	99.957054	99.903107	100.285614	99.972198	99.809601	99.658775	100.056435	99.7658	99.833199	100.064888	99.903107	99.928375	100.062332	99.978928	99.786858	100.12722	99.839935	99.79274	99.602348	100.168503	99.677345	100.080833	99.776741	99.812096	99.736313	99.801163	100.042091	99.972198	99.720314	99.966263
1103	100.040985	100.032898	99.920319	100.369705	99.895111	99.925705	99.591614	100.141838	99.697853	99.975746	100.241348	99.806	100.022522	99.944572	99.840637	99.83699	99.681679	100.259819	100.345436	99.907234	100.387215	99.877991	100.250389	100.002708	99.506546	99.822174	99.795998	99.56736	100.167038	100.04908	100.218437	99.886086	99.942833	100.213837	99.995972	99.778488	99.778084	100.158966	99.750587	99.738831	100.00943	99.942833	99.96804	100.030609	100.018463	99.732086	100.040039	99.76136	99.840637	99.619125	100.089111	99.543877	100.270187	99.816772	99.994209	99.681679	99.928017	100.199951	99.995972	99.657806	100.124321
1104	100.120964	100.043297	99.983543	100.333557	99.952187	99.899414	99.751518	100.330544	99.76696	100.103531	100.281288	99.903397	100.050758	100.093567	99.876503	99.88398	99.702248	100.332054	100.385345	99.984535	100.352982	99.972588	100.196167	100.077644	99.59919	99.922798	99.821243	99.686813	100.206589	100.069191	100.151863	100.004959	100.086105	100.237968	99.993515	99.911842	99.826721	100.193657	99.874016	99.920296	100.174713	99.943718	99.871552	100.154305	100.083122	99.836166	99.992523	99.835182	99.895927	99.743073	100.094078	99.708206	100.156342	99.819252	100.018417	99.889923	100.001976	100.236961	100.058235	99.774429	100.10405
1105	100.203796	100.034988	100.052986	100.251831	100.014404	99.870125	99.962769	100.541046	99.878014	100.225052	100.315643	99.997078	100.080788	100.292137	99.909065	99.954872	99.737343	100.396439	100.364365	100.084732	100.294044	100.088348	100.101044	100.168785	99.720367	100.039276	99.87767	99.82209	100.242043	100.091255	100.034317	100.158669	100.246338	100.280655	99.985924	100.074615	99.860001	100.213921	100.02195	100.152138	100.379791	99.936859	99.750397	100.305855	100.151123	99.969276	99.954201	99.937546	99.951263	99.885216	100.115791	99.92775	99.984909	99.814201	100.010468	100.145279	100.063469	100.248909	100.126602	99.92382	100.048721
1106	100.284241	100.026917	100.120461	100.17244	100.074829	99.841682	100.167931	100.745522	99.98587	100.343109	100.34903	100.088081	100.10997	100.485016	99.940697	100.023735	99.771431	100.458992	100.343994	100.182053	100.236771	100.200775	100.008644	100.257324	99.838074	100.152412	99.932495	99.953499	100.276482	100.112701	99.920143	100.307991	100.401978	100.322105	99.978554	100.232712	99.892334	100.233589	100.165627	100.377342	100.578987	99.930191	99.632706	100.453064	100.217186	100.098572	99.916954	100.03698	100.005028	100.023308	100.136864	100.141014	99.818398	99.809288	100.002739	100.393333	100.123192	100.260521	100.193001	100.068924	99.994972
1107	100.192368	100.009361	100.136223	100.126801	100.159851	99.929741	100.267838	100.652657	100.089386	100.314606	100.309944	100.08448	100.108025	100.479034	99.929482	100.079933	99.878044	100.427391	100.328827	100.178436	100.164307	100.19722	99.981209	100.253609	99.906097	100.305595	100.037766	99.981163	100.338348	100.183342	99.972	100.319359	100.361526	100.300583	100.08007	100.244186	99.953117	100.211349	100.201965	100.366249	100.535309	99.915405	99.793716	100.497948	100.159561	100.112679	99.924881	100.126961	100.056442	100.131668	100.136223	100.192558	99.849854	99.896828	100.080025	100.375603	100.197426	100.30545	100.131355	100.131561	99.943542
1108	100.015022	99.987724	100.124268	100.100983	100.253639	100.074326	100.308037	100.409187	100.185684	100.211044	100.234985	100.031746	100.089981	100.369621	99.896469	100.126823	100.01738	100.348244	100.317146	100.12236	100.087418	100.133362	99.988998	100.20195	99.944977	100.472343	100.164307	99.953423	100.411568	100.276291	100.107994	100.25827	100.220787	100.247261	100.233528	100.178673	100.025848	100.168297	100.18058	100.232422	100.367065	99.89711	100.092354	100.48735	100.040207	100.06604	99.955978	100.207695	100.104164	100.21933	100.124268	100.157295	99.983093	100.028381	100.197968	100.220154	100.27565	100.365623	100.005898	100.148201	99.895836
1109	99.849831	99.967545	100.113129	100.076912	100.340965	100.208977	100.345482	100.182434	100.275352	100.114609	100.165154	99.982628	100.073151	100.267723	99.865715	100.170494	100.147125	100.274513	100.306236	100.070129	100.015808	100.073898	99.996223	100.153839	99.981148	100.627609	100.282143	99.927574	100.479744	100.362846	100.234627	100.20137	100.089706	100.197586	100.376442	100.117645	100.093544	100.128212	100.160645	100.107803	100.210365	99.880058	100.370453	100.477448	99.929054	100.022598	99.984924	100.282875	100.148605	100.30098	100.113129	100.124443	100.107155	100.150909	100.307785	100.075363	100.348495	100.421654	99.889069	100.163673	99.851395
1110	99.841103	99.98481	100.148811	100.142464	100.402687	100.2864	100.426125	100.180885	100.351822	100.118843	100.205147	100.029137	100.104057	100.256226	99.909904	100.20282	100.2444	100.294853	100.351624	100.095001	100.067772	100.06839	100.091614	100.160828	100.0532	100.633331	100.275192	99.996216	100.50737	100.408806	100.339806	100.187836	100.068176	100.205566	100.447639	100.148605	100.196289	100.190178	100.181725	100.142265	100.184464	99.951485	100.492584	100.48922	99.927849	100.073883	100.059105	100.292717	100.238075	100.328384	100.154709	100.210861	100.241028	100.232574	100.414299	100.06797	100.432243	100.471283	99.974709	100.202606	99.930382
1111	99.998558	100.041374	100.233292	100.301598	100.435814	100.301277	100.550774	100.41832	100.41256	100.229767	100.360764	100.176048	100.184868	100.340889	100.032547	100.222382	100.304962	100.414482	100.455688	100.201073	100.249649	100.120255	100.278351	100.226067	100.161621	100.480232	100.135971	100.163544	100.491295	100.410637	100.419785	100.220634	100.163391	100.274506	100.441101	100.276421	100.333824	100.359001	100.245796	100.344727	100.297913	100.11512	100.446388	100.523674	100.043297	100.224472	100.179588	100.232986	100.373268	100.297585	100.251259	100.421844	100.382248	100.269043	100.514862	100.20652	100.525597	100.512932	100.273216	100.265518	100.138519
1112	100.139282	100.091911	100.308823	100.443825	100.465408	100.31459	100.662186	100.630547	100.46685	100.328934	100.499855	100.307373	100.257126	100.41655	100.142181	100.239883	100.359108	100.5214	100.548706	100.295898	100.412201	100.166618	100.445259	100.284409	100.25853	100.343384	100.011536	100.313103	100.476921	100.412277	100.491264	100.249931	100.248482	100.336113	100.435257	100.390686	100.456772	100.50988	100.303078	100.525688	100.399307	100.261375	100.405106	100.554482	100.146484	100.359093	100.287262	100.179588	100.49411	100.270065	100.33754	100.610443	100.508476	100.301659	100.604736	100.330338	100.609055	100.550163	100.540016	100.321747	100.32457
1113	100.213333	100.113991	100.346245	100.509903	100.438393	100.303902	100.678001	100.710152	100.464653	100.378395	100.546478	100.39003	100.28347	100.436867	100.217644	100.259972	100.394402	100.549385	100.587296	100.344788	100.506912	100.175369	100.541977	100.311172	100.317001	100.261429	99.938606	100.39592	100.465965	100.391556	100.501167	100.258591	100.298012	100.352119	100.419258	100.447044	100.514267	100.593117	100.357796	100.645638	100.452873	100.35788	100.362312	100.572609	100.235092	100.455711	100.354973	100.17952	100.54351	100.251236	100.388573	100.695457	100.58577	100.319908	100.635529	100.406097	100.632622	100.549332	100.679382	100.360786	100.454262
1114	100.144814	100.074066	100.301636	100.411072	100.28019	100.237724	100.479233	100.498566	100.334427	100.320969	100.389137	100.37191	100.208961	100.33419	100.224281	100.288177	100.391006	100.401878	100.507042	100.295273	100.458694	100.100006	100.490776	100.269554	100.295029	100.294556	99.974052	100.337006	100.461517	100.317909	100.372871	100.221458	100.272621	100.266731	100.37851	100.378754	100.430168	100.532509	100.412926	100.640991	100.404228	100.35257	100.311302	100.56411	100.300667	100.47731	100.339844	100.300194	100.436768	100.249985	100.36554	100.555634	100.56105	100.307762	100.536057	100.381577	100.523315	100.46225	100.545967	100.365303	100.470963
1115	100.087036	100.040398	100.264023	100.327744	100.14682	100.181923	100.311661	100.320206	100.224625	100.272575	100.256493	100.356628	100.146141	100.24762	100.229874	100.311958	100.388145	100.277504	100.439392	100.253525	100.418045	100.036469	100.447586	100.234474	100.276497	100.322464	100.003937	100.287354	100.457779	100.255821	100.264702	100.19014	100.251221	100.19474	100.344154	100.321159	100.359261	100.481415	100.459396	100.637054	100.363197	100.348091	100.268295	100.556931	100.355957	100.495529	100.327072	100.401917	100.346794	100.248924	100.346123	100.437759	100.540184	100.297508	100.452209	100.360893	100.431183	100.388809	100.433479	100.369095	100.485016
1116	100.047134	100.018799	100.231445	100.254295	100.048851	100.14135	100.177513	100.173416	100.131073	100.232819	100.149178	100.340332	100.100388	100.177856	100.231445	100.321892	100.379585	100.17511	100.377533	100.223961	100.387802	99.99527	100.411346	100.206528	100.254974	100.340332	100.035538	100.248863	100.448189	100.207207	100.18026	100.168991	100.235542	100.142029	100.315437	100.281647	100.300392	100.442757	100.489166	100.624336	100.333191	100.341705	100.241028	100.546516	100.398041	100.50486	100.317131	100.47892	100.278915	100.256393	100.329422	100.345802	100.51886	100.295998	100.384033	100.353004	100.365974	100.331474	100.347519	100.379623	100.498413
1117	100.111435	100.074516	100.199684	100.170197	100.132195	100.180473	100.159058	100.109245	100.055923	100.216293	100.122131	100.293419	100.143768	100.1632	100.199684	100.223068	100.309372	100.129997	100.284454	100.262177	100.409004	100.095688	100.387802	100.204277	100.17849	100.293419	100.1241	100.257584	100.374695	100.21257	100.192261	100.209091	100.249519	100.188766	100.298012	100.348495	100.269165	100.46209	100.4114	100.517143	100.360069	100.310028	100.315926	100.493561	100.379715	100.448547	100.318764	100.440689	100.315269	100.348923	100.314392	100.359848	100.464943	100.369026	100.363335	100.447021	100.450966	100.339302	100.3806	100.463196	100.523499
1118	100.163628	100.119736	100.173927	100.101936	100.199844	100.212242	100.144089	100.057159	99.994942	100.202904	100.100182	100.255356	100.178993	100.151321	100.173927	100.142876	100.25238	100.093376	100.208923	100.293228	100.426224	100.177238	100.368706	100.202454	100.116417	100.255356	100.196007	100.264694	100.315048	100.216965	100.202034	100.241646	100.260857	100.226723	100.283897	100.402748	100.243828	100.477806	100.348297	100.430153	100.381889	100.284325	100.376747	100.450577	100.364876	100.402847	100.320114	100.409653	100.344803	100.424042	100.302208	100.371254	100.421181	100.428322	100.346542	100.523354	100.519958	100.345673	100.407455	100.531044	100.543884
1119	100.206848	100.157181	100.152588	100.045418	100.255875	100.238548	100.131691	100.014053	99.944443	100.191818	100.082016	100.223839	100.20816	100.141487	100.152588	100.076469	100.205208	100.063072	100.1464	100.318932	100.440491	100.244736	100.352898	100.200951	100.065025	100.223839	100.255539	100.270569	100.265671	100.220573	100.210121	100.2686	100.270233	100.258163	100.272202	100.44767	100.222862	100.490799	100.296059	100.358131	100.399956	100.263046	100.427078	100.415001	100.35257	100.365005	100.32122	100.383949	100.369247	100.486229	100.292122	100.380684	100.384941	100.477409	100.332642	100.586548	100.57708	100.350952	100.429703	100.587204	100.560738
1120	100.151695	100.147293	100.145897	100.105095	100.217316	100.212006	100.069115	100.054993	100.006973	100.174416	100.125969	100.186249	100.189957	100.139412	100.173973	100.119469	100.168167	100.097679	100.192986	100.292015	100.38781	100.238892	100.329353	100.234512	100.148712	100.239853	100.268379	100.262108	100.324509	100.224518	100.230789	100.234047	100.277412	100.260719	100.310577	100.430008	100.30619	100.458542	100.28273	100.342117	100.359276	100.339821	100.417038	100.391296	100.334457	100.389442	100.327744	100.412628	100.416359	100.430473	100.354195	100.420296	100.39222	100.477577	100.346992	100.536224	100.537399	100.352325	100.43235	100.559196	100.54995
1121	100.098183	100.135208	100.141617	100.16378	100.17778	100.185776	100.01358	100.095604	100.067749	100.159622	100.167213	100.154915	100.171051	100.138344	100.195076	100.16391	100.138626	100.131485	100.240372	100.265518	100.338974	100.227928	100.309387	100.264954	100.228668	100.256943	100.274956	100.253937	100.381866	100.227783	100.24881	100.200508	100.283096	100.260391	100.346268	100.410286	100.383286	100.428284	100.275101	100.333679	100.320961	100.411018	100.403702	100.372841	100.319115	100.414719	100.333549	100.440727	100.456871	100.374832	100.41114	100.455307	100.401855	100.473579	100.361122	100.485435	100.496719	100.353111	100.432846	100.52916	100.538742
1122	100.054344	100.125275	100.138115	100.211838	100.145363	100.164291	99.968086	100.128876	100.117516	100.147499	100.200974	100.129234	100.155579	100.137451	100.212334	100.200317	100.114418	100.159164	100.279167	100.243805	100.29895	100.218941	100.293015	100.289879	100.294136	100.27095	100.280334	100.247253	100.42881	100.230453	100.26355	100.173019	100.287735	100.260094	100.375473	100.394096	100.446404	100.403473	100.268814	100.326752	100.289574	100.469292	100.392769	100.357712	100.306526	100.435402	100.33828	100.463699	100.490036	100.329247	100.457779	100.483955	100.409721	100.470306	100.372681	100.443817	100.463402	100.353752	100.433266	100.504555	100.529572
1123	100.071808	100.097107	100.142143	100.2043	100.143661	100.148643	100.011147	100.121033	100.141487	100.159393	100.190941	100.133301	100.178146	100.143661	100.236832	100.199974	100.133492	100.161362	100.279572	100.240303	100.272034	100.211189	100.267502	100.275719	100.31321	100.270721	100.26535	100.237946	100.370255	100.241158	100.25499	100.208115	100.305214	100.254333	100.369537	100.359634	100.420471	100.363304	100.267052	100.343178	100.281929	100.429985	100.364151	100.356354	100.305023	100.432083	100.332428	100.442245	100.464462	100.339508	100.458839	100.474373	100.387238	100.418114	100.373413	100.419365	100.442444	100.359367	100.44651	100.490105	100.488213
1124	100.105141	100.067032	100.147926	100.181366	100.151184	100.136627	100.074944	100.102081	100.154945	100.176895	100.169243	100.145615	100.209137	100.151184	100.260414	100.188889	100.162956	100.155792	100.268646	100.242599	100.252281	100.204765	100.242447	100.251808	100.316299	100.26635	100.246223	100.229012	100.287903	100.252899	100.240646	100.257278	100.324295	100.247681	100.354004	100.324043	100.371567	100.323555	100.266838	100.364433	100.282227	100.366829	100.33387	100.359215	100.306976	100.422134	100.324181	100.41037	100.424789	100.364922	100.446365	100.45475	100.358604	100.357986	100.370857	100.402985	100.427711	100.365768	100.461914	100.480438	100.442482
1125	100.132751	100.042114	100.152679	100.162338	100.157417	100.126671	100.127831	100.086357	100.166092	100.191391	100.151268	100.155807	100.234818	100.157417	100.279961	100.179672	100.187363	100.151169	100.25959	100.244484	100.235901	100.19944	100.22168	100.231979	100.318848	100.262726	100.23037	100.221611	100.219658	100.262627	100.22876	100.298019	100.340118	100.242165	100.341103	100.294556	100.331032	100.290619	100.266647	100.382057	100.282463	100.314476	100.308754	100.361572	100.308586	100.413872	100.317337	100.383934	100.391891	100.385979	100.436043	100.438461	100.334862	100.308144	100.368736	100.389389	100.415482	100.371048	100.474655	100.472427	100.404587
1126	100.139389	100.03492	100.124527	100.134895	100.135674	100.118126	100.132385	100.085983	100.154518	100.179138	100.135933	100.127014	100.228477	100.15036	100.243332	100.169968	100.182594	100.156578	100.233482	100.224152	100.231323	100.188637	100.19442	100.21241	100.301575	100.247231	100.223633	100.21508	100.185265	100.244545	100.21759	100.29129	100.321877	100.245834	100.3255	100.270203	100.305115	100.251282	100.248001	100.355759	100.253784	100.28299	100.299332	100.341484	100.290504	100.382195	100.296486	100.362061	100.359383	100.362587	100.386169	100.39827	100.31617	100.28653	100.35437	100.379181	100.379608	100.354279	100.445007	100.440857	100.371315
1127	100.131882	100.039711	100.075089	100.102486	100.095787	100.110733	100.10463	100.095856	100.128052	100.149345	100.122749	100.072945	100.200905	100.134598	100.17012	100.160172	100.158478	100.168564	100.196632	100.189507	100.234726	100.174461	100.163483	100.193474	100.2715	100.224197	100.22316	100.209305	100.174316	100.208351	100.207184	100.253082	100.281357	100.255562	100.308479	100.249901	100.289619	100.208649	100.217484	100.300812	100.20652	100.266197	100.300583	100.306931	100.259781	100.33567	100.266777	100.343765	100.327919	100.310112	100.31115	100.343109	100.301323	100.284317	100.332199	100.371468	100.328812	100.323212	100.387825	100.394379	100.341927
1128	100.125412	100.043831	100.032547	100.0746	100.061462	100.10437	100.080742	100.104347	100.105301	100.123718	100.111404	100.026428	100.177208	100.121056	100.107147	100.151733	100.137733	100.178864	100.16494	100.159668	100.23764	100.16227	100.136864	100.177193	100.245605	100.204384	100.22274	100.204338	100.164886	100.177216	100.198219	100.2202	100.246498	100.263939	100.2938	100.232437	100.276268	100.171974	100.191238	100.253548	100.165848	100.251724	100.301659	100.277184	100.233337	100.295624	100.241219	100.328018	100.300858	100.264954	100.246597	100.295654	100.288544	100.282372	100.313118	100.36483	100.28511	100.296471	100.338615	100.35437	100.316635
1129	100.104355	100.038239	99.996964	100.055756	100.038818	100.087532	100.05883	100.096718	100.088211	100.093903	100.093994	100.000465	100.141777	100.105049	100.066696	100.130478	100.11412	100.176445	100.135635	100.136688	100.222923	100.148567	100.10717	100.150124	100.21093	100.177643	100.198006	100.190567	100.152679	100.152679	100.178574	100.18541	100.209633	100.248459	100.258827	100.208794	100.245163	100.145866	100.158821	100.212456	100.135742	100.229858	100.280449	100.246796	100.205147	100.25164	100.206352	100.298332	100.261162	100.221512	100.206306	100.255966	100.269257	100.257996	100.274811	100.340439	100.240219	100.263618	100.291977	100.30928	100.287964
1130	100.059677	100.017845	99.967575	100.047997	100.030693	100.053551	100.037369	100.06472	100.077591	100.054657	100.065842	100.001678	100.085327	100.08371	100.054695	100.088158	100.08371	100.155167	100.106583	100.121117	100.180817	100.131165	100.069725	100.104332	100.159599	100.137833	100.135017	100.162422	100.135078	100.135078	100.14119	100.143982	100.165749	100.196434	100.190269	100.173569	100.1847	100.132286	100.113823	100.175797	100.117767	100.194786	100.224342	100.212097	100.171341	100.196991	100.154007	100.24501	100.198654	100.175797	100.197052	100.223251	100.238335	100.198105	100.204216	100.287437	100.188622	100.218216	100.243904	100.251701	100.251175
1131	100.019302	99.999397	99.941025	100.040985	100.023354	100.022842	100.01799	100.035812	100.06797	100.019203	100.04039	100.002762	100.034348	100.06443	100.043846	100.049904	100.056221	100.135933	100.080345	100.107063	100.142792	100.115456	100.035896	100.062965	100.113205	100.101875	100.07811	100.136986	100.119171	100.119171	100.107407	100.106552	100.126091	100.149452	100.128349	100.141739	100.130066	100.120018	100.073174	100.142693	100.101517	100.163101	100.173653	100.180748	100.140785	100.147614	100.106728	100.196838	100.142181	100.134483	100.188683	100.193703	100.210403	100.144005	100.14045	100.239548	100.142014	100.177208	100.200462	100.199684	100.217926
1132	99.989319	99.987648	99.920837	100.031174	100.021378	100.00042	100.002502	100.015701	100.059036	99.994972	100.018623	100.004387	99.99791	100.049828	100.036224	100.024712	100.035812	100.117874	100.060722	100.093582	100.112221	100.102592	100.011505	100.028038	100.077675	100.074326	100.036858	100.112411	100.102165	100.10511	100.077232	100.078522	100.093582	100.112854	100.082275	100.115143	100.086464	100.103821	100.044823	100.116196	100.086044	100.137138	100.132942	100.151779	100.115562	100.107193	100.068871	100.160179	100.098396	100.103638	100.180069	100.167488	100.181282	100.100914	100.093803	100.197426	100.104889	100.141312	100.165619	100.159966	100.191162
1133	99.989601	99.997803	99.918556	100.007416	100.039383	100.002602	99.996979	100.022949	100.049843	100.006042	100.003922	100.008652	100.005615	100.048531	100.038551	100.041542	100.035965	100.098381	100.060226	100.078011	100.100533	100.096619	100.015579	100.006546	100.072357	100.07019	100.042435	100.083229	100.075439	100.093605	100.051178	100.077545	100.078011	100.104431	100.082306	100.100098	100.071075	100.067223	100.054565	100.106583	100.068489	100.124786	100.117432	100.122658	100.102699	100.087975	100.055054	100.15596	100.089264	100.103104	100.167671	100.145599	100.138283	100.086235	100.097893	100.163818	100.092293	100.113556	100.152519	100.154663	100.180672
1134	99.989868	100.007439	99.916397	99.984871	100.056473	100.004646	99.99173	100.0298	100.041107	100.016533	99.98999	100.01268	100.012924	100.047264	100.040749	100.05751	100.036095	100.07988	100.059723	100.063232	100.089432	100.090942	100.01944	99.986145	100.067307	100.066254	100.047745	100.05555	100.050079	100.082672	100.026443	100.076614	100.063232	100.09642	100.082314	100.085815	100.05648	100.032494	100.063797	100.097466	100.051819	100.113068	100.102699	100.095024	100.090477	100.069748	100.041924	100.151955	100.080574	100.102577	100.15593	100.124825	100.097466	100.072311	100.101768	100.131943	100.080345	100.087227	100.140083	100.149628	100.170708
1135	99.990387	100.016556	99.914528	99.963882	100.072304	100.006577	99.987068	100.036095	100.032951	100.026382	99.977463	100.016632	100.019897	100.046066	100.042809	100.07225	100.036407	100.062752	100.059219	100.049377	100.078979	100.085571	100.023338	99.96727	100.062752	100.062737	100.052734	100.029778	100.026581	100.072388	100.003448	100.075844	100.049416	100.088951	100.08223	100.072395	100.043175	100.000427	100.072327	100.089058	100.036583	100.102058	100.088753	100.069366	100.079033	100.052597	100.029968	100.148033	100.072289	100.102081	100.144554	100.105202	100.059593	100.05957	100.104843	100.101723	100.069344	100.06282	100.128403	100.144669	100.161194
1136	100.00795	100.02253	99.924728	99.970428	100.062241	100.0065	100.002609	100.027481	100.033592	100.028122	100.011612	100.02774	100.028923	100.04245	100.04232	100.059105	100.048317	100.074371	100.055466	100.047791	100.073967	100.081528	100.042595	99.980988	100.074371	100.073326	100.055222	100.038681	100.041687	100.067459	100.013672	100.082184	100.049881	100.091026	100.075134	100.068489	100.067345	100.029198	100.064323	100.098328	100.059799	100.098839	100.077477	100.08297	100.07814	100.045837	100.051186	100.136093	100.061188	100.100922	100.120316	100.09272	100.079453	100.078407	100.068748	100.076965	100.080872	100.078537	100.124893	100.128662	100.148071
1137	100.025116	100.028374	99.934708	99.976852	100.052414	100.006439	100.017807	100.019051	100.034241	100.029846	100.044991	100.038597	100.037743	100.038933	100.041855	100.04628	100.059975	100.085724	100.051819	100.046242	100.069092	100.077583	100.061417	99.9944	100.085724	100.083687	100.057648	100.047394	100.056458	100.062645	100.023674	100.088379	100.050339	100.093063	100.068214	100.064697	100.090965	100.057289	100.056503	100.107399	100.082481	100.095726	100.06646	100.09626	100.077271	100.03923	100.071953	100.12442	100.050369	100.0998	100.096642	100.080513	100.098885	100.096832	100.033447	100.05275	100.092171	100.093925	100.121475	100.113022	100.135254
1138	100.041924	100.034081	99.944458	99.983139	100.042793	100.006363	100.032684	100.010803	100.034866	100.031532	100.077644	100.049225	100.046364	100.035492	100.041405	100.033714	100.071373	100.096832	100.048233	100.044739	100.064316	100.073708	100.079819	100.007523	100.096832	100.093819	100.06002	100.055908	100.070908	100.057945	100.033463	100.094437	100.050797	100.095055	100.061432	100.060966	100.114075	100.084793	100.048851	100.116257	100.104675	100.092651	100.055679	100.109268	100.076424	100.032768	100.092255	100.113007	100.039764	100.098709	100.073479	100.068581	100.117889	100.114845	99.998932	100.02906	100.10321	100.108955	100.118134	100.097702	100.122711
1139	100.010559	100.046661	99.965584	99.981636	100.030197	100.009712	100.037369	100.008652	100.047508	100.040115	100.080643	100.038849	100.05426	100.03653	100.042023	100.035896	100.0644	100.099861	100.061859	100.057854	100.054893	100.072838	100.084862	100.025558	100.075378	100.094162	100.066925	100.061226	100.071991	100.057007	100.044121	100.094162	100.052353	100.085724	100.070297	100.058487	100.107887	100.085304	100.042435	100.107887	100.100922	100.093529	100.05468	100.103249	100.081078	100.035896	100.089096	100.109146	100.043068	100.087204	100.085724	100.074944	100.1119	100.096909	100.013092	100.036308	100.101982	100.078758	100.105354	100.089943	100.111053
1140	99.970718	100.060379	99.988625	99.978729	100.01712	100.013649	100.040184	100.007629	100.062218	100.049889	100.078293	100.02475	100.061974	100.038353	100.042816	100.040695	100.054153	100.101402	100.078499	100.073502	100.044693	100.072517	100.087479	100.044342	100.048172	100.092743	100.074593	100.065926	100.070679	100.056747	100.054871	100.092743	100.054108	100.074387	100.081924	100.056229	100.096451	100.080933	100.036278	100.096451	100.092506	100.095093	100.055435	100.093826	100.086678	100.040695	100.081726	100.106667	100.048843	100.07386	100.104233	100.084564	100.101448	100.072586	100.035919	100.049088	100.098526	100.040588	100.090942	100.083565	100.099609
1141	99.931213	100.073967	100.011467	99.975853	100.004158	100.017548	100.042976	100.006592	100.076797	100.059555	100.075958	100.010765	100.069618	100.040161	100.043617	100.045464	100.043999	100.102928	100.094986	100.089027	100.034584	100.072189	100.090065	100.062965	100.02121	100.091339	100.082184	100.070587	100.069366	100.056496	100.065521	100.091339	100.055847	100.063156	100.093445	100.054001	100.085129	100.076607	100.030174	100.085129	100.08416	100.096657	100.056168	100.08448	100.092232	100.045464	100.074425	100.10421	100.054573	100.060654	100.122597	100.094093	100.091087	100.048485	100.05854	100.061737	100.095116	100.002762	100.076675	100.077248	100.088272
1142	99.93821	100.051331	100.004051	99.971039	99.995331	99.99939	100.048355	99.995575	100.059784	100.043068	100.072884	100.008919	100.048424	100.023888	100.027016	100.04213	100.023888	100.07962	100.074516	100.084938	100.023865	100.062416	100.068474	100.059303	100.000473	100.074478	100.070251	100.055756	100.06131	100.033501	100.047974	100.087151	100.042168	100.055946	100.08606	100.054382	100.081123	100.062218	100.010086	100.059113	100.068459	100.068054	100.041496	100.077126	100.088272	100.046799	100.050423	100.081619	100.048157	100.049484	100.095245	100.080719	100.069366	100.038567	100.058853	100.050858	100.070274	99.993309	100.057755	100.064888	100.05957
1143	99.966995	100.011841	99.982491	99.965355	99.988503	99.971001	100.054886	99.979935	100.028061	100.014389	100.069466	100.012756	100.01384	99.99926	100.002357	100.035004	99.99926	100.044838	100.036827	100.071648	100.012947	100.048317	100.035728	100.045219	99.982849	100.050499	100.049225	100.031898	100.05014	99.999985	100.017311	100.08168	100.021324	100.05069	100.069824	100.055984	100.080582	100.043213	99.983582	100.026428	100.049416	100.025513	100.019684	100.07074	100.079857	100.046494	100.018761	100.049759	100.036095	100.039375	100.046661	100.056694	100.042473	100.03537	100.048676	100.028976	100.035545	99.997261	100.036827	100.049767	100.022972
1144	99.995422	99.972862	99.961212	99.95974	99.981766	99.942986	100.061325	99.964508	99.996758	99.986092	100.066086	100.016556	99.979713	99.974945	99.978027	100.027954	99.974945	100.010506	99.999619	100.058533	100.002159	100.034378	100.003395	100.031296	99.965454	100.026825	100.028465	100.008347	100.039116	99.966919	99.987045	100.076279	100.000763	100.045486	100.05381	100.057556	100.080063	100.024437	99.957428	99.994156	100.030602	99.983521	99.998161	100.064445	100.071564	100.046196	99.987518	100.018311	100.024185	100.029388	99.998703	100.032982	100.01593	100.032219	100.03862	100.007401	100.001274	100.001167	100.016151	100.034859	99.986824
CHECKSUMÒ