[HEADER]
Format	J&M ASCII Table
Comment	COA_01_P.00039_HAL03-noFilter_UVIR600um2-UV400um0.5_24mm
Date	25/09/2024 10:55:59
Order	Y (evenX)
TechType	UV
NumPoints	841
FirstX	304
LastX	1144
XType	nm
YType	Transmission
ZType	s
NumSubFile	61
Matrix	Z vs X
[LOGIN]
Name=JM
[INSTRUMENT]
Name=TIDAS S
Detector=MMS - ASPEN 97,5 kHz
Diodearray=256 Pixel
Serial#=39059
Calibrated=2016-03-14
Range=303.56-1144.49 [nm] (F0)

SWVersion=v3.22.6 (build 0)
[CONFIG]
ChannelName=Result
ChannelType=Normalized
[PARAMETER]
It=91.00
Aver=20
Norm=1
Range=304.0-1144.0 nm
Scan=Single
[TRIGGER]
Sweep=0
Scan=0
[DIO]
DigOut=0x0000
DigIn=0x0000
[DATA]
	00:00:00.000	00:00:23.187	00:00:46.395	00:01:09.558	00:01:32.735	00:01:55.916	00:02:19.089	00:02:42.268	00:03:05.440	00:03:28.813	00:03:51.988	00:04:15.165	00:04:38.342	00:05:01.715	00:05:24.888	00:05:48.077	00:06:11.445	00:06:34.830	00:06:58.002	00:07:21.179	00:07:44.358	00:08:07.535	00:08:30.720	00:08:53.895	00:09:17.274	00:09:40.449	00:10:03.630	00:10:26.802	00:10:49.983	00:11:13.365	00:11:36.744	00:11:59.922	00:12:23.095	00:12:46.275	00:13:09.652	00:13:33.038	00:13:56.215	00:14:19.391	00:14:42.571	00:15:05.745	00:15:29.131	00:15:52.309	00:16:15.484	00:16:38.660	00:17:01.839	00:17:25.021	00:17:48.197	00:18:11.367	00:18:34.739	00:18:58.108	00:19:21.291	00:19:44.471	00:20:07.645	00:20:30.821	00:20:54.008	00:21:17.188	00:21:40.360	00:22:03.541	00:22:26.719	00:22:49.898	00:23:13.069
304	99.591705	100.461533	100.234497	99.931732	98.112717	99.686028	98.744316	99.842415	100.811432	98.215714	100.635208	99.887016	101.115417	99.851059	100.765518	99.870918	101.333824	100.578201	99.370857	99.128944	100.228271	98.697105	101.375999	99.190987	98.903099	99.616562	99.074348	100.635208	98.800102	99.472618	98.951492	99.836197	98.874557	99.672386	99.893234	99.843613	100.070679	100.146362	99.728203	100.708473	100.669968	101.106773	101.44426	99.475075	100.982689	99.663742	98.47007	99.892006	100.861061	100.043404	99.96769	100.269226	98.559418	99.590477	101.245728	100.173637	99.466431	100.385857	98.757957	100.414398	100.455345
305	98.186073	99.868057	99.82843	99.775566	97.800346	98.96759	98.463181	99.717484	100.311684	97.903343	99.260818	98.450142	99.897194	99.038902	99.453575	99.339897	100.615379	100.015938	98.402527	98.785332	99.572311	98.072395	100.282738	98.753685	98.278381	99.210503	98.605774	99.260818	98.175392	98.972839	98.20182	99.461342	98.655907	98.922707	98.706261	99.250137	99.289795	99.302963	98.634949	100.208687	99.139381	100.575745	100.507179	98.0382	100.639084	99.601265	98.032761	99.173576	99.767807	99.200005	99.186806	99.706955	98.090843	98.653397	100.089981	99.392761	98.716751	99.854828	98.508034	99.477303	99.611946
306	96.780441	99.274559	99.422333	99.619362	97.487976	98.249146	98.182053	99.592522	99.811897	97.590965	97.886429	97.013298	98.678978	98.226776	98.141663	98.808899	99.896942	99.453667	97.434196	98.441719	98.916359	97.447678	99.189445	98.316345	97.653633	98.804436	98.137238	97.886429	97.550644	98.473053	97.452148	99.086517	98.437256	98.173027	97.519279	98.656631	98.508881	98.459602	97.541656	99.7089	97.608818	100.044724	99.570084	96.601364	100.295494	99.53878	97.595428	98.455139	98.674515	98.356613	98.405891	99.144691	97.622299	97.716309	98.934242	98.61187	97.967079	99.323837	98.258141	98.540215	98.768547
307	95.672256	98.711746	99.055656	99.511299	97.223839	97.731903	97.909752	99.44574	99.386475	97.361771	96.761353	95.921913	97.661972	97.576454	97.044075	98.282356	99.261642	99.000755	96.64962	98.181252	98.404701	97.006676	98.310455	97.997147	97.216988	98.433426	97.813049	96.778854	97.140213	98.04332	96.894951	98.790413	98.319221	97.567719	96.585983	98.224968	97.86795	97.71254	96.653992	99.318428	96.375671	99.55307	98.772934	95.544975	100.026215	99.52877	97.285027	97.876686	97.769325	97.622658	97.782433	98.683052	97.267525	96.984833	98.010284	98.005913	97.304985	98.906502	97.973389	97.856728	98.052055
308	96.391563	98.337624	98.931107	99.698761	97.255936	98.450562	97.691956	99.165009	99.417892	97.64357	97.168182	96.953323	97.881248	97.920609	97.263542	97.78347	99.137016	99.219612	96.994064	98.431557	98.779831	97.694336	98.748032	98.403595	97.935814	98.277832	98.375603	97.310509	98.046371	98.043953	97.520218	98.978104	98.819191	97.849449	97.211357	98.787399	98.087158	97.557198	97.029663	99.599609	96.96991	99.303528	98.835777	96.826172	100.213516	99.841087	97.754097	98.158318	98.019768	97.560974	98.126526	98.839584	97.611771	97.516418	98.510353	98.474762	97.180969	99.187813	97.474602	98.731438	98.11512
309	97.110397	97.963661	98.806618	99.886086	97.28801	99.168755	97.474228	98.884415	99.449257	97.925156	97.574738	97.984009	98.100349	98.264519	97.482834	97.284904	99.012466	99.438271	97.338264	98.681679	99.154648	98.381577	99.185272	98.809761	98.65416	98.122337	98.937782	97.841827	98.951912	98.044571	98.145103	99.165649	99.318855	98.130974	97.836334	99.349442	98.306168	97.401932	97.405037	99.880585	97.563744	99.054115	98.898552	98.106567	100.400673	100.153175	98.22287	98.439743	98.27002	97.499321	98.470367	98.995949	97.955772	98.047676	99.010078	98.943314	97.057037	99.468925	96.976128	99.605576	98.178116
310	97.828781	97.589935	98.68222	100.07328	97.32003	99.886497	97.256645	98.604004	99.480614	98.206535	97.981033	99.014099	98.319313	98.608208	97.701996	96.786613	98.888	99.656815	97.682243	98.931648	99.529251	99.068352	99.622276	99.215675	99.372063	97.966934	99.499634	98.372818	99.856888	98.045174	98.7696	99.353104	99.818169	98.412285	98.460922	99.911179	98.525063	97.246758	97.780212	100.161346	98.157204	98.804855	98.96125	99.386131	100.587715	100.465073	98.691353	98.720963	98.520103	97.437714	98.813995	99.152252	98.299561	98.578606	99.509499	99.411537	96.933144	99.749825	96.477928	100.479141	98.241074
311	98.060104	97.625198	98.436531	99.919647	97.107819	99.426224	97.448959	98.621216	99.723671	98.184189	98.162323	98.843277	98.364632	98.723434	98.038277	97.016174	98.901787	99.536896	97.855705	98.925713	99.4086	99.182304	99.61512	99.284515	98.889069	97.851471	99.173851	98.571159	98.956749	98.084099	98.588814	99.491074	99.506577	98.623314	98.386505	99.687019	98.621216	97.761948	97.462379	100.021866	98.444984	98.460518	98.821411	99.252113	100.248131	100.093735	98.669167	98.903885	98.412582	97.470833	98.875687	98.8172	98.416786	98.436531	99.382492	99.593262	97.272728	99.065331	96.787758	99.909073	98.210266
312	98.19799	97.735687	98.171867	99.705055	96.853363	98.754295	97.714523	98.693291	100.00248	98.105911	98.299423	98.452515	98.377205	98.794724	98.391502	97.377266	98.940971	99.35598	97.995132	98.872498	99.197937	99.188583	99.525848	99.290016	98.190536	97.74501	98.688332	98.705116	97.735069	98.129562	98.261475	99.617928	99.04924	98.818336	98.183693	99.320511	98.693291	98.393982	97.020752	99.806488	98.67215	98.103432	98.645996	98.8582	99.815804	99.601151	98.556419	99.066017	98.240303	97.521004	98.884323	98.395874	98.490433	98.171867	99.141296	99.71936	97.693344	98.211708	97.242867	99.079727	98.162521
313	98.333771	97.844467	97.91124	99.493736	96.602791	98.092583	97.97599	98.764259	100.277031	98.028824	98.434433	98.067703	98.389587	98.864914	98.73938	97.732872	98.979553	99.177818	98.132454	98.820068	98.990479	99.194778	99.43792	99.295433	97.502655	97.640167	98.210197	98.837021	96.532021	98.174324	97.939125	99.742874	98.598846	99.010422	97.983971	98.959579	98.764259	99.016403	96.585838	99.594391	98.895821	97.751762	98.473289	98.470306	99.390099	99.116051	98.445389	99.225677	98.070686	97.570412	98.892838	97.980995	98.562973	97.91124	98.903801	99.843529	98.107544	97.371124	97.691002	98.263	98.115501
314	98.801987	98.430725	98.346527	99.859375	97.268562	98.280258	98.416824	99.08905	100.535629	98.647491	98.621078	98.198738	98.868286	99.239548	99.140129	98.381027	99.489464	99.474213	98.716438	99.254768	99.355545	99.62468	99.66053	99.725449	97.841339	97.979294	98.548073	99.454964	96.864151	98.484444	98.18084	99.980721	98.735718	99.67305	98.049591	99.23819	98.923363	99.775177	97.002106	99.49617	99.290596	97.946144	98.785416	98.684669	99.475563	99.189827	98.685989	99.59288	98.63092	98.343819	99.256119	98.19738	98.920654	98.346527	99.304459	100.048378	98.800636	97.457565	98.414146	98.414146	98.63224
315	99.561577	99.43351	99.379387	100.72049	98.723259	99.189316	99.019127	99.635551	100.786613	99.867714	98.855553	98.768356	99.751625	99.879715	99.59465	99.290962	100.408958	100.178001	99.690887	100.110664	100.212311	100.422165	100.150337	100.523804	99.054649	98.700996	99.582642	100.497353	98.50016	99.025742	98.904274	100.319313	99.371544	100.748146	98.340767	100.063148	99.160446	100.666359	98.146538	99.491821	99.838837	98.605957	99.514061	99.412453	99.994568	99.737198	99.229019	100.14373	99.820198	99.746223	99.927231	98.951759	99.527306	99.379387	100.253189	100.325951	99.74501	98.328735	99.385994	99.385994	99.636765
316	100.334396	100.453743	100.430191	101.596573	100.203262	100.114227	99.63192	100.191566	101.042	101.109169	99.094101	99.347862	100.650345	100.531052	100.057098	100.216743	101.344467	100.894043	100.682297	100.981453	101.083984	101.233528	100.648689	101.336052	100.289024	99.435249	100.635239	101.557907	100.164627	99.576447	99.640297	100.663826	100.018456	101.841927	98.636978	100.902451	99.40168	101.573051	99.31089	99.487404	100.396584	99.277283	100.255394	100.152901	100.522636	100.29409	99.781494	100.704155	101.030174	101.173019	100.610054	99.719269	100.144516	100.430191	101.218414	100.60836	100.705826	99.215088	100.374748	100.374748	100.65876
317	101.009842	101.258217	101.273331	102.030586	101.436768	100.853905	100.110535	100.693405	101.258217	102.134796	99.415466	99.801651	101.346001	101.120377	100.442078	100.873657	102.028885	101.426277	101.41114	101.6549	101.614143	101.800278	101.014458	101.842728	101.091782	100	101.41114	102.315056	101.350616	100.166428	100.175667	100.828262	100.567757	102.586128	98.988525	101.514099	99.641151	102.181877	100.205925	99.591133	100.921989	99.83947	100.853905	100.834206	100.881241	100.773689	100.289154	101.193047	102.001587	102.318047	101.117416	100.25592	100.663147	101.220383	101.933495	100.853905	101.388458	100.078621	101.132538	101.223312	101.501938
318	101.339928	101.338806	101.415573	101.053535	101.824585	100.969299	100.140381	100.995659	101.338806	102.423248	99.977066	99.83445	101.364014	101.480309	100.561417	100.649086	101.885918	101.350853	101.274086	101.669945	101.042648	101.566818	100.942947	101.36174	100.494423	100	101.274086	102.076675	100.967026	100.844421	100.050415	100.41877	100.778542	102.190697	99.492416	101.376053	99.860802	101.821182	100.203957	100.027481	101.31472	100.02636	100.969299	101.289543	100.687454	100.982498	100.626144	101.428749	102.167763	102.512062	101.044914	100.037254	100.84214	101.146904	101.822304	100.969299	101.158943	100.819183	101.121689	101.582291	101.73465
319	101.663795	101.4179	101.55513	100.095055	102.205025	101.082504	100.169624	101.292168	101.4179	102.70623	100.528015	99.866592	101.38166	101.833412	100.678467	100.428757	101.745628	101.276825	101.139595	101.684692	100.482025	101.337791	100.872818	100.889862	99.908394	100	101.139595	101.842812	100.590706	101.509514	99.927559	100.017044	100.985321	101.802742	99.986771	101.240601	100.076294	101.467346	100.202026	100.455582	101.700005	100.209663	101.082504	101.736259	100.497345	101.18734	100.956749	101.659966	102.330757	102.7024	100.973824	99.822731	101.017715	101.074837	101.713226	101.082504	100.933777	101.545731	101.111053	101.934418	101.962959
320	101.98156	101.495483	101.69207	99.154594	102.578316	101.193558	100.198349	101.583115	101.495483	102.983879	101.068619	99.898163	101.398994	102.179909	100.793312	100.212547	101.608002	101.204216	101.007668	101.699173	99.931908	101.113045	100.80397	100.42688	99.333374	100	101.007668	101.613319	100.221428	102.162132	99.806992	99.622871	101.18824	101.422081	100.47184	101.107727	100.28772	101.120148	100.200119	100.875603	102.078041	100.389549	101.193558	102.174568	100.310814	101.388336	101.281166	101.88681	102.490723	102.889168	100.904037	99.612213	101.190018	101.004089	101.606201	101.193558	100.712822	102.258598	101.100609	102.279938	102.186989
321	101.326927	101.05851	100.946388	99.646301	102.088013	100.846802	100.028587	100.960243	101.05851	102.088882	101.170174	99.92942	100.706551	101.27108	100.508263	100.535095	100.847672	100.846802	100.790085	101.087097	100.238968	100.663689	100.902199	100.56366	99.731125	100.028137	101.071487	101.551163	100.112984	101.496216	99.690041	99.295647	101.128212	101.606979	100.352821	101.08577	100.633774	100.973221	100.338127	101.057182	101.62262	100.225983	100.903107	101.411781	100.380539	100.790955	101.142487	101.706566	101.904854	102.609215	100.635101	99.295647	100.677963	100.649414	101.297928	101.128212	100.80352	101.679298	100.607422	101.369797	101.946426
322	100.630775	100.601852	100.166931	100.211296	101.558411	100.481483	99.85128	100.298538	100.601852	101.146484	101.24276	99.959854	99.989304	100.310303	100.20652	100.881645	100.069557	100.481483	100.572983	100.45314	100.589523	100.212395	101.007904	100.732925	100.177063	100.057236	101.145386	101.500618	100.022995	100.768257	99.576279	98.980865	101.053932	101.821075	100.200592	101.071037	100.978981	100.842072	100.480949	101.219765	101.128807	100.046028	100.595978	100.596512	100.463806	100.161049	100.979553	101.506531	101.289322	102.308449	100.361107	98.980865	100.138023	100.286774	100.985428	101.053932	100.910522	101.037346	100.097908	100.407669	101.684128
323	99.953239	100.157463	99.408333	100.761238	101.043022	100.125969	99.678749	99.654541	100.157463	100.229347	101.3134	99.989502	99.291275	99.375267	99.912872	101.218948	99.312271	100.125969	100.361702	99.836182	100.930763	99.773209	101.110794	100.897667	100.611099	100.085579	101.217361	101.451477	99.935448	100.059807	99.465622	98.674515	100.981667	102.029457	100.052498	101.056709	101.31501	100.71447	100.61998	101.377991	100.64827	99.870888	100.297119	99.803085	100.544907	99.547997	100.82103	101.311852	100.690254	102.01577	100.094482	98.674515	99.612549	99.933861	100.681374	100.981667	101.014732	100.412575	99.602058	99.471336	101.428879
324	99.750481	99.852188	98.992722	101.065849	100.748596	100.055458	99.414749	99.593338	99.963043	99.830589	100.930389	99.944565	99.100494	99.433105	99.809029	101.226082	99.470093	99.870667	100.304985	99.802818	100.736328	99.451706	101.016632	100.899529	100.6716	99.984642	100.964287	100.804153	99.99691	99.753593	99.390068	99.10347	100.807152	101.879181	99.944565	100.754807	101.025902	100.927223	100.243462	101.894447	100.218773	99.827507	99.950775	99.707321	100.683868	99.387001	100.782463	100.964287	100.366615	101.743637	100.129364	98.530602	99.593338	99.901436	100.554504	100.714729	100.736328	100.301895	99.482475	99.140533	101.059761
325	99.808624	99.621506	98.763535	101.237167	100.574112	100.141922	99.098274	99.853775	99.905357	99.715416	100.293839	99.858055	99.188606	100.040146	99.809326	101.050774	100.13475	99.668839	100.333282	100.091759	100.244377	99.192879	100.81282	100.811363	100.526108	99.811478	100.529655	99.821487	100.14119	99.667412	99.333366	99.941963	100.574814	101.529572	99.858055	100.291718	100.389168	101.329628	99.579231	102.612671	99.814331	99.856636	99.575653	99.996422	100.855812	99.474617	100.809944	100.529655	100.192795	101.480843	100.331131	98.475395	99.853775	100.045883	100.524689	100.338295	100.244377	100.474503	99.569923	99.142029	100.625
326	99.866577	99.391678	98.535187	101.407883	100.400253	100.228096	98.782921	100.113319	99.847908	99.600693	99.659477	99.771866	99.276436	100.645111	99.809662	100.876091	100.797188	99.467743	100.361549	100.37973	99.754181	98.934982	100.609741	100.723526	100.381126	99.638947	100.096596	98.842224	100.285019	99.581558	99.276901	100.77758	100.343338	101.181206	99.771866	99.830215	99.754646	101.73069	98.917297	103.32843	99.411308	99.885719	99.201859	100.284554	101.027206	99.561951	100.837372	100.096596	100.0196	101.219002	100.532257	98.42041	100.113319	100.18985	100.494972	99.963173	99.754181	100.646545	99.657097	99.143509	100.191772
327	99.91481	99.251099	98.513451	101.362816	99.995132	100.207306	98.548782	100.216934	99.829651	99.660919	99.280006	99.551567	99.374832	100.859787	99.810349	100.642822	101.030113	99.374832	100.253914	100.568916	99.460014	98.911995	100.358376	100.441917	100.13015	99.265541	99.791077	98.449181	100.138176	99.55484	99.251099	101.279243	100.122108	100.63958	99.648018	99.670563	99.162666	101.836906	98.531136	103.349129	99.19487	99.866608	98.956993	100.454819	101.205315	99.562859	100.689407	99.829651	100.107704	100.936928	100.528694	98.503815	100.284447	100.274811	100.329437	99.705894	99.431076	100.594582	99.66732	99.281654	99.885902
328	99.943939	99.28511	98.894745	100.896927	99.14064	99.97789	98.474083	100.015938	99.887871	100.062218	99.399277	99.070671	99.493401	100.31221	99.81176	100.296234	100.424316	99.493401	99.881721	100.564705	99.549469	99.347321	100.013901	99.783493	99.673431	98.501884	99.735641	99.201271	99.425041	99.643585	99.28511	101.127335	99.921814	99.723351	99.451241	100.100266	98.656151	101.367508	98.68441	102.014053	99.343239	99.753647	98.964714	100.394463	101.395775	99.395195	100.200081	99.887871	100.705063	100.616631	100.126007	98.856689	100.282333	100.244286	99.899734	99.679581	99.435295	100.105957	99.527344	99.685753	99.829765
329	99.972626	99.31868	99.270462	100.43795	98.298721	99.751869	98.400482	99.817902	99.945259	100.457634	99.51683	98.596832	99.61026	99.772682	99.813171	99.954781	99.827423	99.61026	99.51503	100.560555	99.637627	99.776276	99.674515	99.134781	99.22345	97.749489	99.681053	99.942299	98.722427	99.731056	99.31868	100.977692	99.724472	98.820587	99.257347	100.523666	98.157082	100.905083	98.835472	100.698601	99.489456	99.642357	98.972351	100.335037	101.583466	99.230003	99.717941	99.945259	101.293686	100.301102	99.729256	99.204407	100.280296	100.214233	99.476334	99.653679	99.439476	99.624512	99.389473	100.083908	99.774483
330	99.998215	99.357162	99.648766	100.004471	97.532944	99.535423	98.35231	99.638924	99.995529	100.835526	99.64608	98.14711	99.724503	99.275146	99.82621	99.629066	99.270676	99.71196	99.175247	100.551941	99.738815	100.191757	99.35804	98.529724	98.796257	97.056732	99.635353	100.65184	98.071442	99.803795	99.362541	100.836411	99.545303	97.98317	99.085197	100.920174	97.697792	100.461891	98.988022	99.445404	99.63176	99.541702	98.989799	100.27462	101.764656	99.070885	99.25367	100.002693	101.85289	99.993744	99.357162	99.558716	100.269272	100.188171	99.075356	99.628166	99.445404	99.167183	99.268898	100.45742	99.724503
331	99.942688	99.558151	100.263306	100.143303	98.696838	99.512444	99.035698	99.948097	99.856735	100.854706	100.177361	98.221687	99.810631	99.810234	100.18898	99.632881	99.666969	99.409454	99.489197	100.407425	100.269142	100.384178	99.586807	98.961357	98.864166	97.836754	99.833481	100.728439	98.674408	99.47258	99.730072	100.883354	99.82766	98.725883	99.483398	100.688553	98.221298	100.401596	99.248344	99.506645	99.718842	99.713043	99.305649	100.160744	101.829819	99.024887	99.122498	100.08596	101.778305	99.799423	99.558151	100.257515	99.988792	100.269531	99.168152	99.604233	99.506645	99.231285	99.609634	100.258324	99.810631
332	99.888268	99.755028	100.865341	100.279236	99.837036	99.489899	99.705177	100.250961	99.720734	100.873482	100.697792	98.294731	99.895004	100.334419	100.544373	99.636612	100.055145	99.113098	99.796722	100.265823	100.788651	100.572647	99.81089	99.384216	98.930672	98.600891	100.027557	100.803482	99.265083	99.148087	100.090134	100.929321	100.104271	99.453499	99.873436	100.461639	98.734131	100.342514	99.503342	99.566612	99.804153	99.880867	99.615044	100.049126	101.893631	98.979797	98.993935	100.167534	101.705215	99.609032	99.755028	100.942055	99.71402	100.349251	99.259064	99.58075	99.566612	99.294052	99.943443	100.063263	99.895004
333	99.834999	99.947968	101.455261	100.412498	100.954308	99.467834	100.361206	100.547752	99.587502	100.891891	101.207756	98.366318	99.977684	100.84803	100.892624	99.640274	100.435532	98.822708	100.098083	100.127098	101.297699	100.757347	100.030472	99.798576	98.995857	99.349655	100.217751	100.877014	99.843918	98.830147	100.44297	100.974396	100.375343	100.166451	100.255653	100.239304	99.236664	100.28466	99.753235	99.625397	99.887749	100.045334	99.918243	99.939789	101.956192	98.935669	98.868019	100.247482	101.633659	99.422493	99.947968	101.612816	99.444786	100.427353	99.348145	99.557777	99.625397	99.355583	100.270531	99.872162	99.977684
334	99.880524	100.117599	101.428177	100.249733	101.110779	99.484756	100.456474	100.506401	99.80909	100.754227	100.925575	98.434639	100.293961	101.156952	100.843369	99.917816	100.31929	98.967621	100.256668	99.951958	101.151917	100.508293	99.991158	99.852066	99.195831	99.730682	100.247826	100.734642	100.235176	98.987206	100.476059	101.196144	100.798485	100.356552	100.376175	100.413445	99.669991	100.189041	99.762917	99.819824	100.126442	100.226334	99.980415	100.185226	101.784729	99.420258	99.115524	100.247826	101.467346	99.689575	100.058815	101.2733	99.748367	100.406525	99.669991	99.613106	99.761047	99.591591	100.650551	100.194077	100.176392
335	99.961716	100.277069	101.17569	99.980278	100.914429	99.515762	100.345734	100.341759	100.158287	100.560822	100.356384	98.501114	100.692642	101.388	100.649223	100.292847	100.022491	99.270317	100.361511	99.765205	100.76799	100.103012	99.857529	99.773087	99.443169	99.973587	100.219032	100.514641	100.554108	99.316475	100.391914	101.480377	101.273178	100.353638	100.399796	100.730919	100.073814	100.080528	99.684677	100.061966	100.419533	100.411629	99.953842	100.558067	101.529289	100.093552	99.497238	100.219032	101.268028	100.119995	100.138535	100.56752	100.25853	100.349663	100.073814	99.696526	99.923462	99.889114	101.046242	100.700546	100.415596
336	100.041603	100.433907	100.927353	99.715233	100.721275	99.546265	100.236824	100.179848	100.50174	100.370575	99.796547	98.566498	101.084732	101.615288	100.458252	100.66172	99.730591	99.568047	100.46463	99.581505	100.390396	99.704369	99.72612	99.695381	99.686447	100.212502	100.19072	100.298248	100.867798	99.640343	100.30912	101.759933	101.740074	100.350723	100.423012	101.043152	100.471024	99.973778	99.607697	100.300156	100.707817	100.59391	99.927704	100.924751	101.278053	100.755783	99.872635	100.19072	101.071968	100.543343	100.216972	99.873337	100.760284	100.293755	100.471024	99.778595	100.083206	100.181755	101.435455	101.198662	100.650879
337	100.09787	100.31102	100.626717	99.842094	100.419937	99.665352	100.328316	100.208351	100.871323	100.381996	99.689011	98.887131	101.059219	101.780525	100.524055	100.868164	99.731636	99.761658	100.509857	99.556458	100.250984	99.556458	99.818459	99.719032	100.025246	100.380432	100.273071	100.339363	100.975525	100.025246	100.348854	101.943123	102.129379	100.292053	100.40094	101.403275	100.749794	99.824821	99.588013	100.544563	101.022842	100.451515	100.012634	101.239105	101.448997	101.09549	100.108925	100.284126	101.032326	100.847664	100.404099	99.666939	101.063904	100.326752	100.760841	99.925819	100.273071	100.380432	101.472794	101.464844	100.759277
338	100.122643	99.814453	100.256073	100.492462	99.973953	99.902802	100.687538	100.49118	101.275925	100.662758	100.18557	99.548897	100.475899	101.863029	100.932816	100.857803	100.123932	99.816391	100.477829	99.743324	100.429558	99.743324	100.209717	99.878006	100.491837	100.453697	100.503281	100.724373	100.80825	100.491837	100.5522	101.997734	102.41523	100.158844	100.318321	101.827477	100.870529	99.619392	99.644814	100.797462	101.373779	99.875443	100.245918	101.483704	102.183937	101.004585	100.1595	100.540115	101.201584	100.993179	100.736473	100.111855	101.103088	100.478485	100.907387	100.160133	100.503281	100.453697	101.040161	101.421425	100.698326
339	100.146805	99.32959	99.894165	101.127495	99.53849	100.134621	101.0383	100.767342	101.671013	100.93689	100.67041	100.195023	99.906357	101.943604	101.331947	100.847694	100.506958	99.869797	100.446556	99.925781	100.603928	99.925781	100.591743	100.033249	100.947441	100.525223	100.72802	101.100334	100.64492	100.947441	100.750732	102.051094	102.694336	100.028816	100.237671	102.241692	100.988426	99.418816	99.700249	101.04438	101.716446	99.312988	100.473724	101.722527	102.90155	100.91584	100.20887	100.790062	101.366844	101.135254	101.061012	100.54631	101.141335	100.626633	101.050484	100.388947	100.72802	100.525223	100.617767	101.379028	100.638817
340	100.179062	98.980103	99.638779	101.65818	99.242966	100.363899	101.33461	100.9851	102.004791	101.198784	101.117859	100.736656	99.45105	102.010574	101.638008	100.866554	100.875221	99.933502	100.424622	100.109734	100.774132	100.147209	100.918625	100.147369	101.372086	100.623878	100.947479	101.441429	100.548767	101.340393	100.970528	102.10878	102.831184	99.956566	100.170425	102.550873	101.086166	99.30658	99.768837	101.250839	102.033638	98.884819	100.698997	101.892212	103.466591	100.823318	100.228249	100.976433	101.533875	101.288315	101.38073	100.956108	101.187256	100.791443	101.161301	100.638306	100.959	100.586403	100.326279	101.354813	100.661362
341	100.276947	99.592987	100.143501	101.48777	99.952682	100.609589	101.268234	100.797928	101.930199	101.40921	101.354309	100.577545	99.782982	101.985931	101.292732	101.106087	101.189674	100.084427	100.469444	100.333511	100.939774	100.695732	100.882355	99.970451	101.630447	100.941429	101.16098	101.57386	100.942268	101.323959	101.383888	102.207993	101.920952	100.30732	100.193336	102.119362	101.047829	99.840378	99.946793	101.185478	102.208832	99.398788	100.940575	101.568832	102.973831	100.688156	100.02533	100.714317	101.740196	101.547691	101.714035	101.244568	101.297775	101.106918	101.046989	101.08075	101.272415	100.579216	100.972656	101.46328	101.303635
342	100.372437	100.190994	100.636017	101.321472	100.645195	100.849327	101.203453	100.615288	101.857399	101.614548	101.585045	100.422272	100.106873	101.961884	100.955811	101.339813	101.496529	100.231682	100.513168	100.551865	101.101372	101.230965	100.84697	99.797836	101.88253	101.251305	101.369324	101.703087	101.326263	101.30793	101.787231	102.304825	101.032768	100.649559	100.215706	101.698288	101.010445	100.361275	100.120415	101.121696	102.379761	99.900314	101.176308	101.253296	102.493027	100.556267	99.827316	100.458549	101.941528	101.800797	102.039246	101.526031	101.405624	101.41478	100.935471	101.512489	101.57827	100.572205	101.603401	101.569115	101.930367
343	100.465652	100.774719	101.116737	101.159157	101.321121	101.083359	101.140198	100.437012	101.786331	101.814995	101.810265	100.270714	100.423012	101.938416	100.626961	101.56797	101.796043	100.375389	100.555862	100.765022	101.259102	101.753403	100.812401	99.629341	102.128563	101.553749	101.572708	101.829193	101.701042	101.292274	102.180923	102.399323	100.165833	100.983635	100.237564	101.287331	100.97393	100.86969	100.289894	101.059425	102.546631	100.389839	101.406433	100.945305	102.023697	100.427521	99.634079	100.208893	102.138054	102.047821	102.356682	101.800774	101.51088	101.715263	100.826622	101.933899	101.876816	100.565353	102.219055	101.672432	102.542114
344	100.53614	100.818039	101.621719	101.115204	101.336838	101.231621	100.843575	100.766945	101.907669	101.948532	102.00676	100.530029	101.040627	101.89238	100.906845	101.670776	101.73513	100.747551	100.926247	100.874199	101.255127	101.6381	100.73838	99.950966	102.014923	101.923012	101.728973	102.064957	101.965889	101.332726	101.919975	102.156914	100.485077	101.229584	100.316582	101.311287	100.975296	101.033493	100.396255	100.783302	102.06398	101.079437	101.821884	101.147881	102.299835	100.378891	99.737534	100.586151	102.150749	102.071106	102.137497	101.890335	101.358269	101.791275	100.835396	102.14666	101.640144	100.771034	102.484718	101.498199	102.570496
345	100.599876	100.735382	102.121246	101.099586	101.199432	101.356796	100.499451	101.207207	102.070869	102.063667	102.192291	100.878654	101.714447	101.842155	101.321426	101.742317	101.592148	101.164352	101.364304	100.956894	101.213821	101.3778	100.65683	100.378929	101.820549	102.299629	101.870941	102.320885	102.199486	101.385292	101.51329	101.841866	101.071701	101.449753	100.407112	101.435341	100.985397	101.113983	100.485657	100.463783	101.441643	101.800179	102.271126	101.464127	102.742386	100.349854	99.907379	101.100182	102.120651	102.042099	101.798996	101.935074	101.149368	101.813675	100.871185	102.306511	101.284859	101.021347	102.663551	101.26358	102.46328
346	100.661789	100.654984	102.606949	101.084396	101.065811	101.478516	100.16481	101.635315	102.229546	102.175629	102.372696	101.217651	102.369629	101.793304	101.724541	101.81189	101.453102	101.569641	101.790215	101.037308	101.17363	101.12468	100.577522	100.795067	101.631546	102.665802	102.008949	102.569748	102.42659	101.436363	101.117851	101.535507	101.642143	101.663795	100.495125	101.555977	100.995163	101.192238	100.572586	100.15303	100.836502	102.501007	102.707932	101.771629	103.172684	100.321594	100.072525	101.599991	102.091362	102.013901	101.469818	101.978577	100.946213	101.835426	100.905952	102.461937	100.939384	101.264725	102.83744	101.035439	102.359032
347	100.295708	100.139893	102.171516	100.721123	100.49688	101.108421	99.771812	101.252533	101.925041	101.792038	101.928665	100.84243	101.996788	101.267853	101.613708	101.435074	100.945114	101.222214	101.518547	100.755356	100.888374	100.656601	100.280716	100.67942	101.062798	102.171516	101.503227	102.236382	101.91333	101.100906	100.534996	100.933708	101.51104	101.165161	100.189438	101.321304	100.713638	100.667694	100.299629	99.760406	100.394806	102.194359	102.293121	101.442589	102.897179	100.041428	99.798241	101.343796	101.78846	101.621223	101.074532	101.381622	100.641586	101.241127	100.626266	102.038834	100.360252	100.967918	102.167633	100.900101	101.833786
348	99.527321	99.218658	100.864479	100.031815	99.522079	100.275276	99.329735	100.102425	101.183701	100.942055	100.896225	99.791969	100.649284	100.296463	101.014343	100.638626	100.093582	100.162415	100.585747	100.132355	100.374008	99.991249	99.781319	100.058296	100.141212	100.864479	100.391708	101.353073	100.702194	100.402245	99.783104	100.060066	100.71273	99.994843	99.513214	100.751518	100.158813	99.576775	99.687851	99.296204	100.11647	100.931511	101.072624	100.511658	101.952812	99.525536	99.109268	100.370529	101.229561	100.88736	100.622734	100.183571	100.245224	100.068916	100.051208	101.070831	99.567909	100.160622	100.704002	100.85553	100.915596
349	98.795906	98.341713	99.620308	99.375656	98.594131	99.48217	98.908905	99.007637	100.478004	100.132957	99.913437	98.792023	99.366562	99.371773	100.443794	99.880508	99.282997	99.153557	99.697807	99.539322	99.884415	99.357918	99.305946	99.467033	99.263954	99.620308	99.333664	100.51223	99.549294	99.73719	99.067368	99.228455	99.95282	98.880775	98.869522	100.209137	99.630676	98.5383	99.105492	98.854362	99.851494	99.729401	99.910828	99.625488	101.053871	99.034462	98.453415	99.444084	100.69754	100.188782	100.19268	99.043137	99.867958	98.953087	99.503815	100.149391	98.813644	99.392113	99.310715	100.813141	100.041565
350	98.239647	97.677773	98.636017	98.952347	97.857933	98.900276	98.577301	98.192932	99.877197	99.440781	99.175224	97.999413	98.453201	98.664055	99.967972	99.332695	98.644028	98.377106	98.977684	99.056435	99.444794	98.864227	98.918953	98.993706	98.56929	98.736137	98.530594	99.846519	98.644028	99.181847	98.466499	98.641373	99.347374	98.115547	98.485237	99.783791	99.298004	97.8246	98.64003	98.550621	99.614296	98.84156	99.049767	98.950981	100.301613	98.676064	97.944687	98.722771	100.194824	99.654335	99.862541	98.160896	99.523521	98.058144	99.088463	99.426125	98.343758	98.765495	98.315742	100.701988	99.347374
351	98.306267	97.773285	98.549637	99.40937	97.782372	99.084137	98.554939	98.386627	99.605011	99.111465	99.313095	97.921883	98.896095	98.724785	99.799866	99.552666	98.599686	98.420753	98.823357	98.943138	99.136475	98.858971	98.828636	98.923424	98.504913	99.175087	98.635292	99.785454	98.599686	98.982559	98.235008	98.955223	99.272179	98.6474	99.096252	99.765739	99.708084	98.318382	98.574669	98.760391	99.451111	99.089439	99.273666	99.028793	100.023521	98.799812	97.952217	98.719475	99.7286	99.701294	99.885521	98.18647	99.256256	97.916588	99.143265	99.391953	98.956741	98.61409	98.781616	100.291916	99.272179
352	98.371071	97.86615	98.465652	99.853836	97.708908	99.262932	98.533211	98.574989	99.340294	98.791161	99.447197	97.846504	99.326836	98.783836	99.636375	99.766609	98.556557	98.463188	98.673264	98.832947	98.836639	98.853836	98.740822	98.855072	98.442307	99.602005	98.737152	99.726044	98.556557	98.788712	98.009857	99.260475	99.199043	99.164673	99.690475	99.748169	100.106918	98.798599	98.511101	98.964409	99.292404	99.330505	99.491432	99.104462	99.753067	98.920197	97.959518	98.716263	99.275169	99.746956	99.907875	98.211342	98.996323	97.778923	99.196587	99.358749	99.552879	98.466866	99.234695	99.893097	99.199043
353	98.43409	97.956535	98.383911	100.286308	97.637405	99.436913	98.512062	98.758278	99.082741	98.479553	99.577675	97.773148	99.745926	98.841278	99.477295	99.974754	98.514595	98.504486	98.527206	98.725754	98.544899	98.848854	98.655357	98.788574	98.381386	100.01738	98.836243	99.668266	98.514595	98.600105	97.79081	99.557457	99.127892	99.667953	100.268639	99.731079	100.494957	99.265823	98.449257	99.162933	99.13797	99.565041	99.703308	99.17807	99.489929	99.0373	97.966614	98.713127	98.834007	99.791367	99.929604	98.235542	98.743423	97.644989	99.248444	99.326416	100.132919	98.323624	99.675529	99.505081	99.127892
354	98.896362	98.781548	99.167953	100.872101	98.337624	100.014046	98.91024	99.304611	99.270828	99.146141	99.827667	98.579422	100.368774	99.371986	99.978371	100.267616	99.53463	99.48111	99.213524	99.255081	99.231354	99.800163	99.205521	99.411652	99.275002	100.727463	99.354141	100.091293	99.142151	99.370079	98.722145	100.362869	100.016144	100.105156	100.265526	99.980286	100.62822	99.932823	99.288857	100.065674	99.695007	100.291527	100.087311	100.012146	100.281654	99.538437	98.924263	99.415642	99.340286	100.226059	100.646248	98.89048	99.272903	98.301926	99.758408	99.897125	100.665985	99.350342	100.212189	99.568047	99.623665
355	99.408737	99.699005	100.06279	101.473175	99.136559	100.640724	99.361847	99.895279	99.517998	99.939987	100.091576	99.498138	101.013435	99.962242	100.564812	100.569191	100.69001	100.576164	100.00695	99.866287	100.044891	100.872978	99.837273	100.122963	100.290451	101.470985	99.924294	100.575958	99.855156	100.263641	99.80172	101.229988	101.026939	100.52906	100.182953	100.263443	100.725365	100.620667	100.243584	101.055954	100.34391	101.078209	100.491119	100.942123	101.209938	100.087204	100.002579	100.207817	99.971184	100.709854	101.45092	99.625282	99.904236	99.060646	100.326027	100.544754	101.187477	100.527084	100.756744	99.692039	100.192131
356	99.914734	100.605057	100.946472	102.06678	99.925545	101.259598	99.807869	100.478615	99.762123	100.723991	100.352219	100.405441	101.650093	100.545158	101.143982	100.867043	101.830994	101.65757	100.790527	100.469887	100.84832	101.932442	100.461159	100.825455	101.293289	102.205261	100.487373	101.054596	100.559303	101.14608	100.867867	102.086319	102.0252	100.947716	100.101448	100.543106	100.821289	101.299957	101.186417	102.033928	100.984726	101.855103	100.8899	101.860519	102.126656	100.629166	101.067474	100.990128	100.594238	101.18766	102.24559	100.350975	100.527695	99.809944	100.886574	101.184334	101.702499	101.689186	101.294533	99.814514	100.75351
357	100.276993	101.130554	101.425232	102.141144	100.497963	101.465294	100.190506	100.733421	100.126434	101.10656	100.571655	100.956001	101.803207	100.855125	101.434853	100.973663	102.36528	102.000175	101.127373	100.97998	101.372353	102.397285	100.778267	101.071342	101.718292	102.270851	100.890335	101.258698	100.853554	101.700638	101.357986	102.451752	102.328468	101.205811	100.312195	100.791077	100.707855	101.732681	101.4189	102.238823	101.438011	101.953766	101.151382	101.907364	102.461372	100.831131	101.454102	101.201096	101.088882	101.468445	102.414963	100.891914	101.068069	100.355438	101.273056	101.466881	101.836838	102.189125	101.454102	100.182472	101.029694
358	100.524887	101.362846	101.593742	101.829514	100.897514	101.360641	100.517845	100.739479	100.571693	101.183609	100.755814	101.230408	101.595078	100.956253	101.50589	100.936386	102.438751	101.78846	101.126228	101.409622	101.67807	102.411819	100.86132	100.973915	101.706337	101.840118	101.165939	101.255127	100.837936	102.000359	101.410973	102.445816	102.110741	101.339432	100.734604	101.010109	100.441917	101.973427	101.120483	101.867043	101.742531	101.548302	101.30545	101.308144	102.357956	100.777008	101.3302	100.984512	101.477623	101.59726	102.117798	101.284264	101.535019	100.738144	101.522217	101.478958	101.686462	102.187988	101.3302	100.723991	101.088692
359	100.763931	101.586823	101.756241	101.529121	101.282707	101.259781	100.833427	100.745323	101.000961	101.257912	100.933334	101.494965	101.394463	101.053741	101.574394	100.900459	102.509605	101.584351	101.125122	101.823845	101.972809	102.425835	100.941406	100.880005	101.694809	101.424881	101.431671	101.251709	100.822899	102.289291	101.462067	102.440109	101.900841	101.468277	101.141846	101.221298	100.185562	102.205536	100.832832	101.508644	102.03611	101.157402	101.453995	100.730446	102.258286	100.724838	101.21077	100.775734	101.852394	101.721466	101.831345	101.662506	101.985207	101.107094	101.762436	101.490616	101.541542	102.18692	101.21077	101.246109	101.145576
360	100.793983	101.64875	101.806137	101.237747	101.509857	101.194153	101.084198	100.735748	101.280426	101.337341	100.989342	101.572403	101.279984	101.170013	101.590942	100.855194	102.408646	101.437843	101.089394	102.035583	102.088203	102.317642	100.979408	100.854767	101.5914	101.113091	101.586197	101.199356	100.783607	102.370247	101.476227	102.450439	101.653503	101.490891	101.395164	101.314095	100.071144	102.236572	100.606789	101.118706	102.098145	100.926338	101.476654	100.315247	102.140381	100.611961	101.094124	100.606789	102.087746	101.696625	101.662086	101.820816	102.202927	101.385239	101.91568	101.457253	101.45208	102.097679	101.122597	101.557732	101.213135
361	100.244858	101.263954	101.546165	100.953712	101.311447	101.222679	101.170135	100.68277	101.160408	101.435997	100.710808	101.134338	101.398254	101.345695	101.464035	100.78125	101.823723	101.442635	100.955261	101.697205	101.71199	101.863029	100.902702	101.019112	101.226196	101.070107	101.441063	101.00782	100.674614	101.877823	101.388504	102.506081	101.286926	101.219582	101.235924	101.083336	100.344505	101.710442	100.538345	100.617371	101.520096	101.125755	101.150665	100.326607	101.964615	100.323486	100.978241	100.538345	101.949837	101.255775	101.808525	101.377235	101.787506	101.427826	101.836548	101.296638	101.511536	101.757919	101.116028	101.303253	101.314545
362	99.719551	100.895836	101.29744	100.681984	101.121605	101.249947	101.252327	100.632095	101.045563	101.53035	100.444366	100.71524	101.51136	101.513733	101.342606	100.71051	101.264153	101.447174	100.826958	101.373482	101.352081	101.428116	100.82933	101.1763	100.876831	101.028946	101.302208	100.824562	100.570312	101.406731	101.304581	102.559296	100.936249	100.960007	101.08358	100.862572	100.605988	101.207115	100.472878	100.137772	100.967117	101.316498	100.838814	100.337433	101.796486	100.047508	100.86734	100.472878	101.817856	100.834045	101.948593	100.952866	101.390099	101.468567	101.760841	101.14299	101.568375	101.432884	101.109741	101.059814	101.41153
363	99.216553	100.543343	101.059296	100.421799	100.939835	101.276039	101.331032	100.583557	100.935616	101.620697	100.189209	100.313934	101.619659	101.674614	101.226341	100.642761	100.728355	101.451538	100.704071	101.063515	101.007477	101.011703	100.759064	101.326813	100.542297	100.989548	101.169243	100.649109	100.470444	100.955666	101.224228	102.610245	100.600449	100.711464	100.937721	100.651215	100.856361	100.725174	100.410187	99.678535	100.437614	101.49913	100.540184	100.347816	101.635483	99.783234	100.761177	100.410187	101.691505	100.430237	102.082703	100.546524	101.009598	101.507584	101.688324	100.995872	101.622818	101.121651	101.103714	100.826691	101.50441
364	99.345253	100.271439	100.688889	100.432823	101.044914	101.225868	101.250633	100.571953	100.947586	101.504173	99.976944	100.367096	101.520386	101.318024	101.055122	100.353409	100.88102	101.348785	100.897232	100.851097	100.826347	100.7939	100.694893	100.893761	100.644539	101.085876	101.111481	100.645378	100.522461	101.174675	100.99025	101.957413	100.50708	100.751236	100.720474	100.710274	100.67952	100.848564	100.238167	100.159683	100.351715	101.454666	100.628304	100.635162	101.504173	100.257858	100.889549	100.189507	101.480255	100.692368	101.896843	100.514755	101.085876	101.422211	101.382919	100.599251	101.390625	101.26516	100.810966	100.752083	101.32489
365	99.508469	100.012375	100.321304	100.459969	101.164291	101.172546	101.162933	100.56292	100.966599	101.378487	99.773476	100.446228	101.411453	100.940498	100.885582	100.059059	101.070938	101.242569	101.103882	100.65081	100.660416	100.594521	100.632965	100.437996	100.770248	101.187645	101.059952	100.652168	100.582169	101.42791	100.753784	101.281013	100.431122	100.807335	100.505272	100.783981	100.481941	101.005028	100.064537	100.683746	100.295212	101.397705	100.737297	100.930908	101.378487	100.763367	101.028374	99.965691	101.270035	100.987183	101.697014	100.506653	101.187645	101.331802	101.072327	100.199104	101.14782	101.432022	100.509392	100.689247	101.134094
366	99.666611	99.761353	99.965141	100.486267	101.279976	101.12085	101.077965	100.554169	100.985016	101.256729	99.576324	100.522903	101.305893	100.57473	100.721321	99.773872	101.254951	101.139626	101.304115	100.456764	100.499664	100.401344	100.572945	99.996414	100.892052	101.286232	101.01004	100.658752	100.639999	101.673271	100.524673	100.625656	100.357529	100.861656	100.296745	100.855408	100.290504	101.156631	99.896332	101.191498	100.240456	101.342537	100.842896	101.217422	101.256729	101.253174	101.162872	99.74884	101.06633	101.27282	101.503418	100.498772	101.286232	101.244209	100.77137	99.811401	100.912582	101.593697	100.217201	100.628365	100.949249
367	99.882706	99.573174	99.837669	100.446144	101.012627	101.041374	100.762497	100.581978	100.830971	101.231323	99.645821	100.490036	101.132202	100.320526	100.567612	99.746864	101.125	100.928986	101.107582	100.389008	100.463547	100.416634	100.541115	99.888763	100.838173	101.114784	100.677727	100.649345	100.48587	101.5681	100.422691	100.358353	100.283813	100.71254	100.267555	100.743187	100.226677	100.975906	99.888763	101.25061	100.19603	101.104568	100.671677	101.176086	101.098511	100.998222	100.904396	99.695793	100.994453	101.271057	101.192352	100.405289	101.206741	101.05764	100.547173	99.583397	100.76059	101.429222	99.985634	100.452209	100.773834
368	100.124023	99.426331	99.842178	100.370277	100.540115	100.948967	100.328674	100.629303	100.585709	101.260612	99.861977	100.397064	100.92617	100.137039	100.424873	99.864998	100.823952	100.665115	100.69593	100.394081	100.498291	100.547882	100.526085	99.971199	100.68792	100.798157	100.198654	100.63131	100.21846	101.27063	100.395073	100.316666	100.212456	100.454689	100.339462	100.532089	100.236252	100.615524	99.971199	101.057182	100.158844	100.772346	100.351479	100.952972	100.925156	100.33567	100.434891	99.735962	100.998558	101.108788	100.825951	100.267052	101.030388	100.821945	100.373283	99.452126	100.66011	101.08799	99.79557	100.217453	100.609505
369	100.352287	99.287399	99.846443	100.2985	100.093147	100.861549	99.91832	100.674057	100.353691	101.288307	100.066444	100.309135	100.731277	99.963478	100.289856	99.976723	100.539169	100.415512	100.306534	100.398865	100.531151	100.672066	100.511871	100.049187	100.545799	100.498619	99.745468	100.61425	99.965477	100.989212	100.36895	100.277206	100.144936	100.210777	100.407494	100.332413	100.2453	100.27462	100.049187	100.874199	100.123657	100.458084	100.048576	100.74192	100.7612	99.708954	99.990768	99.773979	101.002464	100.955292	100.479362	100.136307	100.863564	100.598991	100.208771	99.32795	100.565079	100.76519	99.615799	99.995392	100.454071
370	100.412735	99.349861	99.934883	100.136482	99.78273	100.752617	99.638405	100.611374	100.142731	101.277145	100.179993	100.19239	100.465477	99.892944	100.147377	100.068283	100.408173	100.183067	100.110222	100.285469	100.462402	100.684319	100.477943	100.085342	100.321136	100.232735	99.514305	100.581932	99.717514	100.780556	100.310341	100.187729	100.117943	100.031021	100.353752	100.1567	100.257599	100.04966	100.090004	100.675011	100.103973	100.234306	99.878975	100.567947	100.645576	99.365334	99.818489	99.703529	100.983856	100.806931	100.220337	100.063637	100.647041	100.460899	100.057388	99.283058	100.463974	100.476372	99.610558	99.813751	100.338303
371	100.137924	99.820938	100.197006	99.785187	99.732941	100.595268	99.60833	100.3293	99.964355	101.187241	100.115707	100.012207	100.044426	100.026741	99.983284	100.123528	100.580872	99.974373	100.293793	99.928711	100.185776	100.471748	100.402786	100.038948	99.919807	100.022217	99.719635	100.517403	99.468079	100.708786	100.183571	99.993286	100.171371	99.972168	100.052223	100.021111	100.277069	100.047852	100.057854	100.433907	100.114616	100.182472	99.969978	100.460648	100.622009	99.576103	100.185898	99.411324	100.91909	100.662025	100.125717	100.104607	100.320396	100.487366	99.92543	99.395821	100.346031	100.242531	99.95668	99.705109	100.297081
372	99.882469	100.258842	100.440659	99.458618	99.686676	100.449013	99.58036	100.067116	99.798553	101.103676	100.055954	99.844719	99.653046	100.1511	99.830727	100.174866	100.741386	99.780365	100.464424	99.597107	99.928635	100.274147	100.332916	99.995804	99.546745	99.82653	99.910507	100.457405	99.236229	100.642059	100.065735	99.812546	100.221024	99.91748	99.771957	99.895081	100.295151	100.046158	100.027977	100.209793	100.124504	100.134293	100.054573	100.360886	100.600098	99.772011	100.527397	99.139694	100.858879	100.527336	100.03775	100.142693	100.016747	100.511978	99.802765	99.500641	100.236389	100.025162	100.278412	99.604126	100.258781
373	99.644402	100.666916	100.66774	99.154274	99.643532	100.312698	99.554276	99.822762	99.64402	101.025757	100.000252	99.688614	99.288284	100.266983	99.68856	100.222694	100.890984	99.599548	100.623444	99.28804	99.688995	100.089989	100.267792	99.955582	99.199059	99.644142	100.088371	100.401482	99.020142	100.579857	99.955902	99.644089	100.267281	99.866478	99.510742	99.777611	100.311996	100.044594	100.000122	100.000931	100.133705	100.089355	100.133392	100.267914	100.579681	99.95459	100.845657	98.886536	100.802757	100.401794	99.955772	100.178169	99.733749	100.534889	99.688431	99.598312	100.134209	99.822571	100.578247	99.509995	100.223076
374	99.718315	100.53437	100.683578	99.660484	99.680992	100.638176	99.846817	99.784538	99.817787	100.903114	100.074593	100.058159	99.82206	100.546989	99.946243	100.381218	100.977791	99.838524	100.61731	99.560959	99.9338	100.14502	100.248566	100.219688	99.627312	99.705872	100.294235	100.43502	99.411865	100.61319	100.07048	99.755608	100.372925	100.149261	99.681046	99.867455	100.290009	99.954384	100	100.236252	100.174019	100.157455	100.422707	100.48481	100.61319	100.145088	100.799576	99.275124	100.845192	100.5345	100.256981	100.203026	100.012543	100.621483	99.958679	99.776344	100.223755	100.02079	100.61319	99.768105	100.244438
375	99.783653	100.41729	100.696548	100.102913	99.713844	100.922394	100.101913	99.752213	99.969849	100.796555	100.139641	100.380875	100.28875	100.790611	100.171448	100.519218	101.052872	100.047531	100.611328	99.800041	100.14814	100.193726	100.232086	100.450043	100.001953	99.760399	100.473007	100.464485	99.754143	100.642487	100.170776	99.853485	100.464798	100.395981	99.830521	99.946243	100.27076	99.875793	100	100.442184	100.209137	100.21701	100.674583	100.674271	100.642487	100.310425	100.758194	99.614838	100.882423	100.650665	100.519852	100.224533	100.256645	100.696884	100.194695	99.93116	100.302231	100.194374	100.642487	99.993439	100.263229
376	99.840866	100.314751	100.707886	100.490227	99.742592	101.171219	100.325264	99.723885	100.102974	100.703239	100.196579	100.663391	100.697327	101.003906	100.368568	100.640038	101.118591	100.230492	100.606094	100.009346	100.335777	100.236359	100.217628	100.651703	100.329933	99.808105	100.629494	100.490257	100.053802	100.668129	100.258575	99.939163	100.545242	100.611938	99.961372	100.015213	100.253914	99.806946	100	100.622475	100.239876	100.269112	100.895096	100.840103	100.668129	100.455154	100.721954	99.912224	100.914978	100.752342	100.750008	100.243378	100.470337	100.762878	100.401306	100.066689	100.370895	100.346313	100.668129	100.190697	100.27964
377	99.868752	100.34977	100.521896	100.470474	99.703148	100.97377	100.300468	99.744225	100.184967	100.556244	100.223709	100.642014	100.593475	100.809715	100.434029	100.468948	101.043213	100.202049	100.604782	99.97831	100.334061	100.236389	100.223709	100.562195	100.373589	99.782219	100.576385	100.445923	100.178253	100.583122	100.255775	100.081345	100.464523	100.388359	100.047005	100.146973	100.296829	99.897148	100.013435	100.616684	100.256538	100.175163	100.865746	100.7061	100.677124	100.412331	100.602486	99.959709	100.752342	100.688255	100.606895	100.175949	100.424995	100.574089	100.466827	100.226006	100.387764	100.428055	100.54953	100.357269	100.30278
378	99.882172	100.429428	100.290932	100.306931	99.64473	100.643311	100.189827	99.779274	100.237083	100.410553	100.236359	100.514198	100.319656	100.49604	100.442902	100.216759	100.927628	100.101471	100.605095	99.865112	100.264359	100.221085	100.236359	100.380371	100.308731	99.733467	100.455284	100.382545	100.222168	100.470184	100.220726	100.223984	100.337097	100.037857	100.104355	100.282883	100.355255	100.031982	100.0298	100.544724	100.265816	100.041832	100.750542	100.482925	100.678909	100.308014	100.469826	99.910561	100.542191	100.573471	100.349464	100.086929	100.292732	100.320015	100.472366	100.371613	100.383629	100.473061	100.395653	100.489426	100.325081
379	99.893112	100.494301	100.102829	100.173721	99.597145	100.374176	100.099716	99.807808	100.279526	100.291908	100.246643	100.41008	100.09668	100.240562	100.450119	100.011375	100.833488	100.019547	100.605324	99.772903	100.207611	100.208626	100.246643	100.232292	100.255928	99.693756	100.356651	100.33094	100.257935	100.378227	100.192192	100.340126	100.233315	99.752426	100.151062	100.393585	100.402847	100.1418	100.043152	100.486115	100.273361	99.933228	100.656746	100.30117	100.680336	100.223053	100.361786	99.870522	100.371048	100.479973	100.139824	100.014412	100.185013	100.113106	100.476852	100.490173	100.380257	100.509712	100.270332	100.597046	100.343254
380	99.899002	100.487137	99.997398	100.116661	99.639961	100.210274	100.045288	99.806305	100.276878	100.210274	100.234207	100.337814	99.996948	100.129715	100.404861	99.96949	100.734375	100.012611	100.572029	99.775787	100.183258	100.228081	100.247253	100.185417	100.205055	99.761833	100.339508	100.316025	100.299904	100.292984	100.151932	100.349136	100.198921	99.671738	100.167595	100.350044	100.383545	100.222862	100.087036	100.436172	100.336441	99.955978	100.569405	100.23851	100.615135	100.193703	100.279472	99.898117	100.284241	100.427902	100.083969	99.99173	100.13797	100.031326	100.465355	100.516296	100.325203	100.461021	100.194153	100.61467	100.384796
381	99.898819	100.389061	99.991379	100.152863	99.798241	100.171661	100.033356	99.766953	100.2174	100.171661	100.192642	100.302444	100.04792	100.19593	100.291649	100.131378	100.624779	100.099609	100.495087	99.898338	100.198593	100.288483	100.23571	100.263725	100.154434	99.96833	100.424126	100.346603	100.351456	100.21254	100.095222	100.223831	100.250282	99.845078	100.146912	100.110756	100.279274	100.271263	100.171173	100.394997	100.472031	100.144852	100.486481	100.322937	100.46331	100.233055	100.226021	100.011887	100.299767	100.425697	100.219086	100.030693	100.165237	100.103363	100.43322	100.427269	100.20285	100.302925	100.176514	100.519836	100.457489
382	99.898666	100.312531	99.986687	100.181114	99.921761	100.141541	100.024055	99.736244	100.17099	100.141541	100.160217	100.274849	100.0877	100.247597	100.2033	100.257706	100.539253	100.16748	100.435066	99.993958	100.210556	100.335609	100.226715	100.32486	100.114952	100.129463	100.490128	100.370468	100.391678	100.149788	100.050987	100.126038	100.290344	99.980339	100.13076	99.924049	100.197914	100.309029	100.236824	100.362885	100.577835	100.292221	100.421776	100.388809	100.344849	100.263741	100.184288	100.10067	100.311874	100.423981	100.324524	100.061104	100.186493	100.159576	100.40815	100.357819	100.107361	100.17955	100.162758	100.445847	100.514206
383	99.899849	100.250412	99.988953	100.204208	100.019882	100.122215	100.016998	99.723488	100.137032	100.117783	100.135483	100.255714	100.12088	100.287315	100.134827	100.35318	100.471649	100.221024	100.387444	100.072266	100.219917	100.369736	100.224777	100.371529	100.087288	100.256172	100.536407	100.39077	100.421478	100.107635	100.022758	100.057236	100.322235	100.084862	100.125076	99.788467	100.139023	100.337494	100.290405	100.336838	100.656197	100.406219	100.372841	100.436279	100.25927	100.28775	100.154915	100.17482	100.322235	100.422585	100.409317	100.092377	100.20443	100.203751	100.389206	100.305664	100.041542	100.090179	100.157585	100.390312	100.556305
384	99.925926	100.187447	100.10511	100.231018	100.079132	100.199249	100.019241	99.93985	100.17244	100.107109	100.14019	100.297989	100.1716	100.285828	100.126389	100.316772	100.437721	100.245682	100.359879	100.16452	100.222649	100.326813	100.323959	100.36367	100.142311	100.307213	100.445648	100.428986	100.398399	100.230659	100.139008	100.186729	100.342751	100.091644	100.259109	99.95237	100.213882	100.325165	100.350319	100.31134	100.594223	100.415993	100.391296	100.371574	100.371681	100.295029	100.210106	100.289246	100.342751	100.421417	100.480476	100.248253	100.235626	100.221802	100.396729	100.332726	100.195099	100.202194	100.265373	100.419769	100.52478
385	99.946083	100.138794	100.194893	100.251747	100.124916	100.258781	100.020981	100.107101	100.199829	100.098885	100.143852	100.330673	100.210808	100.284683	100.119865	100.288643	100.411514	100.26474	100.3386	100.235832	100.224754	100.29364	100.40065	100.357605	100.184845	100.346664	100.375496	100.458527	100.380554	100.32576	100.228859	100.286804	100.35862	100.096909	100.362717	100.079071	100.271759	100.315628	100.396606	100.291656	100.546333	100.423538	100.405563	100.321579	100.458588	100.300667	100.252769	100.377701	100.35862	100.420532	100.535477	100.368736	100.259743	100.235764	100.402573	100.353638	100.313797	100.288788	100.348709	100.442543	100.50042
386	99.962112	100.100029	100.266357	100.268219	100.161362	100.306168	100.022354	100.240196	100.221596	100.0923	100.146736	100.356659	100.242004	100.283752	100.11467	100.266228	100.39061	100.279892	100.321625	100.292572	100.226425	100.267197	100.461685	100.352753	100.218689	100.378059	100.319633	100.482033	100.366333	100.401451	100.300369	100.366463	100.371231	100.101051	100.44519	100.179909	100.317825	100.308037	100.433456	100.275955	100.508179	100.42952	100.416901	100.281761	100.527763	100.305138	100.286713	100.448082	100.371231	100.419807	100.579247	100.464645	100.278923	100.246849	100.407181	100.370262	100.408264	100.357712	100.415039	100.460663	100.48101
387	99.946335	100.039848	100.218071	100.137642	100.123611	100.224258	99.939316	100.200928	100.143723	100.042114	100.08255	100.22496	100.173447	100.245193	100.037956	100.186066	100.30217	100.240685	100.235542	100.161911	100.173096	100.21093	100.369156	100.262085	100.186668	100.270523	100.229729	100.399849	100.249825	100.315155	100.246857	100.28862	100.314423	100.059235	100.361076	100.174988	100.273026	100.225197	100.3675	100.189636	100.410202	100.348106	100.312889	100.216743	100.435783	100.225197	100.228432	100.41758	100.309906	100.355827	100.477173	100.436005	100.204506	100.234482	100.352264	100.298607	100.361656	100.29409	100.323235	100.379158	100.398552
388	99.924286	99.982689	100.144531	99.986481	100.07135	100.119423	99.845688	100.12088	100.050339	99.987495	100.009682	100.069984	100.088013	100.202118	99.953171	100.102043	100.20845	100.192513	100.143433	99.999794	100.112724	100.154839	100.248741	100.161537	100.141541	100.141251	100.143791	100.30117	100.122787	100.197769	100.167427	100.179649	100.247208	100.011131	100.244308	100.142265	100.210258	100.134193	100.283417	100.096878	100.31041	100.25499	100.192963	100.154472	100.313774	100.134193	100.153755	100.364304	100.23761	100.284157	100.3507	100.377968	100.11573	100.217606	100.289322	100.213608	100.283791	100.204018	100.202202	100.282707	100.311134
389	99.906525	99.936653	100.085274	99.864708	100.029251	100.034988	99.770248	100.056396	99.975121	99.943489	99.950966	99.945122	100.01918	100.167419	99.884888	100.034355	100.132942	100.153717	100.069214	99.869194	100.064102	100.109673	100.151741	100.080536	100.105194	100.037109	100.074554	100.22168	100.020432	100.103188	100.103439	100.091873	100.193062	99.972374	100.150238	100.115883	100.159706	100.060883	100.215706	100.022163	100.230026	100.179993	100.096359	100.104309	100.215469	100.060883	100.093605	100.321373	100.179359	100.226418	100.24881	100.331207	100.044205	100.204002	100.238625	100.145134	100.221062	100.131454	100.104691	100.205017	100.24073
390	99.910233	99.919792	100.017807	99.811401	100.01123	99.973114	99.764694	100.009743	99.946114	99.928246	99.924561	99.894211	99.965576	100.117538	99.866798	100.013817	100.103439	100.102463	100.027428	99.832581	100.033119	100.078392	100.097153	100.032196	100.067345	100.014389	100.036797	100.165222	99.982727	100.060188	100.080803	100.045273	100.169479	99.955666	100.106361	100.088867	100.117195	100.021721	100.169823	100.007942	100.169991	100.123825	100.046196	100.077286	100.154747	100.042892	100.080612	100.268257	100.155319	100.200569	100.2061	100.292381	100.016762	100.188599	100.209221	100.110229	100.182899	100.10527	100.05835	100.171326	100.218246
391	99.937347	99.933655	99.938057	99.829536	100.018372	99.932571	99.834557	99.980049	99.965652	99.943359	99.931808	99.920807	99.925758	100.048744	99.902199	100.043282	100.122238	100.03511	100.018623	99.895912	100.019661	100.060585	100.085762	100.016785	100.02594	100.078728	100.031212	100.130859	100.013138	100.070824	100.101784	100.040909	100.177834	99.961975	100.114616	100.059784	100.081291	100.01757	100.145279	100.058517	100.129005	100.085213	100.043808	100.073959	100.131653	100.083946	100.118042	100.201393	100.167068	100.207985	100.225304	100.260162	100.035683	100.170471	100.201416	100.109901	100.169418	100.128006	100.065056	100.183594	100.246559
392	99.959702	99.945099	99.872299	99.844482	100.024261	99.899139	99.892159	99.955574	99.981781	99.955818	99.937798	99.942757	99.892929	99.992012	99.931396	100.067604	100.137749	99.979576	100.011375	99.948143	100.008568	100.045906	100.076363	100.004066	99.991821	100.13176	100.026596	100.102524	100.038216	100.079597	100.11908	100.037323	100.184715	99.967186	100.121437	100.035812	100.051674	100.01416	100.125053	100.10022	100.095222	100.053391	100.04184	100.071228	100.112602	100.117813	100.148918	100.146255	100.176773	100.214096	100.241135	100.233589	100.051292	100.15551	100.195	100.109627	100.15831	100.146759	100.070587	100.193726	100.26989
393	99.979935	99.9543	99.823936	99.861572	100.028267	99.878281	99.938919	99.938919	99.99575	99.966606	99.943314	99.963676	99.873444	99.951523	99.956352	100.086426	100.148392	99.942581	100.008354	99.993118	100.003075	100.035156	100.070465	100	99.970993	100.170792	100.026512	100.084221	100.061813	100.089645	100.133743	100.041023	100.191452	99.97715	100.126564	100.02285	100.035599	100.014511	100.110008	100.1371	100.071922	100.034126	100.04512	100.074127	100.102531	100.146629	100.175629	100.106789	100.18721	100.219711	100.254585	100.211227	100.06884	100.144577	100.191895	100.115135	100.152191	100.161865	100.079834	100.203171	100.289444
394	100.011536	99.958191	99.84996	99.920586	100.022713	99.931152	99.963005	99.963005	100.011848	99.978889	99.952873	100.006119	99.936165	99.987114	99.982101	100.086914	100.134155	100.005684	100.035965	100.042488	100.035843	100.041603	100.0849	100.061356	100.030121	100.149918	100.063583	100.122665	100.106895	100.124481	100.147499	100.109886	100.206589	100.040459	100.125191	100.082268	100.108078	100.04631	100.116364	100.186775	100.101982	100.091003	100.096344	100.127579	100.152	100.175026	100.206268	100.140167	100.21843	100.229301	100.267479	100.191628	100.12748	100.151123	100.2117	100.176109	100.178551	100.168503	100.132812	100.220444	100.305664
395	100.038185	99.961487	99.871902	99.970322	100.018036	99.975693	99.983307	99.983307	100.025414	99.98925	99.960915	100.04187	99.989021	100.017128	100.003792	100.087334	100.122154	100.058876	100.059219	100.084076	100.063477	100.047012	100.097069	100.113083	100.079941	100.132347	100.094818	100.155067	100.144875	100.153824	100.159096	100.167931	100.21933	100.093803	100.124046	100.132332	100.169167	100.073112	100.121704	100.228622	100.127304	100.138947	100.139496	100.172653	100.193695	100.198952	100.232101	100.168274	100.244751	100.237358	100.278343	100.175117	100.17691	100.156639	100.228394	100.227501	100.200745	100.174103	100.177452	100.235008	100.319313
396	100.060913	99.964279	99.890633	100.012794	100.014023	100.013756	100.000656	100.000656	100.036987	99.998077	99.967781	100.072411	100.03418	100.04274	100.022316	100.087677	100.1119	100.104309	100.079094	100.119614	100.087067	100.051651	100.107452	100.157249	100.12249	100.117302	100.121513	100.182739	100.177322	100.178894	100.169006	100.217522	100.230232	100.139381	100.123085	100.17511	100.221359	100.096008	100.126266	100.264381	100.148926	100.179878	100.176369	100.211128	100.229286	100.219391	100.25415	100.192299	100.267235	100.244232	100.287613	100.161003	100.219109	100.161346	100.242676	100.271393	100.219704	100.178871	100.215576	100.247444	100.330986
397	100.070587	99.9869	99.928352	100.047302	100.020966	100.031128	100.026001	100.018394	100.054321	100.019981	100.02623	100.099159	100.068939	100.061646	100.052391	100.096008	100.131905	100.115112	100.093773	100.143684	100.098244	100.102875	100.141403	100.185654	100.140213	100.122711	100.150337	100.193001	100.191727	100.199333	100.179314	100.22831	100.246727	100.163399	100.145256	100.207886	100.221977	100.13884	100.152245	100.270607	100.185608	100.212982	100.193634	100.240967	100.243233	100.230835	100.276276	100.215546	100.29248	100.271484	100.286186	100.191643	100.24353	100.199577	100.266716	100.290283	100.254616	100.208511	100.240341	100.28038	100.337044
398	100.076035	100.012115	99.966949	100.076378	100.029907	100.041672	100.050797	100.034462	100.071335	100.04287	100.091492	100.122276	100.097641	100.076973	100.082268	100.105461	100.157333	100.116264	100.10569	100.162506	100.105217	100.160446	100.177742	100.207306	100.150009	100.132599	100.176796	100.197945	100.200226	100.216553	100.188683	100.228462	100.262924	100.179687	100.170914	100.234924	100.209854	100.18232	100.180878	100.268936	100.222313	100.240814	100.2043	100.265678	100.25042	100.238907	100.296188	100.236259	100.31588	100.300995	100.282265	100.23024	100.261131	100.242256	100.290771	100.301125	100.28994	100.241295	100.259315	100.315048	100.341118
399	100.080765	100.034019	100.000473	100.101639	100.037674	100.050827	100.072327	100.048409	100.086121	100.062767	100.148186	100.142334	100.122581	100.090302	100.108208	100.113663	100.179436	100.117279	100.116051	100.178864	100.111282	100.210449	100.20932	100.22612	100.158546	100.14119	100.199783	100.20224	100.207611	100.231514	100.196838	100.228584	100.277008	100.193825	100.193199	100.258408	100.199303	100.220062	100.205742	100.267479	100.254204	100.264992	100.213585	100.287155	100.256683	100.245918	100.313484	100.25425	100.336205	100.326622	100.278854	100.263763	100.276398	100.279305	100.311684	100.310516	100.320625	100.269768	100.275787	100.345161	100.344658
400	100.080597	100.043198	100.021255	100.104546	100.042984	100.052383	100.080147	100.051048	100.093796	100.081253	100.159622	100.136566	100.139008	100.094917	100.106346	100.117302	100.189148	100.122665	100.130501	100.18177	100.11171	100.213135	100.216469	100.225655	100.163185	100.148643	100.204384	100.195885	100.206169	100.235275	100.198784	100.232788	100.281609	100.202354	100.211082	100.263252	100.194756	100.240646	100.22049	100.251854	100.270416	100.273552	100.217804	100.293259	100.259438	100.246689	100.322128	100.256538	100.333549	100.333992	100.276688	100.281837	100.281166	100.301758	100.323906	100.308693	100.328842	100.283394	100.29055	100.34832	100.342941
401	100.075356	100.039459	100.029327	100.084534	100.04586	100.046143	100.07399	100.042053	100.094315	100.098656	100.124695	100.104073	100.146996	100.090645	100.075821	100.116302	100.186325	100.13266	100.149429	100.170921	100.106339	100.167168	100.198639	100.205338	100.16394	100.155045	100.190178	100.178436	100.195625	100.227562	100.194382	100.241318	100.276566	100.205292	100.224792	100.249008	100.196281	100.243912	100.225082	100.221321	100.270805	100.266197	100.216904	100.283669	100.258675	100.241074	100.322006	100.242722	100.307175	100.322708	100.275734	100.284325	100.275192	100.309578	100.327454	100.295273	100.314117	100.282013	100.303818	100.32383	100.3358
402	100.070763	100.036156	100.036415	100.066963	100.048386	100.040672	100.068596	100.03418	100.09478	100.113937	100.094009	100.075546	100.154007	100.086891	100.049004	100.115417	100.183846	100.141441	100.166061	100.161385	100.101639	100.126793	100.182983	100.187492	100.164589	100.160683	100.177696	100.163124	100.186363	100.220787	100.190521	100.248787	100.272118	100.207863	100.236824	100.236488	100.197624	100.246796	100.229111	100.194527	100.271164	100.25972	100.216103	100.275246	100.257996	100.236145	100.321899	100.230598	100.284019	100.312805	100.274895	100.286522	100.269958	100.316444	100.330566	100.283493	100.301186	100.2808	100.315475	100.302315	100.329529
403	100.063728	100.032112	100.043747	100.054955	100.050079	100.039001	100.06636	100.030373	100.094414	100.125954	100.071228	100.057175	100.158981	100.086914	100.032875	100.116753	100.181183	100.147476	100.178215	100.155327	100.099693	100.098328	100.170479	100.176666	100.167038	100.16674	100.170723	100.154259	100.180313	100.216118	100.188652	100.25399	100.267471	100.211868	100.245758	100.226524	100.200562	100.248337	100.231079	100.176369	100.271049	100.253883	100.21582	100.269989	100.257767	100.235794	100.320526	100.222969	100.264893	100.302765	100.275436	100.287918	100.267006	100.321938	100.33094	100.275932	100.290886	100.280891	100.323906	100.286842	100.324013
404	100.037109	100.020752	100.057587	100.068901	100.047829	100.059418	100.081978	100.048935	100.088692	100.126183	100.081039	100.088249	100.154839	100.109901	100.07093	100.132454	100.175728	100.140892	100.171349	100.166336	100.113281	100.122986	100.168785	100.201294	100.182045	100.179398	100.192574	100.17868	100.189804	100.2211	100.197647	100.248825	100.258347	100.227295	100.241875	100.22538	100.215111	100.242722	100.221802	100.198662	100.267998	100.247932	100.21846	100.280334	100.260223	100.263123	100.310555	100.23774	100.257507	100.285233	100.284668	100.2854	100.275955	100.322853	100.314835	100.28907	100.289764	100.289001	100.318443	100.297737	100.319313
405	100.013527	100.010696	100.069847	100.081253	100.045845	100.077484	100.09581	100.065399	100.083633	100.126396	100.089752	100.115791	100.151192	100.130287	100.10463	100.146362	100.170876	100.135078	100.165268	100.176094	100.125336	100.144836	100.167313	100.223137	100.195351	100.190643	100.211945	100.20031	100.198235	100.22551	100.205627	100.244247	100.250282	100.240982	100.238434	100.22435	100.228012	100.237762	100.213585	100.21843	100.265289	100.242676	100.220787	100.289513	100.262405	100.287338	100.30172	100.250832	100.250946	100.269699	100.292862	100.283195	100.283905	100.323692	100.30056	100.300705	100.288788	100.296211	100.313591	100.307404	100.315163
406	99.992477	100.001701	100.08078	100.09227	100.04406	100.093605	100.108131	100.080063	100.079117	100.126564	100.097488	100.140343	100.147926	100.148453	100.134682	100.158775	100.16655	100.129875	100.159851	100.184784	100.136063	100.16433	100.165977	100.242577	100.207199	100.200653	100.229202	100.219597	100.205734	100.229439	100.212715	100.240158	100.243057	100.253174	100.235352	100.223434	100.239502	100.233315	100.206245	100.236038	100.262871	100.237968	100.22287	100.297676	100.264343	100.308929	100.293816	100.262489	100.245094	100.255836	100.300148	100.281189	100.290977	100.324402	100.287842	100.311066	100.287903	100.302612	100.309265	100.31601	100.311455
407	99.99691	99.988411	100.063766	100.08316	100.027504	100.083252	100.09433	100.068497	100.074127	100.110748	100.088608	100.129364	100.128937	100.135422	100.122345	100.148949	100.149117	100.131897	100.152016	100.179398	100.136475	100.165009	100.162804	100.221756	100.192413	100.169502	100.21595	100.208221	100.196541	100.217972	100.21682	100.233589	100.234749	100.232109	100.223938	100.21875	100.23632	100.230698	100.205399	100.241486	100.258171	100.229286	100.221382	100.279091	100.254585	100.300682	100.279343	100.25563	100.239548	100.246773	100.278648	100.272583	100.286186	100.29744	100.273285	100.306488	100.284973	100.29454	100.298927	100.317192	100.2985
408	100.006447	99.975304	100.042168	100.070488	100.009132	100.068077	100.076042	100.052261	100.069427	100.092819	100.076889	100.111664	100.108124	100.116768	100.101898	100.135162	100.130341	100.135277	100.144302	100.171448	100.134598	100.161575	100.1595	100.193993	100.173126	100.132118	100.197243	100.191185	100.184525	100.204155	100.219917	100.227036	100.226868	100.205658	100.21167	100.213638	100.23024	100.228653	100.206009	100.243866	100.253387	100.220467	100.219238	100.25631	100.243126	100.286713	100.264656	100.245377	100.234543	100.239494	100.252769	100.26326	100.279251	100.266792	100.259567	100.299049	100.281837	100.284019	100.288162	100.316658	100.284637
409	100.014999	99.963577	100.02282	100.059143	99.992691	100.054489	100.059677	100.03772	100.065231	100.076759	100.066391	100.09581	100.089493	100.100037	100.083588	100.122818	100.11351	100.138306	100.137413	100.16433	100.132942	100.158524	100.156555	100.169136	100.155869	100.098633	100.180496	100.175926	100.173744	100.191788	100.22271	100.221169	100.219818	100.181946	100.200676	100.209045	100.224792	100.226845	100.206551	100.246002	100.249115	100.21257	100.217331	100.235893	100.232864	100.274185	100.251518	100.236176	100.230064	100.232971	100.229584	100.254929	100.273041	100.239326	100.247261	100.292397	100.27903	100.274597	100.278534	100.3162	100.272217
410	100.027931	99.966949	100.025002	100.063599	100.00367	100.050041	100.064659	100.040436	100.072922	100.077454	100.073715	100.099274	100.086784	100.098488	100.087021	100.124321	100.117912	100.145363	100.141357	100.169052	100.142685	100.16214	100.161865	100.166115	100.156273	100.10482	100.176254	100.177299	100.178085	100.195946	100.223923	100.218605	100.222038	100.183144	100.201271	100.214577	100.223122	100.23056	100.213776	100.248161	100.259827	100.220421	100.22496	100.233749	100.238274	100.273964	100.247612	100.23909	100.235619	100.239601	100.230537	100.259575	100.275299	100.234543	100.251595	100.289169	100.282753	100.276627	100.281677	100.314987	100.276077
411	100.045029	99.984634	100.047554	100.083038	100.040627	100.054291	100.089882	100.059525	100.091866	100.094048	100.097931	100.121056	100.099144	100.111298	100.111053	100.138939	100.142418	100.156197	100.155602	100.184998	100.163223	100.172081	100.175011	100.183823	100.173424	100.148621	100.183853	100.194405	100.196747	100.215767	100.223694	100.21917	100.233055	100.207901	100.21286	100.229691	100.225044	100.239517	100.227356	100.250336	100.284744	100.243187	100.241646	100.248909	100.258492	100.285385	100.252487	100.253418	100.250687	100.258705	100.254356	100.27655	100.285591	100.251259	100.271645	100.289169	100.292648	100.289497	100.296936	100.31308	100.295349
412	100.060394	100.000534	100.067833	100.100517	100.073853	100.058105	100.112556	100.076675	100.108894	100.108932	100.11969	100.14064	100.11026	100.12281	100.13266	100.152077	100.164459	100.165955	100.168396	100.199333	100.181671	100.181023	100.186829	100.199722	100.18885	100.187981	100.190689	100.20977	100.213516	100.233582	100.223473	100.219681	100.242935	100.230156	100.223267	100.243286	100.226768	100.247589	100.239548	100.252296	100.307144	100.263664	100.256645	100.262535	100.276688	100.295662	100.256851	100.266312	100.264214	100.275864	100.27578	100.291801	100.294838	100.266281	100.289658	100.289154	100.301552	100.301071	100.310661	100.311371	100.312683
413	100.071045	100.014244	100.083481	100.110542	100.097847	100.06353	100.127831	100.090645	100.120453	100.119987	100.13549	100.154671	100.120529	100.13121	100.150009	100.161697	100.180946	100.174759	100.177834	100.209	100.195786	100.187897	100.197426	100.211647	100.200569	100.218178	100.196716	100.221703	100.227272	100.247276	100.224579	100.220398	100.250534	100.247421	100.231049	100.253853	100.228653	100.254288	100.249931	100.25293	100.322174	100.280342	100.26841	100.274193	100.291214	100.304031	100.260941	100.278435	100.276924	100.29026	100.293663	100.3041	100.301865	100.27739	100.303391	100.291122	100.308083	100.310181	100.321411	100.310539	100.327682
414	100.063217	100.023018	100.08316	100.088379	100.0868	100.079254	100.11338	100.09494	100.110008	100.116837	100.128807	100.147423	100.130966	100.127922	100.153908	100.158165	100.177315	100.182808	100.17482	100.199783	100.19455	100.187515	100.206543	100.209114	100.199066	100.216202	100.201324	100.221825	100.232086	100.24649	100.232712	100.222397	100.250031	100.247528	100.229309	100.254097	100.232025	100.257217	100.255821	100.247314	100.307449	100.28553	100.269234	100.281075	100.294022	100.30661	100.265335	100.291893	100.290916	100.297203	100.301781	100.307129	100.300934	100.274124	100.301918	100.303459	100.305923	100.311073	100.322174	100.31369	100.337646
415	100.056168	100.030922	100.082886	100.068428	100.076843	100.093391	100.100372	100.098816	100.100616	100.114014	100.122787	100.140907	100.140358	100.124969	100.157402	100.154984	100.174042	100.190033	100.172104	100.191513	100.193428	100.18718	100.214729	100.206841	100.197731	100.214432	100.205467	100.221924	100.23642	100.245789	100.240028	100.224197	100.249588	100.247635	100.227753	100.254295	100.235069	100.259865	100.261116	100.242256	100.29422	100.290207	100.269989	100.287262	100.296532	100.308929	100.269302	100.304016	100.303505	100.303436	100.309082	100.30986	100.300087	100.271164	100.300598	100.314568	100.303963	100.31189	100.322853	100.316528	100.346603
416	100.049805	100.038078	100.082626	100.050392	100.067833	100.106178	100.088608	100.102318	100.092125	100.11145	100.11734	100.135002	100.148857	100.122284	100.160576	100.152115	100.171074	100.196579	100.169632	100.184021	100.192413	100.186874	100.222145	100.204781	100.196518	100.212822	100.209221	100.222015	100.240326	100.245155	100.246643	100.225815	100.249168	100.247726	100.226334	100.254486	100.237823	100.262245	100.265907	100.237694	100.282242	100.294434	100.270653	100.292862	100.29882	100.311028	100.272881	100.314972	100.314903	100.309082	100.315689	100.312332	100.299332	100.268509	100.299408	100.324608	100.302208	100.312614	100.323463	100.319077	100.354706
417	100.043442	100.034042	100.068115	100.040543	100.064766	100.0998	100.08197	100.093018	100.085846	100.097572	100.110474	100.126663	100.14222	100.119171	100.156105	100.148643	100.162292	100.18692	100.160667	100.171707	100.184944	100.187149	100.209282	100.200783	100.193642	100.207268	100.201157	100.220505	100.231911	100.231621	100.239655	100.219261	100.243202	100.238075	100.226318	100.245819	100.232841	100.257454	100.252663	100.23893	100.271095	100.281479	100.269081	100.282753	100.288582	100.301208	100.269104	100.295807	100.303177	100.29734	100.301575	100.300255	100.286652	100.267448	100.290512	100.316429	100.299194	100.304428	100.321518	100.312187	100.344597
418	100.037575	100.028275	100.052155	100.032974	100.063034	100.090393	100.076767	100.0821	100.080467	100.082741	100.103867	100.11853	100.133301	100.116219	100.150574	100.145325	100.153122	100.175034	100.151215	100.15947	100.176872	100.187469	100.193718	100.196732	100.190689	100.201431	100.191521	100.218811	100.22187	100.216797	100.230728	100.2117	100.236687	100.227356	100.226555	100.236214	100.226845	100.251701	100.237167	100.241135	100.260963	100.266396	100.267197	100.270584	100.27684	100.289955	100.264252	100.272598	100.288132	100.283325	100.284752	100.286461	100.272797	100.266754	100.280891	100.305519	100.296188	100.295235	100.319267	100.3041	100.33194
419	100.032272	100.023056	100.037697	100.026115	100.061462	100.081886	100.072098	100.07222	100.075615	100.069298	100.097893	100.11116	100.125244	100.113533	100.145569	100.142334	100.144814	100.164307	100.142647	100.148407	100.169563	100.18779	100.179611	100.193069	100.188019	100.196121	100.182831	100.217285	100.212799	100.203369	100.222649	100.204872	100.230789	100.217667	100.226784	100.227501	100.221405	100.246498	100.223122	100.243126	100.251793	100.252747	100.265488	100.259529	100.266228	100.27977	100.259865	100.251595	100.274506	100.270638	100.269524	100.273964	100.260246	100.266136	100.272202	100.295662	100.293472	100.286911	100.31723	100.296768	100.320473
420	100.030533	100.022438	100.031471	100.031021	100.065002	100.081238	100.074448	100.075386	100.077797	100.072083	100.10067	100.110779	100.125183	100.117073	100.144554	100.142982	100.142815	100.1595	100.143936	100.146553	100.170555	100.188423	100.176414	100.193443	100.184464	100.196838	100.184341	100.214661	100.210014	100.201187	100.218239	100.205826	100.228325	100.218834	100.230217	100.228706	100.221062	100.245453	100.220016	100.249626	100.252487	100.249191	100.267723	100.255836	100.261856	100.275253	100.260353	100.245903	100.268234	100.26622	100.269341	100.267731	100.257347	100.269508	100.271568	100.292397	100.295685	100.288078	100.31813	100.295303	100.320183
421	100.031898	100.025795	100.032486	100.046074	100.072968	100.087448	100.082909	100.089859	100.08609	100.088966	100.111023	100.116493	100.132095	100.125992	100.146996	100.146782	100.146309	100.159943	100.153748	100.152733	100.178734	100.189339	100.182709	100.197304	100.180145	100.202774	100.194702	100.211098	100.212738	100.208817	100.217041	100.213554	100.228882	100.229416	100.23642	100.238487	100.225159	100.248024	100.226379	100.259987	100.261726	100.254456	100.273346	100.258545	100.263	100.275734	100.26506	100.253555	100.268402	100.269043	100.282219	100.266968	100.262833	100.276314	100.277969	100.294891	100.302162	100.297501	100.321579	100.29892	100.329605
422	100.033127	100.028839	100.033379	100.059723	100.080177	100.093079	100.090553	100.102959	100.09359	100.104233	100.120399	100.121643	100.138344	100.134048	100.1492	100.150215	100.149452	100.160324	100.162628	100.158325	100.186134	100.190163	100.1884	100.200798	100.176224	100.20813	100.204102	100.207855	100.215195	100.215721	100.215958	100.220528	100.229355	100.238991	100.242004	100.247345	100.228859	100.250351	100.232147	100.269341	100.270096	100.259209	100.278427	100.260971	100.264	100.276138	100.269318	100.260475	100.268555	100.271591	100.293877	100.266266	100.267807	100.282463	100.283745	100.297127	100.308022	100.306007	100.324699	100.302185	100.338112
423	100.034584	100.031487	100.036171	100.070145	100.085815	100.096703	100.095245	100.111755	100.099243	100.115547	100.126137	100.124847	100.14267	100.139679	100.149986	100.15242	100.1521	100.161026	100.169434	100.163567	100.190521	100.190399	100.192627	100.203552	100.175415	100.211632	100.211563	100.205933	100.216507	100.220779	100.21553	100.226044	100.230644	100.245667	100.247505	100.253937	100.232674	100.252197	100.238297	100.276375	100.276825	100.263405	100.280869	100.262711	100.26609	100.276031	100.272163	100.266502	100.269554	100.273338	100.301788	100.267502	100.2733	100.287186	100.288811	100.298271	100.311539	100.312737	100.326118	100.30526	100.343788
424	100.037346	100.03331	100.047707	100.070396	100.086716	100.093208	100.089058	100.105331	100.098946	100.113914	100.118484	100.120842	100.140297	100.136902	100.145065	100.150146	100.153435	100.163315	100.169662	100.169052	100.183678	100.188255	100.192032	100.204086	100.187256	100.208473	100.213387	100.208839	100.213394	100.219666	100.217712	100.22718	100.235703	100.242271	100.254234	100.253189	100.23819	100.25264	100.247971	100.275948	100.278854	100.266632	100.273048	100.262108	100.273323	100.273666	100.269997	100.270691	100.274422	100.272217	100.296555	100.277161	100.282684	100.287338	100.29248	100.295151	100.306389	100.314163	100.320831	100.308418	100.339317
425	100.039879	100.034943	100.058197	100.070618	100.087524	100.090027	100.08342	100.099495	100.098656	100.112442	100.111511	100.117195	100.138153	100.134369	100.140587	100.148071	100.15464	100.165405	100.169846	100.174019	100.177444	100.186302	100.191483	100.204575	100.197998	100.205597	100.215042	100.211487	100.210556	100.218651	100.219688	100.228203	100.240288	100.239182	100.260368	100.252495	100.243202	100.253036	100.256744	100.275543	100.280693	100.269569	100.265907	100.261543	100.279907	100.271538	100.268021	100.274483	100.278831	100.271187	100.291779	100.285934	100.291206	100.287483	100.295807	100.29229	100.301704	100.31546	100.31601	100.311302	100.335251
426	100.042175	100.036453	100.06778	100.070831	100.088264	100.087128	100.078285	100.094162	100.098404	100.111076	100.105156	100.113869	100.136185	100.132072	100.136505	100.146187	100.155746	100.167297	100.170044	100.178574	100.171753	100.184509	100.190994	100.205025	100.207817	100.20298	100.216545	100.213913	100.20797	100.217735	100.221504	100.229134	100.244499	100.236359	100.265968	100.251877	100.24778	100.253403	100.264763	100.275185	100.282379	100.27224	100.259415	100.261032	100.285912	100.269577	100.26622	100.277946	100.282875	100.270256	100.287437	100.293961	100.299004	100.287613	100.298859	100.289688	100.297424	100.316643	100.311623	100.313934	100.331543
427	100.04332	100.042381	100.072029	100.072395	100.090454	100.089859	100.089195	100.100349	100.101295	100.120033	100.117287	100.114502	100.137581	100.137833	100.141846	100.146782	100.162506	100.171684	100.17308	100.180473	100.17775	100.188126	100.197388	100.208984	100.213799	100.203728	100.219391	100.215363	100.214638	100.223854	100.228271	100.238945	100.245216	100.240471	100.262199	100.255096	100.248421	100.261986	100.270546	100.273872	100.284134	100.272896	100.264359	100.27002	100.291191	100.273148	100.273193	100.282578	100.285957	100.277199	100.288544	100.298813	100.302193	100.291397	100.304436	100.295433	100.303879	100.316193	100.314651	100.320503	100.335518
428	100.044189	100.048592	100.075089	100.074074	100.09272	100.093315	100.101891	100.107941	100.104477	100.129997	100.131516	100.115715	100.139389	100.144493	100.148323	100.147751	100.169693	100.176178	100.176346	100.181808	100.185188	100.192352	100.20443	100.213219	100.21875	100.204979	100.222252	100.216553	100.222328	100.230667	100.235352	100.249466	100.245346	100.245407	100.257195	100.258698	100.248405	100.271271	100.275551	100.272514	100.285782	100.273193	100.270775	100.279877	100.295982	100.277344	100.281075	100.287056	100.288681	100.284912	100.290466	100.302803	100.304436	100.295486	100.310043	100.302124	100.311569	100.315514	100.318649	100.32724	100.340446
429	100.044991	100.054291	100.077911	100.075615	100.09481	100.096474	100.11351	100.114906	100.107384	100.139114	100.144539	100.116837	100.141075	100.150574	100.154243	100.148628	100.176277	100.180283	100.179337	100.183022	100.192009	100.196228	100.210892	100.217094	100.223282	100.206116	100.224861	100.217644	100.229347	100.236908	100.241837	100.259109	100.245438	100.249924	100.252617	100.262001	100.248383	100.279785	100.280144	100.271263	100.287292	100.273453	100.276672	100.288918	100.300385	100.281189	100.288307	100.291153	100.291168	100.291977	100.292221	100.306473	100.306488	100.29924	100.315163	100.308243	100.318611	100.314903	100.322304	100.33342	100.344955
430	100.041924	100.052856	100.076317	100.075684	100.091301	100.095703	100.116013	100.113556	100.106155	100.139496	100.145981	100.117447	100.142578	100.150558	100.155495	100.149071	100.179382	100.180672	100.179909	100.183067	100.193336	100.19593	100.210869	100.217117	100.224098	100.205803	100.223923	100.217712	100.228844	100.237419	100.24234	100.258995	100.244568	100.250244	100.248955	100.260201	100.246407	100.280334	100.278389	100.268768	100.284454	100.271034	100.279068	100.289169	100.297211	100.282921	100.292229	100.288498	100.292168	100.290939	100.293648	100.304588	100.303673	100.298538	100.315269	100.309814	100.320587	100.314102	100.320732	100.334122	100.342926
431	100.035728	100.045586	100.071106	100.074554	100.083244	100.091721	100.11097	100.105377	100.101517	100.132668	100.137878	100.117615	100.143921	100.145493	100.152863	100.149132	100.179611	100.178001	100.17849	100.182114	100.19014	100.192223	100.205528	100.213936	100.221848	100.204315	100.220062	100.216949	100.222137	100.233185	100.237907	100.250832	100.242874	100.247108	100.246071	100.254211	100.242821	100.274323	100.271439	100.265251	100.278069	100.266418	100.27858	100.282166	100.287865	100.282875	100.293419	100.280319	100.291946	100.283279	100.294769	100.298164	100.29689	100.294197	100.311241	100.307632	100.318375	100.313164	100.314857	100.33033	100.335518
432	100.030014	100.038895	100.06633	100.073532	100.075829	100.088051	100.106339	100.097862	100.097275	100.126389	100.130417	100.117767	100.145172	100.140831	100.150444	100.1492	100.179817	100.175545	100.177193	100.181259	100.18721	100.188812	100.200607	100.211014	100.219788	100.202957	100.216507	100.216248	100.215973	100.229301	100.233841	100.243317	100.241341	100.244225	100.243423	100.248703	100.239517	100.268791	100.265053	100.262032	100.272194	100.262177	100.27813	100.275742	100.279259	100.282837	100.294518	100.272797	100.29174	100.276222	100.295815	100.292274	100.290657	100.290207	100.307549	100.305641	100.31633	100.312302	100.309456	100.326828	100.328705
433	100.026085	100.034203	100.063789	100.072952	100.071159	100.08683	100.102379	100.09314	100.095955	100.122246	100.125137	100.11898	100.147079	100.138748	100.149048	100.15023	100.180229	100.174072	100.176453	100.182045	100.186371	100.186775	100.197693	100.209068	100.218285	100.202713	100.214455	100.21579	100.212608	100.227608	100.232224	100.238434	100.240364	100.242889	100.241432	100.245247	100.238274	100.265396	100.261261	100.260635	100.267838	100.260963	100.277306	100.271973	100.27356	100.2836	100.295509	100.268242	100.291588	100.272156	100.297287	100.288841	100.287018	100.289154	100.305901	100.305107	100.314438	100.31282	100.305573	100.324455	100.323471
434	100.027939	100.035927	100.069221	100.074097	100.07576	100.094604	100.100014	100.097977	100.105537	100.125229	100.126945	100.124428	100.151993	100.145958	100.151169	100.15519	100.181511	100.175949	100.177704	100.189377	100.193344	100.189423	100.201714	100.210312	100.218643	100.206718	100.217667	100.216248	100.219109	100.233887	100.239578	100.242317	100.241295	100.247147	100.241409	100.24868	100.244484	100.269318	100.266411	100.265816	100.268257	100.270988	100.274826	100.277435	100.277519	100.287521	100.29628	100.273849	100.291618	100.278496	100.300667	100.294022	100.292435	100.298965	100.311661	100.30999	100.312683	100.318672	100.306488	100.325729	100.322983
435	100.029671	100.037537	100.074242	100.075134	100.080025	100.101807	100.097862	100.102463	100.114403	100.128006	100.128601	100.129471	100.156525	100.152626	100.153137	100.15979	100.182701	100.177696	100.178864	100.196144	100.199806	100.191864	100.205444	100.211456	100.218964	100.210442	100.220612	100.216652	100.225128	100.239708	100.246384	100.245903	100.242142	100.251068	100.241409	100.251862	100.250259	100.272942	100.271187	100.270592	100.268623	100.280251	100.272537	100.282494	100.281181	100.291145	100.296989	100.279022	100.291649	100.28437	100.303825	100.298782	100.297455	100.30806	100.316986	100.314522	100.31105	100.324081	100.307343	100.326897	100.322533
436	100.031281	100.039032	100.078926	100.076118	100.083992	100.10849	100.09584	100.106606	100.122643	100.130585	100.130165	100.134171	100.160751	100.158821	100.154984	100.164055	100.183807	100.179314	100.179947	100.202438	100.205803	100.194153	100.208916	100.21254	100.219276	100.213875	100.223366	100.217056	100.230721	100.24511	100.252708	100.249245	100.242958	100.254738	100.241425	100.254837	100.2556	100.276314	100.275627	100.275063	100.268982	100.288864	100.270416	100.287178	100.284592	100.29454	100.297668	100.283852	100.291679	100.289833	100.306747	100.30323	100.302109	100.316513	100.321945	100.318733	100.309563	100.329124	100.308144	100.327995	100.322113
437	100.029137	100.038841	100.074623	100.075279	100.08123	100.105331	100.096222	100.106773	100.120354	100.130501	100.132599	100.133286	100.154556	100.159454	100.151566	100.162193	100.181496	100.177208	100.180649	100.199272	100.203171	100.197899	100.208199	100.211273	100.214531	100.213432	100.221848	100.218323	100.232384	100.240776	100.250076	100.247978	100.239059	100.252235	100.244942	100.251961	100.257729	100.26841	100.272301	100.274536	100.272537	100.287613	100.271667	100.28521	100.28598	100.290237	100.293747	100.28241	100.290474	100.288986	100.300896	100.300873	100.303543	100.310387	100.315765	100.316689	100.308571	100.324249	100.311111	100.323059	100.321175
438	100.026596	100.038445	100.06926	100.074242	100.077667	100.100937	100.096954	100.106369	100.116692	100.130043	100.135025	100.131645	100.147224	100.159248	100.147606	100.159576	100.178825	100.17469	100.181267	100.194893	100.19944	100.201653	100.206947	100.209747	100.20932	100.212456	100.21981	100.219666	100.233398	100.235298	100.246277	100.246117	100.234726	100.248993	100.248779	100.248405	100.25927	100.259338	100.268051	100.273323	100.27636	100.285042	100.273346	100.282394	100.287018	100.285049	100.289383	100.280151	100.289192	100.287285	100.294128	100.297668	100.304436	100.302505	100.308311	100.313881	100.307755	100.318207	100.31424	100.317528	100.320221
439	100.0242	100.038063	100.064255	100.07328	100.074341	100.096825	100.097633	100.105988	100.113258	100.129631	100.137291	100.130127	100.140381	100.159058	100.143898	100.15712	100.176331	100.172333	100.181839	100.190819	100.195953	100.205147	100.205765	100.208344	100.204468	100.211548	100.217903	100.220917	100.234344	100.230171	100.242744	100.2444	100.230667	100.245964	100.252365	100.24511	100.260712	100.250862	100.264107	100.272194	100.279938	100.282608	100.274918	100.279747	100.287994	100.280235	100.285316	100.278046	100.287971	100.285683	100.287796	100.294685	100.305267	100.295151	100.301376	100.311241	100.306976	100.312592	100.317146	100.312378	100.319328
440	100.023117	100.040176	100.060478	100.071587	100.073586	100.092888	100.096634	100.103294	100.111183	100.125656	100.132683	100.127754	100.136566	100.154617	100.142014	100.154175	100.172356	100.172089	100.18058	100.186813	100.192131	100.202835	100.203003	100.2062	100.202034	100.210587	100.215469	100.219963	100.232956	100.226883	100.239929	100.241264	100.230232	100.243469	100.250038	100.243202	100.25737	100.25045	100.260963	100.268913	100.2789	100.278748	100.274338	100.277542	100.285759	100.277069	100.283073	100.273392	100.286484	100.2836	100.285675	100.293221	100.30246	100.290764	100.297043	100.305954	100.305878	100.310577	100.31588	100.309418	100.318588
441	100.023094	100.044266	100.057732	100.069336	100.074921	100.089119	100.094292	100.098778	100.110222	100.118889	100.122597	100.124702	100.135216	100.146797	100.141632	100.150871	100.167206	100.173584	100.177849	100.182899	100.188049	100.195885	100.19902	100.203499	100.201584	100.209579	100.212624	100.21727	100.229706	100.225082	100.237724	100.237061	100.232697	100.241447	100.243019	100.242439	100.250267	100.256493	100.25853	100.263977	100.274208	100.273773	100.272026	100.275711	100.280975	100.27523	100.282333	100.266754	100.284782	100.281143	100.286957	100.292992	100.296722	100.288788	100.294876	100.298569	100.304558	100.311493	100.311279	100.308266	100.318001
442	100.023064	100.048088	100.055145	100.067207	100.076187	100.085571	100.092102	100.094536	100.109314	100.112549	100.113129	100.121864	100.133965	100.139442	100.141266	100.147758	100.162361	100.174965	100.175285	100.17923	100.184227	100.189362	100.195251	100.200974	100.201157	100.208641	100.209953	100.214729	100.226654	100.223396	100.235657	100.233101	100.235008	100.239525	100.23642	100.24173	100.243584	100.262161	100.256226	100.259331	100.269791	100.269104	100.269867	100.273979	100.276497	100.273529	100.281616	100.260529	100.28318	100.278839	100.288162	100.292778	100.291351	100.286926	100.292824	100.291649	100.303307	100.312355	100.306961	100.307175	100.317429
443	100.023903	100.05101	100.054405	100.065842	100.077461	100.083542	100.090324	100.092873	100.109192	100.108734	100.10685	100.120987	100.134125	100.134766	100.142273	100.146545	100.159393	100.175903	100.174103	100.176834	100.182434	100.185104	100.193321	100.19976	100.200928	100.208138	100.209236	100.213554	100.224831	100.222755	100.23465	100.230133	100.237228	100.238968	100.232544	100.242462	100.23954	100.26622	100.255272	100.256012	100.266357	100.266563	100.268539	100.272957	100.273026	100.272621	100.28199	100.25724	100.282501	100.277901	100.288773	100.293091	100.288055	100.285866	100.291908	100.287819	100.302933	100.313118	100.304474	100.306129	100.317856
444	100.027992	100.051132	100.060226	100.066971	100.079033	100.086617	100.089729	100.100327	100.111938	100.113548	100.111069	100.127121	100.139526	100.138985	100.14846	100.151978	100.162674	100.175369	100.177742	100.178734	100.187775	100.188301	100.197708	100.203064	100.20137	100.209152	100.215485	100.217117	100.22718	100.225792	100.237366	100.230278	100.239479	100.243233	100.237892	100.24855	100.244438	100.265099	100.259087	100.256981	100.265869	100.271355	100.270058	100.274338	100.272606	100.274529	100.286354	100.264084	100.285042	100.281731	100.287415	100.295326	100.291733	100.287537	100.29496	100.294579	100.305679	100.313637	100.308205	100.305054	100.321983
445	100.031868	100.051247	100.065735	100.068031	100.080528	100.089516	100.089172	100.107361	100.114532	100.118103	100.115059	100.132942	100.144623	100.142967	100.154327	100.15712	100.165771	100.174866	100.181183	100.180519	100.192818	100.19133	100.201859	100.206184	100.201782	100.210106	100.221405	100.220474	100.229393	100.228676	100.239944	100.230408	100.241615	100.247276	100.24295	100.254333	100.249062	100.264038	100.262703	100.257889	100.265419	100.275871	100.271484	100.275658	100.272217	100.276337	100.290466	100.270554	100.287437	100.285339	100.286125	100.297455	100.295197	100.289131	100.297844	100.30098	100.308266	100.31414	100.311729	100.304031	100.325882
446	100.035522	100.051346	100.07093	100.069031	100.081924	100.09227	100.088631	100.114021	100.116982	100.122406	100.118843	100.138435	100.149452	100.146736	100.159874	100.16198	100.168694	100.174377	100.184425	100.182198	100.197586	100.194191	100.20578	100.209137	100.202179	100.211014	100.226997	100.223671	100.231491	100.231407	100.242378	100.23053	100.243629	100.251091	100.247726	100.259781	100.253448	100.263023	100.266113	100.258743	100.264969	100.280151	100.272842	100.276901	100.271835	100.278053	100.29435	100.276688	100.289711	100.288757	100.284889	100.299454	100.298477	100.290619	100.300575	100.307037	100.310722	100.314606	100.315056	100.303055	100.329575
447	100.033379	100.045731	100.06192	100.064102	100.076553	100.08551	100.085999	100.105324	100.109055	100.116768	100.111961	100.128464	100.141319	100.142601	100.153175	100.155983	100.164284	100.168297	100.179115	100.178383	100.19239	100.189339	100.200104	100.202736	100.196442	100.204231	100.221703	100.218651	100.227211	100.226501	100.232124	100.224281	100.234543	100.242485	100.242935	100.252533	100.248169	100.251198	100.257133	100.256134	100.263107	100.271416	100.266792	100.268982	100.268082	100.270065	100.284431	100.269279	100.27803	100.280144	100.277855	100.292397	100.290154	100.286797	100.293587	100.299179	100.301933	100.30954	100.307755	100.299088	100.320663
448	100.030502	100.039551	100.051285	100.058533	100.070465	100.077698	100.083176	100.094833	100.099991	100.109955	100.103867	100.116745	100.131737	100.137505	100.14505	100.148727	100.159035	100.161674	100.172821	100.173973	100.186012	100.183617	100.193314	100.195328	100.190102	100.196648	100.215111	100.212715	100.222229	100.220718	100.220528	100.217392	100.224281	100.232506	100.237015	100.243828	100.241768	100.238335	100.246811	100.253143	100.261116	100.261215	100.259949	100.260124	100.264	100.26107	100.27301	100.260292	100.264893	100.270203	100.270294	100.284386	100.280571	100.282394	100.285545	100.289726	100.291954	100.303909	100.299248	100.294861	100.310349
449	100.027763	100.033653	100.041153	100.053215	100.064659	100.070236	100.080467	100.084839	100.091339	100.10347	100.096153	100.10556	100.122597	100.13266	100.137306	100.1418	100.154045	100.155365	100.166824	100.169769	100.179932	100.178169	100.186836	100.18824	100.184044	100.189423	100.208832	100.207047	100.217484	100.21521	100.20945	100.210823	100.214493	100.222984	100.231346	100.235519	100.235664	100.226067	100.236961	100.25029	100.259224	100.25148	100.253426	100.251663	100.260101	100.252472	100.262108	100.251724	100.252365	100.260719	100.263069	100.276733	100.271431	100.278183	100.277863	100.280701	100.282433	100.298538	100.291145	100.290825	100.300514
450	100.02787	100.032066	100.038338	100.052582	100.061989	100.069855	100.077629	100.082397	100.088409	100.100746	100.094604	100.102722	100.119461	100.130997	100.133423	100.139366	100.150826	100.154915	100.164642	100.168098	100.177292	100.175926	100.18293	100.186432	100.181892	100.187897	100.204384	100.203262	100.21315	100.211349	100.205421	100.209412	100.212646	100.220253	100.228081	100.231155	100.231613	100.221268	100.232925	100.248047	100.25605	100.246574	100.251564	100.247955	100.258507	100.248886	100.257561	100.24749	100.247696	100.257072	100.259613	100.272217	100.266182	100.275169	100.27417	100.276688	100.280441	100.295082	100.286865	100.289009	100.29615
451	100.030266	100.033936	100.041389	100.055672	100.061859	100.075111	100.074684	100.085983	100.090027	100.101044	100.097946	100.106575	100.121117	100.131882	100.132629	100.140526	100.149025	100.159134	100.16552	100.16848	100.177368	100.176254	100.181046	100.188843	100.182869	100.190926	100.201431	100.200989	100.209152	100.208794	100.207016	100.21212	100.21714	100.222969	100.226723	100.229958	100.229202	100.222435	100.233528	100.2463	100.251839	100.245491	100.253448	100.248062	100.25872	100.24929	100.258133	100.246719	100.249329	100.25808	100.259163	100.270203	100.264061	100.273094	100.273636	100.276649	100.28447	100.293144	100.285652	100.288948	100.296165
452	100.032555	100.035736	100.044319	100.05864	100.061714	100.08017	100.071846	100.089439	100.091591	100.101318	100.101173	100.110268	100.122711	100.132736	100.131866	100.141647	100.147308	100.1632	100.166359	100.168839	100.177444	100.176575	100.179245	100.191139	100.1838	100.193832	100.198593	100.198792	100.205299	100.206337	100.208542	100.214729	100.221466	100.225578	100.225426	100.228813	100.226891	100.223564	100.234131	100.244614	100.24781	100.244461	100.255264	100.248161	100.258926	100.249687	100.258675	100.245987	100.250885	100.259041	100.25872	100.268265	100.262047	100.271118	100.273132	100.276611	100.28833	100.291313	100.284492	100.288895	100.296188
453	100.03492	100.037292	100.047539	100.061081	100.062218	100.083458	100.070724	100.091446	100.093056	100.101685	100.10376	100.11293	100.123909	100.133369	100.131836	100.142357	100.14576	100.165321	100.167084	100.169464	100.17775	100.176964	100.178253	100.192619	100.184647	100.195396	100.196922	100.196968	100.202026	100.20462	100.209961	100.216927	100.223877	100.226677	100.224602	100.227997	100.224792	100.224663	100.234894	100.242615	100.244812	100.244156	100.255501	100.24791	100.258896	100.250221	100.259033	100.245857	100.251663	100.259575	100.258492	100.266396	100.260437	100.269547	100.272682	100.276459	100.290916	100.289871	100.283226	100.288513	100.295868
454	100.03775	100.038132	100.052132	100.061844	100.065025	100.080765	100.075661	100.088417	100.09433	100.102409	100.104347	100.112129	100.123764	100.133278	100.134323	100.141701	100.144638	100.16069	100.16748	100.171158	100.178894	100.177719	100.180115	100.191261	100.185265	100.192238	100.199303	100.196251	100.200417	100.205338	100.211105	100.217842	100.219643	100.222382	100.225403	100.228333	100.223221	100.225769	100.236343	100.239204	100.245193	100.246391	100.250137	100.246368	100.258018	100.251328	100.258759	100.247864	100.249649	100.258568	100.258949	100.264572	100.260124	100.269302	100.272408	100.275803	100.289093	100.289711	100.281548	100.286949	100.294266
455	100.040497	100.038948	100.05658	100.062584	100.067734	100.078163	100.080444	100.085487	100.095573	100.103119	100.104919	100.111351	100.123619	100.133194	100.136757	100.141075	100.143562	100.156212	100.167862	100.172791	100.180008	100.178444	100.181915	100.189949	100.185867	100.189186	100.201607	100.195564	100.198853	100.206017	100.212204	100.218735	100.215546	100.218246	100.226173	100.228653	100.221695	100.226845	100.237762	100.235916	100.245544	100.248566	100.244942	100.244888	100.257156	100.252403	100.258492	100.249802	100.247719	100.257599	100.259384	100.262794	100.25985	100.269081	100.272118	100.275162	100.287331	100.289574	100.279907	100.285423	100.29274
456	100.043152	100.039734	100.060883	100.063301	100.070366	100.075653	100.085068	100.082649	100.096764	100.103798	100.105461	100.110603	100.123474	100.133095	100.139114	100.140465	100.142517	100.151871	100.168228	100.174377	100.181076	100.179138	100.183662	100.188675	100.186455	100.186218	100.203835	100.194908	100.197327	100.206688	100.21328	100.219604	100.211563	100.214233	100.226929	100.228966	100.220215	100.227882	100.23912	100.232719	100.245895	100.250648	100.239906	100.243446	100.256325	100.253441	100.25824	100.251686	100.245834	100.25666	100.259819	100.26107	100.259575	100.268867	100.271858	100.274551	100.285637	100.289429	100.27832	100.283943	100.291252
457	100.036743	100.037018	100.057388	100.060562	100.066223	100.073311	100.083557	100.080368	100.09333	100.099098	100.102806	100.103844	100.118874	100.129425	100.134529	100.135948	100.139725	100.151337	100.164948	100.171448	100.177399	100.177933	100.182343	100.184013	100.18454	100.18251	100.200363	100.193939	100.195465	100.204292	100.21093	100.216125	100.210968	100.215317	100.224457	100.223495	100.219894	100.227859	100.235901	100.23143	100.241867	100.248505	100.239693	100.242249	100.254692	100.253616	100.254845	100.249054	100.24334	100.254417	100.258301	100.261948	100.256943	100.266121	100.268211	100.271782	100.281311	100.286797	100.27504	100.28347	100.28714
458	100.029266	100.033905	100.052933	100.057426	100.061249	100.07106	100.081276	100.078224	100.089355	100.093781	100.099777	100.096428	100.113785	100.125351	100.129128	100.131012	100.136772	100.151337	100.16127	100.167969	100.173164	100.176498	100.180672	100.179001	100.182343	100.178787	100.196205	100.192978	100.193611	100.201538	100.208191	100.212143	100.210831	100.217072	100.221619	100.217377	100.219749	100.227699	100.23214	100.230446	100.237335	100.245819	100.24015	100.241112	100.252998	100.2537	100.251114	100.245895	100.240837	100.25206	100.256561	100.263176	100.254059	100.263123	100.264206	100.268791	100.276741	100.283897	100.271629	100.283134	100.282791
459	100.02198	100.030861	100.048576	100.054344	100.056412	100.068871	100.079048	100.076126	100.085487	100.088608	100.096825	100.089203	100.10881	100.121376	100.123856	100.126198	100.133896	100.151321	100.157692	100.164581	100.169037	100.17511	100.179031	100.174126	100.180199	100.175156	100.192154	100.192032	100.191795	100.198837	100.205505	100.20826	100.210701	100.218773	100.218872	100.211403	100.219604	100.227531	100.228462	100.229477	100.232925	100.243225	100.240585	100.240013	100.25135	100.253761	100.24749	100.242805	100.238396	100.249741	100.254868	100.264374	100.251244	100.260185	100.260292	100.265884	100.272285	100.281075	100.268295	100.282814	100.278534
460	100.019836	100.028648	100.045357	100.052116	100.05349	100.06868	100.077843	100.074432	100.083717	100.086037	100.094559	100.087013	100.106773	100.119385	100.122818	100.123642	100.131012	100.148376	100.155426	100.16111	100.167938	100.172928	100.176193	100.172768	100.177643	100.174919	100.190331	100.190666	100.190605	100.197067	100.203323	100.205933	100.209106	100.218391	100.217178	100.208405	100.21814	100.226021	100.226257	100.228325	100.230827	100.240723	100.239357	100.239899	100.247124	100.252174	100.244652	100.24102	100.23867	100.249352	100.253571	100.26326	100.250816	100.258865	100.258705	100.263618	100.269341	100.278946	100.267006	100.279877	100.277496
461	100.021835	100.027084	100.043037	100.05056	100.052094	100.070099	100.077461	100.073074	100.083649	100.085571	100.092865	100.08886	100.107086	100.11898	100.125183	100.122902	100.128136	100.143051	100.154205	100.157593	100.169289	100.170113	100.172401	100.174263	100.174782	100.177399	100.190292	100.18895	100.189903	100.196014	100.201538	100.204887	100.206329	100.216354	100.216354	100.207779	100.215622	100.223412	100.225243	100.22699	100.230583	100.238312	100.236771	100.240578	100.240799	100.249252	100.242485	100.24028	100.241135	100.250473	100.252594	100.260292	100.252296	100.25885	100.258972	100.261856	100.267616	100.27739	100.267365	100.274864	100.27903
462	100.023781	100.025558	100.040771	100.049034	100.050735	100.071487	100.077095	100.071754	100.08358	100.085106	100.091209	100.090668	100.107384	100.118591	100.127472	100.122192	100.125336	100.137856	100.15303	100.154175	100.170609	100.167358	100.168701	100.175705	100.171974	100.179825	100.190262	100.187263	100.189232	100.194992	100.199799	100.203835	100.203613	100.214348	100.215546	100.207176	100.213173	100.220856	100.224236	100.225685	100.230362	100.235954	100.234245	100.241241	100.234642	100.246407	100.240364	100.239563	100.243553	100.251579	100.25164	100.257401	100.253746	100.258842	100.259247	100.260147	100.26593	100.275864	100.2677	100.269951	100.280533
463	100.025345	100.024246	100.037933	100.047394	100.049065	100.071228	100.07576	100.069832	100.08252	100.08429	100.089027	100.091934	100.106682	100.117195	100.128426	100.120911	100.123192	100.134407	100.151733	100.150536	100.169907	100.164261	100.165352	100.175537	100.168922	100.179863	100.189064	100.1847	100.188362	100.193619	100.197723	100.202271	100.200783	100.2118	100.214096	100.206604	100.210167	100.217674	100.223122	100.223969	100.228989	100.233063	100.231209	100.240067	100.229607	100.24276	100.237747	100.237801	100.243927	100.25135	100.24955	100.253998	100.253967	100.257637	100.258957	100.257599	100.263474	100.272987	100.266754	100.265968	100.280121
464	100.025536	100.023636	100.032845	100.045288	100.046112	100.064972	100.070824	100.065674	100.077759	100.082138	100.084732	100.091324	100.102303	100.112068	100.124535	100.117577	100.123337	100.137154	100.149857	100.145973	100.161789	100.159729	100.163063	100.169525	100.164795	100.171265	100.18364	100.17878	100.186729	100.190941	100.194275	100.198685	100.197395	100.207115	100.210213	100.206123	100.204956	100.211929	100.221481	100.220596	100.223396	100.227974	100.226044	100.232101	100.228455	100.236038	100.233246	100.232124	100.236916	100.246239	100.24321	100.248505	100.249741	100.252007	100.256767	100.251793	100.258064	100.265038	100.261047	100.265038	100.272728
465	100.025703	100.023033	100.027847	100.043198	100.043213	100.05883	100.065956	100.061584	100.073097	100.080017	100.080536	100.090721	100.098	100.107048	100.120735	100.114273	100.123466	100.139809	100.14801	100.141479	100.153824	100.155281	100.160805	100.163628	100.160728	100.162865	100.178314	100.172958	100.18512	100.188301	100.190903	100.195168	100.194061	100.202522	100.206375	100.20565	100.199844	100.206306	100.219856	100.217308	100.217911	100.222984	100.220993	100.224289	100.227295	100.229431	100.228821	100.226547	100.230042	100.241241	100.236977	100.243126	100.245598	100.246498	100.254593	100.246109	100.252762	100.257233	100.255432	100.264122	100.265465
466	100.025879	100.022438	100.022949	100.041153	100.040367	100.052811	100.061203	100.057579	100.068535	100.07795	100.076424	100.090134	100.093796	100.102127	100.117004	100.111046	100.123596	100.142418	100.146187	100.137093	100.146034	100.150917	100.1586	100.15786	100.156761	100.154617	100.173096	100.167259	100.183548	100.185715	100.187592	100.191711	100.190804	100.198021	100.202644	100.205185	100.194847	100.200783	100.218269	100.214066	100.21254	100.218094	100.216034	100.216652	100.226151	100.222984	100.22448	100.2211	100.223312	100.236336	100.230873	100.237846	100.241531	100.241104	100.252472	100.240532	100.247559	100.249603	100.249931	100.263229	100.258377
467	100.025665	100.017632	100.02047	100.034622	100.036598	100.047157	100.05777	100.054886	100.065063	100.07415	100.073242	100.084099	100.088921	100.096237	100.110039	100.106117	100.120255	100.134918	100.141205	100.13472	100.141479	100.147186	100.153221	100.151756	100.15303	100.151154	100.167526	100.159622	100.177238	100.180519	100.181343	100.18557	100.185776	100.19162	100.194824	100.197205	100.19072	100.198074	100.213036	100.20797	100.208298	100.212608	100.210937	100.212929	100.219139	100.218735	100.220802	100.216759	100.219261	100.227318	100.225998	100.231461	100.23526	100.232903	100.244865	100.235382	100.242546	100.245598	100.244949	100.255516	100.25251
468	100.025406	100.012352	100.018372	100.027611	100.032761	100.041664	100.054596	100.052437	100.061821	100.07019	100.070251	100.077454	100.08403	100.090324	100.102768	100.101067	100.116524	100.126198	100.135872	100.13266	100.137451	100.143608	100.147507	100.145699	100.149391	100.148415	100.162003	100.151848	100.170425	100.175049	100.17482	100.179199	100.180603	100.185097	100.186607	100.188362	100.186775	100.195816	100.207413	100.201607	100.204277	100.207161	100.205956	100.209808	100.211464	100.214859	100.217247	100.212646	100.215637	100.217903	100.221359	100.225044	100.22879	100.224472	100.236664	100.230392	100.237656	100.242149	100.24012	100.24704	100.246902
469	100.025154	100.007156	100.016296	100.020729	100.029007	100.036278	100.051476	100.050011	100.058617	100.066307	100.067307	100.070915	100.079239	100.084518	100.095642	100.096092	100.112869	100.117622	100.130638	100.13063	100.133476	100.140106	100.141891	100.139771	100.145813	100.145721	100.156609	100.144218	100.163719	100.16967	100.168419	100.172928	100.175522	100.178673	100.178566	100.179687	100.18293	100.193573	100.201889	100.195374	100.200317	100.201813	100.201035	100.206741	100.203918	100.21106	100.213768	100.208603	100.212082	100.208679	100.216805	100.218735	100.222435	100.216202	100.228622	100.225494	100.232849	100.238754	100.235382	100.238708	100.241402
470	100.024101	100.004112	100.013672	100.015221	100.024261	100.030937	100.047806	100.046799	100.053856	100.061119	100.063309	100.065063	100.075005	100.079254	100.089622	100.091782	100.107826	100.110878	100.121857	100.125572	100.128891	100.134109	100.135506	100.135086	100.141098	100.141617	100.151466	100.139412	100.158798	100.163605	100.162636	100.167358	100.169922	100.172409	100.171745	100.172928	100.178146	100.189781	100.194458	100.187767	100.194893	100.196304	100.195694	100.20137	100.197479	100.204231	100.207054	100.20269	100.207603	100.203751	100.210785	100.21254	100.215652	100.209869	100.220421	100.221313	100.226036	100.233101	100.229355	100.231384	100.237015
471	100.022446	100.002815	100.01059	100.010872	100.018715	100.025665	100.043701	100.042976	100.047852	100.054871	100.058472	100.059799	100.071205	100.074409	100.084511	100.08799	100.1017	100.105629	100.110199	100.118088	100.123802	100.126114	100.12851	100.131454	100.13546	100.136398	100.146568	100.136902	100.155327	100.15699	100.157379	100.162376	100.163902	100.166298	100.165962	100.167717	100.172653	100.184738	100.185516	100.179039	100.188293	100.190689	100.19001	100.194107	100.19194	100.194916	100.197708	100.195251	100.202385	100.202332	100.203613	100.206413	100.208496	100.205124	100.212135	100.217712	100.217606	100.225601	100.222328	100.224915	100.233498
472	100.020805	100.001541	100.007568	100.006607	100.013283	100.020508	100.039688	100.039207	100.041977	100.048759	100.053719	100.054619	100.067497	100.069664	100.079498	100.084267	100.09568	100.100502	100.098778	100.110733	100.118805	100.118271	100.121643	100.127876	100.129936	100.131287	100.141762	100.134445	100.151947	100.150505	100.152222	100.157501	100.158012	100.160286	100.160286	100.162613	100.167252	100.179817	100.176743	100.170502	100.181831	100.185188	100.184425	100.186989	100.186516	100.185799	100.188576	100.187958	100.197281	100.200966	100.196564	100.200417	100.201485	100.200485	100.204018	100.21418	100.209335	100.218246	100.215439	100.218567	100.230064
473	100.018776	99.999252	100.004242	100.002502	100.007988	100.015656	100.035683	100.035118	100.036392	100.043022	100.048355	100.049721	100.062943	100.065056	100.074684	100.080399	100.089058	100.094879	100.089088	100.103722	100.113342	100.111046	100.115311	100.123344	100.124268	100.125465	100.136566	100.131813	100.147507	100.143944	100.14695	100.152374	100.151611	100.154518	100.154617	100.156868	100.161507	100.174271	100.168755	100.162842	100.175987	100.179543	100.178398	100.180016	100.181221	100.177856	100.180351	100.180527	100.191025	100.197685	100.189819	100.194252	100.194672	100.19561	100.195862	100.210045	100.201797	100.210907	100.208687	100.212082	100.225433
474	100.015236	99.993164	99.999641	99.998825	100.002846	100.011757	100.03157	100.02961	100.031685	100.03849	100.040421	100.045601	100.055107	100.060692	100.070282	100.075699	100.07988	100.087181	100.08519	100.097549	100.105843	100.10569	100.110649	100.115112	100.117699	100.116875	100.129723	100.128426	100.139084	100.136856	100.141037	100.14608	100.143036	100.149246	100.148537	100.148499	100.154221	100.166283	100.163269	100.15799	100.172211	100.173042	100.170456	100.173187	100.17617	100.17382	100.175056	100.172234	100.180344	100.187325	100.183868	100.187096	100.188156	100.189659	100.187233	100.203453	100.196518	100.203171	100.202202	100.204727	100.216232
475	100.01178	99.987198	99.99514	99.995216	99.997833	100.007927	100.027527	100.024239	100.027084	100.034058	100.032677	100.04158	100.047432	100.056419	100.065994	100.071106	100.070892	100.079643	100.081375	100.091515	100.098511	100.100456	100.106071	100.107025	100.111298	100.108459	100.123024	100.125122	100.130821	100.129913	100.135269	100.139931	100.134674	100.144127	100.142601	100.140312	100.147102	100.158463	100.15789	100.153229	100.168526	100.166679	100.162674	100.166512	100.171234	100.169861	100.169884	100.164101	100.169861	100.177193	100.178024	100.180115	100.181793	100.183853	100.178787	100.197014	100.191353	100.195587	100.195847	100.197556	100.20723
476	100.008369	99.981354	99.990723	99.991676	99.992905	100.004173	100.02356	100.018944	100.022568	100.029716	100.02507	100.037621	100.039909	100.052238	100.061783	100.066589	100.062096	100.072266	100.077629	100.085602	100.091324	100.095322	100.101601	100.099113	100.104996	100.100204	100.11644	100.121864	100.122749	100.123108	100.129608	100.133896	100.126472	100.139069	100.13678	100.132286	100.140106	100.15081	100.152626	100.148567	100.164902	100.160446	100.155045	100.159943	100.166367	100.165985	100.16481	100.156151	100.159622	100.167259	100.172318	100.173248	100.17556	100.178146	100.170502	100.190689	100.186287	100.188171	100.189629	100.190506	100.198425
477	100.01104	99.977394	99.985596	99.989479	99.990662	100.002083	100.018501	100.016869	100.019981	100.026527	100.022911	100.03537	100.037064	100.049332	100.057938	100.062943	100.059616	100.068954	100.077209	100.082268	100.087097	100.090683	100.098907	100.098488	100.099854	100.097069	100.111267	100.114975	100.118622	100.11866	100.126114	100.129486	100.123665	100.133774	100.13224	100.12925	100.135948	100.14534	100.144684	100.144806	100.158203	100.154495	100.151321	100.15535	100.159988	100.159729	100.160622	100.152924	100.156906	100.162735	100.165977	100.168968	100.16925	100.173393	100.167587	100.183723	100.180855	100.184692	100.184807	100.187469	100.192322
478	100.014481	99.97377	99.980484	99.987503	99.988838	100.000275	100.01339	100.015274	100.017738	100.023582	100.021568	100.033401	100.034927	100.046646	100.05423	100.059486	100.058052	100.066284	100.077248	100.079369	100.083351	100.086189	100.096497	100.098892	100.09494	100.094673	100.106392	100.107719	100.115135	100.114616	100.123009	100.125412	100.121674	100.128555	100.127968	100.126961	100.132248	100.140289	100.136528	100.141235	100.151207	100.148712	100.148239	100.151123	100.153519	100.153267	100.156631	100.150444	100.155304	100.159035	100.15966	100.165115	100.163078	100.168869	100.165466	100.176834	100.175461	100.181816	100.180328	100.185036	100.186714
479	100.01786	99.97023	99.975487	99.985573	99.98703	99.998497	100.008377	100.01371	100.015533	100.020683	100.020233	100.031487	100.032829	100.044022	100.050606	100.056099	100.056526	100.063667	100.077263	100.076523	100.079689	100.081802	100.094139	100.099274	100.090149	100.092354	100.101616	100.100624	100.11171	100.110672	100.119957	100.121414	100.11972	100.123444	100.123787	100.124695	100.128639	100.135353	100.128571	100.137756	100.144363	100.143066	100.145195	100.146973	100.147186	100.146935	100.152733	100.147987	100.153717	100.155411	100.153503	100.161339	100.157021	100.164452	100.163391	100.17009	100.170181	100.179016	100.175919	100.182655	100.181244
480	100.018837	99.968147	99.974472	99.984756	99.986938	100.000175	100.005745	100.013199	100.014854	100.019623	100.021271	100.030197	100.033142	100.043015	100.049461	100.056305	100.056503	100.063454	100.076607	100.074814	100.077675	100.080559	100.0914	100.098717	100.087891	100.091637	100.098671	100.097397	100.110054	100.109482	100.117958	100.118652	100.119637	100.120613	100.122658	100.122955	100.125542	100.132927	100.126266	100.135315	100.141609	100.142494	100.143326	100.144836	100.14576	100.144852	100.150337	100.147293	100.153305	100.15329	100.151268	100.159714	100.155388	100.161568	100.163422	100.166832	100.168083	100.17688	100.173912	100.180733	100.17778
481	100.01786	99.967255	99.976738	99.984879	99.98822	100.004684	100.005081	100.013565	100.015427	100.02005	100.024239	100.029442	100.035439	100.043312	100.050354	100.059441	100.057686	100.065231	100.075363	100.074051	100.077034	100.081909	100.088333	100.097359	100.087715	100.092247	100.097237	100.097321	100.10984	100.110542	100.116821	100.116898	100.121101	100.119659	100.124001	100.121597	100.122879	100.132584	100.128616	100.133728	100.142204	100.14608	100.142395	100.144341	100.148323	100.146233	100.149178	100.148048	100.153839	100.152397	100.152275	100.159882	100.157394	100.159981	100.165176	100.166451	100.168571	100.175331	100.173889	100.179207	100.175987
482	100.016907	99.966393	99.978943	99.984985	99.989471	100.009071	100.004433	100.013924	100.015984	100.020477	100.027122	100.028732	100.037682	100.04361	100.051239	100.0625	100.058838	100.066971	100.07415	100.073311	100.076385	100.083221	100.085342	100.096039	100.087563	100.092842	100.09584	100.09726	100.109612	100.11158	100.115707	100.115181	100.122536	100.118744	100.125328	100.120285	100.120293	100.13224	100.130913	100.132195	100.142792	100.149574	100.141487	100.14386	100.150848	100.147583	100.148048	100.148788	100.15435	100.151512	100.153259	100.160027	100.159348	100.158417	100.166878	100.166069	100.16906	100.173805	100.173866	100.177704	100.174225
483	100.015808	99.965553	99.980545	99.984451	99.990234	100.011375	100.003479	100.013748	100.015701	100.020172	100.028358	100.027885	100.03878	100.043297	100.051331	100.063614	100.058914	100.067963	100.072624	100.072388	100.075424	100.083435	100.082489	100.093864	100.087128	100.092613	100.094429	100.096558	100.108574	100.111389	100.11364	100.112999	100.122139	100.117233	100.125656	100.119087	100.117599	100.131371	100.13205	100.130554	100.14212	100.151131	100.140205	100.142708	100.151649	100.147804	100.14669	100.148514	100.1539	100.150574	100.153587	100.15937	100.160004	100.156273	100.166878	100.16526	100.168182	100.171745	100.173332	100.175919	100.17202
484	100.014099	99.964729	99.979973	99.981445	99.989113	100.005951	100.001335	100.011482	100.012253	100.017036	100.023392	100.02655	100.035645	100.040688	100.04847	100.057434	100.054893	100.066223	100.06974	100.07074	100.07309	100.079559	100.080017	100.088348	100.085747	100.089355	100.092819	100.093399	100.104332	100.106537	100.107811	100.108849	100.114845	100.113388	100.122299	100.118271	100.114418	100.128464	100.12883	100.128448	100.136772	100.145447	100.137314	100.138924	100.146103	100.143829	100.144386	100.144371	100.149773	100.149307	100.151489	100.155617	100.155807	100.151756	100.160362	100.162735	100.162079	100.167488	100.17086	100.172913	100.167892
485	100.012436	99.963913	99.979416	99.978508	99.988014	100.000671	99.999245	100.009262	100.008896	100.013969	100.018539	100.025223	100.032578	100.038132	100.045692	100.051407	100.050964	100.064514	100.066925	100.06913	100.070801	100.075768	100.077568	100.082954	100.084389	100.086174	100.091232	100.090317	100.100182	100.101784	100.102127	100.104797	100.107719	100.109634	100.119019	100.117447	100.111298	100.12561	100.125694	100.126389	100.131538	100.139893	100.134506	100.135246	100.140678	100.139938	100.142136	100.140343	100.145744	100.148071	100.149445	100.151947	100.151703	100.147339	100.153984	100.160263	100.156113	100.16333	100.168457	100.169983	100.163879
486	100.010811	99.963127	99.978874	99.975655	99.986954	99.995491	99.997215	100.007118	100.005615	100.010994	100.013817	100.023949	100.029602	100.035652	100.042984	100.045517	100.047134	100.062859	100.064178	100.067558	100.068596	100.072083	100.075211	100.077698	100.083076	100.083076	100.089691	100.087311	100.096146	100.097153	100.096581	100.100853	100.100769	100.105988	100.115822	100.116669	100.108269	100.122833	100.122627	100.124374	100.126434	100.134483	100.13176	100.131653	100.135406	100.136147	100.139938	100.136414	100.141815	100.146881	100.147453	100.148369	100.147713	100.143036	100.147774	100.157867	100.150299	100.159264	100.166107	100.167107	100.159958
487	100.015175	99.966644	99.980576	99.980476	99.989357	99.996742	100.000801	100.009384	100.007332	100.013054	100.019691	100.028252	100.031136	100.039803	100.044548	100.048218	100.050697	100.06366	100.065804	100.071907	100.071014	100.076546	100.078285	100.082146	100.084221	100.086105	100.090935	100.090553	100.098885	100.099014	100.100945	100.104836	100.104729	100.108925	100.117264	100.117645	100.111496	100.123611	100.125137	100.125732	100.129906	100.135353	100.133873	100.135101	100.13623	100.138496	100.143135	100.139938	100.143494	100.147995	100.14846	100.147293	100.147614	100.147568	100.150978	100.159538	100.152252	100.161728	100.166367	100.166145	100.162491
488	100.020348	99.970718	99.982574	99.986359	99.992241	99.998924	100.005135	100.012268	100.009743	100.015831	100.027039	100.033279	100.033295	100.044868	100.04673	100.05217	100.055313	100.064812	100.068031	100.077057	100.074089	100.082108	100.082108	100.087952	100.085709	100.090004	100.092567	100.094673	100.102577	100.101814	100.106682	100.109901	100.110229	100.112793	100.119385	100.118851	100.115623	100.124893	100.128426	100.127556	100.134598	100.137138	100.13665	100.139526	100.137947	100.141701	100.147057	100.144531	100.145958	100.149467	100.149918	100.146606	100.148117	100.153313	100.15551	100.161766	100.155342	100.165115	100.167015	100.165474	100.165939
489	100.025429	99.974731	99.984535	99.992111	99.995056	100.00106	100.009407	100.015083	100.0121	100.018547	100.034225	100.038216	100.035416	100.049828	100.048851	100.05603	100.059822	100.065926	100.070213	100.082085	100.077103	100.087585	100.085869	100.093628	100.087166	100.093803	100.094162	100.098717	100.106194	100.104546	100.11232	100.114883	100.115608	100.116577	100.12146	100.120041	100.119652	100.126175	100.13163	100.129333	100.139191	100.138901	100.139366	100.14386	100.139633	100.144867	100.150909	100.149025	100.148376	100.150887	100.151337	100.145935	100.148598	100.158951	100.159966	100.163963	100.158356	100.168442	100.167641	100.164818	100.169327
490	100.025108	99.976074	99.98468	99.994698	99.995224	100.003052	100.010994	100.014206	100.013245	100.018547	100.036026	100.037338	100.036728	100.049118	100.049805	100.057411	100.061729	100.064957	100.069679	100.083313	100.078178	100.088585	100.086555	100.093636	100.086037	100.094948	100.094017	100.098778	100.105667	100.10463	100.112679	100.11599	100.116287	100.117584	100.120399	100.118195	100.120186	100.125328	100.131157	100.129768	100.139847	100.138298	100.139168	100.143906	100.13945	100.145187	100.151024	100.147804	100.146164	100.149628	100.150742	100.144768	100.14801	100.159309	100.160492	100.163864	100.15963	100.167549	100.167099	100.163269	100.170006
491	100.020157	99.975151	99.983284	99.994537	99.993118	100.004913	100.010284	100.010178	100.013313	100.016228	100.033203	100.031487	100.037323	100.043533	100.049744	100.056664	100.061417	100.062202	100.066818	100.081268	100.077591	100.085739	100.084602	100.088799	100.082672	100.093796	100.0924	100.095436	100.101593	100.102448	100.108543	100.113762	100.112915	100.116226	100.116661	100.113739	100.117722	100.122681	100.127518	100.129028	100.137138	100.135658	100.136459	100.140289	100.137672	100.143097	100.147942	100.141739	100.139954	100.146088	100.148392	100.143143	100.1465	100.155136	100.157639	100.161804	100.159431	100.163033	100.165543	100.160942	100.168358
492	100.015305	99.974243	99.981895	99.994385	99.991051	100.006721	100.009598	100.00621	100.01339	100.013947	100.030434	100.025726	100.03791	100.038078	100.049683	100.055946	100.061119	100.059494	100.064003	100.079254	100.077011	100.082947	100.082695	100.084053	100.079369	100.092659	100.090813	100.092148	100.097588	100.100304	100.104477	100.111595	100.109612	100.114891	100.112984	100.109352	100.115311	100.120079	100.12394	100.128304	100.134483	100.133087	100.133812	100.136719	100.135948	100.141052	100.144897	100.135757	100.133873	100.142624	100.146088	100.141563	100.145004	100.151047	100.154861	100.159775	100.159218	100.158607	100.164017	100.158653	100.16674
493	100.012138	99.974266	99.982262	99.994728	99.99086	100.008713	100.00985	100.004517	100.014557	100.013794	100.028694	100.022598	100.038826	100.034882	100.050316	100.055885	100.061623	100.058472	100.062737	100.078217	100.077354	100.081726	100.08197	100.081543	100.078186	100.092255	100.091049	100.09037	100.095543	100.09967	100.102386	100.110733	100.108406	100.114891	100.111115	100.107513	100.114227	100.118637	100.122002	100.128891	100.13356	100.131676	100.132767	100.13472	100.135361	100.140068	100.14299	100.132385	100.130569	100.140869	100.145462	100.141289	100.144814	100.148705	100.153603	100.159386	100.159492	100.156364	100.1632	100.158287	100.166229
494	100.015495	99.978043	99.989616	99.997063	99.998215	100.011513	100.013863	100.011742	100.020126	100.022171	100.030983	100.029778	100.041023	100.040581	100.053802	100.058449	100.065315	100.064087	100.067673	100.081039	100.081429	100.086746	100.085937	100.087799	100.085327	100.094688	100.098595	100.09446	100.101219	100.104973	100.108063	100.115082	100.115524	100.120255	100.116325	100.115692	100.118423	100.121674	100.126442	100.13472	100.139603	100.134865	100.138107	100.138786	100.139366	100.143303	100.145424	100.139153	100.138214	100.145935	100.151398	100.146294	100.149704	100.153175	100.158356	100.165451	100.161705	100.162796	100.165115	100.165543	100.170074
495	100.018784	99.981728	99.996834	99.999352	100.005409	100.014259	100.017822	100.018822	100.025574	100.030388	100.033226	100.036835	100.043175	100.046173	100.057182	100.060966	100.068924	100.069595	100.072495	100.083794	100.085411	100.09166	100.089821	100.093933	100.092331	100.097069	100.106003	100.098465	100.106789	100.110176	100.113632	100.119362	100.12252	100.125519	100.121429	100.123718	100.12252	100.124657	100.130806	100.140427	100.145546	100.13797	100.143326	100.142792	100.143288	100.146484	100.147804	100.145805	100.145706	100.150894	100.157227	100.151192	100.15451	100.157547	100.163017	100.17141	100.163879	100.169098	100.166992	100.172676	100.173859
496	100.022034	99.985352	100.003937	100.00161	100.012497	100.016953	100.021721	100.025772	100.030937	100.038467	100.035439	100.043762	100.045303	100.051674	100.060532	100.063446	100.072479	100.075005	100.077248	100.08651	100.089355	100.096497	100.093651	100.099968	100.09922	100.099419	100.113281	100.102402	100.112244	100.115295	100.119102	100.123558	100.129387	100.130699	100.126442	100.131607	100.126579	100.127602	100.135109	100.146042	100.151375	100.141052	100.14846	100.146721	100.147156	100.149605	100.150154	100.152351	100.153076	100.155785	100.162949	100.156006	100.159225	100.16185	100.167595	100.177261	100.166008	100.175301	100.168846	100.179672	100.177574
497	100.021782	99.988617	100.005318	100.001404	100.01342	100.016739	100.024124	100.025536	100.030197	100.039627	100.037292	100.046349	100.045135	100.052734	100.062325	100.065247	100.073753	100.075043	100.077988	100.085426	100.088943	100.096642	100.095474	100.100029	100.097656	100.097931	100.112137	100.104164	100.112892	100.115097	100.119034	100.123871	100.128761	100.12999	100.127708	100.132957	100.128304	100.130203	100.135208	100.144722	100.151978	100.142143	100.148582	100.147011	100.148186	100.151382	100.151108	100.153419	100.152634	100.156281	100.1623	100.157204	100.159622	100.161621	100.167892	100.176132	100.16774	100.176407	100.169518	100.17791	100.178253
498	100.021004	99.99176	100.005768	100.000832	100.013351	100.016083	100.026283	100.024155	100.028519	100.039673	100.03904	100.048218	100.044617	100.053093	100.063828	100.06691	100.074661	100.074219	100.078079	100.083733	100.08786	100.096046	100.096962	100.099144	100.09478	100.095879	100.109688	100.105576	100.112762	100.114059	100.11808	100.123558	100.126961	100.128365	100.128365	100.13324	100.129662	100.132713	100.134659	100.142311	100.151764	100.142906	100.147888	100.146713	100.148758	100.152931	100.151848	100.153641	100.15097	100.156082	100.160645	100.157822	100.159332	100.160667	100.167511	100.173904	100.169373	100.176689	100.169991	100.174782	100.178467
499	100.020233	99.994835	100.00621	100.000259	100.013283	100.015411	100.028381	100.022781	100.026855	100.039711	100.040771	100.050041	100.044106	100.053429	100.0653	100.068535	100.075516	100.073418	100.078163	100.082085	100.086784	100.095451	100.098419	100.098274	100.091949	100.093857	100.107277	100.106941	100.112617	100.113037	100.117134	100.123238	100.125183	100.126755	100.128998	100.13353	100.130966	100.135185	100.134125	100.139938	100.15155	100.143646	100.147209	100.146416	100.149323	100.154449	100.152565	100.153839	100.149323	100.155876	100.159035	100.158401	100.159035	100.159744	100.167145	100.171722	100.170959	100.176964	100.170471	100.171722	100.178673
500	100.019836	99.997917	100.006958	100.001671	100.01339	100.016388	100.029495	100.02388	100.028381	100.040199	100.042519	100.050713	100.045204	100.054779	100.067078	100.069977	100.075279	100.075447	100.08007	100.084152	100.087807	100.09642	100.099274	100.09861	100.093117	100.095512	100.107231	100.108887	100.114021	100.114311	100.118706	100.124184	100.125031	100.127838	100.130669	100.133774	100.133041	100.136253	100.135651	100.139847	100.151169	100.14576	100.148026	100.147888	100.150597	100.155243	100.154564	100.15451	100.150314	100.157417	100.159546	100.159584	100.158951	100.160553	100.166939	100.17099	100.17215	100.177635	100.172302	100.172256	100.180267
501	100.019791	100.000977	100.007973	100.004814	100.013664	100.018822	100.029709	100.02713	100.032745	100.041069	100.044289	100.050377	100.047729	100.057007	100.069107	100.071243	100.074051	100.079987	100.083603	100.089516	100.090698	100.098778	100.099586	100.100037	100.097832	100.100433	100.109276	100.111351	100.116791	100.117622	100.122513	100.126221	100.126328	100.131294	100.133255	100.133987	100.135765	100.136078	100.139023	100.141762	100.150642	100.149071	100.150154	100.15094	100.152519	100.155411	100.157715	100.155579	100.153641	100.160469	100.16198	100.161278	100.159073	100.162903	100.166916	100.171577	100.172974	100.178635	100.175385	100.176003	100.183128
502	100.019753	100.003967	100.008965	100.007889	100.013924	100.02121	100.029907	100.030304	100.037018	100.041924	100.046005	100.050041	100.050186	100.059189	100.071083	100.072479	100.072845	100.08445	100.087044	100.094757	100.093506	100.101089	100.099899	100.101425	100.10244	100.105247	100.111282	100.113747	100.119492	100.120857	100.126228	100.128212	100.127602	100.134674	100.135765	100.134216	100.138435	100.13591	100.142311	100.143639	100.150131	100.152313	100.152229	100.153908	100.154388	100.155571	100.160805	100.156639	100.156876	100.16346	100.164352	100.162933	100.159195	100.165199	100.16687	100.17215	100.173775	100.179604	100.178383	100.179649	100.185921
503	100.01947	100.005981	100.00914	100.0103	100.014023	100.022827	100.029877	100.032555	100.040184	100.042427	100.047028	100.049522	100.051865	100.060638	100.072563	100.073174	100.071838	100.087723	100.089622	100.098488	100.095512	100.102493	100.099899	100.102425	100.105667	100.108627	100.11274	100.115158	100.120842	100.122925	100.128845	100.129715	100.128387	100.136803	100.137482	100.134125	100.140205	100.13578	100.1446	100.144531	100.149139	100.154198	100.153305	100.15609	100.155685	100.155579	100.162758	100.157036	100.158752	100.165329	100.165985	100.163589	100.159523	100.166412	100.166389	100.172592	100.174507	100.180031	100.18042	100.182045	100.187447
504	100.018158	100.003906	100.005928	100.009987	100.013367	100.021431	100.028839	100.03096	100.038895	100.041473	100.045074	100.048187	100.050316	100.05909	100.071976	100.071571	100.071609	100.08625	100.088707	100.096046	100.094162	100.100182	100.098549	100.101807	100.103249	100.106049	100.111923	100.112381	100.116524	100.120232	100.1269	100.129227	100.127136	100.133751	100.135956	100.13269	100.138283	100.135719	100.142799	100.141266	100.146042	100.150452	100.150093	100.155022	100.154556	100.154984	100.160072	100.154602	100.154831	100.162552	100.164619	100.160011	100.160873	100.163101	100.164017	100.172485	100.175011	100.178108	100.178513	100.17923	100.183678
505	100.016876	100.001884	100.002762	100.009682	100.012718	100.020042	100.027832	100.029411	100.037643	100.040527	100.043152	100.04686	100.048813	100.057579	100.071404	100.070023	100.071396	100.084793	100.087807	100.093666	100.09285	100.097916	100.097237	100.101212	100.100883	100.103531	100.111137	100.109673	100.112305	100.117599	100.124977	100.128731	100.125923	100.13076	100.134445	100.131287	100.136398	100.135674	100.141037	100.138069	100.143028	100.146782	100.146957	100.153961	100.153442	100.154404	100.157455	100.152222	100.150978	100.159836	100.163254	100.156525	100.162186	100.159859	100.161697	100.172363	100.175499	100.176254	100.176636	100.176476	100.180008
506	100.01564	99.999916	99.999702	100.009392	100.012115	100.018707	100.026855	100.027893	100.03643	100.039627	100.04129	100.045586	100.04734	100.056114	100.070847	100.068512	100.071182	100.083374	100.086929	100.091347	100.091568	100.095711	100.095955	100.100616	100.098595	100.101089	100.110367	100.107025	100.108208	100.115036	100.123131	100.128258	100.124741	100.127861	100.13298	100.129929	100.134575	100.135635	100.13932	100.134956	100.140083	100.143227	100.143906	100.152946	100.152374	100.153824	100.1549	100.149902	100.147263	100.157204	100.161957	100.153122	100.16346	100.156715	100.159431	100.172256	100.175987	100.174423	100.17482	100.173805	100.176414
507	100.017258	100.001335	100.002396	100.010277	100.012001	100.019325	100.026939	100.029266	100.03537	100.0392	100.042412	100.046837	100.049576	100.056335	100.070801	100.070549	100.07151	100.082954	100.086639	100.091537	100.090096	100.095596	100.094627	100.099579	100.097229	100.101006	100.108513	100.106659	100.10965	100.114616	100.122246	100.126801	100.123131	100.127533	100.130615	100.128403	100.132355	100.135384	100.138351	100.134552	100.140213	100.142647	100.143501	100.151443	100.151024	100.153526	100.154099	100.148285	100.146461	100.155731	100.158905	100.153351	100.160469	100.156113	100.158524	100.170181	100.173332	100.171783	100.17173	100.172081	100.175819
508	100.019348	100.003311	100.006035	100.011353	100.012001	100.020264	100.027229	100.031128	100.034355	100.038849	100.044037	100.048508	100.052437	100.056877	100.070847	100.073151	100.071945	100.082718	100.086449	100.092186	100.088646	100.095833	100.09333	100.098488	100.096062	100.101341	100.106522	100.106689	100.11203	100.114594	100.121544	100.125214	100.121475	100.127647	100.128128	100.1269	100.130127	100.135124	100.137543	100.134636	100.140884	100.142609	100.143562	100.149879	100.149643	100.153282	100.15361	100.146828	100.14621	100.15451	100.15564	100.154221	100.156784	100.155998	100.157867	100.167809	100.170181	100.169052	100.168488	100.170563	100.175751
509	100.021385	100.005249	100.009575	100.012398	100.012001	100.021194	100.027512	100.032951	100.033394	100.038528	100.045609	100.05014	100.055222	100.057396	100.070892	100.075699	100.072357	100.082481	100.086281	100.092804	100.087234	100.096085	100.092079	100.097427	100.094925	100.101677	100.104591	100.106728	100.114357	100.114586	100.120888	100.123665	100.119888	100.127777	100.125732	100.125458	100.127968	100.134872	100.136772	100.134705	100.141541	100.142586	100.143639	100.148392	100.148308	100.153053	100.15316	100.145432	100.145973	100.153328	100.152466	100.155067	100.153206	100.155899	100.157234	100.165512	100.167145	100.166389	100.165352	100.169098	100.17569
510	100.02227	100.006401	100.011154	100.01223	100.01265	100.022377	100.028137	100.033417	100.033554	100.038673	100.045433	100.050209	100.056564	100.057434	100.070724	100.0756	100.072815	100.081718	100.085602	100.091934	100.087189	100.095116	100.091843	100.097206	100.09481	100.101555	100.104233	100.10643	100.11451	100.115059	100.120293	100.122322	100.118782	100.126038	100.124321	100.124779	100.126991	100.133682	100.136055	100.134697	100.140808	100.141884	100.142967	100.146172	100.146805	100.150719	100.151535	100.143799	100.14563	100.151657	100.150513	100.153854	100.150009	100.154671	100.155365	100.163673	100.164284	100.164726	100.163437	100.167885	100.174225
511	100.022087	100.006844	100.010933	100.010933	100.013885	100.023781	100.029083	100.032639	100.034798	100.039246	100.043617	100.048866	100.05661	100.057045	100.070335	100.073067	100.073288	100.080475	100.08445	100.089684	100.088417	100.093018	100.092567	100.097725	100.095657	100.101006	100.105354	100.105797	100.112656	100.116013	100.119797	100.121132	100.118126	100.122559	100.123856	100.124832	100.127121	100.131645	100.135406	100.134598	100.138809	100.140556	100.141632	100.143288	100.145134	100.146446	100.148842	100.141975	100.14521	100.149551	100.149704	100.150696	100.147179	100.152412	100.152351	100.162292	100.161598	100.163948	100.162636	100.166916	100.171455
512	100.021912	100.007263	100.010704	100.009666	100.015091	100.025154	100.030006	100.031891	100.036003	100.039803	100.041855	100.047539	100.056648	100.056648	100.069939	100.070595	100.073753	100.079262	100.083336	100.087486	100.0896	100.090981	100.093269	100.098251	100.096466	100.100479	100.106445	100.105217	100.110855	100.116936	100.119293	100.119995	100.117508	100.119194	100.123405	100.124893	100.127258	100.129662	100.134789	100.134514	100.136879	100.139282	100.140335	100.140503	100.143524	100.142303	100.146233	100.140205	100.144806	100.147507	100.148903	100.147644	100.144447	100.150215	100.149429	100.160942	100.159012	100.163208	100.161865	100.165977	100.168762
513	100.021431	100.007141	100.010391	100.008514	100.016144	100.02581	100.030228	100.031029	100.036774	100.040009	100.04039	100.046448	100.05616	100.056007	100.069069	100.068214	100.073517	100.077774	100.081696	100.085281	100.08979	100.088799	100.093246	100.098	100.096497	100.099419	100.106689	100.104126	100.108826	100.116753	100.117996	100.118279	100.116478	100.115921	100.12236	100.124107	100.126495	100.12735	100.133308	100.133575	100.134483	100.137543	100.138565	100.137749	100.141525	100.138237	100.143364	100.13784	100.143692	100.145294	100.147293	100.144852	100.141884	100.147675	100.146355	100.158989	100.156128	100.161697	100.159851	100.164207	100.165833
514	100.01947	100.004433	100.009575	100.007759	100.016533	100.023163	100.027145	100.029564	100.035568	100.03849	100.040092	100.046204	100.053116	100.054085	100.06572	100.065887	100.069893	100.074791	100.077377	100.082733	100.085342	100.085579	100.089813	100.094017	100.092865	100.095734	100.103088	100.100616	100.105537	100.111305	100.11274	100.113617	100.113426	100.112679	100.118347	100.11927	100.121399	100.12326	100.127708	100.128471	100.129616	100.133392	100.134407	100.134811	100.137459	100.134125	100.138855	100.132416	100.13913	100.142036	100.141563	100.143028	100.139832	100.143158	100.142159	100.153938	100.151512	100.156281	100.151787	100.158356	100.161377
515	100.017548	100.001816	100.008759	100.007042	100.016914	100.020584	100.024162	100.028137	100.034401	100.037025	100.039803	100.045967	100.050179	100.052223	100.062477	100.063644	100.066376	100.071892	100.073196	100.080261	100.081039	100.082466	100.086487	100.090179	100.089325	100.092163	100.099609	100.097214	100.102364	100.106033	100.107643	100.109116	100.110474	100.109528	100.114464	100.114563	100.11647	100.119308	100.122276	100.123528	100.124908	100.129364	100.130371	100.131966	100.13353	100.130142	100.134491	100.127159	100.134727	100.138878	100.136009	100.141235	100.137863	100.138786	100.138092	100.149033	100.147072	100.151047	100.143967	100.152679	100.157059
516	100.015709	99.999275	100.007988	100.00634	100.017296	100.018097	100.021294	100.026764	100.033279	100.035622	100.03952	100.045738	100.047325	100.050423	100.059334	100.061455	100.062981	100.069092	100.069138	100.077881	100.076866	100.079468	100.083267	100.086449	100.085915	100.088707	100.096222	100.093925	100.099289	100.100937	100.102707	100.104752	100.107613	100.106491	100.11071	100.110016	100.111702	100.115463	100.11702	100.118744	100.120338	100.125481	100.126457	100.129211	100.129715	100.126289	100.130272	100.12207	100.130447	100.135818	100.13063	100.139526	100.135948	100.134537	100.134155	100.144287	100.142738	100.145981	100.136414	100.147202	100.152878
517	100.017342	99.99971	100.00666	100.006851	100.015915	100.018967	100.022758	100.027046	100.033783	100.034729	100.040565	100.045334	100.048355	100.050377	100.06002	100.061081	100.066185	100.070236	100.069954	100.07827	100.076904	100.080322	100.083801	100.087669	100.085579	100.089088	100.095322	100.093819	100.098587	100.101486	100.102745	100.106445	100.108673	100.107742	100.110649	100.109886	100.113785	100.115143	100.117317	100.119293	100.122307	100.124428	100.126358	100.129105	100.129662	100.127449	100.131516	100.122437	100.129402	100.134598	100.132683	100.13752	100.136093	100.134636	100.13472	100.142921	100.141907	100.145851	100.13797	100.146461	100.152718
518	100.019623	100.000717	100.005272	100.007607	100.014221	100.020454	100.025047	100.027641	100.034607	100.033951	100.04184	100.044922	100.050117	100.050674	100.061455	100.061058	100.070595	100.072113	100.071693	100.079201	100.077759	100.081947	100.085068	100.089821	100.085869	100.090218	100.094925	100.094353	100.098373	100.103127	100.103737	100.109276	100.110474	100.109795	100.111328	100.110626	100.117172	100.115501	100.118683	100.120865	100.125504	100.123962	100.127007	100.129524	100.130356	100.129547	100.133789	100.123871	100.128998	100.133789	100.136124	100.135506	100.136627	100.135574	100.136124	100.142242	100.141777	100.146698	100.141289	100.14669	100.153366
519	100.021828	100.001678	100.003922	100.008324	100.012589	100.021896	100.027252	100.028214	100.035393	100.033211	100.043068	100.044502	100.051819	100.050972	100.06282	100.061035	100.07486	100.073921	100.073364	100.080093	100.078583	100.083496	100.086296	100.091896	100.086143	100.091316	100.094536	100.094856	100.09816	100.104698	100.104698	100.112022	100.112213	100.111771	100.111977	100.111328	100.120438	100.115845	100.12001	100.122383	100.128578	100.123528	100.12764	100.129913	100.13102	100.131584	100.135979	100.125244	100.128601	100.13298	100.139465	100.13356	100.137138	100.136482	100.137497	100.141594	100.141647	100.147522	100.144485	100.146889	100.153969
520	100.023117	100.002602	100.004066	100.008842	100.012711	100.022331	100.027969	100.02887	100.035858	100.03334	100.042961	100.044594	100.052818	100.051079	100.062881	100.060745	100.075577	100.073982	100.074638	100.079437	100.079491	100.083374	100.086548	100.092529	100.085571	100.092026	100.094139	100.094917	100.097641	100.104797	100.105301	100.112686	100.112534	100.112976	100.112358	100.111031	100.12072	100.115753	100.120293	100.123108	100.129166	100.12394	100.127731	100.129829	100.131332	100.133133	100.136337	100.126373	100.128761	100.132896	100.139854	100.1325	100.137177	100.137115	100.137939	100.141647	100.141716	100.14856	100.144867	100.14669	100.153854
521	100.023476	100.003471	100.005676	100.009193	100.014565	100.021767	100.027214	100.029587	100.036003	100.034348	100.041542	100.045181	100.053116	100.050995	100.061653	100.060188	100.072769	100.072334	100.075508	100.077248	100.080452	100.081612	100.085854	100.091728	100.08416	100.092361	100.093773	100.094521	100.096848	100.103416	100.105537	100.111305	100.111481	100.113403	100.112473	100.109718	100.11808	100.115219	100.119545	100.123039	100.127266	100.125214	100.127319	100.129295	100.13131	100.134193	100.134872	100.127235	100.129448	100.13353	100.137375	100.132309	100.136719	100.137474	100.137474	100.142372	100.141998	100.149796	100.142464	100.14608	100.15303
522	100.023827	100.004288	100.00721	100.009521	100.016357	100.02121	100.026474	100.030266	100.036148	100.035309	100.040161	100.045715	100.053406	100.050926	100.060463	100.059631	100.070045	100.070724	100.07634	100.075127	100.081375	100.079895	100.085175	100.090958	100.082817	100.092682	100.093399	100.094139	100.096069	100.102089	100.105759	100.10997	100.110451	100.113808	100.112579	100.108459	100.115517	100.114716	100.118828	100.122963	100.125443	100.126434	100.1269	100.128761	100.131264	100.135216	100.13343	100.128067	100.130104	100.134109	100.134956	100.132118	100.136269	100.137817	100.137009	100.143089	100.142265	100.150993	100.140152	100.14547	100.152222
523	100.023987	100.004974	100.008392	100.0093	100.017632	100.020851	100.025787	100.030624	100.035873	100.035919	100.039032	100.045898	100.053062	100.050781	100.059441	100.059151	100.067413	100.069237	100.076698	100.073433	100.081802	100.078606	100.08448	100.089821	100.08168	100.092613	100.09314	100.093826	100.095345	100.101021	100.105736	100.108612	100.109291	100.113655	100.112579	100.107384	100.113167	100.114044	100.118187	100.122452	100.12381	100.12735	100.12648	100.127945	100.130966	100.135674	100.131844	100.128159	100.130371	100.134026	100.132584	100.131783	100.135742	100.137421	100.136673	100.143227	100.142197	100.151566	100.138382	100.144646	100.151024
524	100.023209	100.005066	100.007805	100.006149	100.016426	100.021454	100.025284	100.029266	100.033524	100.034752	100.039101	100.044037	100.049355	100.050339	100.059174	100.058983	100.064911	100.068054	100.074661	100.073944	100.079666	100.079437	100.083717	100.086655	100.081596	100.0905	100.093506	100.093826	100.094711	100.10128	100.104431	100.106934	100.107254	100.110603	100.111984	100.107231	100.111664	100.112534	100.118004	100.119576	100.123062	100.126877	100.125969	100.125572	100.129227	100.133194	100.12928	100.124374	100.128601	100.130341	100.129997	100.13063	100.134743	100.133133	100.136925	100.140488	100.140335	100.148788	100.139236	100.142578	100.147675
525	100.022469	100.00515	100.007263	100.00309	100.015244	100.022041	100.02478	100.027931	100.031235	100.033615	100.039146	100.042236	100.045776	100.049904	100.058914	100.058807	100.062492	100.066925	100.072693	100.074432	100.077614	100.080254	100.082985	100.08358	100.081528	100.088455	100.093842	100.093826	100.094101	100.101517	100.103127	100.105309	100.105301	100.107658	100.111412	100.107071	100.110207	100.111046	100.117828	100.116814	100.122322	100.126411	100.125481	100.123276	100.127533	100.130798	100.126793	100.120697	100.126877	100.126778	100.127495	100.129494	100.133743	100.128983	100.137177	100.13784	100.138535	100.146118	100.140068	100.140549	100.144432
526	100.021729	100.005219	100.006721	100.000145	100.014114	100.022598	100.024307	100.026657	100.02903	100.032532	100.0392	100.040497	100.042328	100.049469	100.058655	100.05864	100.060143	100.065826	100.070786	100.07489	100.075615	100.081017	100.082253	100.080612	100.081459	100.086487	100.094177	100.093819	100.093529	100.101761	100.101898	100.103737	100.103394	100.104813	100.11084	100.106918	100.108803	100.109627	100.117645	100.11412	100.121605	100.125946	100.125	100.121056	100.125908	100.128494	100.124382	100.117172	100.125214	100.123344	100.125076	100.12841	100.132797	100.124969	100.13739	100.135292	100.13678	100.143539	100.140846	100.138603	100.141296
527	100.019821	100.005447	100.00576	100.000153	100.012863	100.021065	100.023911	100.026176	100.027847	100.031136	100.036858	100.038734	100.040802	100.047279	100.056412	100.058624	100.059784	100.065628	100.070335	100.074112	100.075111	100.080467	100.080429	100.079773	100.080254	100.08448	100.092255	100.09227	100.092697	100.099525	100.100258	100.101425	100.102928	100.102699	100.108398	100.10556	100.108047	100.110474	100.115501	100.111374	100.119064	100.123131	100.121727	100.119446	100.123528	100.126457	100.123405	100.117111	100.121986	100.122223	100.123657	100.126122	100.131096	100.124832	100.134315	100.134674	100.13472	100.141251	100.138893	100.137665	100.140404
528	100.0177	100.005707	100.004723	100.000847	100.01162	100.019119	100.023544	100.025879	100.026932	100.029732	100.034073	100.037018	100.03978	100.044777	100.05381	100.05864	100.059853	100.065636	100.070213	100.07309	100.074936	100.079643	100.078407	100.079437	100.078835	100.08255	100.089897	100.090431	100.091827	100.096832	100.098587	100.099007	100.102791	100.100815	100.105621	100.103989	100.107452	100.111786	100.112984	100.108696	100.116203	100.119873	100.117935	100.117996	100.121056	100.124527	100.122772	100.117828	100.118515	100.121651	100.122498	100.123657	100.129272	100.125565	100.130608	100.134491	100.132629	100.139084	100.136375	100.136963	100.139999
529	100.015656	100.005936	100.003731	100.00148	100.010429	100.01725	100.023178	100.025597	100.026031	100.028351	100.031364	100.035347	100.038757	100.042328	100.051292	100.058655	100.059914	100.065636	100.070084	100.072083	100.074768	100.078835	100.076462	100.079109	100.077454	100.080681	100.087608	100.088646	100.090996	100.094238	100.096954	100.09668	100.102654	100.098991	100.102928	100.102463	100.10688	100.113037	100.110558	100.10611	100.113441	100.11673	100.114288	100.1166	100.118675	100.122658	100.122154	100.118507	100.115158	100.121078	100.121376	100.121262	100.127502	100.126251	100.127029	100.134323	100.130615	100.136986	100.133934	100.136269	100.139603
530	100.014206	100.004364	100.003067	100.002335	100.009392	100.01593	100.022278	100.024864	100.025711	100.027275	100.030312	100.034477	100.037857	100.041855	100.050018	100.058006	100.05928	100.064697	100.069496	100.07119	100.073196	100.077522	100.075272	100.078644	100.076675	100.079727	100.085831	100.087486	100.090324	100.091995	100.09594	100.095299	100.101601	100.09774	100.101051	100.101486	100.105728	100.112709	100.108803	100.105164	100.112083	100.114838	100.11274	100.115456	100.117622	100.120628	100.120522	100.118195	100.113678	100.120605	100.121056	100.119232	100.125206	100.125542	100.124504	100.132942	100.128784	100.134834	100.131714	100.13504	100.139366
531	100.013374	100.000809	100.002708	100.003372	100.008499	100.015175	100.020767	100.023666	100.025955	100.026451	100.030983	100.034393	100.037048	100.043404	100.050041	100.056625	100.057892	100.062706	100.068413	100.070366	100.070122	100.075638	100.074852	100.078033	100.0765	100.079712	100.084557	100.08696	100.08979	100.090111	100.09552	100.094894	100.099541	100.097023	100.100029	100.101044	100.103935	100.110672	100.107742	100.105942	100.112198	100.114212	100.113403	100.114532	100.117981	100.118362	100.117783	100.116814	100.114143	100.120201	100.121582	100.117561	100.122246	100.123306	100.123024	100.130226	100.12709	100.132584	100.129662	100.133194	100.139252
532	100.012589	99.997398	100.00235	100.004372	100.007652	100.014473	100.019325	100.022491	100.026176	100.025688	100.031647	100.034332	100.036278	100.044922	100.050056	100.055313	100.056549	100.060799	100.067368	100.06958	100.067154	100.073837	100.074455	100.077438	100.07634	100.079727	100.083313	100.086472	100.089279	100.088295	100.095131	100.094513	100.097565	100.096344	100.099037	100.100616	100.102211	100.108719	100.10672	100.106689	100.112328	100.11364	100.114075	100.113655	100.11834	100.116196	100.115135	100.115494	100.114594	100.119804	100.122093	100.115967	100.119423	100.121162	100.121628	100.127625	100.125458	100.130417	100.127686	100.131416	100.139145
533	100.012039	99.994797	100.002304	100.005516	100.007263	100.014091	100.01825	100.021683	100.026512	100.025345	100.032234	100.034462	100.03598	100.046303	100.050232	100.054398	100.05571	100.059402	100.066444	100.069031	100.064896	100.072388	100.074425	100.076927	100.076149	100.079811	100.082291	100.08609	100.088715	100.086975	100.094917	100.094116	100.095856	100.095856	100.098206	100.100014	100.100746	100.107178	100.106049	100.107361	100.112511	100.113037	100.11467	100.112999	100.118721	100.114609	100.11319	100.114479	100.114861	100.119469	100.122475	100.114845	100.117203	100.11927	100.120689	100.125526	100.124191	100.128761	100.126015	100.129974	100.138817
534	100.012932	99.996819	100.004005	100.007584	100.009659	100.015808	100.019287	100.022949	100.027428	100.027611	100.032387	100.035858	100.038704	100.047173	100.051392	100.055756	100.057755	100.061012	100.066116	100.069893	100.066612	100.072876	100.076553	100.076797	100.075706	100.080383	100.082359	100.086334	100.087738	100.088379	100.095764	100.093506	100.095428	100.096405	100.098129	100.098099	100.100639	100.10791	100.107445	100.107635	100.113152	100.112106	100.115028	100.113609	100.1194	100.116364	100.115219	100.115227	100.11393	100.119339	100.122116	100.116516	100.118324	100.118614	100.122475	100.126266	100.124954	100.130013	100.125816	100.130287	100.136993
535	100.013794	99.998764	100.005653	100.009598	100.011978	100.017456	100.020287	100.024162	100.02832	100.0298	100.032516	100.037209	100.041344	100.048004	100.052513	100.057076	100.059746	100.062561	100.065781	100.07074	100.068283	100.073334	100.078606	100.076675	100.075294	100.080933	100.08242	100.086571	100.0868	100.089737	100.096581	100.092934	100.095024	100.096916	100.098061	100.096237	100.100533	100.108635	100.108803	100.107887	100.113785	100.111198	100.115356	100.114182	100.120041	100.118042	100.117172	100.115952	100.113022	100.119225	100.12178	100.118126	100.119423	100.117996	100.124207	100.126984	100.125694	100.131226	100.125633	100.130569	100.135246
536	100.014626	100.000641	100.007233	100.011528	100.014221	100.019058	100.021255	100.025345	100.029198	100.031914	100.032677	100.038506	100.043884	100.048813	100.053581	100.058365	100.061676	100.064049	100.06546	100.071541	100.069878	100.073799	100.080582	100.076553	100.07489	100.081467	100.082481	100.086807	100.085892	100.091049	100.097366	100.092361	100.094627	100.09742	100.098	100.094452	100.100418	100.109314	100.1101	100.108147	100.11438	100.110329	100.115707	100.114731	100.120689	100.119675	100.119041	100.116661	100.112152	100.11911	100.12146	100.11969	100.120483	100.117386	100.12587	100.12767	100.126411	100.132385	100.125443	100.130844	100.133553
537	100.015747	100.000725	100.011017	100.014153	100.016655	100.023064	100.024139	100.029182	100.032654	100.035545	100.036797	100.040993	100.046669	100.050819	100.057266	100.061569	100.064919	100.067345	100.06884	100.073448	100.072609	100.075928	100.081787	100.079109	100.077248	100.083504	100.08445	100.087914	100.087341	100.092651	100.098717	100.095093	100.09626	100.097916	100.099121	100.09774	100.102409	100.109276	100.111649	100.10939	100.115463	100.112236	100.116364	100.116837	100.121689	100.120712	100.120331	100.117172	100.114098	100.12027	100.123581	100.12178	100.12233	100.119553	100.127373	100.128471	100.127388	100.132774	100.12735	100.130447	100.133743
538	100.016907	100.000343	100.015259	100.016853	100.019058	100.027573	100.027443	100.033607	100.036682	100.039467	100.041832	100.043739	100.049438	100.05307	100.061523	100.065186	100.068413	100.070999	100.07309	100.075577	100.075554	100.078407	100.082756	100.082275	100.080261	100.085876	100.08683	100.089218	100.089355	100.094284	100.100197	100.098587	100.098373	100.098396	100.100517	100.102219	100.104889	100.109039	100.113213	100.110863	100.116638	100.114784	100.117088	100.119308	100.122772	100.121567	100.121429	100.117615	100.116692	100.121704	100.126266	100.123962	100.124321	100.122368	100.128792	100.12928	100.128403	100.132942	100.129738	100.12989	100.134399
539	100.018021	99.999985	100.019363	100.019501	100.021408	100.03196	100.030624	100.037888	100.040604	100.043274	100.046715	100.046387	100.052139	100.055244	100.065651	100.068687	100.071808	100.074554	100.077187	100.077644	100.078407	100.080826	100.083687	100.085365	100.083176	100.088181	100.089142	100.090477	100.091301	100.095871	100.101616	100.101974	100.10041	100.098862	100.101868	100.106575	100.107285	100.10881	100.114738	100.112282	100.117783	100.117264	100.11779	100.121674	100.123825	100.122406	100.122498	100.118042	100.119209	100.123085	100.128853	100.126076	100.126266	100.125084	100.130165	100.130058	100.129387	100.13311	100.132057	100.129341	100.135025
540	100.018272	100.000748	100.022598	100.021484	100.023941	100.035217	100.033974	100.040779	100.042984	100.045631	100.049149	100.048866	100.054375	100.057373	100.067543	100.071373	100.073883	100.07666	100.079849	100.078491	100.079903	100.082054	100.084129	100.087059	100.084816	100.088753	100.090012	100.090874	100.092567	100.096634	100.101875	100.10334	100.100838	100.099709	100.102982	100.107643	100.108788	100.109505	100.114952	100.113144	100.118027	100.119125	100.11898	100.122498	100.123993	100.123215	100.123764	100.118912	100.120987	100.123955	100.129974	100.127205	100.127266	100.126663	100.130882	100.130615	100.13031	100.133339	100.132927	100.129486	100.135757
541	100.017509	100.002838	100.024834	100.022713	100.026688	100.037178	100.037476	100.042053	100.043594	100.046333	100.048721	100.051155	100.056061	100.059448	100.066849	100.073097	100.074455	100.077095	100.080856	100.077888	100.079857	100.081894	100.083969	100.087166	100.084976	100.087296	100.08918	100.09024	100.092995	100.096428	100.100777	100.102356	100.099358	100.100998	100.103821	100.104904	100.109222	100.111282	100.11364	100.113319	100.117256	100.120247	100.12075	100.121498	100.123131	100.123993	100.125267	100.120308	100.121895	100.124214	100.129341	100.127197	100.127159	100.126877	100.130783	100.130905	100.131119	100.133621	100.132111	100.130394	100.136589
542	100.016769	100.00489	100.027016	100.023911	100.029388	100.039101	100.040909	100.043312	100.044189	100.047028	100.048302	100.053383	100.057732	100.061478	100.0662	100.074768	100.07502	100.077522	100.081841	100.077347	100.079796	100.081757	100.083839	100.087273	100.085136	100.085876	100.088371	100.089645	100.093422	100.096252	100.099716	100.101402	100.097954	100.102272	100.104645	100.102249	100.10965	100.113007	100.112381	100.11351	100.116501	100.121346	100.122467	100.120544	100.122299	100.124763	100.12674	100.121651	100.122772	100.124466	100.128746	100.127197	100.127068	100.127098	100.130699	100.131203	100.131905	100.133911	100.13131	100.131294	100.137398
543	100.016335	100.006783	100.028885	100.024986	100.031731	100.040749	100.043739	100.044418	100.044739	100.047661	100.048042	100.055244	100.059258	100.063393	100.065903	100.076164	100.075706	100.077965	100.08271	100.077179	100.07988	100.081932	100.083839	100.087425	100.085136	100.084808	100.087799	100.089226	100.093994	100.096214	100.098892	100.100693	100.097038	100.10331	100.105324	100.100098	100.110092	100.114426	100.111427	100.113678	100.115944	100.122238	100.123825	100.119949	100.121811	100.125595	100.128105	100.122986	100.123444	100.124756	100.128365	100.127289	100.127121	100.127327	100.130653	100.131622	100.132584	100.134109	100.130806	100.132278	100.138199
544	100.018227	100.007942	100.028694	100.025139	100.031807	100.040627	100.042412	100.044632	100.044868	100.047981	100.04895	100.054588	100.060081	100.064896	100.068352	100.075615	100.077522	100.078522	100.083008	100.080048	100.080978	100.084564	100.084946	100.087997	100.0839	100.086174	100.088951	100.090149	100.095749	100.09726	100.099693	100.101944	100.099922	100.102699	100.105133	100.101532	100.110626	100.113785	100.112747	100.113808	100.116714	100.121712	100.122643	100.122154	100.123993	100.12722	100.128792	100.124443	100.122406	100.125298	100.12957	100.128212	100.128448	100.127701	100.130844	100.133095	100.132454	100.133751	100.132477	100.134048	100.138985
545	100.020065	100.009048	100.028503	100.025299	100.031891	100.040504	100.041115	100.044823	100.044998	100.048294	100.04982	100.053932	100.06089	100.066376	100.070747	100.075081	100.0793	100.079071	100.083282	100.082863	100.082054	100.087128	100.086037	100.088547	100.082687	100.087509	100.090073	100.091042	100.097466	100.098289	100.100471	100.103149	100.102722	100.102112	100.104942	100.102936	100.11116	100.113152	100.114044	100.113937	100.11747	100.121201	100.121483	100.124298	100.126137	100.128792	100.129471	100.12587	100.121391	100.125839	100.13076	100.129105	100.129738	100.128052	100.131035	100.134537	100.132332	100.133392	100.134109	100.13578	100.139748
546	100.021873	100.010147	100.02832	100.025436	100.03196	100.040398	100.039848	100.045013	100.045135	100.048592	100.050667	100.053299	100.061668	100.067818	100.073097	100.074554	100.081024	100.079605	100.083565	100.085594	100.083092	100.089645	100.087082	100.089096	100.08149	100.088821	100.091156	100.091919	100.099121	100.099274	100.101234	100.104332	100.105476	100.10154	100.104752	100.104294	100.111679	100.112534	100.115295	100.114075	100.118217	100.120697	100.120338	100.126396	100.128212	100.130333	100.130127	100.127258	100.120415	100.126358	100.13192	100.129974	100.130997	100.128403	100.131241	100.135956	100.132202	100.133049	100.135712	100.137482	100.140503
547	100.022209	100.008705	100.025894	100.023842	100.030121	100.03759	100.038017	100.042259	100.043777	100.047241	100.049294	100.051407	100.058342	100.064575	100.070824	100.071754	100.079086	100.078079	100.081528	100.083389	100.081238	100.086105	100.084175	100.085899	100.079933	100.087273	100.089714	100.090408	100.097122	100.096176	100.098732	100.101974	100.103615	100.099884	100.103554	100.103065	100.108871	100.110474	100.113365	100.112518	100.117279	100.118294	100.117981	100.123558	100.126122	100.127029	100.126862	100.124344	100.118782	100.125191	100.128624	100.126945	100.128326	100.126495	100.12915	100.133263	100.128922	100.132202	100.133011	100.135422	100.137756
548	100.022125	100.006569	100.022865	100.021782	100.027779	100.034042	100.036064	100.038704	100.042023	100.045456	100.047302	100.049187	100.053871	100.060043	100.067245	100.068352	100.076088	100.075981	100.078873	100.079765	100.078568	100.080887	100.080154	100.081657	100.078285	100.084938	100.087547	100.088242	100.094093	100.091957	100.095329	100.098625	100.100456	100.097969	100.102089	100.101112	100.105156	100.108025	100.110542	100.110535	100.115883	100.115395	100.115326	100.119331	100.122856	100.122391	100.122513	100.120224	100.116982	100.123558	100.124123	100.122833	100.124588	100.123962	100.126457	100.12944	100.124786	100.131226	100.129128	100.132301	100.134048
549	100.022018	100.004456	100.019882	100.019745	100.02549	100.030579	100.034142	100.035217	100.040291	100.043694	100.045334	100.047005	100.0495	100.055611	100.063751	100.065002	100.073158	100.073936	100.076256	100.07621	100.075974	100.075745	100.076233	100.077507	100.07666	100.082649	100.085426	100.086105	100.09111	100.087822	100.091995	100.095345	100.097359	100.096092	100.100662	100.099197	100.101517	100.105629	100.10778	100.108566	100.114502	100.112534	100.112701	100.115189	100.119675	100.117828	100.11824	100.116196	100.115219	100.121948	100.11969	100.11879	100.120903	100.121483	100.123802	100.125671	100.120735	100.130272	100.125313	100.129234	100.130424
550	100.022018	100.003777	100.017059	100.018295	100.023415	100.028038	100.033356	100.03315	100.038437	100.042114	100.04332	100.045334	100.047661	100.05275	100.061562	100.063133	100.070343	100.072548	100.074478	100.073647	100.073936	100.07312	100.074242	100.075363	100.075386	100.081512	100.084595	100.084541	100.089005	100.085976	100.090218	100.093636	100.095795	100.095352	100.099388	100.097801	100.099541	100.103935	100.105682	100.106895	100.113007	100.110756	100.111008	100.112854	100.116539	100.114975	100.115456	100.113808	100.113426	100.120285	100.117401	100.116241	100.118065	100.11927	100.121758	100.123047	100.118622	100.129089	100.122543	100.126579	100.128784
551	100.022125	100.004944	100.014351	100.017586	100.021637	100.026703	100.034042	100.032898	100.036369	100.040756	100.041176	100.044289	100.049103	100.051918	100.06105	100.06311	100.067642	100.072014	100.073769	100.07235	100.072586	100.07373	100.074753	100.075768	100.074509	100.081909	100.085365	100.083672	100.08799	100.087082	100.090431	100.093971	100.096222	100.096092	100.098289	100.097069	100.099709	100.103165	100.104454	100.10556	100.111343	100.110329	100.110497	100.112846	100.113441	100.114288	100.114532	100.113556	100.111618	100.118492	100.117851	100.11557	100.116264	100.117371	100.120499	100.121857	100.119003	100.127617	100.121071	100.12442	100.1297
552	100.022247	100.006081	100.011719	100.016876	100.019882	100.025391	100.034729	100.032654	100.034348	100.039421	100.039085	100.043259	100.050507	100.051102	100.060562	100.06311	100.065002	100.071503	100.073067	100.071075	100.071274	100.074326	100.075256	100.076187	100.073669	100.082291	100.086143	100.082825	100.08699	100.088188	100.09066	100.094307	100.096657	100.096832	100.097229	100.096359	100.099876	100.102386	100.103249	100.104271	100.109711	100.109924	100.110008	100.112831	100.110397	100.113609	100.113632	100.113319	100.10984	100.116745	100.118301	100.114906	100.114502	100.115524	100.11927	100.120689	100.1194	100.126183	100.119629	100.122299	100.130608
553	100.022125	100.006744	100.009178	100.015877	100.018051	100.023911	100.03492	100.032104	100.032219	100.037811	100.03698	100.041962	100.051308	100.050056	100.059715	100.062653	100.062347	100.070526	100.072052	100.06955	100.069771	100.074455	100.075325	100.076294	100.07267	100.082222	100.086365	100.08168	100.085709	100.088821	100.090622	100.094238	100.096512	100.097061	100.095871	100.095345	100.099632	100.101295	100.101837	100.102768	100.107918	100.109146	100.109207	100.112427	100.107384	100.112579	100.112465	100.112617	100.107864	100.1147	100.118187	100.113976	100.112625	100.113472	100.117699	100.119186	100.119331	100.124428	100.117889	100.120041	100.130913
554	100.019646	100.002647	100.007248	100.011505	100.014877	100.020561	100.030075	100.028267	100.028633	100.032982	100.034439	100.037491	100.045845	100.04641	100.055084	100.057625	100.059036	100.064636	100.067497	100.065292	100.065933	100.069786	100.070824	100.073311	100.069878	100.07753	100.080978	100.077164	100.081291	100.084831	100.087952	100.090004	100.090538	100.092125	100.091148	100.091171	100.095245	100.096581	100.098076	100.098885	100.104187	100.104607	100.105217	100.107788	100.103905	100.107727	100.108253	100.106979	100.103439	100.10939	100.112114	100.110054	100.109245	100.109085	100.112473	100.11393	100.114616	100.119331	100.112785	100.116028	100.125206
555	100.017204	99.998604	100.005356	100.00721	100.011765	100.017258	100.025322	100.024483	100.025108	100.028229	100.031921	100.033081	100.040474	100.042816	100.050545	100.052681	100.055779	100.05883	100.063026	100.061104	100.062157	100.065186	100.066414	100.070381	100.067154	100.072922	100.075676	100.072716	100.076965	100.08091	100.08532	100.085846	100.084663	100.08725	100.08651	100.087044	100.090935	100.091957	100.094368	100.09507	100.100517	100.100136	100.10128	100.103249	100.100479	100.102959	100.104103	100.101448	100.099075	100.104164	100.106155	100.106201	100.105919	100.104774	100.107323	100.108742	100.109985	100.114296	100.107742	100.112068	100.119576
556	100.014809	99.994629	100.003479	100.002983	100.00869	100.014008	100.020645	100.020775	100.021622	100.023567	100.029465	100.028755	100.035179	100.039291	100.046074	100.047813	100.052574	100.053116	100.058617	100.056992	100.058449	100.060638	100.062057	100.067505	100.064468	100.068375	100.070465	100.068344	100.072685	100.077042	100.082733	100.081741	100.07888	100.082458	100.081947	100.083008	100.086685	100.087402	100.090729	100.091301	100.096909	100.095734	100.09742	100.098763	100.097122	100.098267	100.100029	100.096001	100.094795	100.099014	100.100288	100.102402	100.102638	100.100533	100.102272	100.103638	100.105415	100.109337	100.102791	100.10817	100.114044
557	100.015213	99.995583	100.002686	100.003601	100.008438	100.013527	100.019432	100.020134	100.021004	100.023285	100.028229	100.028076	100.03389	100.03878	100.045052	100.047264	100.051208	100.051895	100.057564	100.056412	100.059235	100.060364	100.061905	100.06572	100.064087	100.067711	100.070274	100.067566	100.072838	100.075638	100.082085	100.080444	100.078857	100.081718	100.08197	100.082375	100.086006	100.0868	100.089432	100.090073	100.09613	100.094048	100.096474	100.098	100.097893	100.098351	100.100311	100.094666	100.093826	100.098267	100.09948	100.101639	100.10141	100.09967	100.10173	100.103699	100.104485	100.107979	100.102676	100.10775	100.11264
558	100.016556	99.998169	100.002266	100.005829	100.009132	100.013969	100.019371	100.020538	100.021339	100.02446	100.02742	100.028633	100.033951	100.039291	100.045189	100.048172	100.050476	100.052177	100.05764	100.057007	100.061539	100.061485	100.063171	100.064323	100.064491	100.068329	100.071762	100.068008	100.074478	100.075081	100.0821	100.080086	100.08075	100.082314	100.083504	100.082886	100.086533	100.087502	100.088928	100.089706	100.096306	100.093269	100.096527	100.098488	100.100052	100.100014	100.102043	100.094727	100.093971	100.099007	100.100365	100.101891	100.100883	100.09996	100.102707	100.105461	100.104774	100.107834	100.104179	100.10849	100.112617
559	100.017868	100.000717	100.001846	100.008034	100.009811	100.014404	100.01931	100.02092	100.02166	100.025604	100.026596	100.029182	100.033997	100.03978	100.045326	100.049057	100.049736	100.052437	100.057709	100.057587	100.063797	100.062607	100.064407	100.062927	100.064896	100.068939	100.073227	100.068436	100.076088	100.074516	100.0821	100.079727	100.082603	100.082909	100.085022	100.083397	100.087044	100.088181	100.088432	100.089333	100.096474	100.092506	100.096558	100.098969	100.102173	100.101662	100.10376	100.094772	100.094101	100.099709	100.101219	100.102127	100.100349	100.100235	100.103668	100.107193	100.105049	100.107681	100.105667	100.109222	100.112579
560	100.018333	100.001633	100.001488	100.008163	100.009743	100.014137	100.019135	100.020622	100.021889	100.025833	100.025627	100.028839	100.03389	100.039352	100.044945	100.048935	100.048676	100.052765	100.057541	100.057671	100.06366	100.06263	100.064384	100.061646	100.064682	100.068535	100.073051	100.068451	100.076553	100.073776	100.081299	100.079071	100.083244	100.083305	100.085449	100.082947	100.086639	100.088051	100.087929	100.089249	100.096008	100.091873	100.095985	100.098549	100.102364	100.101974	100.103378	100.094452	100.093544	100.099014	100.100685	100.101807	100.099968	100.100304	100.103737	100.107407	100.104645	100.107231	100.10582	100.109329	100.111366
561	100.017532	100.000168	100.001213	100.005295	100.008568	100.01284	100.018753	100.01931	100.021935	100.024673	100.024391	100.027214	100.033531	100.037552	100.0438	100.047318	100.047089	100.053154	100.057007	100.057007	100.060036	100.061073	100.062546	100.060478	100.063583	100.066612	100.07045	100.067856	100.075401	100.072754	100.079346	100.077972	100.082108	100.083412	100.084282	100.081078	100.084877	100.0867	100.087402	100.089561	100.094589	100.091431	100.094521	100.096832	100.099754	100.100365	100.09996	100.093567	100.091957	100.09626	100.098106	100.100685	100.09977	100.100037	100.102509	100.105392	100.103249	100.1063	100.104057	100.108505	100.108383
562	100.016747	99.998726	100.000938	100.002441	100.007423	100.011551	100.018379	100.018013	100.02198	100.023529	100.023178	100.02562	100.033173	100.035789	100.042679	100.045715	100.045525	100.053551	100.05648	100.056351	100.056458	100.059532	100.060738	100.059334	100.0625	100.064728	100.067886	100.067261	100.074234	100.071739	100.0774	100.076881	100.080994	100.083519	100.083122	100.079224	100.083138	100.085365	100.086891	100.089859	100.093185	100.090996	100.093056	100.095131	100.097153	100.098763	100.096581	100.092697	100.090385	100.093544	100.095558	100.099548	100.099564	100.099792	100.101295	100.103401	100.101875	100.105377	100.102318	100.107704	100.105431
563	100.016151	99.997452	100.000748	99.999855	100.006393	100.010529	100.018105	100.016907	100.022079	100.022507	100.022171	100.024246	100.032936	100.034264	100.041687	100.044319	100.044189	100.05394	100.05603	100.05587	100.05323	100.058159	100.05925	100.058434	100.061462	100.063049	100.065598	100.066795	100.073151	100.070892	100.075737	100.075958	100.08004	100.083672	100.082039	100.077606	100.081596	100.084183	100.086365	100.090172	100.09198	100.090706	100.091698	100.093582	100.094772	100.09729	100.093567	100.091949	100.089012	100.091103	100.093254	100.098526	100.099358	100.099564	100.100136	100.101639	100.100693	100.104523	100.100731	100.106941	100.102829
564	100.018227	99.998497	100.00174	100.000343	100.006989	100.013115	100.019333	100.018394	100.022652	100.023094	100.02433	100.026001	100.034439	100.036095	100.042641	100.045563	100.046051	100.05426	100.056313	100.057831	100.054764	100.059143	100.062218	100.061127	100.060905	100.064346	100.067177	100.067795	100.072838	100.072083	100.077843	100.077499	100.081268	100.084625	100.081841	100.078949	100.082741	100.084732	100.085678	100.090492	100.093353	100.092712	100.091385	100.093987	100.094856	100.097191	100.095245	100.092827	100.090195	100.092354	100.094101	100.098648	100.098991	100.099625	100.099655	100.102806	100.102234	100.104431	100.10141	100.106689	100.104996
565	100.020264	99.999542	100.002716	100.000847	100.007568	100.015678	100.020538	100.019875	100.023232	100.023666	100.026474	100.027756	100.035942	100.037918	100.043571	100.046799	100.047897	100.054611	100.056625	100.059769	100.056282	100.060127	100.06517	100.063812	100.060341	100.065636	100.068726	100.068817	100.072525	100.073288	100.079941	100.079033	100.082489	100.085579	100.081635	100.080284	100.083885	100.085297	100.084984	100.090813	100.094727	100.094711	100.091103	100.094391	100.094963	100.097084	100.096909	100.093712	100.091377	100.093605	100.094948	100.098778	100.098625	100.099693	100.099182	100.103973	100.10376	100.104347	100.102089	100.10643	100.107155
566	100.022293	100.000572	100.00367	100.00132	100.008141	100.018204	100.021744	100.021324	100.023804	100.024239	100.028587	100.029465	100.037422	100.039719	100.044487	100.048019	100.049721	100.054932	100.056908	100.061676	100.05777	100.061096	100.068077	100.066437	100.059799	100.06691	100.070251	100.069809	100.07222	100.074455	100.082001	100.080536	100.083694	100.08651	100.081429	100.081612	100.085007	100.085854	100.084305	100.091133	100.096069	100.096664	100.09079	100.09478	100.095047	100.096977	100.098564	100.094566	100.092522	100.094818	100.095787	100.098892	100.098251	100.09977	100.098709	100.10511	100.105263	100.104248	100.10276	100.106178	100.109276
567	100.021469	100.001549	100.003944	100.001488	100.008263	100.018585	100.020859	100.021614	100.02346	100.024948	100.028717	100.030876	100.036285	100.039696	100.044563	100.047508	100.050285	100.055611	100.056053	100.061951	100.057777	100.06089	100.067093	100.066086	100.059891	100.067207	100.069344	100.069389	100.072159	100.074852	100.081017	100.08004	100.082802	100.08564	100.081383	100.08181	100.084412	100.085533	100.0849	100.089905	100.094818	100.096222	100.090385	100.094238	100.095367	100.096062	100.098511	100.09391	100.092613	100.094749	100.096428	100.097748	100.09774	100.099014	100.098846	100.104034	100.104759	100.104538	100.102638	100.105873	100.109756
568	100.019562	100.002502	100.003944	100.001541	100.008186	100.018143	100.019196	100.021431	100.022758	100.025726	100.028076	100.032166	100.034157	100.038979	100.044312	100.046349	100.050369	100.056419	100.054741	100.061584	100.057205	100.060257	100.064621	100.06459	100.060211	100.067116	100.067497	100.068436	100.072166	100.074936	100.078857	100.078789	100.0811	100.084076	100.081383	100.081589	100.083145	100.084877	100.085983	100.088097	100.092567	100.094864	100.089943	100.093315	100.095764	100.094818	100.097824	100.092659	100.092278	100.094177	100.097	100.09613	100.097153	100.097931	100.099197	100.102104	100.103485	100.104973	100.102211	100.105522	100.109566
569	100.017677	100.003456	100.003944	100.001572	100.008118	100.0177	100.017525	100.021255	100.022064	100.026489	100.027428	100.033424	100.032059	100.038269	100.044044	100.045189	100.050423	100.05722	100.053452	100.061226	100.056633	100.059616	100.06218	100.063095	100.060547	100.067032	100.065659	100.067482	100.072189	100.07502	100.076721	100.077522	100.079407	100.08252	100.081383	100.08136	100.081909	100.084236	100.087059	100.086296	100.090347	100.093521	100.0895	100.092407	100.096153	100.093605	100.097145	100.091423	100.091957	100.093628	100.097565	100.094521	100.096581	100.096878	100.099548	100.100182	100.102219	100.105408	100.101791	100.105194	100.109398
570	100.016426	100.003883	100.004288	100.00135	100.007774	100.016998	100.016693	100.020721	100.021217	100.026634	100.026367	100.033043	100.030861	100.037445	100.043228	100.044106	100.049911	100.056519	100.052704	100.060272	100.056053	100.058998	100.060417	100.062035	100.060234	100.066422	100.064445	100.066689	100.071564	100.074219	100.075279	100.076385	100.078026	100.081406	100.081108	100.080696	100.080345	100.083481	100.086639	100.084976	100.088715	100.09227	100.088928	100.091957	100.095161	100.092735	100.095787	100.08992	100.090935	100.092697	100.097427	100.093399	100.096046	100.095894	100.09922	100.098846	100.100662	100.104614	100.100662	100.104439	100.108131
571	100.01619	100.003471	100.005188	100.000694	100.006973	100.015831	100.017151	100.019585	100.020096	100.025764	100.02459	100.029991	100.031128	100.03643	100.041458	100.043121	100.048424	100.053383	100.052811	100.058342	100.055443	100.05838	100.059769	100.06163	100.058891	100.064957	100.064178	100.066116	100.069878	100.072006	100.074936	100.075401	100.077103	100.080978	100.08036	100.0793	100.07827	100.08255	100.083839	100.084412	100.088051	100.091148	100.08812	100.092247	100.091919	100.092422	100.093307	100.08799	100.088737	100.091171	100.096169	100.093056	100.095604	100.095009	100.097763	100.098442	100.098587	100.101875	100.098358	100.102997	100.105141
572	100.015953	100.003067	100.006065	100.000038	100.006172	100.014671	100.017616	100.018463	100.018967	100.024879	100.022827	100.026955	100.031372	100.035416	100.039711	100.04213	100.046936	100.050262	100.052917	100.056419	100.054848	100.05777	100.059128	100.061211	100.057541	100.063477	100.063911	100.065544	100.068192	100.069786	100.074577	100.074425	100.076187	100.080551	100.079605	100.077888	100.07621	100.081612	100.081047	100.083839	100.087372	100.090027	100.087318	100.092529	100.088707	100.092102	100.090828	100.08606	100.086555	100.089661	100.094902	100.092712	100.095139	100.094131	100.096336	100.098022	100.096512	100.099144	100.096069	100.101562	100.102142
573	100.01577	100.00267	100.006844	99.999451	100.005386	100.013611	100.018051	100.017372	100.017952	100.024048	100.021172	100.024117	100.031647	100.034485	100.038078	100.041214	100.04554	100.047302	100.053001	100.054573	100.054276	100.057182	100.058517	100.060806	100.056229	100.062073	100.06366	100.065018	100.066589	100.067688	100.074234	100.073494	100.075294	100.080086	100.078842	100.076546	100.074257	100.080681	100.078438	100.083313	100.086739	100.088921	100.086571	100.092712	100.085686	100.091782	100.088486	100.084267	100.08448	100.088272	100.093689	100.0924	100.094734	100.093254	100.09494	100.09761	100.094559	100.096573	100.09391	100.100197	100.099312
574	100.016739	100.002731	100.005104	100.000343	100.004875	100.014709	100.017822	100.016548	100.019646	100.023857	100.022125	100.025879	100.032425	100.035431	100.038925	100.041664	100.046005	100.047935	100.052521	100.053909	100.054512	100.057343	100.05864	100.059875	100.055573	100.061737	100.063446	100.065521	100.066666	100.068199	100.074089	100.073601	100.074471	100.078514	100.077347	100.075951	100.074707	100.079475	100.079681	100.083588	100.087181	100.087646	100.087036	100.090614	100.087128	100.091293	100.089005	100.085381	100.084831	100.089821	100.093117	100.093079	100.095276	100.092087	100.094482	100.097099	100.094902	100.097404	100.09465	100.099876	100.09996
575	100.0177	100.0028	100.003387	100.001236	100.004372	100.015808	100.017593	100.015732	100.021317	100.023651	100.023079	100.027641	100.033203	100.036369	100.03978	100.042114	100.046471	100.048553	100.052048	100.053261	100.054756	100.057495	100.058762	100.05896	100.054916	100.061417	100.06324	100.066017	100.066742	100.068726	100.073944	100.073708	100.073662	100.07695	100.075867	100.075356	100.075165	100.078285	100.08091	100.083878	100.087616	100.08638	100.087502	100.088516	100.088562	100.09079	100.089516	100.086502	100.085175	100.091377	100.092545	100.09375	100.09581	100.090919	100.094048	100.096581	100.095245	100.098244	100.09539	100.099564	100.100616
576	100.018669	100.002861	100.001671	100.002121	100.00386	100.016891	100.017372	100.014915	100.02298	100.02346	100.024017	100.029388	100.033966	100.0373	100.040611	100.042557	100.046921	100.049171	100.051567	100.052605	100.054977	100.057648	100.058891	100.058052	100.05426	100.061081	100.063026	100.066521	100.066818	100.069237	100.073799	100.073814	100.072845	100.075386	100.074371	100.074753	100.0756	100.077095	100.082123	100.084152	100.088051	100.085114	100.087967	100.086426	100.089981	100.090302	100.090012	100.087608	100.085518	100.092911	100.09198	100.094414	100.096344	100.089775	100.09359	100.096085	100.095581	100.09906	100.096115	100.099243	100.101257
577	100.017616	100.001678	100.001183	100.002647	100.00386	100.016212	100.017838	100.014771	100.022484	100.02314	100.023994	100.028992	100.033165	100.037193	100.040771	100.042175	100.04612	100.050201	100.05088	100.051727	100.054535	100.057098	100.058792	100.057617	100.053719	100.060478	100.063705	100.066032	100.066307	100.067863	100.071846	100.072899	100.07206	100.07515	100.07383	100.073776	100.076187	100.076805	100.081017	100.082901	100.087425	100.085342	100.087212	100.084816	100.089874	100.089622	100.089554	100.0877	100.084755	100.091812	100.091301	100.092888	100.095222	100.08876	100.092125	100.09465	100.094559	100.098022	100.095787	100.098312	100.100883
578	100.015724	99.999962	100.001228	100.003006	100.004074	100.014755	100.018585	100.014915	100.021042	100.022743	100.023567	100.027657	100.031677	100.036621	100.040611	100.041428	100.044777	100.051414	100.050095	100.050735	100.053787	100.056244	100.058601	100.057373	100.053215	100.059746	100.064758	100.065125	100.065529	100.065659	100.069107	100.071564	100.071289	100.075493	100.073685	100.072632	100.07682	100.076935	100.078896	100.080994	100.086357	100.086235	100.085937	100.083435	100.089111	100.08886	100.088707	100.087357	100.083519	100.089561	100.090584	100.090424	100.093399	100.08783	100.090233	100.092819	100.092949	100.096191	100.094986	100.097107	100.100075
579	100.013824	99.998245	100.001274	100.003372	100.00428	100.013306	100.019333	100.015053	100.0196	100.022362	100.023125	100.026321	100.030197	100.036064	100.040459	100.040688	100.043442	100.05262	100.049301	100.049767	100.053047	100.055405	100.058426	100.057137	100.052727	100.059006	100.065819	100.064217	100.064766	100.063477	100.06636	100.070229	100.070511	100.075844	100.07354	100.07148	100.077461	100.077057	100.076782	100.079094	100.085274	100.08712	100.084663	100.082039	100.088348	100.088104	100.087845	100.087013	100.082268	100.087334	100.089874	100.087967	100.091568	100.086906	100.088333	100.090996	100.091339	100.094353	100.094177	100.095917	100.099266
580	100.013542	99.99794	100.00206	100.00383	100.005341	100.01339	100.020309	100.016045	100.019791	100.023422	100.023735	100.026405	100.03035	100.036453	100.041306	100.041534	100.043884	100.053772	100.049767	100.050354	100.053169	100.05555	100.05883	100.05748	100.053337	100.059067	100.066757	100.064018	100.065109	100.063072	100.065872	100.070061	100.070892	100.076202	100.073944	100.071487	100.078262	100.077568	100.076118	100.078308	100.085678	100.087753	100.084816	100.082245	100.087952	100.088455	100.087692	100.08699	100.082245	100.0868	100.08979	100.087059	100.090981	100.086853	100.087753	100.090385	100.090881	100.093719	100.094292	100.095428	100.09903
581	100.016167	100.000214	100.004196	100.004494	100.007965	100.016296	100.021721	100.018608	100.02298	100.027145	100.02626	100.029076	100.033501	100.038597	100.043991	100.045288	100.047592	100.054886	100.052513	100.053802	100.054863	100.05751	100.060341	100.058876	100.055984	100.060562	100.067497	100.06514	100.067474	100.065956	100.069489	100.072075	100.073418	100.076607	100.07534	100.073601	100.079391	100.078796	100.078133	100.079559	100.088814	100.087914	100.087585	100.085381	100.088242	100.090836	100.088837	100.087585	100.08445	100.089355	100.090858	100.088989	100.092628	100.08844	100.089523	100.091995	100.092522	100.095284	100.096107	100.096214	100.099854
582	100.018799	100.002495	100.006317	100.00515	100.010559	100.019196	100.023117	100.021156	100.026169	100.030861	100.028778	100.031731	100.036659	100.040749	100.046669	100.049034	100.051285	100.055984	100.055252	100.057259	100.056541	100.059464	100.061859	100.060257	100.058624	100.06205	100.068245	100.066254	100.069832	100.068832	100.073097	100.074097	100.075951	100.076996	100.076744	100.075722	100.080528	100.080017	100.080147	100.080811	100.091934	100.088081	100.09034	100.088516	100.088539	100.093231	100.089966	100.088158	100.086639	100.091919	100.091934	100.090919	100.094292	100.090027	100.091316	100.093605	100.094139	100.096832	100.097893	100.097015	100.100662
583	100.021362	100.004723	100.008415	100.005783	100.013123	100.022018	100.024475	100.023674	100.029289	100.0345	100.031242	100.034348	100.039734	100.042847	100.049294	100.052711	100.054909	100.057053	100.057938	100.060631	100.058189	100.061378	100.063339	100.06163	100.061211	100.063492	100.068954	100.067329	100.072144	100.071648	100.07663	100.076057	100.078415	100.07737	100.078117	100.077774	100.081596	100.081215	100.0821	100.082039	100.094986	100.088242	100.093033	100.091576	100.088814	100.095543	100.091103	100.088715	100.088814	100.094437	100.092957	100.092819	100.095894	100.091576	100.09304	100.095177	100.095734	100.098373	100.099648	100.097778	100.101456
584	100.018761	100.003792	100.008842	100.005104	100.011551	100.020088	100.023033	100.024117	100.027718	100.031509	100.029991	100.032463	100.038162	100.040771	100.048737	100.050941	100.052498	100.055984	100.055901	100.058319	100.056755	100.060692	100.062271	100.061127	100.060181	100.062332	100.066544	100.065926	100.070831	100.069168	100.074196	100.074112	100.075958	100.075981	100.077232	100.076126	100.078514	100.079659	100.080826	100.081825	100.091698	100.087143	100.09079	100.090752	100.088158	100.092232	100.090683	100.086914	100.088135	100.093315	100.090858	100.092949	100.093208	100.090286	100.091431	100.094475	100.093613	100.097809	100.097702	100.096199	100.10041
585	100.016167	100.002861	100.009285	100.00441	100.009987	100.018143	100.021576	100.024544	100.026154	100.028519	100.02874	100.030563	100.036598	100.038704	100.048149	100.049171	100.050102	100.054916	100.053856	100.056007	100.055336	100.059982	100.061211	100.060631	100.059143	100.06118	100.064133	100.064514	100.069534	100.066689	100.071762	100.072166	100.073502	100.0746	100.076378	100.074471	100.075409	100.07811	100.079536	100.081619	100.088409	100.086044	100.088562	100.089943	100.087502	100.088921	100.090286	100.085114	100.087448	100.092209	100.088776	100.093079	100.09053	100.089005	100.089836	100.093773	100.091492	100.097252	100.095749	100.09462	100.099373
586	100.01358	100.001945	100.009712	100.003731	100.00843	100.016212	100.020134	100.024986	100.024582	100.025543	100.027504	100.028679	100.035027	100.036659	100.047592	100.047409	100.047707	100.053871	100.051819	100.053719	100.053909	100.059303	100.06015	100.060127	100.058105	100.06002	100.061737	100.063118	100.068222	100.064209	100.069336	100.070236	100.07106	100.073227	100.075508	100.072823	100.072334	100.076553	100.078262	100.081406	100.085129	100.084961	100.086319	100.089119	100.086853	100.085617	100.089882	100.083313	100.086784	100.091087	100.086685	100.093208	100.08786	100.087723	100.088242	100.093079	100.089386	100.096703	100.093819	100.09304	100.098328
587	100.013115	100.001785	100.009476	100.004089	100.007523	100.015831	100.019669	100.024506	100.024048	100.024506	100.027359	100.028503	100.034561	100.03598	100.047012	100.0466	100.04718	100.052734	100.051376	100.053497	100.052849	100.058701	100.060127	100.059685	100.057579	100.05957	100.061264	100.062836	100.066635	100.064552	100.069008	100.069977	100.070404	100.073265	100.075211	100.072792	100.072441	100.075851	100.077866	100.081398	100.084129	100.083694	100.085625	100.087509	100.085983	100.085152	100.088951	100.082359	100.086082	100.089935	100.086304	100.091743	100.087234	100.087189	100.087799	100.091759	100.089012	100.095367	100.092674	100.091972	100.097679
588	100.013718	100.002037	100.008904	100.004982	100.006935	100.016212	100.019684	100.023613	100.02401	100.02446	100.027779	100.02916	100.03463	100.03598	100.046448	100.04628	100.047577	100.051582	100.051704	100.054321	100.051949	100.058159	100.060616	100.059273	100.057304	100.059464	100.061752	100.063095	100.064896	100.066284	100.069717	100.070534	100.070656	100.074005	100.075188	100.073555	100.074127	100.075592	100.077927	100.081482	100.084259	100.082336	100.085686	100.085518	100.084999	100.08609	100.087776	100.08181	100.085365	100.088753	100.086784	100.089493	100.087646	100.087036	100.087929	100.090134	100.089523	100.093651	100.091934	100.091156	100.097252
589	100.01432	100.002289	100.008324	100.005867	100.006363	100.016594	100.019707	100.022697	100.023987	100.024399	100.028183	100.029816	100.034714	100.03598	100.04586	100.045944	100.047981	100.050415	100.052032	100.055145	100.051056	100.057617	100.061096	100.058838	100.057014	100.059357	100.062241	100.063362	100.063156	100.068024	100.070427	100.071098	100.070892	100.074745	100.075172	100.074318	100.075821	100.075325	100.077972	100.081551	100.084389	100.080978	100.085747	100.083527	100.084007	100.087021	100.086578	100.081253	100.084641	100.087563	100.087265	100.087227	100.088051	100.086884	100.088058	100.088516	100.090027	100.091934	100.091194	100.090347	100.096802
590	100.014877	100.002159	100.007332	100.006119	100.005974	100.016663	100.019302	100.021957	100.023773	100.024323	100.027893	100.030159	100.034653	100.035774	100.045166	100.04541	100.047974	100.04953	100.052429	100.055275	100.050629	100.056633	100.06089	100.058388	100.056839	100.059448	100.062576	100.062813	100.062302	100.068855	100.070587	100.070953	100.070908	100.075027	100.075089	100.074173	100.076401	100.075089	100.077591	100.080956	100.084213	100.08049	100.085709	100.082336	100.08297	100.08744	100.086082	100.080956	100.083839	100.086617	100.087143	100.085709	100.087753	100.08625	100.088058	100.087776	100.089432	100.090622	100.090637	100.089989	100.096214
591	100.015381	100.001251	100.00547	100.005081	100.005981	100.016106	100.018036	100.021553	100.023178	100.024162	100.026192	100.029846	100.034355	100.035133	100.04425	100.044464	100.047096	100.049171	100.05294	100.054016	100.051178	100.054787	100.059258	100.057892	100.056816	100.059959	100.062599	100.06057	100.063255	100.067833	100.069603	100.069344	100.070427	100.074425	100.07489	100.072159	100.074707	100.07486	100.076294	100.078926	100.083389	100.081787	100.085487	100.082794	100.081848	100.086746	100.086952	100.081215	100.082863	100.086143	100.085762	100.085724	100.085999	100.084648	100.087761	100.088814	100.086555	100.090157	100.090469	100.090614	100.095345
592	100.015877	100.000359	100.003624	100.004028	100.005997	100.015556	100.016769	100.021149	100.022575	100.024017	100.024475	100.029541	100.034058	100.034485	100.043335	100.04351	100.046242	100.048843	100.053467	100.052734	100.051712	100.052933	100.057625	100.057388	100.056801	100.060478	100.062622	100.058327	100.064217	100.066818	100.068649	100.067734	100.069954	100.073799	100.074699	100.070129	100.073013	100.074638	100.074997	100.076889	100.082573	100.083115	100.085258	100.083244	100.080727	100.08606	100.08783	100.081482	100.081894	100.085663	100.084373	100.085747	100.084259	100.083038	100.087479	100.089874	100.083672	100.089691	100.090302	100.091217	100.094475
593	100.01638	99.999443	100.001755	100.002983	100.006012	100.014984	100.015495	100.020752	100.02198	100.023865	100.022743	100.029221	100.033745	100.033844	100.042404	100.042572	100.045357	100.048485	100.053993	100.05146	100.052246	100.051056	100.055992	100.056877	100.056793	100.060974	100.06263	100.056076	100.06517	100.065781	100.067665	100.066116	100.069473	100.073181	100.074493	100.068092	100.071297	100.074409	100.073685	100.074852	100.081741	100.084427	100.08503	100.083694	100.079605	100.085365	100.088715	100.081726	100.080917	100.08519	100.082985	100.085762	100.082489	100.081429	100.087166	100.090935	100.080788	100.089226	100.090118	100.091843	100.09359
594	100.015511	99.998817	100.002586	100.001816	100.006851	100.014862	100.015366	100.020157	100.020645	100.02459	100.023605	100.027969	100.031784	100.033829	100.04203	100.042084	100.045441	100.048508	100.050858	100.051842	100.051208	100.051201	100.05468	100.055626	100.055313	100.058701	100.060913	100.055931	100.064835	100.064049	100.067123	100.065041	100.068375	100.071884	100.073669	100.067123	100.070557	100.073288	100.074242	100.073647	100.080017	100.082886	100.083389	100.081741	100.078789	100.083054	100.085762	100.079643	100.079407	100.08416	100.081726	100.084427	100.081406	100.080429	100.086555	100.088501	100.081375	100.088966	100.087402	100.089516	100.093033
595	100.014626	99.998192	100.003471	100.000618	100.007721	100.014748	100.015244	100.019562	100.019287	100.02533	100.024506	100.02668	100.029755	100.033829	100.041664	100.04158	100.04554	100.048538	100.047638	100.052261	100.05014	100.051353	100.053368	100.054337	100.05381	100.056366	100.059151	100.055824	100.064484	100.062309	100.066582	100.063965	100.067268	100.070557	100.072815	100.066147	100.069832	100.072144	100.074852	100.072464	100.078247	100.081276	100.081703	100.079742	100.077965	100.080704	100.082733	100.077507	100.077858	100.083099	100.080475	100.083038	100.080322	100.079437	100.085922	100.085999	100.082031	100.088692	100.084641	100.087105	100.092445
596	100.013733	99.997559	100.004349	99.999428	100.008606	100.014626	100.015129	100.018967	100.017914	100.026062	100.025414	100.025383	100.027725	100.033829	100.04129	100.041092	100.045631	100.048576	100.044403	100.052681	100.049057	100.051521	100.052055	100.05304	100.052284	100.054001	100.057388	100.05571	100.064125	100.060547	100.066032	100.062881	100.066147	100.069221	100.071968	100.06517	100.069092	100.070992	100.075447	100.071266	100.076469	100.079666	100.080025	100.077713	100.077126	100.078346	100.079681	100.075356	100.076309	100.082039	100.079201	100.081657	100.079216	100.078438	100.085297	100.083481	100.082687	100.088432	100.081841	100.084702	100.091873
597	100.01403	99.998817	100.005081	99.999878	100.008301	100.014748	100.015198	100.019249	100.018166	100.025833	100.025261	100.025452	100.027763	100.033844	100.041069	100.040436	100.045486	100.048294	100.044128	100.052895	100.049065	100.05233	100.052536	100.053047	100.051834	100.053802	100.057243	100.05574	100.064087	100.060593	100.066284	100.063171	100.066017	100.069595	100.071693	100.06601	100.069511	100.071213	100.076126	100.071968	100.076744	100.079308	100.07962	100.07827	100.078262	100.078308	100.079224	100.075447	100.076759	100.081978	100.07962	100.081757	100.080132	100.078949	100.084892	100.084015	100.083374	100.088188	100.081039	100.084747	100.09227
598	100.015007	100.001144	100.005722	100.001266	100.007332	100.015022	100.015404	100.02005	100.019371	100.025085	100.024498	100.026299	100.028976	100.033882	100.040939	100.039696	100.045227	100.047836	100.045517	100.052986	100.049698	100.053497	100.054039	100.05381	100.051971	100.05481	100.058044	100.055885	100.06424	100.061653	100.066994	100.064217	100.06646	100.07093	100.071754	100.067841	100.070595	100.072227	100.076851	100.073769	100.078186	100.079689	100.079941	100.080276	100.080513	100.079575	100.080254	100.076805	100.078346	100.082489	100.081001	100.082695	100.082191	100.080338	100.084618	100.086304	100.084076	100.087975	100.08136	100.086197	100.093231
599	100.015984	100.003502	100.006393	100.002655	100.006355	100.015297	100.015602	100.020851	100.020561	100.024323	100.023735	100.027153	100.030197	100.033913	100.040802	100.038956	100.044968	100.047371	100.046921	100.053085	100.050339	100.05468	100.05555	100.054565	100.052116	100.055824	100.058853	100.056015	100.064384	100.062729	100.067711	100.065277	100.066902	100.072273	100.071808	100.069702	100.071678	100.073257	100.077606	100.075577	100.079643	100.080063	100.080261	100.082291	100.082779	100.080856	100.081291	100.078178	100.079956	100.083015	100.082397	100.083633	100.084282	100.081718	100.084328	100.088608	100.084808	100.087761	100.081696	100.087677	100.0942
600	100.016441	100.004448	100.006447	100.003624	100.005615	100.015343	100.015732	100.020943	100.021255	100.023476	100.023308	100.02755	100.030914	100.033844	100.040497	100.038445	100.044525	100.046745	100.047592	100.052704	100.050499	100.054955	100.056351	100.054695	100.051735	100.056305	100.059219	100.056229	100.063919	100.063133	100.068153	100.065681	100.066849	100.072739	100.071594	100.070282	100.071991	100.073349	100.077316	100.076225	100.080177	100.080025	100.080147	100.083366	100.08416	100.081596	100.081512	100.078941	100.080406	100.083221	100.082802	100.083908	100.08522	100.082336	100.083588	100.089554	100.08522	100.087502	100.082138	100.088585	100.093964
601	100.015678	100.002037	100.005066	100.003586	100.005447	100.014816	100.015747	100.019386	100.020721	100.022438	100.023697	100.026871	100.030388	100.033524	100.039764	100.038506	100.043655	100.045692	100.046501	100.051201	100.049507	100.053085	100.05542	100.053314	100.050125	100.055489	100.058556	100.056587	100.061974	100.061951	100.067917	100.064537	100.065697	100.071144	100.070679	100.067841	100.070442	100.071251	100.074623	100.074112	100.078545	100.079025	100.078964	100.082169	100.083412	100.081039	100.079834	100.07827	100.07814	100.082695	100.080894	100.082603	100.083481	100.081146	100.081764	100.087296	100.084915	100.08712	100.082802	100.088188	100.090851
602	100.014915	99.999619	100.003693	100.003563	100.005257	100.01429	100.015732	100.017807	100.020172	100.021385	100.024094	100.026176	100.029861	100.033188	100.039032	100.038551	100.042786	100.044632	100.045418	100.04966	100.048508	100.051178	100.054482	100.051926	100.048492	100.05468	100.057892	100.056969	100.060013	100.06076	100.067673	100.063385	100.064514	100.069534	100.069748	100.065361	100.068878	100.06913	100.071892	100.071976	100.076889	100.078026	100.077774	100.080963	100.082657	100.080475	100.07814	100.077591	100.075844	100.082161	100.078979	100.081276	100.081726	100.079941	100.079918	100.085022	100.084595	100.086739	100.083481	100.087784	100.087723
603	100.014137	99.997177	100.002289	100.003525	100.005089	100.013779	100.015732	100.016228	100.019623	100.020325	100.024483	100.025475	100.029335	100.032852	100.038292	100.038612	100.041916	100.043549	100.044319	100.048126	100.047508	100.049255	100.053528	100.050529	100.046852	100.053856	100.057205	100.057343	100.058029	100.059547	100.067429	100.062218	100.063324	100.067917	100.068817	100.062874	100.067307	100.066986	100.069168	100.069824	100.075218	100.076996	100.076584	100.079765	100.081886	100.079903	100.076424	100.076904	100.073532	100.081619	100.077034	100.079941	100.079956	100.078728	100.078072	100.082733	100.084282	100.086342	100.08416	100.087372	100.084564
604	100.013947	99.997986	100.002464	100.003799	100.005928	100.01326	100.014999	100.015518	100.01899	100.020828	100.023483	100.02533	100.029083	100.031113	100.038002	100.037659	100.041283	100.043915	100.04332	100.047424	100.046745	100.049606	100.051567	100.049988	100.046471	100.052353	100.05661	100.055397	100.057686	100.057556	100.065636	100.062057	100.062836	100.066338	100.06739	100.061249	100.065933	100.066269	100.068321	100.069962	100.075111	100.075981	100.076439	100.078758	100.080124	100.079155	100.076523	100.075447	100.072739	100.07975	100.076355	100.078568	100.079033	100.078491	100.077187	100.082039	100.083008	100.084709	100.082413	100.084877	100.084724
605	100.013794	99.99894	100.002708	100.004105	100.006828	100.012733	100.014206	100.014854	100.018356	100.021385	100.022423	100.0252	100.028847	100.029289	100.037743	100.036667	100.040665	100.044334	100.042328	100.046745	100.045982	100.050041	100.049553	100.049469	100.046158	100.050819	100.056015	100.05336	100.057411	100.055519	100.063774	100.061951	100.062355	100.064766	100.065926	100.059662	100.06456	100.06559	100.067558	100.070213	100.075066	100.074959	100.07634	100.077774	100.078308	100.078407	100.076675	100.073959	100.072014	100.077797	100.075706	100.077187	100.078156	100.078293	100.076355	100.081421	100.081696	100.083015	100.080551	100.082275	100.085022
606	100.013626	99.999893	100.002945	100.004402	100.007721	100.012192	100.01342	100.01416	100.017715	100.02195	100.021347	100.025085	100.028595	100.027466	100.037468	100.035667	100.040031	100.044762	100.041321	100.046066	100.045219	100.050499	100.047531	100.04895	100.045837	100.049255	100.055405	100.051285	100.057114	100.053452	100.06189	100.061836	100.061882	100.063179	100.064445	100.058052	100.063179	100.064911	100.06678	100.070465	100.075005	100.073921	100.076248	100.076767	100.076469	100.077644	100.076843	100.072441	100.071274	100.075829	100.075081	100.07579	100.077248	100.07811	100.075493	100.080803	100.080368	100.081299	100.078667	100.079643	100.085304
607	100.015007	100.001038	100.004509	100.006485	100.009224	100.014267	100.014793	100.016144	100.018753	100.023903	100.022552	100.02636	100.030457	100.028839	100.038612	100.037399	100.042168	100.046623	100.044014	100.048172	100.047211	100.051842	100.048866	100.05027	100.048294	100.050209	100.056633	100.052795	100.058914	100.055695	100.063324	100.063789	100.063156	100.064262	100.065399	100.060066	100.064148	100.067078	100.069031	100.072113	100.077187	100.075111	100.078117	100.077965	100.077736	100.078941	100.078751	100.074173	100.073051	100.076965	100.07708	100.07782	100.079117	100.079514	100.077477	100.082169	100.081337	100.082184	100.079689	100.080582	100.086533
608	100.017357	100.002289	100.006905	100.009682	100.011108	100.01799	100.017509	100.019775	100.020813	100.026749	100.025192	100.028526	100.033653	100.032211	100.040642	100.040833	100.04599	100.049362	100.049034	100.052055	100.050926	100.053772	100.052299	100.052734	100.052475	100.052734	100.058983	100.056549	100.061989	100.060631	100.066803	100.067032	100.065521	100.067017	100.067863	100.064323	100.066551	100.071014	100.073181	100.074615	100.08075	100.077698	100.081207	100.080536	100.08094	100.081551	100.081741	100.077904	100.076401	100.08004	100.080742	100.081978	100.08271	100.081894	100.081215	100.084808	100.083733	100.084686	100.082527	100.083733	100.088333
609	100.019714	100.003555	100.009285	100.012901	100.012985	100.021698	100.020241	100.023415	100.022888	100.029587	100.027824	100.030685	100.03685	100.035583	100.042679	100.044273	100.049843	100.052116	100.054047	100.055931	100.054657	100.055695	100.055733	100.055222	100.056671	100.055267	100.061333	100.06031	100.065079	100.065567	100.070297	100.070297	100.067879	100.069771	100.070335	100.068596	100.068977	100.074944	100.077332	100.077126	100.08432	100.080299	100.084305	100.083115	100.084152	100.084137	100.084732	100.081657	100.07975	100.083099	100.084412	100.086151	100.086304	100.084305	100.084976	100.08744	100.086128	100.087189	100.085365	100.086884	100.090134
610	100.021133	100.004753	100.011169	100.014923	100.014648	100.024017	100.02253	100.025749	100.024399	100.031601	100.029625	100.032295	100.038864	100.038483	100.044464	100.047005	100.052498	100.054131	100.057564	100.058304	100.05722	100.057175	100.05809	100.057129	100.059639	100.05748	100.063179	100.063171	100.066963	100.069061	100.072632	100.072708	100.069405	100.071671	100.072395	100.071655	100.070938	100.077644	100.079796	100.078568	100.086662	100.081863	100.086716	100.084915	100.086357	100.086403	100.087059	100.084045	100.082565	100.085258	100.08699	100.088867	100.088631	100.08606	100.087616	100.089302	100.087891	100.088867	100.087547	100.089119	100.091446
611	100.020126	100.005867	100.011734	100.013885	100.015785	100.022675	100.02372	100.024643	100.024414	100.031471	100.029282	100.032425	100.03775	100.040123	100.045609	100.047836	100.051987	100.054146	100.057068	100.056709	100.056747	100.057457	100.057587	100.057533	100.05938	100.058891	100.063705	100.063637	100.065651	100.068726	100.071892	100.072922	100.068726	100.071251	100.073334	100.071564	100.071701	100.077019	100.07782	100.077187	100.085747	100.080719	100.087296	100.084648	100.085915	100.087715	100.087616	100.08284	100.083961	100.085007	100.086632	100.087753	100.087616	100.086143	100.087372	100.089134	100.088013	100.088348	100.087975	100.088921	100.091431
612	100.019112	100.006973	100.012291	100.012848	100.016914	100.021324	100.024918	100.023521	100.024414	100.031326	100.028923	100.032532	100.036644	100.041756	100.046768	100.048676	100.051483	100.054169	100.056564	100.055107	100.056282	100.057747	100.057091	100.057945	100.059113	100.06031	100.064232	100.06411	100.064339	100.068375	100.071167	100.073151	100.068047	100.070831	100.07428	100.071465	100.072464	100.076385	100.075844	100.075806	100.084839	100.079575	100.087891	100.084396	100.085472	100.089027	100.088181	100.08165	100.085358	100.084747	100.086258	100.086639	100.086609	100.086227	100.08712	100.088951	100.088135	100.08783	100.088409	100.08873	100.091408
613	100.018097	100.008072	100.012825	100.011803	100.018051	100.019966	100.026093	100.022385	100.024429	100.031174	100.028564	100.032654	100.035522	100.043404	100.047897	100.0495	100.050987	100.054184	100.056061	100.053497	100.055786	100.058022	100.056587	100.058365	100.058838	100.061707	100.064743	100.064575	100.063026	100.068047	100.070427	100.073349	100.067352	100.070404	100.075218	100.07135	100.073219	100.07576	100.073837	100.074409	100.083923	100.078415	100.088463	100.084137	100.08503	100.09034	100.08873	100.080444	100.086746	100.08448	100.085899	100.08551	100.085594	100.086304	100.086853	100.088776	100.088242	100.087311	100.088821	100.088516	100.091385
614	100.01767	100.006935	100.012291	100.010559	100.017761	100.020096	100.025604	100.02359	100.02475	100.030945	100.029518	100.032745	100.035858	100.042519	100.046982	100.048866	100.051178	100.053131	100.055099	100.052711	100.056007	100.057137	100.05648	100.057434	100.057793	100.05957	100.064453	100.063026	100.064064	100.06752	100.070419	100.07151	100.066566	100.070557	100.073555	100.069939	100.073479	100.074211	100.073769	100.074852	100.083374	100.078499	100.086906	100.084396	100.084938	100.088715	100.087021	100.080322	100.084663	100.084511	100.085976	100.084366	100.085815	100.086609	100.087036	100.088058	100.087654	100.087784	100.088013	100.089111	100.090645
615	100.017296	100.005653	100.011681	100.009331	100.01738	100.020348	100.025009	100.024963	100.025093	100.030708	100.030563	100.032852	100.036301	100.041458	100.045921	100.048149	100.051414	100.052025	100.054108	100.051987	100.056267	100.056168	100.056396	100.056412	100.056694	100.057198	100.06411	100.061356	100.065269	100.066986	100.070465	100.069534	100.065781	100.070763	100.071716	100.068436	100.073692	100.072609	100.073837	100.075409	100.082848	100.078667	100.085213	100.084686	100.084854	100.086884	100.085175	100.080276	100.082336	100.084534	100.086082	100.083221	100.086143	100.086929	100.08725	100.087296	100.087021	100.088333	100.087128	100.089767	100.089874
616	100.016914	100.004364	100.011078	100.008095	100.017014	100.020584	100.024414	100.026337	100.025436	100.030472	100.031616	100.032951	100.036743	100.040413	100.044861	100.047424	100.051666	100.050903	100.053116	100.051262	100.056526	100.055206	100.056328	100.055397	100.055611	100.05481	100.063766	100.059677	100.06646	100.06646	100.070511	100.067566	100.064995	100.070969	100.069878	100.066948	100.073936	100.070999	100.073898	100.075974	100.082336	100.078835	100.083519	100.084984	100.084778	100.085052	100.083313	100.080231	100.080025	100.084564	100.086189	100.082077	100.086449	100.087234	100.087463	100.086548	100.086403	100.088882	100.086235	100.090424	100.089088
617	100.016823	100.003342	100.00985	100.007561	100.015663	100.020348	100.02314	100.025627	100.025467	100.029457	100.031235	100.031891	100.036606	100.039848	100.044106	100.047157	100.050858	100.050018	100.052299	100.050819	100.055481	100.054428	100.056526	100.054344	100.054489	100.053696	100.061844	100.058487	100.065002	100.065681	100.069107	100.067017	100.06456	100.070557	100.068893	100.065994	100.072876	100.070251	100.073837	100.075623	100.081039	100.078461	100.082054	100.084198	100.083611	100.083939	100.082466	100.079277	100.078377	100.083885	100.086037	100.08165	100.085617	100.086105	100.085976	100.085762	100.086006	100.088051	100.085365	100.089394	100.088943
618	100.016914	100.002502	100.008217	100.007484	100.013687	100.019791	100.021408	100.023521	100.025284	100.027916	100.0299	100.030029	100.036095	100.03965	100.043579	100.047234	100.049316	100.049294	100.051605	100.050568	100.053528	100.053772	100.056908	100.053276	100.053368	100.053444	100.058868	100.057617	100.061752	100.064758	100.066734	100.067436	100.064384	100.069748	100.068497	100.065422	100.070969	100.070099	100.073692	100.074677	100.079216	100.077751	100.080742	100.082687	100.081703	100.083305	100.082314	100.077713	100.077209	100.082733	100.085678	100.081726	100.083992	100.083984	100.083328	100.084976	100.085793	100.086258	100.084496	100.08725	100.089241
619	100.017014	100.001671	100.006592	100.007423	100.011703	100.019226	100.019669	100.021423	100.025108	100.026382	100.028572	100.028183	100.035599	100.039436	100.04306	100.047302	100.047791	100.048576	100.050903	100.050316	100.051567	100.053116	100.057289	100.052216	100.052261	100.053177	100.055885	100.056755	100.058517	100.063828	100.064377	100.067856	100.064217	100.068939	100.068108	100.064865	100.069061	100.069931	100.073555	100.07373	100.0774	100.077019	100.079437	100.081169	100.079796	100.082672	100.082146	100.076164	100.076057	100.081589	100.085327	100.081802	100.082375	100.081871	100.080704	100.084183	100.085579	100.08448	100.083626	100.085106	100.089523
620	100.017128	100.001358	100.005547	100.007614	100.010445	100.019112	100.018738	100.019905	100.024925	100.025269	100.027443	100.02742	100.035095	100.039085	100.042793	100.047279	100.046898	100.048111	100.050652	100.050095	100.050369	100.052933	100.057182	100.051704	100.051437	100.052963	100.054039	100.056244	100.056328	100.063416	100.06292	100.067795	100.064178	100.068329	100.067696	100.064537	100.06781	100.069717	100.073303	100.073311	100.076355	100.076851	100.078438	100.079895	100.078674	100.082626	100.082077	100.075127	100.075241	100.080894	100.084778	100.081741	100.081078	100.080154	100.079056	100.083649	100.085327	100.083458	100.082825	100.083527	100.089333
621	100.017334	100.002586	100.006195	100.008629	100.011292	100.020287	100.020149	100.020134	100.02475	100.025452	100.026917	100.029922	100.034676	100.038277	100.043297	100.047012	100.047852	100.048424	100.051727	100.050011	100.051346	100.0541	100.055626	100.052834	100.051537	100.052895	100.055489	100.056816	100.057198	100.06459	100.064156	100.066353	100.064621	100.068344	100.067245	100.064972	100.06852	100.069359	100.072731	100.074493	100.077583	100.078369	100.078346	100.079346	100.079849	100.084259	100.082268	100.0756	100.075485	100.081566	100.083687	100.081291	100.080704	100.079605	100.08036	100.083885	100.084984	100.084663	100.082222	100.083649	100.087723
622	100.017532	100.003815	100.006844	100.009628	100.012138	100.021454	100.021553	100.020348	100.024559	100.025627	100.026382	100.032387	100.034248	100.037476	100.0438	100.046753	100.04879	100.048721	100.052788	100.049911	100.052299	100.055252	100.054077	100.053932	100.05162	100.052818	100.056931	100.057365	100.058067	100.065735	100.065384	100.064919	100.065056	100.068344	100.06678	100.065399	100.069214	100.069	100.072144	100.075661	100.078789	100.079857	100.078239	100.078812	100.080994	100.085892	100.082458	100.076065	100.075722	100.082222	100.082573	100.080849	100.080322	100.079056	100.081635	100.084129	100.084648	100.085846	100.081612	100.083755	100.086121
623	100.017738	100.005043	100.0075	100.010635	100.01297	100.022629	100.022949	100.020561	100.024376	100.025795	100.025856	100.034859	100.033829	100.03669	100.044296	100.046516	100.049744	100.049034	100.053848	100.049828	100.053261	100.056419	100.052551	100.055038	100.051704	100.05275	100.058365	100.057922	100.058922	100.066879	100.066612	100.063499	100.065483	100.068352	100.066338	100.065826	100.069916	100.068642	100.071571	100.076828	100.079987	100.081337	100.07814	100.078262	100.082146	100.087509	100.082649	100.076546	100.075958	100.08287	100.081482	100.080406	100.079964	100.078522	100.082901	100.084366	100.084328	100.087036	100.081017	100.083862	100.084534
624	100.017059	100.005173	100.006569	100.009262	100.012459	100.020256	100.022217	100.019478	100.022766	100.02549	100.024925	100.032677	100.032509	100.035072	100.042511	100.044952	100.048187	100.047127	100.051582	100.049141	100.050758	100.054947	100.051521	100.053787	100.050095	100.052155	100.057343	100.056694	100.05835	100.06514	100.065269	100.062454	100.064407	100.065926	100.06559	100.064766	100.066689	100.067841	100.070557	100.073959	100.077629	100.078491	100.076508	100.077423	100.080399	100.083778	100.080528	100.075829	100.074677	100.079552	100.080528	100.079033	100.078186	100.076591	100.080811	100.082085	100.081253	100.084076	100.079201	100.08242	100.084236
625	100.016319	100.005211	100.005493	100.007675	100.011826	100.017563	100.021301	100.018295	100.021065	100.025139	100.023987	100.030067	100.031113	100.033394	100.04052	100.043282	100.04641	100.044998	100.049034	100.048401	100.047958	100.053238	100.050568	100.052322	100.048325	100.051537	100.056076	100.055328	100.057663	100.063148	100.063705	100.061462	100.063202	100.063286	100.06485	100.063583	100.06311	100.066994	100.069496	100.070724	100.074944	100.075241	100.074745	100.076584	100.078392	100.079575	100.078186	100.075005	100.073257	100.075867	100.079582	100.077591	100.076294	100.074554	100.07843	100.079597	100.07795	100.080765	100.077316	100.080833	100.084076
626	100.015572	100.005249	100.004433	100.006104	100.011192	100.014862	100.020386	100.017105	100.019363	100.024796	100.023018	100.027451	100.029732	100.031723	100.038544	100.041626	100.044632	100.0429	100.046494	100.047668	100.045158	100.051544	100.049614	100.050858	100.046577	100.050911	100.054825	100.05394	100.056969	100.061157	100.062157	100.060478	100.062004	100.060669	100.064102	100.062408	100.059547	100.066162	100.068451	100.06752	100.072273	100.072029	100.07299	100.075737	100.076401	100.075386	100.075867	100.074196	100.071838	100.072205	100.078651	100.076164	100.074409	100.072517	100.076057	100.077118	100.074661	100.077461	100.075424	100.079277	100.083908
627	100.015846	100.004486	100.004089	100.005722	100.010696	100.013969	100.020531	100.016579	100.01944	100.0242	100.023544	100.026405	100.02948	100.031639	100.037888	100.040642	100.043358	100.042664	100.04586	100.047577	100.044334	100.050941	100.048981	100.050102	100.046204	100.050819	100.055038	100.053444	100.057259	100.059532	100.061676	100.060204	100.061485	100.060776	100.063538	100.062057	100.059601	100.065521	100.06794	100.066032	100.071083	100.070915	100.072289	100.075172	100.076019	100.07341	100.074722	100.073563	100.071121	100.071419	100.077774	100.075363	100.073967	100.071419	100.074532	100.076149	100.073944	100.076988	100.075279	100.07869	100.083366
628	100.016891	100.00312	100.00428	100.006226	100.010262	100.014389	100.021446	100.016533	100.020851	100.023422	100.025162	100.026497	100.030067	100.032745	100.038216	100.040146	100.042465	100.043808	100.046669	100.047974	100.044991	100.05114	100.048592	100.049881	100.046883	100.051094	100.056335	100.053581	100.058304	100.058197	100.062027	100.06044	100.061478	100.062927	100.06311	100.062332	100.06237	100.065018	100.067795	100.065826	100.070992	100.071404	100.072357	100.074806	100.076828	100.073074	100.074455	100.073051	100.070915	100.072777	100.076912	100.075058	100.074623	100.071022	100.073639	100.076317	100.07515	100.078606	100.076424	100.078842	100.082504
629	100.017929	100.001785	100.004456	100.006721	100.009857	100.014816	100.022377	100.016495	100.022255	100.022659	100.026772	100.026611	100.030663	100.033859	100.038551	100.039673	100.04158	100.044952	100.04747	100.048363	100.045654	100.051353	100.04821	100.04966	100.047577	100.051376	100.05764	100.053741	100.059341	100.056877	100.06237	100.060692	100.061478	100.065086	100.062706	100.062599	100.065125	100.064514	100.067673	100.065628	100.070908	100.071884	100.072441	100.074448	100.077652	100.072754	100.074211	100.072548	100.070724	100.074135	100.07608	100.074753	100.075272	100.070633	100.072754	100.076485	100.076355	100.080215	100.077568	100.079002	100.081673
630	100.018143	100.00061	100.004128	100.006721	100.009003	100.014641	100.022491	100.016106	100.022682	100.021805	100.027344	100.026154	100.030647	100.034042	100.038254	100.038864	100.040611	100.045204	100.047348	100.048233	100.045685	100.050858	100.047432	100.049118	100.047699	100.050865	100.057838	100.053215	100.059547	100.055672	100.061501	100.06015	100.060844	100.065872	100.061844	100.06205	100.066437	100.063774	100.066818	100.065216	100.070419	100.071564	100.0718	100.073799	100.077179	100.072144	100.07328	100.071754	100.06987	100.074509	100.074974	100.073608	100.075111	100.070045	100.071671	100.075958	100.076691	100.080788	100.077698	100.078453	100.080383
631	100.015594	99.999985	100.002037	100.005051	100.006676	100.012466	100.01992	100.014534	100.019836	100.020645	100.024414	100.023941	100.028648	100.031136	100.035858	100.036911	100.039413	100.042488	100.044128	100.046333	100.043617	100.047974	100.045303	100.047432	100.046028	100.047684	100.054443	100.050423	100.057045	100.054871	100.056541	100.056961	100.058159	100.062157	100.059509	100.058762	100.062958	100.062164	100.06356	100.064087	100.068642	100.068535	100.068726	100.072159	100.072357	100.070587	100.070107	100.069977	100.06678	100.071571	100.07299	100.069717	100.072273	100.068794	100.069893	100.073112	100.07415	100.077911	100.074448	100.075577	100.077522
632	100.013054	99.999359	99.999969	100.003395	100.004372	100.010323	100.01738	100.01297	100.017021	100.019478	100.021507	100.021721	100.026665	100.028252	100.033485	100.034973	100.038216	100.039795	100.040924	100.044441	100.041565	100.045105	100.04319	100.045761	100.044357	100.044525	100.051056	100.047646	100.054535	100.054077	100.051605	100.053802	100.055481	100.058449	100.057175	100.055481	100.059494	100.06057	100.060333	100.062958	100.066887	100.065529	100.065674	100.070534	100.067581	100.069046	100.066948	100.068214	100.063705	100.068649	100.071014	100.065842	100.069466	100.067558	100.06813	100.070282	100.071625	100.075043	100.071228	100.072716	100.074684
633	100.010536	99.998749	99.997917	100.001755	100.002083	100.008186	100.014839	100.011421	100.014221	100.018333	100.018608	100.019524	100.024712	100.025391	100.031128	100.033058	100.037025	100.037109	100.03775	100.042572	100.03952	100.042259	100.041107	100.044106	100.042702	100.041389	100.047699	100.044891	100.052055	100.053284	100.046707	100.050652	100.052818	100.054764	100.054863	100.052238	100.056061	100.058998	100.057098	100.061836	100.06514	100.062546	100.06263	100.068924	100.06282	100.067505	100.063797	100.06646	100.060638	100.065758	100.069046	100.061974	100.066666	100.066315	100.066376	100.067482	100.069115	100.072205	100.068031	100.069893	100.071869
634	100.011696	99.998611	99.998924	100.001022	100.00309	100.007477	100.014534	100.01255	100.013969	100.018036	100.018867	100.019577	100.024948	100.02626	100.031509	100.034035	100.03756	100.037491	100.038361	100.04171	100.040901	100.041649	100.041756	100.044647	100.042999	100.041687	100.048294	100.044701	100.051758	100.052582	100.048279	100.05201	100.053146	100.055183	100.056587	100.053467	100.056503	100.058678	100.058296	100.062622	100.065575	100.063263	100.063896	100.069336	100.064178	100.068733	100.065269	100.066544	100.062202	100.066483	100.069061	100.063011	100.066162	100.067162	100.066933	100.068596	100.069687	100.072311	100.06881	100.07151	100.072136
635	100.01329	99.998543	100.000298	100.000404	100.004517	100.006935	100.014511	100.014008	100.01403	100.01786	100.019524	100.019905	100.025475	100.027588	100.032234	100.035385	100.038292	100.038269	100.039444	100.040985	100.042686	100.041321	100.042763	100.045441	100.043533	100.042412	100.049377	100.044846	100.051735	100.05188	100.050644	100.053932	100.053825	100.056099	100.058815	100.055267	100.057426	100.05851	100.060036	100.063622	100.066284	100.064445	100.065697	100.069977	100.066292	100.070297	100.067307	100.066849	100.064316	100.067665	100.069321	100.064674	100.065956	100.06826	100.067795	100.070175	100.070663	100.072792	100.070068	100.073685	100.072777
636	100.014893	99.998466	100.001678	99.999786	100.005936	100.006401	100.014473	100.01545	100.014099	100.01767	100.020172	100.020233	100.025986	100.028908	100.032959	100.036705	100.03904	100.039017	100.04052	100.04026	100.044479	100.040993	100.043762	100.046242	100.04406	100.043152	100.050461	100.044975	100.051704	100.051186	100.053001	100.05584	100.054504	100.05703	100.061035	100.057045	100.058342	100.058342	100.06176	100.064621	100.066986	100.065613	100.067482	100.070618	100.068405	100.071861	100.069344	100.067162	100.066422	100.068832	100.069572	100.066315	100.065758	100.069359	100.068642	100.071762	100.071632	100.073257	100.071335	100.075851	100.073418
637	100.014748	99.99839	100.001991	99.999016	100.006363	100.006355	100.014267	100.015404	100.01384	100.017166	100.020386	100.020088	100.02623	100.028923	100.032257	100.036728	100.038597	100.038841	100.040581	100.03965	100.043785	100.040771	100.044319	100.046349	100.044128	100.04361	100.050629	100.045586	100.051262	100.050842	100.054123	100.056549	100.054642	100.057693	100.061592	100.057816	100.058426	100.058472	100.06192	100.064507	100.066757	100.06591	100.068153	100.070549	100.068703	100.071838	100.070282	100.067184	100.066612	100.068985	100.070084	100.066246	100.065125	100.069176	100.069	100.072121	100.071106	100.073799	100.071739	100.076042	100.073669
638	100.013176	99.998291	100.001419	99.9981	100.005959	100.006691	100.013924	100.01413	100.01329	100.016403	100.020233	100.019524	100.026237	100.027847	100.030373	100.035652	100.037178	100.037857	100.039803	100.039116	100.041031	100.040627	100.044525	100.045883	100.043823	100.043831	100.050041	100.0466	100.050484	100.050804	100.054192	100.05629	100.054321	100.058174	100.060799	100.057747	100.057816	100.058838	100.060783	100.063454	100.065742	100.065468	100.067917	100.069855	100.067497	100.070511	100.070335	100.066963	100.065216	100.068298	100.070786	100.064728	100.064133	100.067947	100.068954	100.071457	100.069336	100.074409	100.071442	100.074577	100.073601
639	100.011589	99.998192	100.000854	99.997192	100.005554	100.007034	100.01358	100.01284	100.012741	100.015625	100.020073	100.01899	100.026253	100.026787	100.028488	100.034584	100.035767	100.03688	100.039032	100.038574	100.038292	100.040497	100.044724	100.045418	100.043503	100.044044	100.049461	100.047615	100.049698	100.050758	100.05426	100.056015	100.054001	100.05864	100.059982	100.057671	100.057198	100.059212	100.059654	100.062393	100.064728	100.065025	100.067665	100.069168	100.066292	100.069176	100.070381	100.066734	100.063812	100.067604	100.071503	100.06324	100.063156	100.066719	100.068901	100.070786	100.067558	100.075027	100.071144	100.073135	100.073517
640	100.010506	99.998161	100.000359	99.996529	100.005295	100.00721	100.013313	100.011948	100.012245	100.015007	100.019768	100.018669	100.026154	100.025749	100.027275	100.033653	100.03421	100.036194	100.038132	100.03804	100.036346	100.040451	100.044754	100.044922	100.043152	100.044319	100.048996	100.048386	100.049271	100.050827	100.054207	100.055672	100.053642	100.058891	100.05909	100.057564	100.056633	100.059471	100.059036	100.061417	100.063766	100.064575	100.067207	100.068451	100.065338	100.068199	100.070206	100.066376	100.06279	100.0672	100.071693	100.062263	100.062546	100.065552	100.068596	100.07	100.066353	100.075409	100.070663	100.071838	100.07328
641	100.011269	99.998352	100.000084	99.996796	100.005493	100.00676	100.013367	100.01255	100.011864	100.014915	100.01886	100.019279	100.025581	100.024864	100.02861	100.033272	100.032135	100.036606	100.036751	100.037445	100.037506	100.04071	100.044022	100.044212	100.042679	100.044693	100.048935	100.04821	100.050117	100.051376	100.053535	100.054993	100.053047	100.058258	100.057877	100.057304	100.056252	100.059303	100.060333	100.060745	100.06292	100.064072	100.065933	100.067612	100.0653	100.068512	100.069092	100.065407	100.063171	100.067833	100.069878	100.063324	100.063385	100.064613	100.067329	100.068726	100.067284	100.074974	100.069443	100.071106	100.072372
642	100.012016	99.998543	99.999817	99.997055	100.005707	100.00631	100.013412	100.013176	100.01149	100.014809	100.017967	100.019875	100.025009	100.023972	100.029945	100.03289	100.030052	100.037025	100.035355	100.036858	100.038658	100.040985	100.043282	100.04351	100.042175	100.045074	100.048874	100.048027	100.050972	100.051918	100.052872	100.054298	100.052467	100.057625	100.056648	100.057045	100.055862	100.059151	100.061623	100.060066	100.062088	100.063583	100.064644	100.06678	100.065277	100.06884	100.067993	100.064445	100.06356	100.068474	100.068054	100.064377	100.064217	100.063667	100.06604	100.067451	100.068222	100.074516	100.068214	100.070366	100.07148
643	100.012779	99.998734	99.999542	99.997322	100.005928	100.005844	100.013458	100.013794	100.011108	100.014709	100.017059	100.020477	100.024437	100.023079	100.031281	100.032509	100.027954	100.037445	100.033974	100.036255	100.039818	100.04126	100.042549	100.042793	100.041687	100.045456	100.048813	100.047836	100.051834	100.052452	100.0522	100.053612	100.051865	100.056992	100.05542	100.056778	100.055481	100.058998	100.06292	100.059387	100.061226	100.063087	100.063362	100.065933	100.065247	100.069168	100.066879	100.063477	100.063957	100.069115	100.066231	100.065437	100.065056	100.062729	100.064766	100.066162	100.069168	100.074066	100.066986	100.069641	100.070572
644	100.01384	99.999466	99.999634	99.997902	100.004745	100.007156	100.013435	100.01342	100.010918	100.016068	100.017105	100.020638	100.024521	100.024391	100.031593	100.032356	100.029961	100.039078	100.035095	100.036705	100.040367	100.041985	100.042213	100.042664	100.041115	100.044609	100.048889	100.047218	100.051407	100.052277	100.052689	100.054398	100.053345	100.057198	100.055405	100.057007	100.057434	100.057968	100.062073	100.060127	100.062561	100.062668	100.064491	100.066078	100.064896	100.06871	100.066803	100.06443	100.063614	100.068329	100.066528	100.066635	100.065979	100.062561	100.065323	100.066566	100.069519	100.073692	100.067642	100.07	100.069702
645	100.014961	100.00029	99.999779	99.99855	100.003342	100.008751	100.013412	100.012901	100.010765	100.01767	100.017311	100.020729	100.024704	100.02607	100.031754	100.032249	100.032616	100.040924	100.036636	100.037323	100.040817	100.042793	100.041924	100.042641	100.040527	100.043556	100.048973	100.046524	100.050781	100.051964	100.05336	100.055435	100.055168	100.057533	100.055603	100.057327	100.059799	100.056824	100.060883	100.061096	100.064232	100.062286	100.066032	100.06636	100.064491	100.068153	100.06691	100.065681	100.063156	100.067314	100.067184	100.067879	100.066963	100.062523	100.066185	100.06723	100.069809	100.073349	100.068619	100.070526	100.06884
646	100.016083	100.001106	99.999931	99.999199	100.001923	100.010345	100.013374	100.012352	100.010597	100.019279	100.017525	100.020828	100.024879	100.027756	100.031914	100.032127	100.035301	100.042786	100.03817	100.037941	100.041283	100.04361	100.041641	100.042595	100.039932	100.042511	100.049057	100.045837	100.050148	100.051666	100.054039	100.056458	100.056992	100.057861	100.055779	100.05764	100.062157	100.055656	100.059685	100.062073	100.06591	100.06189	100.067566	100.06665	100.064072	100.067566	100.067009	100.066948	100.062683	100.066292	100.067833	100.069115	100.067924	100.062477	100.067055	100.067902	100.070084	100.072983	100.069595	100.07106	100.06797
647	100.015816	100.000954	100.000237	99.99971	100.002083	100.011063	100.01342	100.012115	100.011375	100.019562	100.017677	100.020943	100.025108	100.028076	100.032387	100.03241	100.036957	100.043655	100.03878	100.038948	100.041496	100.04393	100.041595	100.042892	100.040092	100.042511	100.049126	100.045761	100.050064	100.051048	100.054016	100.057098	100.057236	100.058022	100.055946	100.057243	100.062515	100.055466	100.059174	100.062576	100.067009	100.062347	100.067917	100.066757	100.06385	100.066994	100.067093	100.067223	100.062141	100.066353	100.067711	100.069199	100.06839	100.062469	100.067436	100.068161	100.070068	100.072411	100.069496	100.070847	100.068665
648	100.014267	99.999901	100.000694	100.000107	100.00367	100.010979	100.013557	100.0121	100.013008	100.018669	100.017799	100.021072	100.025352	100.027168	100.033188	100.033066	100.037682	100.04361	100.038506	100.040291	100.041496	100.043785	100.041756	100.043465	100.040909	100.043503	100.049171	100.046249	100.050476	100.050148	100.05336	100.057388	100.056007	100.057983	100.056099	100.056229	100.060997	100.056145	100.059258	100.06263	100.067566	100.063553	100.067162	100.066689	100.063774	100.066422	100.067177	100.066605	100.061546	100.067398	100.06691	100.068214	100.068405	100.062469	100.067368	100.068031	100.069786	100.071625	100.068428	100.069962	100.070778
649	100.012711	99.99884	100.001144	100.000511	100.00528	100.01091	100.013695	100.0121	100.014648	100.017761	100.017929	100.021217	100.025604	100.026237	100.033974	100.033745	100.038422	100.043556	100.038231	100.041641	100.041489	100.04364	100.041939	100.044044	100.041733	100.044487	100.049232	100.046753	100.05088	100.049255	100.052704	100.057671	100.054779	100.057938	100.056252	100.055191	100.059494	100.056839	100.059357	100.062683	100.06813	100.064781	100.066399	100.066605	100.063721	100.065842	100.067245	100.065971	100.060944	100.068459	100.066101	100.0672	100.068405	100.062477	100.067284	100.067917	100.069496	100.070831	100.067352	100.069061	100.072922
650	100.011253	99.99791	100.001488	100.000488	100.006317	100.010887	100.013603	100.012192	100.015808	100.016907	100.01799	100.021301	100.025818	100.025513	100.034317	100.034119	100.038887	100.043404	100.038109	100.042725	100.041321	100.043465	100.042091	100.044464	100.042305	100.045204	100.049088	100.047211	100.051117	100.048759	100.052246	100.057686	100.053719	100.057579	100.056252	100.054344	100.058006	100.057449	100.059364	100.062523	100.068428	100.065552	100.065659	100.066444	100.06366	100.065315	100.067291	100.06517	100.060402	100.069084	100.065277	100.066307	100.068306	100.062454	100.067116	100.067734	100.068939	100.070129	100.066498	100.068512	100.074432
651	100.010284	99.997589	100.00132	99.998558	100.004768	100.011131	100.012497	100.012657	100.014709	100.016296	100.017754	100.021103	100.025795	100.02565	100.032654	100.033165	100.038109	100.042747	100.038597	100.042519	100.040344	100.043167	100.042137	100.044098	100.041725	100.044716	100.04808	100.047531	100.050529	100.050125	100.052765	100.056473	100.053421	100.05571	100.055565	100.054276	100.056664	100.057709	100.058998	100.061378	100.067589	100.064301	100.064995	100.06591	100.063583	100.065056	100.067223	100.06366	100.06012	100.067665	100.064384	100.065865	100.067726	100.062309	100.066566	100.067307	100.067245	100.069824	100.06665	100.069511	100.073151
652	100.009308	99.997269	100.001144	99.996605	100.003204	100.011406	100.011375	100.013138	100.013603	100.015701	100.017509	100.020897	100.025772	100.025818	100.030968	100.032211	100.037323	100.042091	100.039116	100.042328	100.03936	100.042877	100.042213	100.043739	100.041153	100.044228	100.047073	100.047852	100.049934	100.051514	100.053284	100.055252	100.053116	100.053848	100.054871	100.05423	100.055313	100.057983	100.05864	100.060234	100.066757	100.063034	100.064323	100.065376	100.06353	100.064789	100.067154	100.062141	100.05983	100.066246	100.063477	100.065437	100.067154	100.062164	100.06601	100.066887	100.065544	100.069511	100.066803	100.070534	100.071861
653	100.008331	99.996948	100.000977	99.994621	100.001617	100.011673	100.010239	100.013611	100.012482	100.015083	100.017258	100.020691	100.025749	100.025978	100.029282	100.031235	100.036537	100.041428	100.039612	100.04213	100.038376	100.04258	100.042274	100.043365	100.040558	100.043724	100.046051	100.048157	100.049339	100.052902	100.05381	100.054001	100.052818	100.051949	100.054184	100.054169	100.05394	100.058243	100.058258	100.059067	100.06591	100.06176	100.063644	100.064827	100.063454	100.064529	100.067078	100.060593	100.059547	100.064804	100.062561	100.06498	100.066551	100.062012	100.065437	100.066444	100.063812	100.069191	100.066963	100.071564	100.070549
654	100.010445	99.997803	100.001038	99.995407	100.002251	100.01178	100.011253	100.013588	100.012932	100.01651	100.0177	100.021149	100.024887	100.026108	100.029526	100.03228	100.036552	100.041306	100.039314	100.042854	100.039711	100.042686	100.043045	100.043175	100.040222	100.044868	100.046303	100.049171	100.049385	100.052795	100.054024	100.054398	100.053314	100.052734	100.053558	100.055023	100.054703	100.058624	100.058258	100.058975	100.065254	100.06189	100.064018	100.064644	100.063766	100.064323	100.067924	100.059875	100.060867	100.06443	100.063393	100.064598	100.066879	100.063515	100.065636	100.066696	100.063751	100.068115	100.066719	100.070808	100.070885
655	100.013145	99.998886	100.001144	99.996704	100.003311	100.011871	100.012657	100.013481	100.013672	100.018349	100.018295	100.021721	100.02388	100.026253	100.030151	100.033737	100.036713	100.04129	100.038872	100.043747	100.041473	100.042877	100.043976	100.043045	100.039932	100.046326	100.046799	100.050308	100.049576	100.052429	100.054169	100.055099	100.053955	100.054024	100.052956	100.056061	100.05587	100.059036	100.058327	100.059067	100.064621	100.062302	100.064575	100.064552	100.064156	100.064133	100.068962	100.059296	100.062515	100.064278	100.064552	100.06424	100.06739	100.065323	100.065971	100.06707	100.064003	100.06691	100.066422	100.069717	100.071541
656	100.015892	99.999985	100.001251	99.998024	100.004372	100.011955	100.014091	100.013374	100.014427	100.020195	100.018898	100.022301	100.02285	100.026382	100.030777	100.035187	100.03688	100.041267	100.038422	100.044655	100.043259	100.043083	100.044907	100.0429	100.03965	100.047791	100.047318	100.05146	100.049744	100.052048	100.054321	100.055801	100.054611	100.055328	100.05233	100.057114	100.057053	100.059448	100.058403	100.059174	100.064003	100.062691	100.065147	100.064445	100.064537	100.063957	100.07	100.058723	100.064171	100.064125	100.065735	100.063873	100.067902	100.067154	100.066315	100.067451	100.064255	100.065697	100.066116	100.068619	100.072205
657	100.017426	100.000671	100.00161	99.999741	100.004913	100.012383	100.015053	100.013794	100.01564	100.020897	100.019547	100.02285	100.022903	100.0271	100.031891	100.035835	100.036797	100.041321	100.038788	100.044762	100.043633	100.042709	100.045181	100.042496	100.039482	100.047913	100.047836	100.050911	100.049278	100.051178	100.053452	100.05584	100.05481	100.055656	100.052002	100.056778	100.057777	100.059357	100.058113	100.059937	100.062798	100.061737	100.065292	100.06424	100.064445	100.064453	100.069443	100.058708	100.063858	100.063789	100.065956	100.063683	100.067368	100.067581	100.06633	100.066963	100.064575	100.06546	100.06559	100.067726	100.071632
658	100.017776	100.000977	100.002205	100.001862	100.004913	100.013145	100.015572	100.014748	100.017319	100.020454	100.020302	100.023354	100.02401	100.028358	100.033478	100.035667	100.036453	100.041412	100.039963	100.044075	100.04258	100.041756	100.044807	100.041809	100.039444	100.046684	100.048378	100.04866	100.048157	100.049797	100.051567	100.055206	100.054565	100.055023	100.051926	100.055077	100.058052	100.058731	100.057457	100.061371	100.061012	100.059418	100.065018	100.063942	100.063858	100.065651	100.067261	100.059258	100.061584	100.063278	100.065254	100.063683	100.065788	100.066589	100.065979	100.065628	100.064941	100.066208	100.064865	100.067017	100.069855
659	100.018105	100.001274	100.0028	100.004005	100.004913	100.013908	100.016083	100.015709	100.019012	100.020012	100.021065	100.023865	100.025131	100.029633	100.03508	100.0355	100.036095	100.041519	100.041153	100.043365	100.041519	100.040802	100.044426	100.041115	100.039413	100.045433	100.048912	100.046387	100.047028	100.048409	100.049652	100.054565	100.054321	100.054382	100.051857	100.053337	100.058342	100.058113	100.056816	100.062813	100.059212	100.057076	100.06472	100.063644	100.063263	100.066849	100.065063	100.059807	100.059273	100.062767	100.064537	100.063667	100.064209	100.065575	100.065651	100.064278	100.065315	100.066963	100.06411	100.066315	100.068047
660	100.018227	100.00148	100.003204	100.005569	100.004814	100.014267	100.016212	100.016525	100.020042	100.019585	100.021469	100.023987	100.025795	100.030556	100.036049	100.035004	100.035515	100.041267	100.041603	100.042465	100.04023	100.039879	100.043915	100.040367	100.039337	100.044182	100.049118	100.04451	100.045967	100.047157	100.04805	100.053741	100.053909	100.053741	100.051674	100.051674	100.058235	100.057365	100.056076	100.063644	100.057854	100.055145	100.064171	100.063072	100.062653	100.067474	100.063049	100.059975	100.057434	100.062088	100.063553	100.063095	100.062523	100.064423	100.065018	100.062897	100.06517	100.067345	100.063179	100.065552	100.066269
661	100.017204	100.001228	100.002579	100.00415	100.004234	100.012589	100.014282	100.016525	100.017586	100.019157	100.020126	100.022079	100.024101	100.029526	100.033775	100.032791	100.033714	100.039169	100.0383	100.040527	100.037781	100.039101	100.04274	100.03933	100.039062	100.0429	100.047562	100.044754	100.045311	100.04673	100.048134	100.051987	100.052681	100.05307	100.050972	100.050461	100.056137	100.055908	100.055	100.061325	100.058853	100.055435	100.062302	100.061119	100.061928	100.065079	100.062035	100.058159	100.058075	100.06057	100.061188	100.059631	100.060486	100.062469	100.062881	100.061417	100.062393	100.065788	100.06131	100.064529	100.064705
662	100.016174	100.000954	100.00193	100.002716	100.003639	100.010887	100.012337	100.01651	100.015091	100.018738	100.018761	100.020157	100.022377	100.028488	100.031456	100.030556	100.031891	100.037064	100.034966	100.038589	100.035309	100.038315	100.041534	100.038269	100.038803	100.041626	100.04599	100.044998	100.044647	100.046288	100.048218	100.050232	100.05143	100.052391	100.050262	100.049232	100.054016	100.054428	100.053894	100.058952	100.059868	100.055717	100.060402	100.059143	100.061211	100.062668	100.06102	100.056328	100.058746	100.059059	100.058807	100.056122	100.058426	100.060501	100.060722	100.059929	100.059593	100.064217	100.059418	100.063492	100.063133
663	100.015129	100.000694	100.001297	100.001266	100.003029	100.00914	100.010368	100.016495	100.012566	100.018295	100.01738	100.018204	100.020638	100.027443	100.029121	100.02829	100.030045	100.03492	100.031593	100.036621	100.032791	100.037514	100.040314	100.037193	100.038513	100.040344	100.044395	100.045265	100.043961	100.045837	100.048294	100.048431	100.050179	100.051712	100.04953	100.047981	100.051865	100.052956	100.052788	100.056564	100.06089	100.056015	100.058487	100.057137	100.060478	100.060226	100.059982	100.054466	100.059402	100.05751	100.056389	100.052574	100.056335	100.05851	100.058533	100.058411	100.056747	100.06263	100.057495	100.062439	100.061539
664	100.015686	100.001373	100.000702	100.00135	100.002884	100.008499	100.009979	100.015816	100.012672	100.018311	100.018288	100.018501	100.020874	100.027382	100.029877	100.02916	100.030746	100.035896	100.03257	100.036713	100.033989	100.038055	100.041771	100.03791	100.038925	100.041176	100.044418	100.046196	100.045013	100.045868	100.049164	100.047592	100.050179	100.052238	100.050423	100.047958	100.05217	100.053787	100.053391	100.056328	100.061623	100.05735	100.059067	100.057755	100.059998	100.06057	100.059799	100.055954	100.059067	100.057068	100.057259	100.053955	100.057205	100.05896	100.058258	100.059616	100.05838	100.062691	100.058319	100.062218	100.062225
665	100.016594	100.002251	100.000145	100.001762	100.002846	100.008072	100.009918	100.014984	100.013336	100.018394	100.019707	100.019287	100.021576	100.02755	100.031296	100.030724	100.032005	100.037529	100.0345	100.037262	100.03598	100.038872	100.0438	100.039001	100.039467	100.042488	100.044762	100.047279	100.046455	100.046028	100.050209	100.046959	100.050446	100.053024	100.051666	100.048195	100.052979	100.055138	100.054382	100.056564	100.062286	100.058937	100.060204	100.058975	100.059578	100.061501	100.059784	100.058159	100.05851	100.056854	100.058838	100.056412	100.058746	100.059937	100.058388	100.061401	100.060989	100.06311	100.059738	100.062164	100.063416
666	100.017509	100.003143	99.999557	100.002197	100.0028	100.007629	100.009857	100.014153	100.014023	100.018486	100.021133	100.020073	100.022255	100.027718	100.032722	100.03228	100.033272	100.039185	100.036446	100.037804	100.037994	100.039696	100.045845	100.040115	100.040031	100.043808	100.045135	100.048363	100.047913	100.046173	100.051262	100.04631	100.050735	100.05381	100.052917	100.048431	100.053802	100.05648	100.055374	100.056793	100.062958	100.060532	100.061325	100.060181	100.059166	100.062439	100.059784	100.060394	100.057938	100.056633	100.06044	100.058876	100.060287	100.060928	100.05851	100.063202	100.063614	100.063538	100.061165	100.062119	100.064621
667	100.017563	100.002777	99.999504	100.001884	100.003204	100.007378	100.010506	100.013565	100.014481	100.017891	100.021004	100.021126	100.021896	100.027573	100.033463	100.032829	100.034126	100.040474	100.037575	100.038361	100.038506	100.040344	100.046005	100.040962	100.040016	100.044334	100.045326	100.048088	100.048599	100.046852	100.051308	100.046249	100.050629	100.053825	100.053146	100.048378	100.053879	100.05658	100.055565	100.056442	100.0625	100.060951	100.062134	100.06089	100.059296	100.06282	100.059654	100.060318	100.057159	100.056862	100.060722	100.060143	100.061188	100.060745	100.057495	100.064262	100.064445	100.064262	100.061584	100.061623	100.065079
668	100.016693	100.001053	100	100.000801	100.004074	100.007317	100.011894	100.013245	100.014725	100.016579	100.019226	100.022446	100.020432	100.027107	100.033447	100.03228	100.034538	100.041374	100.037857	100.038933	100.037453	100.040771	100.044159	100.041534	100.039421	100.044022	100.045311	100.046333	100.048508	100.04808	100.050293	100.046852	100.050117	100.053009	100.052277	100.047997	100.053177	100.055336	100.054893	100.055504	100.06089	100.060143	100.062607	100.061081	100.059998	100.062599	100.059387	100.057838	100.056168	100.057541	100.059631	100.060127	100.06144	100.059319	100.055275	100.064514	100.063362	100.0653	100.060905	100.060631	100.06472
669	100.015831	99.999329	100.000511	99.999718	100.004959	100.007271	100.013313	100.012924	100.014969	100.015274	100.017456	100.023781	100.018967	100.026634	100.03344	100.031746	100.03495	100.042297	100.038162	100.039505	100.036392	100.041214	100.04232	100.042114	100.038818	100.043724	100.045326	100.044586	100.048409	100.049316	100.049294	100.047447	100.049614	100.0522	100.051414	100.047615	100.05249	100.054085	100.05423	100.054565	100.059258	100.059334	100.063087	100.061272	100.060722	100.06237	100.059128	100.055328	100.055168	100.05822	100.058533	100.060127	100.061691	100.057892	100.053047	100.064766	100.062263	100.066353	100.060234	100.059654	100.064362
670	100.015175	99.997887	100.000832	99.998817	100.005432	100.007271	100.01432	100.012672	100.015091	100.014244	100.015892	100.024605	100.017761	100.026215	100.033234	100.031433	100.035072	100.043022	100.038277	100.039795	100.035393	100.041412	100.040504	100.042465	100.038338	100.043228	100.045418	100.043167	100.048103	100.050232	100.048424	100.04792	100.049194	100.051544	100.05069	100.047394	100.051895	100.052856	100.053612	100.05394	100.057945	100.058853	100.063385	100.061539	100.061356	100.062309	100.059059	100.053574	100.054382	100.058746	100.057617	100.060097	100.06192	100.056747	100.051559	100.064804	100.061348	100.067078	100.059891	100.058937	100.064209
671	100.015854	99.998207	100.000206	99.999077	100.003624	100.007713	100.013062	100.012901	100.014565	100.014915	100.015701	100.022545	100.018188	100.026192	100.03196	100.032547	100.033554	100.042664	100.037529	100.038506	100.034775	100.040329	100.038994	100.041489	100.038658	100.041786	100.046051	100.043831	100.046669	100.049278	100.048447	100.047775	100.049484	100.051857	100.050858	100.048126	100.051971	100.051918	100.053368	100.055244	100.05851	100.060417	100.062706	100.062202	100.061485	100.063278	100.060059	100.056206	100.05484	100.058403	100.057808	100.059982	100.062057	100.057388	100.054398	100.06356	100.061462	100.066078	100.061523	100.059799	100.065247
672	100.016548	99.998512	99.99955	99.999329	100.001816	100.008156	100.011803	100.013123	100.014046	100.015602	100.015518	100.020477	100.018631	100.026169	100.030685	100.033676	100.032021	100.042305	100.036766	100.037216	100.034142	100.03923	100.037476	100.040504	100.038971	100.040329	100.046692	100.044487	100.045219	100.048317	100.048462	100.047638	100.049759	100.052177	100.051025	100.048851	100.052071	100.050949	100.053131	100.056549	100.059059	100.061989	100.062035	100.062874	100.06163	100.064232	100.061058	100.058838	100.055298	100.058067	100.057983	100.059868	100.062195	100.058022	100.057259	100.062332	100.061569	100.065079	100.063148	100.060669	100.066307
673	100.017227	99.998817	99.998894	99.999573	99.999969	100.008598	100.010513	100.013351	100.013496	100.016281	100.01532	100.018402	100.019073	100.026146	100.029388	100.034782	100.030479	100.041946	100.035988	100.035904	100.033508	100.038132	100.03595	100.03952	100.039276	100.038864	100.047325	100.045143	100.043762	100.047348	100.048485	100.047478	100.050041	100.05249	100.051186	100.049576	100.052155	100.049988	100.052872	100.057861	100.059616	100.06356	100.061348	100.063553	100.06176	100.065193	100.062057	100.061478	100.055756	100.057693	100.058159	100.059738	100.062332	100.058655	100.06012	100.061081	100.061676	100.064049	100.064781	100.061523	100.067345
674	100.016663	99.999969	99.999031	99.999481	99.99971	100.008965	100.010696	100.01358	100.013329	100.016273	100.015488	100.018623	100.019775	100.025963	100.029839	100.034317	100.031593	100.041183	100.036133	100.035645	100.035332	100.03936	100.036743	100.040459	100.039078	100.039185	100.047089	100.044975	100.044037	100.047005	100.048996	100.0495	100.050201	100.052086	100.052429	100.051208	100.052643	100.051285	100.053894	100.058105	100.060913	100.063004	100.061882	100.063728	100.062347	100.065247	100.06311	100.061226	100.056305	100.058662	100.059631	100.061508	100.062798	100.058975	100.06163	100.062546	100.062271	100.065208	100.065926	100.063469	100.067734
675	100.015816	100.001335	99.999329	99.999313	99.999825	100.009323	100.011192	100.013802	100.013245	100.016113	100.015747	100.019371	100.020554	100.025764	100.030693	100.033478	100.033333	100.040344	100.036491	100.035629	100.037727	100.041138	100.038101	100.04184	100.038757	100.039948	100.046631	100.044617	100.044724	100.046814	100.049637	100.052032	100.050316	100.051498	100.053932	100.05307	100.05323	100.053116	100.055222	100.058113	100.062393	100.061943	100.062729	100.063797	100.063034	100.065086	100.064171	100.060295	100.056877	100.059952	100.061394	100.063728	100.063347	100.059235	100.062836	100.064659	100.062988	100.066864	100.066963	100.065659	100.067993
676	100.014969	100.002693	99.999641	99.999146	99.999939	100.009689	100.011703	100.01403	100.013145	100.015953	100.016006	100.020126	100.021339	100.025543	100.031555	100.032639	100.035072	100.039482	100.03685	100.035622	100.040138	100.042931	100.039444	100.043228	100.038437	100.04071	100.046196	100.04425	100.045418	100.046631	100.05027	100.054588	100.050446	100.050911	100.05542	100.054947	100.053825	100.054955	100.056549	100.058113	100.063881	100.060867	100.06356	100.063858	100.063728	100.064934	100.065247	100.059364	100.057434	100.061241	100.063156	100.065956	100.063911	100.059494	100.064041	100.06678	100.063721	100.068535	100.068008	100.067879	100.068237
677	100.014023	100.003052	99.999779	99.9991	100	100.00956	100.011734	100.013863	100.013062	100.015938	100.016495	100.019516	100.021454	100.025047	100.031517	100.031555	100.035835	100.038399	100.036896	100.034988	100.040054	100.042595	100.039566	100.043526	100.037849	100.041077	100.045631	100.043953	100.045479	100.046661	100.050209	100.054779	100.05072	100.051117	100.055588	100.055077	100.053787	100.055458	100.056519	100.057732	100.064423	100.0597	100.063393	100.064102	100.06353	100.064781	100.065041	100.058792	100.057373	100.061653	100.063553	100.06604	100.063835	100.059937	100.064934	100.06752	100.063751	100.068939	100.068199	100.068489	100.068092
678	100.012955	100.002289	99.999725	99.999214	100	100.008881	100.011238	100.01326	100.013008	100.016106	100.017273	100.017403	100.020859	100.0242	100.030518	100.030205	100.035522	100.037064	100.036606	100.033661	100.037209	100.039902	100.038322	100.042595	100.036964	100.041046	100.04493	100.043739	100.044868	100.046936	100.049377	100.052353	100.051178	100.052193	100.054237	100.053276	100.05307	100.054459	100.054955	100.056946	100.063881	100.058456	100.062134	100.064514	100.062309	100.064621	100.063431	100.058624	100.056648	100.061081	100.062393	100.063721	100.063072	100.060608	100.065529	100.066742	100.063026	100.06794	100.067459	100.067345	100.06752
679	100.011894	100.001526	99.999672	99.999329	100	100.008224	100.010742	100.01265	100.012947	100.016281	100.018051	100.015297	100.020279	100.023361	100.029518	100.028862	100.035217	100.035728	100.036331	100.032364	100.034355	100.037193	100.037086	100.041664	100.036095	100.040993	100.044235	100.043533	100.04425	100.047211	100.048553	100.049934	100.051643	100.053284	100.052902	100.051483	100.052368	100.053467	100.053383	100.05616	100.063362	100.057205	100.060867	100.064934	100.061104	100.064484	100.061821	100.058472	100.055908	100.060532	100.061241	100.061401	100.062332	100.061287	100.066124	100.065971	100.062302	100.066933	100.066719	100.0662	100.066948
680	100.011078	100.000656	99.999413	99.999298	100.000046	100.007774	100.010345	100.0121	100.012848	100.016335	100.018539	100.013542	100.019859	100.02253	100.028694	100.02787	100.034676	100.034523	100.035942	100.031364	100.032082	100.03495	100.036148	100.040985	100.035561	100.041046	100.043655	100.043198	100.043854	100.047516	100.047958	100.04792	100.051865	100.054016	100.051819	100.049957	100.051788	100.052704	100.052132	100.05555	100.06279	100.056412	100.059982	100.065338	100.059959	100.06443	100.060631	100.058517	100.05542	100.060318	100.060341	100.059464	100.061607	100.06192	100.066582	100.065147	100.061783	100.066078	100.065872	100.065315	100.066467
681	100.01178	99.999199	99.997894	99.998383	100.00042	100.008751	100.010643	100.011909	100.012573	100.015724	100.017273	100.01416	100.020599	100.021835	100.029137	100.029282	100.032768	100.034271	100.034988	100.032402	100.033508	100.035774	100.037239	100.041916	100.037346	100.041687	100.043808	100.042252	100.044922	100.047997	100.048973	100.048637	100.05072	100.052536	100.052429	100.050247	100.052071	100.05349	100.05294	100.056252	100.061882	100.058517	100.061668	100.065704	100.05938	100.065109	100.062164	100.059906	100.056541	100.06237	100.061165	100.060081	100.061127	100.062393	100.066162	100.064072	100.062653	100.066147	100.064514	100.0662	100.066757
682	100.012482	99.997734	99.996361	99.997467	100.000786	100.009743	100.010941	100.011734	100.012299	100.015114	100.015999	100.014786	100.021347	100.021149	100.029564	100.030693	100.030861	100.034035	100.034019	100.03344	100.034966	100.036583	100.038353	100.042854	100.039146	100.042343	100.043991	100.04129	100.045967	100.048485	100.049957	100.049355	100.049576	100.051048	100.05304	100.050545	100.052353	100.05426	100.053749	100.056946	100.060989	100.060616	100.063339	100.066063	100.058784	100.065781	100.06369	100.061295	100.057686	100.064423	100.061974	100.060692	100.060669	100.062874	100.065758	100.063004	100.063538	100.066223	100.063156	100.067078	100.067032
683	100.013184	99.996277	99.994843	99.996552	100.001167	100.010727	100.011253	100.011536	100.012039	100.014496	100.014732	100.015404	100.022087	100.02047	100.030006	100.032104	100.028946	100.033783	100.033058	100.034485	100.036415	100.037407	100.039459	100.0438	100.040947	100.042999	100.044144	100.040344	100.047028	100.048973	100.050972	100.050079	100.048431	100.049553	100.053642	100.050827	100.052658	100.055054	100.054565	100.05764	100.060066	100.062729	100.065018	100.066437	100.058197	100.066467	100.065247	100.062691	100.058807	100.066467	100.062798	100.06131	100.060188	100.063347	100.065338	100.061928	100.064423	100.066307	100.061813	100.067963	100.067314
684	100.012466	99.997047	99.995628	99.996384	100.001785	100.010391	100.01104	100.01162	100.011459	100.014923	100.014709	100.015488	100.022064	100.020424	100.029602	100.032341	100.02887	100.033844	100.0327	100.034691	100.036491	100.035652	100.038956	100.042679	100.039742	100.042252	100.043037	100.039879	100.046196	100.047256	100.05114	100.049019	100.047768	100.049881	100.05294	100.050774	100.053062	100.054184	100.05349	100.05616	100.058876	100.061264	100.064262	100.064507	100.058571	100.065445	100.064323	100.06192	100.057709	100.06472	100.060829	100.060524	100.059784	100.062454	100.063576	100.061707	100.063774	100.065697	100.061012	100.066391	100.067451
685	100.011421	99.998405	99.997017	99.996414	100.002495	100.00975	100.010704	100.01178	100.010811	100.01564	100.015007	100.01545	100.021851	100.020554	100.029007	100.03228	100.029266	100.033989	100.032494	100.034691	100.03624	100.033279	100.038078	100.041046	100.037788	100.041161	100.041603	100.039543	100.044884	100.044998	100.051094	100.047539	100.047241	100.050674	100.051926	100.050652	100.053497	100.052902	100.051949	100.054146	100.057602	100.058899	100.06292	100.061989	100.059189	100.064018	100.062798	100.060616	100.056061	100.062012	100.058197	100.059387	100.059402	100.061203	100.061478	100.061707	100.062767	100.064911	100.060379	100.064194	100.067566
686	100.010368	99.999748	99.998398	99.996437	100.003181	100.009094	100.010368	100.011932	100.010155	100.016342	100.01532	100.015388	100.021637	100.020683	100.028381	100.032219	100.029671	100.034126	100.032295	100.034691	100.03598	100.030884	100.037178	100.039413	100.035835	100.040077	100.040161	100.0392	100.043556	100.042725	100.051048	100.046051	100.046692	100.05146	100.050903	100.050522	100.05394	100.051605	100.050415	100.052116	100.056313	100.056519	100.061546	100.059486	100.059807	100.062561	100.061264	100.059303	100.054405	100.059303	100.055527	100.058258	100.059006	100.059952	100.059364	100.061691	100.061752	100.064125	100.059723	100.062004	100.067673
687	100.009941	100.000343	99.998573	99.996674	100.003288	100.008751	100.010391	100.011551	100.010216	100.016365	100.015488	100.015404	100.021103	100.020447	100.027763	100.031616	100.030075	100.033615	100.032364	100.034805	100.035324	100.030502	100.036751	100.038551	100.03421	100.03933	100.040161	100.038994	100.042175	100.042274	100.05014	100.044975	100.046585	100.050903	100.049614	100.05027	100.053726	100.050423	100.049301	100.051331	100.055626	100.05542	100.060287	100.057945	100.059929	100.061462	100.060318	100.057892	100.053406	100.058365	100.054611	100.057327	100.05896	100.059196	100.058029	100.061401	100.060905	100.063118	100.059448	100.060608	100.067436
688	100.010239	100.000061	99.99736	99.997154	100.002716	100.008751	100.010872	100.010551	100.011124	100.015602	100.015533	100.015488	100.020203	100.019775	100.027122	100.030373	100.030518	100.032356	100.032768	100.035072	100.034187	100.032463	100.03688	100.03862	100.033012	100.038994	100.04184	100.038971	100.04071	100.043915	100.048256	100.04438	100.046967	100.048782	100.048042	100.049911	100.052734	100.049339	100.048706	100.05201	100.055611	100.055824	100.059128	100.057564	100.059464	100.060799	100.060081	100.056366	100.053169	100.059509	100.055733	100.056625	100.059341	100.059021	100.057617	100.060799	100.060257	100.061882	100.059631	100.060143	100.066818
689	100.010529	99.999771	99.996147	99.997643	100.002144	100.008759	100.011353	100.009552	100.012016	100.014832	100.015572	100.015549	100.019287	100.019089	100.026474	100.029121	100.030937	100.031075	100.033173	100.035324	100.033066	100.034416	100.036987	100.038673	100.031792	100.038635	100.043526	100.038948	100.039246	100.045563	100.046364	100.043777	100.047348	100.046661	100.046471	100.049545	100.051735	100.048256	100.048111	100.052681	100.055603	100.056206	100.057961	100.057182	100.058983	100.060127	100.059845	100.054825	100.052917	100.060654	100.056839	100.055923	100.0597	100.05883	100.057205	100.060181	100.059616	100.060631	100.059784	100.059662	100.06617
690	100.010658	99.999161	99.99501	99.997887	100.001396	100.008545	100.011566	100.008667	100.012589	100.014175	100.015488	100.015617	100.01844	100.018417	100.025795	100.027992	100.031113	100.029884	100.033356	100.035515	100.031868	100.035965	100.036934	100.038513	100.030754	100.038147	100.044807	100.038887	100.038132	100.046837	100.044571	100.04332	100.047371	100.044868	100.045097	100.049004	100.05072	100.047287	100.047699	100.053093	100.055519	100.056503	100.056839	100.056824	100.058403	100.059364	100.05938	100.053551	100.052704	100.061371	100.057732	100.055191	100.059822	100.058601	100.056709	100.059464	100.05883	100.059402	100.059662	100.059151	100.065384
691	100.009537	99.996292	99.994431	99.996498	99.999428	100.00676	100.01004	100.008606	100.010834	100.014267	100.014481	100.015617	100.017967	100.017761	100.024864	100.027634	100.029518	100.029243	100.031998	100.035187	100.030121	100.03463	100.035667	100.03685	100.030922	100.036583	100.043343	100.038574	100.039589	100.045372	100.043549	100.043884	100.044838	100.045486	100.045166	100.047173	100.049553	100.047195	100.048515	100.051666	100.05484	100.056061	100.055992	100.056633	100.057007	100.057968	100.057312	100.054146	100.052658	100.059059	100.057152	100.054314	100.058197	100.057983	100.055634	100.058105	100.057068	100.058365	100.057617	100.058304	100.06353
692	100.008415	99.993431	99.993851	99.995117	99.997459	100.004974	100.008522	100.008568	100.009087	100.014374	100.013481	100.01564	100.017502	100.01712	100.023949	100.02729	100.027931	100.02861	100.03064	100.034882	100.028397	100.03331	100.034393	100.035179	100.031105	100.035034	100.041893	100.038254	100.041046	100.043915	100.042511	100.044456	100.04232	100.04612	100.045242	100.045334	100.048386	100.047096	100.049355	100.050247	100.054169	100.055626	100.055145	100.056473	100.055626	100.056587	100.055267	100.054741	100.052628	100.056732	100.056564	100.053444	100.05658	100.057373	100.05455	100.056747	100.055298	100.057327	100.055565	100.057457	100.061676
693	100.007294	99.990555	99.993256	99.993721	99.995491	100.003181	100.006989	100.008514	100.007317	100.014473	100.012482	100.015656	100.017014	100.016472	100.02301	100.026939	100.026337	100.027969	100.029282	100.034561	100.026642	100.031975	100.033127	100.033501	100.031265	100.033478	100.040413	100.037941	100.042511	100.042435	100.041473	100.045013	100.039764	100.046745	100.045303	100.043488	100.047218	100.046989	100.050179	100.048805	100.05349	100.055183	100.054298	100.056282	100.054214	100.055183	100.0532	100.055351	100.052582	100.054405	100.055984	100.052559	100.054947	100.05677	100.053474	100.055374	100.053528	100.056267	100.05349	100.05661	100.05983
694	100.008644	99.991524	99.994392	99.993835	99.996239	100.003586	100.007317	100.007736	100.00882	100.015518	100.013145	100.017014	100.017799	100.017906	100.023903	100.028351	100.028099	100.030075	100.030731	100.035812	100.028107	100.03289	100.03476	100.035049	100.032982	100.034271	100.040527	100.039444	100.043571	100.042427	100.04306	100.046036	100.041351	100.048744	100.047173	100.044739	100.049194	100.048424	100.051674	100.050545	100.053635	100.055588	100.055077	100.058067	100.055206	100.05587	100.054596	100.056267	100.053368	100.054863	100.056244	100.054527	100.055191	100.056839	100.054482	100.056526	100.054756	100.057472	100.054398	100.057602	100.060486
695	100.010658	99.993523	99.995987	99.994347	99.997719	100.004578	100.008141	100.00676	100.011185	100.016808	100.014267	100.018753	100.018921	100.019897	100.025299	100.030228	100.030769	100.032928	100.032936	100.037476	100.030434	100.034401	100.037178	100.037468	100.03511	100.035706	100.041054	100.041428	100.044548	100.042786	100.045334	100.04718	100.044037	100.051117	100.049507	100.046814	100.052048	100.05027	100.053345	100.053116	100.054016	100.056221	100.05629	100.060394	100.056824	100.057129	100.056908	100.057281	100.054382	100.056053	100.056747	100.057259	100.055954	100.057098	100.056053	100.05835	100.056778	100.059258	100.056114	100.059082	100.061836
696	100.012672	99.995514	99.997589	99.994873	99.999191	100.005569	100.008965	100.005783	100.013542	100.018105	100.015388	100.020477	100.02005	100.021896	100.026688	100.032127	100.033447	100.035774	100.035156	100.039139	100.032768	100.035919	100.039604	100.039886	100.037231	100.037132	100.041603	100.043427	100.045525	100.043144	100.047623	100.04834	100.04673	100.05349	100.051857	100.048897	100.054886	100.052116	100.055023	100.05571	100.054382	100.056854	100.057518	100.062729	100.058449	100.058365	100.059235	100.058304	100.055397	100.057243	100.057236	100.059982	100.056709	100.057365	100.057617	100.060188	100.058815	100.061073	100.057831	100.06057	100.063171
697	100.013718	99.997124	99.99836	99.995338	100.000427	100.006126	100.009537	100.005844	100.014519	100.018677	100.01606	100.020996	100.020691	100.023186	100.027939	100.032295	100.034462	100.037048	100.036255	100.039993	100.034187	100.037262	100.040779	100.040802	100.038315	100.038147	100.042084	100.044044	100.046013	100.043259	100.048485	100.049225	100.048294	100.054016	100.052666	100.049675	100.055649	100.052597	100.055359	100.057098	100.054871	100.057396	100.058189	100.063179	100.059128	100.059494	100.060989	100.058594	100.055527	100.057861	100.057877	100.061653	100.057045	100.05722	100.058495	100.061081	100.060181	100.061836	100.058937	100.060913	100.063477
698	100.013588	99.998245	99.998146	99.995735	100.00135	100.006165	100.009811	100.007156	100.013802	100.018379	100.016197	100.020027	100.02079	100.023628	100.029015	100.03035	100.033485	100.036446	100.036011	100.039879	100.034523	100.038399	100.040451	100.039902	100.038132	100.03862	100.042473	100.043037	100.045898	100.043091	100.047623	100.049797	100.048508	100.052307	100.051628	100.048866	100.053879	100.051376	100.054077	100.057068	100.055519	100.057838	100.058212	100.061371	100.058617	100.060448	100.062035	100.058006	100.054573	100.057793	100.058678	100.062027	100.056854	100.056602	100.05854	100.060844	100.060722	100.061333	100.059303	100.059891	100.062515
699	100.013458	99.99939	99.997948	99.99614	100.002304	100.006195	100.010086	100.008476	100.0131	100.018097	100.016342	100.019073	100.020874	100.024071	100.030113	100.028404	100.032516	100.03582	100.035774	100.039757	100.034866	100.039528	100.040138	100.038994	100.037971	100.039124	100.0429	100.042023	100.045792	100.042931	100.046753	100.050354	100.048721	100.050606	100.050606	100.048065	100.052116	100.050179	100.052788	100.05703	100.056145	100.058273	100.058243	100.05957	100.058128	100.061417	100.063087	100.057426	100.053642	100.057747	100.059494	100.062408	100.056671	100.055984	100.058601	100.060616	100.061287	100.060844	100.059685	100.058876	100.061562
700	100.01326	100.000237	99.99781	99.996498	100.002983	100.006401	100.010345	100.009743	100.012413	100.017693	100.016335	100.018105	100.020828	100.024269	100.03096	100.026749	100.031555	100.035263	100.035454	100.039383	100.035179	100.040283	100.03965	100.037933	100.037643	100.03952	100.043282	100.04097	100.045311	100.042809	100.045921	100.050529	100.048683	100.04895	100.049576	100.047211	100.050415	100.04908	100.051483	100.056839	100.056633	100.058426	100.058022	100.057961	100.057724	100.062111	100.06385	100.056732	100.052811	100.057495	100.059975	100.062431	100.056351	100.055382	100.058403	100.06031	100.061653	100.060333	100.059685	100.057915	100.060631
701	100.012459	99.999016	99.998253	99.996552	100.001846	100.00782	100.010513	100.010612	100.011841	100.016449	100.015221	100.017212	100.019875	100.022736	100.029922	100.02726	100.030579	100.035164	100.034477	100.037071	100.035202	100.038109	100.037956	100.035774	100.036278	100.039169	100.043556	100.03978	100.042137	100.043068	100.045349	100.047729	100.046768	100.047615	100.048622	100.046028	100.04908	100.048828	100.050224	100.055565	100.056015	100.056473	100.055885	100.057838	100.058105	100.06086	100.062477	100.055397	100.052773	100.055885	100.057861	100.059769	100.055077	100.05497	100.056229	100.059464	100.060699	100.059723	100.056854	100.057411	100.060043
702	100.01165	99.99778	99.998688	99.996605	100.000717	100.009224	100.010666	100.011482	100.011269	100.015221	100.014091	100.016281	100.018898	100.021187	100.02887	100.027779	100.029587	100.035072	100.033501	100.034752	100.035217	100.035927	100.036255	100.033592	100.034882	100.038818	100.043831	100.038574	100.038948	100.043343	100.044762	100.04493	100.044838	100.04628	100.047668	100.044838	100.047745	100.048576	100.048935	100.05426	100.055397	100.054489	100.053726	100.057724	100.058487	100.059593	100.061104	100.054024	100.052727	100.05426	100.05574	100.057098	100.053772	100.054565	100.054047	100.058617	100.059723	100.059105	100.053993	100.056908	100.059464
703	100.010849	99.996552	99.99913	99.996658	99.999565	100.010658	100.010834	100.012352	100.010704	100.013985	100.01297	100.015381	100.017929	100.01963	100.027847	100.02829	100.02861	100.034973	100.032516	100.032425	100.03524	100.03376	100.034538	100.03141	100.033501	100.038467	100.044098	100.037369	100.035751	100.04361	100.044182	100.042114	100.042915	100.044945	100.046715	100.04364	100.04641	100.048325	100.047661	100.052963	100.054779	100.052521	100.051582	100.057602	100.058868	100.058342	100.059738	100.052681	100.052689	100.052628	100.053635	100.054428	100.052475	100.054146	100.05188	100.05777	100.058769	100.058487	100.05114	100.056412	100.058876
704	100.011467	99.996277	99.998985	99.997154	100.000122	100.009933	100.01136	100.012352	100.010529	100.013863	100.013733	100.015549	100.017288	100.019798	100.027786	100.030014	100.029144	100.03463	100.033485	100.032898	100.0355	100.034782	100.035156	100.031578	100.033859	100.039352	100.043991	100.03817	100.037727	100.042847	100.044868	100.042702	100.043213	100.045074	100.047302	100.043991	100.046936	100.04808	100.048462	100.053299	100.05468	100.05262	100.052582	100.057159	100.058136	100.057838	100.059853	100.053528	100.053871	100.053703	100.053993	100.05394	100.052643	100.053978	100.052177	100.05735	100.058281	100.057755	100.05233	100.057266	100.057922
705	100.012497	99.996277	99.998688	99.997772	100.00116	100.008583	100.012001	100.0121	100.010452	100.014069	100.01503	100.016006	100.016724	100.020447	100.028	100.032104	100.030113	100.03421	100.034973	100.034164	100.03582	100.03669	100.036415	100.032387	100.034714	100.040588	100.043762	100.039528	100.041138	100.041794	100.045921	100.044205	100.044128	100.045624	100.048317	100.044762	100.047981	100.047829	100.049843	100.054085	100.054741	100.053284	100.054466	100.056633	100.057114	100.057541	100.060394	100.055	100.055397	100.055527	100.055054	100.054047	100.05323	100.053879	100.053177	100.057053	100.057922	100.056992	100.054657	100.05851	100.056862
706	100.013504	99.996254	99.998383	99.998375	100.002182	100.007233	100.012634	100.011848	100.010368	100.014259	100.016312	100.016472	100.016151	100.021088	100.028214	100.03418	100.031067	100.033798	100.036469	100.035416	100.036148	100.038597	100.037682	100.033203	100.035561	100.041817	100.043533	100.040878	100.044563	100.040733	100.046959	100.045715	100.045052	100.046143	100.049332	100.045525	100.049019	100.047577	100.051201	100.054871	100.054787	100.053955	100.056335	100.056091	100.056076	100.057243	100.060913	100.056458	100.056923	100.05735	100.056114	100.054169	100.05381	100.053787	100.054169	100.056755	100.057579	100.056221	100.056969	100.059738	100.055801
707	100.013748	99.996643	99.998566	99.998703	100.002762	100.006805	100.012718	100.011955	100.010742	100.014793	100.017487	100.016991	100.016594	100.022209	100.028358	100.034866	100.031723	100.033585	100.037148	100.036003	100.036812	100.038658	100.038239	100.033737	100.035667	100.042259	100.043396	100.041458	100.045982	100.040009	100.047173	100.047218	100.04567	100.046692	100.049255	100.04628	100.049614	100.048294	100.05162	100.054573	100.054886	100.054703	100.057518	100.055908	100.055954	100.057434	100.061081	100.056923	100.057648	100.058708	100.056526	100.05423	100.054657	100.053833	100.055099	100.057007	100.05722	100.056694	100.058678	100.060394	100.056625
708	100.012993	99.997498	99.999336	99.99868	100.0028	100.0075	100.012123	100.012505	100.01165	100.015732	100.018524	100.017532	100.018242	100.023903	100.028374	100.033821	100.032005	100.033607	100.036789	100.035736	100.037895	100.036407	100.037918	100.033905	100.034866	100.041664	100.043365	100.041077	100.04493	100.039688	100.046364	100.048721	100.045883	100.047241	100.047829	100.047005	100.049629	100.050209	100.050842	100.052956	100.055023	100.055527	100.057816	100.056137	100.056969	100.058197	100.060799	100.056122	100.057388	100.059486	100.056137	100.054214	100.05584	100.054039	100.055923	100.057922	100.056862	100.058678	100.059593	100.06031	100.059761
709	100.012245	99.998352	100.000107	99.99865	100.002838	100.008186	100.011528	100.013054	100.01255	100.016663	100.019562	100.018097	100.019905	100.025604	100.028381	100.032784	100.032295	100.033615	100.03643	100.035461	100.039001	100.034157	100.03759	100.034081	100.034058	100.041077	100.043358	100.040695	100.043869	100.039375	100.04554	100.050209	100.046097	100.047791	100.046387	100.047729	100.049637	100.052116	100.050056	100.051308	100.055183	100.056351	100.058113	100.056374	100.057968	100.05896	100.060509	100.055313	100.057129	100.060257	100.05574	100.054214	100.057014	100.054237	100.056755	100.05883	100.056503	100.060669	100.060524	100.060226	100.062904
710	100.011612	99.999084	100.000893	99.998772	100.002907	100.008865	100.011131	100.013756	100.01342	100.01757	100.020386	100.018715	100.021515	100.027016	100.028481	100.031837	100.032547	100.03389	100.036156	100.035301	100.039902	100.032379	100.0373	100.0345	100.033585	100.040642	100.043358	100.040627	100.043083	100.03952	100.044907	100.051582	100.046516	100.048531	100.045334	100.04847	100.04982	100.053848	100.049507	100.050247	100.055565	100.057114	100.058487	100.056793	100.059006	100.05983	100.060272	100.054726	100.056885	100.060928	100.05555	100.054398	100.058113	100.054596	100.05764	100.05983	100.056366	100.06263	100.061356	100.060272	100.06559
711	100.011993	99.99881	100.001823	100.000107	100.003265	100.009453	100.01252	100.015495	100.014008	100.018227	100.019585	100.019714	100.02272	100.026154	100.029327	100.031754	100.032631	100.036064	100.03653	100.035927	100.03933	100.034378	100.037315	100.036934	100.035797	100.041283	100.043579	100.042999	100.044357	100.043365	100.045708	100.051949	100.048447	100.050758	100.047287	100.049271	100.051208	100.054123	100.050758	100.053642	100.057861	100.05748	100.059509	100.058617	100.060272	100.061485	100.060562	100.055801	100.056862	100.06089	100.056862	100.055984	100.058601	100.056168	100.059021	100.061356	100.057922	100.06443	100.061546	100.061455	100.06472
712	100.012352	99.998535	100.002731	100.001434	100.003624	100.01001	100.013901	100.017235	100.01458	100.018867	100.018761	100.020706	100.023941	100.025284	100.030159	100.031677	100.032684	100.038239	100.03688	100.03656	100.038742	100.036385	100.037315	100.039352	100.038017	100.041924	100.043808	100.045372	100.045624	100.047234	100.046501	100.052299	100.050377	100.052986	100.049255	100.050064	100.05262	100.054382	100.052002	100.05703	100.060165	100.057854	100.060524	100.06044	100.061523	100.063133	100.060829	100.056885	100.056839	100.060844	100.058174	100.057556	100.05909	100.057755	100.060394	100.062881	100.059486	100.066231	100.061737	100.062622	100.063835
713	100.012733	99.99826	100.00367	100.002777	100.00399	100.010597	100.015282	100.01899	100.015167	100.019516	100.017952	100.021721	100.025154	100.024429	100.031006	100.031601	100.032761	100.040451	100.037262	100.037209	100.038162	100.038399	100.037338	100.041786	100.040245	100.042572	100.044044	100.047745	100.046898	100.051102	100.047302	100.052666	100.052322	100.055229	100.051224	100.05088	100.054024	100.054672	100.053261	100.06044	100.062469	100.05822	100.061562	100.062271	100.062798	100.064789	100.061119	100.057961	100.056816	100.060799	100.059509	100.059151	100.059578	100.059341	100.061783	100.064423	100.06105	100.068047	100.061943	100.063812	100.062965
714	100.012733	99.997177	100.001991	100.000999	100.003304	100.01004	100.013367	100.018059	100.013565	100.017952	100.016579	100.020874	100.024887	100.02314	100.029755	100.030777	100.031387	100.038887	100.036301	100.036072	100.036636	100.037346	100.036324	100.04097	100.038872	100.041351	100.043655	100.04554	100.046288	100.04966	100.047707	100.051178	100.051247	100.053909	100.049843	100.049767	100.052704	100.053703	100.05275	100.058487	100.060989	100.057327	100.06076	100.060913	100.060501	100.064217	100.060677	100.057793	100.055954	100.060066	100.058983	100.058022	100.058838	100.05851	100.061073	100.063492	100.060165	100.0672	100.061081	100.063942	100.063324
715	100.012627	99.995865	99.999573	99.998344	100.002327	100.009155	100.010529	100.01638	100.011337	100.01577	100.015045	100.019493	100.0242	100.021729	100.027908	100.029739	100.029602	100.036263	100.034973	100.034454	100.034821	100.035461	100.035034	100.039268	100.036499	100.039612	100.043068	100.04203	100.045158	100.04673	100.048004	100.049171	100.049339	100.051582	100.047508	100.048126	100.050613	100.052391	100.051735	100.055038	100.058426	100.056091	100.059464	100.058662	100.057198	100.063004	100.060036	100.057266	100.054863	100.059166	100.057945	100.056114	100.057747	100.057007	100.059761	100.061867	100.058594	100.065598	100.059929	100.063774	100.064026
716	100.012527	99.994553	99.997154	99.995682	100.001335	100.00827	100.007668	100.014687	100.009109	100.01358	100.013519	100.01812	100.023506	100.020325	100.026062	100.028694	100.027809	100.033653	100.033653	100.032822	100.03302	100.033554	100.033737	100.037537	100.034119	100.037872	100.042496	100.038544	100.044014	100.0438	100.048302	100.04718	100.047432	100.049255	100.045166	100.046478	100.048531	100.051079	100.05072	100.051567	100.055862	100.05484	100.058159	100.056396	100.053879	100.061783	100.059387	100.056747	100.053749	100.058243	100.056923	100.054207	100.056648	100.055481	100.058456	100.060234	100.057007	100.064003	100.058769	100.063614	100.064728
717	100.012398	99.994499	99.996117	99.994446	100.000893	100.00721	100.006744	100.013008	100.008629	100.012794	100.013435	100.017532	100.022842	100.020241	100.025093	100.028076	100.0271	100.032295	100.032722	100.032219	100.032043	100.032982	100.033279	100.036644	100.032578	100.036942	100.042213	100.036964	100.043297	100.042511	100.048157	100.045715	100.04631	100.047394	100.044228	100.046066	100.0476	100.049995	100.050064	100.05027	100.054085	100.053978	100.05764	100.055588	100.052498	100.060951	100.058891	100.056221	100.053093	100.057816	100.056503	100.052933	100.056229	100.054764	100.057732	100.058922	100.056854	100.062515	100.058449	100.063087	100.064468
718	100.012222	99.996017	99.996796	99.994942	100.001099	100.005959	100.008217	100.011314	100.010323	100.013733	100.015167	100.017944	100.022171	100.021805	100.025246	100.027954	100.027702	100.032486	100.032318	100.032928	100.032112	100.034042	100.03389	100.036751	100.032043	100.037048	100.042297	100.037788	100.043121	100.043259	100.04747	100.04493	100.046196	100.046112	100.044998	100.047173	100.048103	100.049194	100.04985	100.051666	100.053299	100.053596	100.058067	100.056587	100.053497	100.060547	100.058578	100.055717	100.052986	100.058022	100.056877	100.052467	100.056664	100.055054	100.057709	100.058006	100.058456	100.061157	100.059151	100.062119	100.063011
719	100.012062	99.997543	99.99749	99.995453	100.00132	100.004723	100.009705	100.009621	100.012016	100.014687	100.016891	100.018372	100.021515	100.023361	100.025406	100.027847	100.028313	100.032684	100.031914	100.033638	100.032188	100.035118	100.034508	100.036873	100.031517	100.03717	100.042389	100.038635	100.042938	100.044014	100.046776	100.044159	100.046074	100.044807	100.045792	100.048294	100.048622	100.048401	100.04966	100.053062	100.052498	100.05323	100.058517	100.057602	100.054504	100.06015	100.058273	100.055229	100.052895	100.05822	100.057259	100.052002	100.057114	100.055336	100.057709	100.057098	100.060066	100.059799	100.059868	100.061157	100.061584
720	100.011589	99.998642	99.998077	99.995651	100.001205	100.003372	100.010666	100.007942	100.013313	100.01519	100.01812	100.01844	100.020721	100.024582	100.025307	100.027672	100.028564	100.032684	100.031349	100.034157	100.032173	100.035919	100.034927	100.036621	100.031052	100.036964	100.042259	100.039078	100.042519	100.04454	100.045883	100.043251	100.045822	100.04364	100.046364	100.048843	100.048805	100.047493	100.049271	100.054077	100.051689	100.052856	100.058617	100.058281	100.055191	100.059616	100.057808	100.054565	100.052513	100.058212	100.057343	100.051605	100.057304	100.055336	100.057411	100.056137	100.061119	100.05851	100.060226	100.060104	100.060013
721	100.008705	99.996407	99.997894	99.993568	99.99865	100.00132	100.007698	100.006439	100.011589	100.012276	100.015388	100.01593	100.018867	100.023148	100.02327	100.027	100.026085	100.031197	100.029663	100.033272	100.031433	100.034737	100.033867	100.033722	100.031075	100.034439	100.040558	100.036606	100.04039	100.043365	100.043358	100.041428	100.044594	100.043365	100.045395	100.045097	100.046471	100.045898	100.047493	100.052246	100.05088	100.052658	100.056252	100.056519	100.05349	100.058136	100.056198	100.052551	100.05014	100.056602	100.055222	100.051758	100.055695	100.053108	100.054916	100.054756	100.057945	100.05777	100.057922	100.058472	100.057564
722	100.005814	99.994186	99.997711	99.991486	99.996094	99.999275	100.00473	100.004944	100.00985	100.009369	100.012657	100.013412	100.017014	100.021721	100.02124	100.026321	100.023605	100.029716	100.027969	100.032402	100.030708	100.033569	100.032822	100.030838	100.031105	100.031914	100.038841	100.034142	100.038254	100.042198	100.040833	100.039589	100.043365	100.043106	100.044441	100.041328	100.044128	100.044312	100.045738	100.050423	100.050079	100.052467	100.053894	100.054764	100.051788	100.056648	100.054588	100.050545	100.047768	100.054993	100.053093	100.051926	100.054085	100.050903	100.052429	100.053391	100.054779	100.05703	100.055626	100.056824	100.055107
723	100.00293	99.991951	99.997528	99.989403	99.993523	99.997223	100.001755	100.003433	100.008102	100.006447	100.009918	100.010887	100.015152	100.020287	100.019203	100.02565	100.021126	100.028229	100.026276	100.031517	100.029984	100.032387	100.031754	100.027931	100.031128	100.029358	100.037125	100.031662	100.03611	100.041023	100.0383	100.037743	100.042137	100.042831	100.043488	100.03756	100.041771	100.042709	100.043961	100.048592	100.049271	100.052246	100.051521	100.053001	100.050079	100.055145	100.052963	100.048531	100.045395	100.053368	100.050972	100.052071	100.052467	100.048676	100.049934	100.05201	100.05159	100.05629	100.053322	100.055183	100.052643
724	100.004555	99.993309	99.999146	99.990372	99.995461	99.999359	100.004044	100.005592	100.009132	100.007713	100.012001	100.012032	100.015282	100.01992	100.021049	100.026794	100.023201	100.029694	100.027939	100.031456	100.029388	100.034126	100.032791	100.030769	100.031021	100.030693	100.038322	100.0327	100.036156	100.04071	100.038673	100.039207	100.043144	100.043785	100.044205	100.038612	100.042328	100.043716	100.045059	100.048195	100.05072	100.052116	100.051903	100.05368	100.051208	100.056862	100.05304	100.049934	100.045822	100.052963	100.05114	100.052849	100.052628	100.049255	100.050125	100.052773	100.052032	100.056694	100.053741	100.055901	100.053154
725	100.007416	99.995651	100.001251	99.992172	99.998611	100.002647	100.007782	100.008759	100.01091	100.010132	100.015427	100.014175	100.015953	100.019836	100.023949	100.028435	100.026527	100.031975	100.030556	100.031616	100.028824	100.036667	100.034401	100.035179	100.030884	100.033081	100.040329	100.034698	100.036797	100.040642	100.039825	100.04158	100.044754	100.045074	100.045357	100.04097	100.043663	100.045418	100.046944	100.048187	100.052795	100.051987	100.053047	100.055023	100.053131	100.059448	100.053574	100.052277	100.047012	100.052902	100.051949	100.053772	100.053284	100.050606	100.051056	100.054123	100.053474	100.057411	100.054909	100.057236	100.054466
726	100.010284	99.998001	100.003365	99.993973	100.001778	100.005928	100.011513	100.011932	100.01268	100.012543	100.018837	100.016319	100.016617	100.019753	100.026855	100.030067	100.029846	100.034248	100.03315	100.031784	100.028267	100.03923	100.036011	100.039604	100.030746	100.035477	100.042343	100.036705	100.037445	100.040565	100.040993	100.043953	100.046371	100.046349	100.046524	100.043343	100.045013	100.047134	100.048843	100.048172	100.054871	100.051857	100.054184	100.056374	100.055054	100.062035	100.054108	100.054619	100.04821	100.052834	100.05275	100.054695	100.05394	100.051949	100.051971	100.055466	100.054916	100.058128	100.056076	100.058594	100.055786
727	100.010887	99.998497	100.003395	99.995255	100.002441	100.007141	100.013039	100.013092	100.013641	100.012901	100.019775	100.016693	100.0168	100.019753	100.027863	100.029961	100.031235	100.034836	100.034241	100.031616	100.027634	100.039101	100.036118	100.040939	100.031021	100.036346	100.042595	100.037598	100.037766	100.040329	100.041603	100.045166	100.04673	100.046448	100.046364	100.044106	100.045738	100.047592	100.04953	100.048553	100.055122	100.051811	100.0541	100.056587	100.055733	100.062225	100.054237	100.055077	100.048302	100.052277	100.053009	100.053894	100.053764	100.051605	100.052246	100.055733	100.055466	100.058342	100.055756	100.057899	100.056519
728	100.008713	99.996742	100.000885	99.995888	100.000061	100.005806	100.011871	100.011787	100.013542	100.010727	100.0177	100.014923	100.016342	100.019852	100.02655	100.027702	100.030243	100.033363	100.03344	100.031021	100.026917	100.035706	100.034378	100.038513	100.031792	100.035332	100.04071	100.037132	100.037674	100.039902	100.041534	100.044991	100.045547	100.045082	100.044571	100.042931	100.045708	100.046524	100.048782	100.0494	100.053169	100.051834	100.052521	100.055405	100.054886	100.059509	100.053871	100.053238	100.047066	100.051132	100.052628	100.050995	100.052551	100.049187	100.051704	100.05468	100.054916	100.057915	100.053612	100.054726	100.056519
729	100.006546	99.995003	99.998375	99.996529	99.997673	100.004486	100.010704	100.010506	100.013474	100.00856	100.015625	100.013145	100.0159	100.019958	100.025223	100.025452	100.029266	100.031914	100.032631	100.030434	100.026215	100.032303	100.032654	100.036087	100.03257	100.034332	100.038841	100.036682	100.03756	100.039459	100.041473	100.044785	100.044357	100.043716	100.04277	100.041748	100.04567	100.045456	100.048019	100.050232	100.051201	100.051857	100.050949	100.05423	100.054039	100.056793	100.053513	100.051392	100.045822	100.049973	100.052223	100.048088	100.051331	100.046753	100.051155	100.053619	100.054382	100.05748	100.051453	100.051559	100.056519
730	100.004974	99.993553	99.996162	99.997131	99.995697	100.003372	100.009552	100.009499	100.01339	100.006851	100.013885	100.01162	100.015724	100.020126	100.024124	100.023483	100.028397	100.030746	100.031937	100.029907	100.02581	100.029396	100.031128	100.034012	100.033165	100.033424	100.037262	100.036324	100.037476	100.039185	100.041534	100.044456	100.04319	100.042557	100.041267	100.040749	100.045517	100.044571	100.047325	100.050903	100.049591	100.051895	100.049629	100.053192	100.053368	100.054253	100.053009	100.049576	100.044846	100.049141	100.051819	100.045761	100.050262	100.0448	100.050522	100.05275	100.053726	100.056984	100.049576	100.048889	100.056519
731	100.007721	99.994362	99.996063	99.997581	99.996719	100.003799	100.008484	100.010559	100.013336	100.008522	100.014557	100.011864	100.017426	100.020706	100.024536	100.023521	100.028229	100.031639	100.031921	100.029778	100.027641	100.030014	100.03109	100.034546	100.032463	100.033234	100.037979	100.036774	100.037506	100.03997	100.042488	100.042999	100.042068	100.042931	100.041817	100.041115	100.044456	100.044975	100.04705	100.050247	100.050591	100.051926	100.050117	100.0532	100.05394	100.052917	100.051498	100.048042	100.04586	100.050568	100.051247	100.047646	100.050148	100.046227	100.049187	100.053314	100.052284	100.05584	100.049736	100.049927	100.056473
732	100.01049	99.995163	99.995972	99.998024	99.997749	100.004219	100.007439	100.01162	100.013283	100.010178	100.015236	100.012115	100.019135	100.021301	100.02494	100.023567	100.028061	100.032532	100.031921	100.029633	100.02948	100.03064	100.031044	100.035095	100.031754	100.033043	100.038704	100.037231	100.037529	100.040756	100.043465	100.041557	100.040947	100.043282	100.042358	100.041473	100.043396	100.045372	100.046776	100.049576	100.05159	100.051964	100.050606	100.053215	100.054527	100.05159	100.049995	100.046501	100.046852	100.051987	100.050674	100.049522	100.050034	100.047661	100.047859	100.053871	100.050827	100.054703	100.049889	100.050949	100.056412
733	100.013245	99.995979	99.995872	99.998482	99.998772	100.004646	100.006378	100.012695	100.013229	100.011864	100.015915	100.01236	100.020836	100.021889	100.025352	100.023613	100.027893	100.03344	100.031898	100.029518	100.031319	100.031265	100.031006	100.035629	100.031044	100.032852	100.039436	100.037674	100.03756	100.041534	100.044426	100.040092	100.039818	100.043655	100.0429	100.041832	100.042328	100.045761	100.046516	100.048912	100.052605	100.05201	100.051094	100.053215	100.055107	100.05027	100.048485	100.044968	100.047852	100.053421	100.050117	100.051407	100.049911	100.04908	100.046524	100.05442	100.049377	100.053558	100.050041	100.051987	100.056366
734	100.01284	99.996773	99.996674	99.998322	99.999229	100.003883	100.006866	100.011864	100.01223	100.011917	100.015915	100.012314	100.02018	100.021271	100.02607	100.02462	100.028526	100.034012	100.031754	100.029671	100.031509	100.030502	100.031593	100.034241	100.030769	100.032532	100.039444	100.03688	100.037254	100.040962	100.044479	100.040077	100.039627	100.044022	100.042664	100.041748	100.041832	100.045433	100.046776	100.048386	100.052574	100.051903	100.051308	100.053741	100.053703	100.050224	100.049278	100.04538	100.048531	100.053146	100.049698	100.05101	100.049713	100.049278	100.047432	100.052765	100.049141	100.053444	100.051102	100.052513	100.056229
735	100.011589	99.997559	99.997696	99.997986	99.999535	100.002792	100.007751	100.010513	100.010979	100.011536	100.015724	100.012184	100.018867	100.020325	100.026871	100.025871	100.029358	100.034477	100.031555	100.0299	100.031242	100.029358	100.032341	100.032303	100.030602	100.032135	100.039253	100.035751	100.03685	100.040016	100.044266	100.040436	100.039688	100.04438	100.042213	100.041534	100.041458	100.044884	100.047173	100.047874	100.052246	100.051758	100.051437	100.054398	100.051735	100.050499	100.05069	100.046333	100.049118	100.052406	100.049301	100.049973	100.049469	100.049126	100.048935	100.050484	100.049194	100.053574	100.052391	100.052895	100.056061
736	100.010323	99.998352	99.998726	99.997643	99.999832	100.001701	100.008652	100.009155	100.009712	100.011154	100.015518	100.012039	100.017548	100.019371	100.027672	100.027122	100.030182	100.03495	100.031349	100.030113	100.030991	100.028214	100.033081	100.030373	100.030426	100.031754	100.039062	100.034607	100.036446	100.039062	100.044044	100.040794	100.039742	100.044754	100.041748	100.041306	100.041092	100.044334	100.047562	100.047348	100.051926	100.051628	100.051582	100.055054	100.049767	100.050781	100.052109	100.047279	100.049713	100.051651	100.048912	100.048958	100.049248	100.048981	100.050423	100.04821	100.049271	100.053703	100.05368	100.053261	100.055901
737	100.009743	99.999199	99.999832	99.997726	100.000656	100.002052	100.009499	100.00901	100.009827	100.011826	100.015594	100.012848	100.018143	100.019241	100.027847	100.027939	100.030647	100.034782	100.031075	100.03096	100.030579	100.028206	100.033333	100.02993	100.030289	100.032341	100.03862	100.034225	100.03669	100.038361	100.043663	100.041374	100.040733	100.045082	100.042198	100.041092	100.042046	100.044235	100.047279	100.047531	100.052109	100.051559	100.051865	100.054863	100.049065	100.05146	100.052917	100.048004	100.049416	100.051651	100.048828	100.049088	100.048874	100.048515	100.051163	100.047302	100.049278	100.053551	100.054001	100.053368	100.055786
738	100.009941	100.000107	100.001022	99.998299	100.002083	100.004105	100.010323	100.010323	100.011551	100.01371	100.015961	100.014771	100.020996	100.02005	100.027298	100.028244	100.030647	100.033844	100.03067	100.032555	100.030006	100.029503	100.033012	100.031242	100.030205	100.034058	100.037872	100.034714	100.03772	100.03791	100.043091	100.042236	100.042831	100.045395	100.043724	100.040863	100.04454	100.04467	100.046143	100.048508	100.052879	100.051567	100.05233	100.053696	100.049828	100.052605	100.053024	100.048462	100.04808	100.052559	100.04908	100.050591	100.048363	100.047668	100.050995	100.048004	100.049232	100.053047	100.053169	100.053146	100.055756
739	100.010132	100.001022	100.00222	99.998878	100.00354	100.006165	100.011131	100.01162	100.01329	100.015602	100.016335	100.016701	100.023857	100.020851	100.026726	100.028542	100.030647	100.032898	100.030281	100.034157	100.029419	100.030815	100.032661	100.032555	100.030113	100.035789	100.037125	100.035217	100.038742	100.037468	100.042496	100.043083	100.044945	100.045708	100.04525	100.040649	100.047043	100.045082	100.045013	100.049507	100.053665	100.051567	100.052811	100.052513	100.050606	100.053764	100.053131	100.048935	100.046745	100.053467	100.049332	100.052109	100.047852	100.046814	100.050827	100.048721	100.049187	100.052536	100.052322	100.052917	100.05571
740	100.010368	100.00174	100.003067	99.999367	100.004784	100.007973	100.012001	100.012634	100.014832	100.017273	100.016632	100.018349	100.026276	100.021759	100.02636	100.028763	100.030724	100.032173	100.030113	100.035439	100.029007	100.032257	100.032547	100.033798	100.030151	100.037399	100.03653	100.035751	100.039627	100.037178	100.042091	100.043854	100.046799	100.046005	100.046455	100.040504	100.049194	100.045547	100.044266	100.050247	100.054337	100.051544	100.053261	100.051567	100.051437	100.054802	100.053169	100.049469	100.045647	100.054062	100.049629	100.053429	100.047554	100.046303	100.050499	100.049522	100.049339	100.052155	100.05159	100.052666	100.055611
741	100.010727	100.000977	100.001541	99.999214	100.004669	100.008057	100.013206	100.011635	100.014961	100.01738	100.016487	100.018021	100.025665	100.023186	100.027168	100.028442	100.031219	100.032867	100.031509	100.034584	100.029732	100.034401	100.03376	100.034332	100.031029	100.038132	100.036987	100.036491	100.039505	100.037888	100.042847	100.044022	100.04686	100.046143	100.045372	100.040817	100.048889	100.046219	100.046036	100.049332	100.054192	100.051186	100.053528	100.0522	100.052605	100.055023	100.052681	100.050461	100.046219	100.052559	100.050179	100.053345	100.048615	100.047981	100.049149	100.050842	100.050858	100.052498	100.051498	100.052246	100.055077
742	100.011101	100.000206	100	99.999054	100.004555	100.008141	100.014412	100.010612	100.015083	100.017487	100.016342	100.0177	100.025047	100.024628	100.027969	100.028107	100.031731	100.033569	100.032928	100.033714	100.030449	100.036552	100.034988	100.034882	100.031898	100.038872	100.037453	100.037231	100.039383	100.038597	100.043594	100.044205	100.046906	100.046288	100.044273	100.04113	100.048592	100.046883	100.047813	100.048401	100.054039	100.050819	100.053772	100.052811	100.053802	100.055244	100.0522	100.051453	100.046799	100.051056	100.050735	100.053253	100.049698	100.049675	100.047791	100.052177	100.052368	100.052849	100.051407	100.051811	100.054527
743	100.011467	99.999428	99.998459	99.998894	100.004448	100.008224	100.015617	100.009583	100.015221	100.017593	100.016197	100.017372	100.024437	100.026085	100.028778	100.027779	100.032249	100.034271	100.034332	100.032829	100.031174	100.038719	100.036224	100.035431	100.032784	100.039612	100.037918	100.037971	100.039268	100.039314	100.044357	100.044357	100.046959	100.046432	100.043175	100.041451	100.048271	100.047554	100.049606	100.04747	100.053909	100.050446	100.054039	100.053444	100.054977	100.055481	100.051712	100.052437	100.047371	100.04953	100.051285	100.053169	100.050774	100.051376	100.046417	100.053513	100.053879	100.053192	100.051308	100.051392	100.053978
744	100.013268	99.999634	99.99984	100.000633	100.005676	100.009361	100.015785	100.011513	100.0159	100.017609	100.017632	100.018692	100.024651	100.026169	100.030289	100.028099	100.033447	100.036499	100.036171	100.034081	100.033165	100.039375	100.036659	100.03598	100.034393	100.039841	100.039398	100.039467	100.040611	100.040627	100.045311	100.044968	100.047562	100.047974	100.043663	100.043633	100.048599	100.048233	100.050163	100.048218	100.054482	100.05114	100.054214	100.055	100.055374	100.056061	100.053581	100.052109	100.048363	100.050285	100.052284	100.05262	100.052139	100.052689	100.047981	100.054428	100.055267	100.054337	100.052002	100.05275	100.055573
745	100.015411	100.000061	100.001953	100.002838	100.007248	100.01075	100.015663	100.014198	100.016724	100.017609	100.019455	100.020424	100.025055	100.025902	100.031975	100.028587	100.034821	100.039139	100.038109	100.035873	100.035461	100.039635	100.03688	100.03653	100.036179	100.039932	100.041138	100.041183	100.04232	100.042084	100.046326	100.045654	100.048294	100.049866	100.04454	100.04628	100.049088	100.048912	100.0504	100.0494	100.055244	100.052109	100.054382	100.056778	100.055573	100.056732	100.056038	100.05143	100.049438	100.051582	100.053368	100.051941	100.053574	100.053909	100.05027	100.055252	100.05661	100.055679	100.052872	100.05455	100.057693
746	100.017593	100.000504	100.004089	100.005066	100.008842	100.012161	100.015572	100.016891	100.01757	100.017593	100.021301	100.022186	100.02549	100.025642	100.033661	100.029099	100.036217	100.041794	100.040077	100.037674	100.037804	100.039925	100.037132	100.037071	100.037979	100.040016	100.042892	100.042915	100.04406	100.043556	100.04734	100.046364	100.049042	100.051773	100.045433	100.048958	100.049591	100.049606	100.050652	100.050583	100.056015	100.053093	100.05455	100.058594	100.055786	100.057411	100.058533	100.050735	100.050529	100.052902	100.054482	100.051262	100.055023	100.055138	100.052582	100.056076	100.057983	100.057045	100.053764	100.056389	100.059853
747	100.017784	100.000298	100.004326	100.005066	100.008476	100.011864	100.014496	100.01738	100.016998	100.017273	100.021217	100.022697	100.024918	100.024506	100.033554	100.029007	100.035561	100.041367	100.040054	100.03756	100.037788	100.039001	100.036812	100.037003	100.037895	100.039421	100.042854	100.042549	100.043907	100.043396	100.047447	100.046097	100.04821	100.051239	100.045792	100.049255	100.049232	100.049088	100.049744	100.050674	100.055313	100.053154	100.054077	100.058578	100.054863	100.056908	100.058601	100.050056	100.050354	100.053108	100.054359	100.051155	100.055382	100.055168	100.053192	100.055824	100.057838	100.056244	100.053787	100.056442	100.060043
748	100.01577	99.999397	100.002457	100.002579	100.005936	100.009644	100.012352	100.015404	100.014854	100.016609	100.019005	100.021828	100.023247	100.022423	100.031433	100.028244	100.032593	100.037476	100.037788	100.035332	100.035141	100.036751	100.035873	100.036255	100.035736	100.03804	100.040794	100.039864	100.041664	100.041405	100.046539	100.044777	100.045609	100.047981	100.045563	100.046906	100.04792	100.047241	100.047516	100.049553	100.052986	100.052238	100.052872	100.056541	100.052643	100.055084	100.055969	100.049362	100.048759	100.052048	100.052872	100.051689	100.054527	100.053879	100.051842	100.054382	100.05603	100.053001	100.052872	100.054512	100.058044
749	100.013748	99.998489	100.000572	100.000069	100.003372	100.007401	100.010178	100.013397	100.012695	100.015938	100.016762	100.020958	100.021553	100.020325	100.029305	100.027489	100.02961	100.033569	100.035515	100.033081	100.032494	100.034462	100.03492	100.035492	100.033546	100.036659	100.038719	100.037155	100.039398	100.039398	100.045624	100.043449	100.042984	100.044701	100.045334	100.044548	100.0466	100.04538	100.045273	100.048424	100.050644	100.051308	100.051651	100.054489	100.050415	100.053253	100.053314	100.048683	100.047157	100.050995	100.051376	100.052246	100.053665	100.052574	100.050499	100.052917	100.054192	100.049736	100.051941	100.052597	100.05603
750	100.0121	99.997978	99.998947	99.99794	100.00119	100.0056	100.008629	100.01181	100.010887	100.015305	100.014854	100.020012	100.020004	100.0186	100.027489	100.026939	100.027252	100.030457	100.033859	100.031212	100.030266	100.032616	100.034241	100.03495	100.031784	100.035522	100.037148	100.034988	100.037704	100.037994	100.044891	100.042488	100.040962	100.04184	100.045242	100.04258	100.045441	100.043991	100.043594	100.047478	100.048843	100.050499	100.050751	100.052895	100.048767	100.051834	100.051247	100.04821	100.046013	100.050293	100.050232	100.052711	100.052834	100.051407	100.049416	100.051758	100.052582	100.047371	100.051331	100.051048	100.054321
751	100.012878	100.000015	99.998985	99.998322	100.001457	100.00647	100.010811	100.012741	100.011238	100.014946	100.014969	100.01873	100.019371	100.01918	100.027756	100.027779	100.028671	100.032318	100.035942	100.0317	100.030754	100.033401	100.035309	100.035835	100.032593	100.036003	100.038635	100.036156	100.039459	100.040291	100.045433	100.043777	100.042664	100.041641	100.046005	100.043175	100.045334	100.045502	100.045334	100.047668	100.050476	100.050484	100.051712	100.054108	100.050583	100.053062	100.05275	100.049103	100.047806	100.051773	100.051369	100.052734	100.052223	100.051178	100.049904	100.052437	100.052437	100.050522	100.05275	100.051964	100.054573
752	100.013649	100.002052	99.999008	99.998703	100.001717	100.007355	100.013016	100.013672	100.011597	100.014587	100.015083	100.017418	100.018738	100.019745	100.028	100.028595	100.030098	100.03418	100.03804	100.032188	100.031235	100.03418	100.036385	100.036713	100.033401	100.036469	100.040123	100.037323	100.041214	100.04258	100.045967	100.045059	100.044357	100.041428	100.046753	100.043777	100.045227	100.047012	100.047073	100.047859	100.052109	100.050446	100.052681	100.055351	100.052406	100.054291	100.05426	100.049995	100.049576	100.053238	100.05249	100.05275	100.051605	100.050941	100.050377	100.053131	100.052299	100.05368	100.054169	100.052856	100.054825
753	100.014427	100.004105	99.999031	99.999077	100.001968	100.00824	100.015236	100.014618	100.011955	100.014221	100.01519	100.01609	100.018097	100.020309	100.028252	100.029419	100.03154	100.036049	100.040146	100.032677	100.031708	100.034966	100.037453	100.037613	100.03421	100.036942	100.041626	100.038506	100.042976	100.044891	100.046501	100.046364	100.046074	100.041214	100.047531	100.044373	100.04512	100.048538	100.048828	100.04805	100.053741	100.050423	100.053658	100.05658	100.054237	100.055519	100.055786	100.050888	100.051376	100.054726	100.053619	100.052765	100.050972	100.05069	100.050865	100.05381	100.052155	100.056862	100.055588	100.053772	100.055061
754	100.013039	100.003899	99.998566	99.999878	100.002228	100.007904	100.014481	100.012657	100.012398	100.013878	100.014671	100.016281	100.018372	100.020218	100.027382	100.027779	100.031113	100.035522	100.038551	100.031387	100.030647	100.033585	100.03569	100.035545	100.031731	100.035667	100.039337	100.038574	100.041306	100.043747	100.045502	100.045105	100.044952	100.041077	100.045685	100.043678	100.044456	100.046417	100.047279	100.048019	100.053421	100.049187	100.053467	100.055138	100.053261	100.056221	100.055161	100.05014	100.050438	100.053749	100.053009	100.051796	100.049591	100.048897	100.050819	100.053337	100.051628	100.056648	100.054077	100.053726	100.055374
755	100.011154	100.003204	99.997986	100.000786	100.002502	100.007294	100.013054	100.010025	100.012863	100.013542	100.01403	100.01683	100.01886	100.019981	100.02626	100.025574	100.030266	100.034462	100.036118	100.029709	100.029221	100.031708	100.033279	100.032806	100.028519	100.033989	100.036171	100.038383	100.038849	100.041817	100.044167	100.043282	100.04319	100.04097	100.043236	100.042709	100.043655	100.043472	100.044975	100.047935	100.052643	100.047661	100.053024	100.053085	100.051651	100.056816	100.054039	100.049004	100.048874	100.0522	100.052025	100.050591	100.048027	100.046768	100.050652	100.052597	100.05101	100.055656	100.051895	100.053474	100.05571
756	100.009262	100.002518	99.997398	100.001694	100.002762	100.00666	100.011612	100.007393	100.013329	100.013206	100.013367	100.01738	100.019348	100.019714	100.025131	100.023315	100.029396	100.033394	100.033661	100.028	100.027763	100.029823	100.030853	100.030052	100.025246	100.032295	100.032974	100.038208	100.036369	100.039879	100.042793	100.041435	100.041405	100.040863	100.040771	100.041733	100.042831	100.040497	100.042641	100.047852	100.051857	100.04612	100.052559	100.05101	100.050034	100.057411	100.052902	100.047852	100.047318	100.050644	100.05101	100.049385	100.046455	100.044594	100.050476	100.051842	100.050377	100.054672	100.049683	100.053215	100.05603
757	100.007996	100.000847	99.996155	100.001396	100.00238	100.006508	100.009872	100.006866	100.01265	100.012878	100.012505	100.017181	100.019814	100.019608	100.024345	100.022247	100.029099	100.032516	100.032272	100.027374	100.027382	100.028839	100.0298	100.029442	100.025215	100.031487	100.032059	100.037636	100.034798	100.039246	100.041672	100.040726	100.041031	100.041344	100.040543	100.041664	100.043419	100.039993	100.041832	100.048027	100.051605	100.045921	100.052216	100.050629	100.049995	100.057747	100.052513	100.0476	100.047287	100.050224	100.050995	100.048615	100.04631	100.044167	100.050316	100.052025	100.050438	100.05468	100.049652	100.053871	100.055908
758	100.007401	99.998184	99.994263	99.999832	100.00132	100.006828	100.00782	100.008583	100.010773	100.012566	100.011459	100.016197	100.020279	100.019646	100.023949	100.0224	100.029411	100.031898	100.031998	100.027863	100.028137	100.028816	100.030205	100.031128	100.028564	100.031601	100.033546	100.036667	100.03418	100.040039	100.040817	100.041237	100.042168	100.042473	100.042686	100.042572	100.045464	100.042091	100.042595	100.048508	100.051941	100.047127	100.051971	100.052025	100.051651	100.057831	100.052902	100.048294	100.048889	100.050987	100.052025	100.048302	100.047684	100.045525	100.050179	100.053192	100.051208	100.055756	100.05188	100.055489	100.055336
759	100.006821	99.995499	99.99234	99.998268	100.000252	100.007141	100.00576	100.010315	100.008896	100.012245	100.010384	100.015213	100.020752	100.019691	100.023544	100.022545	100.029709	100.031258	100.031731	100.028358	100.0289	100.028786	100.030609	100.032806	100.031937	100.031723	100.035034	100.03569	100.033546	100.04084	100.039963	100.041748	100.043282	100.043617	100.044838	100.043472	100.047531	100.044205	100.043381	100.048973	100.052246	100.048355	100.05175	100.053421	100.053314	100.057915	100.053284	100.048996	100.050507	100.051773	100.05307	100.047997	100.049065	100.046898	100.050034	100.054375	100.051987	100.056854	100.054131	100.057152	100.054756
760	100.00666	99.993591	99.991135	99.996979	99.999504	100.007629	100.004341	100.012001	100.007507	100.012085	100.009903	100.014534	100.021004	100.019875	100.023499	100.022972	100.03022	100.031067	100.031731	100.028954	100.029861	100.029373	100.031189	100.034401	100.034782	100.031868	100.036537	100.035263	100.033447	100.041733	100.039673	100.042534	100.044426	100.044922	100.046768	100.044319	100.049225	100.046227	100.044319	100.049606	100.052704	100.049759	100.051811	100.05484	100.055077	100.058113	100.053955	100.049828	100.051788	100.05249	100.053932	100.048088	100.050644	100.048485	100.050179	100.055527	100.052834	100.057877	100.056099	100.05851	100.05468
761	100.00869	99.995667	99.993492	99.997086	100.00042	100.008858	100.006187	100.01339	100.008789	100.01265	100.012466	100.01532	100.020088	100.020767	100.025192	100.024712	100.0317	100.032997	100.033119	100.030045	100.031807	100.032997	100.032578	100.035393	100.034836	100.032066	100.037971	100.03759	100.035965	100.042999	100.042343	100.044693	100.045456	100.046944	100.047409	100.044693	100.04892	100.047638	100.045967	100.051033	100.053665	100.052109	100.053284	100.056206	100.057243	100.058952	100.055908	100.051285	100.051247	100.052856	100.053787	100.050117	100.053009	100.05101	100.051735	100.056473	100.053879	100.058533	100.056519	100.058304	100.057068
762	100.010727	99.997772	99.99588	99.997208	100.00135	100.010124	100.008072	100.014793	100.010071	100.013222	100.015053	100.016144	100.019157	100.02166	100.026894	100.026489	100.033203	100.034973	100.034523	100.031136	100.03376	100.036644	100.033974	100.036415	100.034889	100.03228	100.039421	100.039932	100.03849	100.044273	100.045036	100.046852	100.046516	100.048996	100.04808	100.045082	100.048622	100.049057	100.047646	100.052467	100.054642	100.054466	100.054802	100.057602	100.059425	100.059784	100.057892	100.05275	100.050697	100.053253	100.053642	100.052177	100.055405	100.053574	100.053299	100.057434	100.05497	100.059196	100.056961	100.058113	100.059471
763	100.012794	99.999878	99.998291	99.99733	100.002274	100.011375	100.009941	100.016197	100.01136	100.013802	100.017654	100.016953	100.018227	100.022568	100.02861	100.028267	100.034714	100.036942	100.035942	100.032234	100.035736	100.040329	100.035393	100.037445	100.03495	100.032494	100.040886	100.042297	100.041054	100.045563	100.047752	100.049042	100.047577	100.051056	100.048737	100.045464	100.04834	100.050499	100.049339	100.053909	100.055634	100.056854	100.056328	100.058983	100.061623	100.060631	100.059891	100.054237	100.050148	100.053642	100.053497	100.054237	100.057831	100.056145	100.054886	100.058403	100.056061	100.059875	100.057373	100.057922	100.061905
764	100.012436	100.00042	99.999725	99.998039	100.003777	100.010635	100.01162	100.017082	100.011864	100.015106	100.019196	100.018539	100.019478	100.024094	100.029732	100.030502	100.035812	100.038322	100.037155	100.035027	100.036713	100.041473	100.037643	100.038399	100.036087	100.036049	100.042854	100.0429	100.043251	100.047455	100.04847	100.050041	100.048409	100.051079	100.049904	100.047028	100.049744	100.05159	100.051628	100.054802	100.057625	100.058342	100.057671	100.060272	100.061707	100.060822	100.060524	100.054565	100.052467	100.055222	100.054024	100.055099	100.059113	100.056587	100.056183	100.060204	100.056168	100.060822	100.058258	100.059303	100.063232
765	100.011612	100.000656	100.000999	99.998863	100.005386	100.009499	100.01326	100.017868	100.012192	100.016556	100.020531	100.020264	100.021133	100.025734	100.030731	100.032845	100.036835	100.039589	100.038361	100.038132	100.037506	100.042137	100.04007	100.03936	100.037445	100.040283	100.04493	100.04319	100.045395	100.049469	100.04879	100.050804	100.049194	100.050713	100.051163	100.048828	100.051476	100.052628	100.054039	100.055573	100.059822	100.059662	100.059006	100.061546	100.061371	100.060883	100.060883	100.05468	100.055351	100.05703	100.054672	100.055717	100.060181	100.056602	100.057434	100.062164	100.056091	100.061836	100.059219	100.061012	100.064339
766	100.010773	100.000885	100.002266	99.999695	100.007011	100.008354	100.0149	100.018669	100.012543	100.018021	100.021866	100.022003	100.02282	100.027397	100.031731	100.035187	100.037857	100.040855	100.039551	100.041283	100.0383	100.042816	100.042511	100.040329	100.038803	100.044525	100.047028	100.043465	100.047554	100.051514	100.049118	100.051567	100.049995	100.050354	100.052437	100.050629	100.05323	100.053665	100.056458	100.056366	100.062027	100.060997	100.060333	100.062813	100.061035	100.060951	100.061249	100.054802	100.058243	100.058868	100.055328	100.056335	100.061241	100.056625	100.058701	100.064148	100.056007	100.062836	100.060181	100.062714	100.06546
767	100.010086	99.999962	100.001869	99.998413	100.006172	100.007629	100.014816	100.016937	100.01223	100.017372	100.021133	100.021019	100.022758	100.026611	100.030693	100.034561	100.036491	100.040092	100.039116	100.041367	100.03717	100.041389	100.042282	100.039909	100.037872	100.045219	100.046562	100.042892	100.047218	100.050522	100.048302	100.050331	100.048706	100.049088	100.051987	100.050568	100.052025	100.052032	100.055397	100.055107	100.060928	100.059525	100.059891	100.062096	100.059769	100.05925	100.059929	100.053871	100.057831	100.058128	100.054169	100.055634	100.059364	100.055145	100.058159	100.06279	100.054932	100.061905	100.059555	100.06237	100.064049
768	100.009499	99.997894	99.999847	99.99511	100.002991	100.007233	100.013039	100.012779	100.011292	100.014687	100.018394	100.017418	100.021004	100.023506	100.027695	100.031067	100.032829	100.037346	100.037071	100.038483	100.034187	100.037956	100.039482	100.038162	100.034729	100.042511	100.043655	100.041519	100.04451	100.0466	100.046364	100.047157	100.045395	100.046959	100.049866	100.048706	100.047974	100.047829	100.050987	100.051895	100.056633	100.055336	100.057724	100.059425	100.057602	100.05584	100.057007	100.051918	100.054237	100.05497	100.05127	100.053658	100.05468	100.052223	100.055885	100.058243	100.052895	100.059105	100.057388	100.060043	100.060211
769	100.008926	99.995827	99.997826	99.991783	99.999794	100.006851	100.011269	100.008598	100.010345	100.012001	100.015656	100.013779	100.019241	100.02037	100.024673	100.02755	100.02916	100.034592	100.035034	100.035606	100.031197	100.0345	100.036667	100.036385	100.031555	100.039764	100.040726	100.040138	100.041794	100.042664	100.044418	100.043976	100.042053	100.044807	100.047745	100.046852	100.043907	100.043579	100.046562	100.048653	100.052322	100.051117	100.05555	100.056747	100.055435	100.052406	100.054047	100.04995	100.050629	100.051758	100.048378	100.051674	100.04995	100.049294	100.053612	100.053665	100.050827	100.05629	100.055206	100.057709	100.056366
770	100.008705	99.994125	99.996132	99.989433	99.997589	100.00647	100.009987	100.005219	100.009743	100.009895	100.013527	100.011147	100.01757	100.017868	100.022545	100.024841	100.026199	100.032425	100.03315	100.033165	100.028847	100.03157	100.034348	100.034866	100.029076	100.037086	100.038193	100.039116	100.039848	100.039581	100.043121	100.041267	100.039795	100.043442	100.045929	100.045029	100.040993	100.040268	100.043106	100.046204	100.048759	100.047974	100.05368	100.054482	100.053314	100.049957	100.051521	100.048492	100.047729	100.049118	100.046112	100.050308	100.046455	100.046898	100.051788	100.050102	100.04953	100.053917	100.053314	100.055382	100.053177
771	100.010063	99.994026	99.995949	99.991333	99.999763	100.006081	100.01091	100.005363	100.010597	100.0103	100.014114	100.012848	100.016312	100.018166	100.024261	100.025688	100.026428	100.032768	100.031975	100.032661	100.029396	100.03096	100.034126	100.034454	100.029579	100.034698	100.03743	100.039627	100.041367	100.040199	100.044571	100.040695	100.042191	100.045357	100.045547	100.043449	100.043198	100.040993	100.043953	100.047287	100.048409	100.049438	100.053154	100.054039	100.051498	100.05188	100.050926	100.049171	100.047935	100.04892	100.046684	100.051643	100.048294	100.046898	100.05201	100.050926	100.051514	100.053467	100.052658	100.053169	100.052956
772	100.011444	99.993942	99.995766	99.993256	100.001953	100.005699	100.011841	100.005531	100.011467	100.010719	100.014732	100.014587	100.015045	100.018486	100.025986	100.026535	100.026665	100.033142	100.030792	100.032173	100.029961	100.030365	100.033913	100.034035	100.030113	100.032303	100.03669	100.040146	100.042892	100.040833	100.046036	100.040138	100.044609	100.047318	100.045181	100.04187	100.045418	100.041733	100.0448	100.048401	100.048088	100.050926	100.052643	100.053581	100.049675	100.053833	100.050331	100.049881	100.048149	100.048737	100.047264	100.053001	100.050148	100.046906	100.052238	100.051773	100.053528	100.053009	100.052002	100.050941	100.05275
773	100.012825	99.993851	99.995575	99.995178	100.00415	100.005302	100.012764	100.005684	100.012329	100.011131	100.015327	100.016319	100.013748	100.018799	100.027725	100.027397	100.026909	100.033508	100.029602	100.031685	100.030518	100.029755	100.033691	100.033607	100.030624	100.029884	100.035942	100.040672	100.044418	100.041458	100.047508	100.039566	100.047043	100.049271	100.044785	100.040268	100.047638	100.042473	100.045654	100.0495	100.047745	100.052414	100.052116	100.053131	100.047836	100.055779	100.049721	100.050583	100.048363	100.048531	100.047852	100.054375	100.05201	100.046906	100.052475	100.052605	100.055542	100.052559	100.051331	100.048698	100.052521
774	100.012497	99.995377	99.996941	99.996017	100.003342	100.005898	100.012314	100.007736	100.012901	100.012299	100.015434	100.01825	100.014534	100.02034	100.02774	100.028107	100.027573	100.033821	100.030121	100.030884	100.031151	100.029633	100.034119	100.033104	100.030876	100.030533	100.037018	100.039383	100.042068	100.041817	100.046112	100.039879	100.045502	100.048424	100.043823	100.040146	100.047813	100.043228	100.045731	100.048599	100.048271	100.051727	100.051582	100.053894	100.048683	100.056122	100.049736	100.050285	100.048744	100.049141	100.047958	100.053978	100.051514	100.047134	100.052155	100.052406	100.056221	100.052834	100.050262	100.0494	100.052811
775	100.011887	99.997154	99.99855	99.996689	100.002029	100.006653	100.011635	100.010086	100.013443	100.013588	100.015465	100.020233	100.015625	100.022079	100.027466	100.028816	100.028297	100.034126	100.030899	100.030052	100.031792	100.029579	100.034645	100.032593	100.031067	100.031662	100.038376	100.037827	100.039101	100.04213	100.044266	100.040314	100.043335	100.047134	100.042763	100.040245	100.047661	100.043999	100.04567	100.047386	100.048912	100.050697	100.051033	100.05484	100.049957	100.056206	100.049828	100.049843	100.049149	100.04985	100.047981	100.053284	100.050606	100.047394	100.051735	100.052032	100.056694	100.05323	100.049126	100.050568	100.053169
776	100.011269	99.998947	100.000175	99.997368	100.000725	100.007401	100.010956	100.012444	100.013969	100.0149	100.015495	100.022217	100.016724	100.023842	100.027191	100.029526	100.029053	100.034454	100.031685	100.029198	100.032448	100.029526	100.035164	100.032059	100.031265	100.032791	100.039742	100.036255	100.036095	100.042435	100.042404	100.040756	100.041153	100.045837	100.041687	100.040344	100.047516	100.044777	100.045609	100.046158	100.049568	100.049652	100.050476	100.055801	100.051247	100.056305	100.049934	100.049385	100.049568	100.050583	100.048019	100.05262	100.049713	100.047668	100.051331	100.051666	100.057182	100.053619	100.047974	100.051758	100.053528
777	100.011169	99.999954	100.001266	99.998131	100.00045	100.007881	100.010696	100.014099	100.014236	100.016106	100.014839	100.02253	100.017891	100.024521	100.027451	100.030197	100.029793	100.03476	100.032188	100.029037	100.033081	100.030098	100.035164	100.032211	100.031868	100.03418	100.03978	100.036194	100.035843	100.042618	100.041451	100.042191	100.040939	100.045799	100.041344	100.040802	100.04705	100.045479	100.045685	100.045822	100.050377	100.049385	100.050697	100.055862	100.052132	100.056747	100.050674	100.049576	100.049507	100.050591	100.04866	100.052834	100.050148	100.048195	100.050819	100.051208	100.056435	100.053528	100.047745	100.052467	100.053894
778	100.011505	100.000298	100.001907	99.998962	100.001099	100.008133	100.010773	100.015152	100.014236	100.017189	100.013626	100.021423	100.019112	100.024284	100.028145	100.030838	100.03054	100.035072	100.032463	100.029465	100.033699	100.031197	100.034698	100.032936	100.032784	100.035751	100.038696	100.037422	100.037956	100.042686	100.04126	100.044479	100.042404	100.046837	100.041618	100.041618	100.046349	100.04612	100.045837	100.046265	100.051292	100.049767	100.051582	100.055161	100.052681	100.05748	100.051949	100.050316	100.049057	100.050011	100.04985	100.053848	100.051735	100.048973	100.050232	100.050697	100.054642	100.052979	100.048294	100.052765	100.05426
779	100.011848	100.000656	100.002548	99.999809	100.001732	100.008377	100.010857	100.016212	100.014236	100.018295	100.012375	100.020287	100.02034	100.024055	100.028862	100.031487	100.031281	100.035393	100.032722	100.0299	100.034317	100.032303	100.034248	100.033661	100.033722	100.037338	100.037575	100.038658	100.040092	100.042763	100.041077	100.046776	100.043892	100.04789	100.041901	100.042412	100.045624	100.046776	100.04599	100.046707	100.052216	100.050163	100.052475	100.054443	100.053215	100.058235	100.05323	100.051056	100.048592	100.0494	100.051056	100.054848	100.053337	100.049744	100.049637	100.050179	100.052834	100.052429	100.048851	100.053047	100.054642
780	100.0121	100.001015	100.003174	100.000427	100.002373	100.008514	100.010811	100.016579	100.014259	100.019218	100.011765	100.019386	100.021088	100.023483	100.029503	100.031624	100.031784	100.035667	100.032845	100.030495	100.034714	100.033272	100.034264	100.034271	100.034225	100.038719	100.036728	100.039497	100.041565	100.042999	100.041008	100.048515	100.045135	100.048615	100.042343	100.043129	100.044945	100.047386	100.046364	100.047432	100.052689	100.050499	100.053322	100.053787	100.053787	100.058655	100.054237	100.051437	100.048256	100.04908	100.051865	100.055382	100.054131	100.050125	100.049065	100.049843	100.05146	100.052177	100.049416	100.053154	100.054916
781	100.012077	100.001381	100.003647	100.000298	100.003036	100.008217	100.010277	100.014404	100.014343	100.01944	100.013374	100.019249	100.020149	100.021744	100.02993	100.029877	100.031326	100.035774	100.032364	100.031639	100.03421	100.033691	100.035965	100.034439	100.033104	100.039352	100.036797	100.038765	100.040642	100.0438	100.041328	100.048241	100.045517	100.048195	100.043343	100.043465	100.044426	100.047775	100.047455	100.049149	100.051544	100.050629	100.053963	100.05336	100.054428	100.057861	100.054253	100.050499	100.048378	100.049698	100.051262	100.05423	100.052109	100.049149	100.048576	100.050179	100.051712	100.052956	100.049911	100.052513	100.054787
782	100.012039	100.001755	100.004135	100.000153	100.003708	100.007904	100.009743	100.012184	100.014427	100.019669	100.014999	100.019112	100.019196	100.019981	100.030373	100.028122	100.030876	100.035896	100.031876	100.032791	100.033699	100.034103	100.037682	100.034622	100.031982	100.039986	100.03688	100.038025	100.039696	100.044594	100.041649	100.047974	100.045906	100.047768	100.044357	100.0438	100.043907	100.048172	100.048576	100.050888	100.050377	100.050758	100.054611	100.052933	100.055084	100.057068	100.054253	100.049553	100.048492	100.050316	100.050629	100.053047	100.050056	100.048157	100.04808	100.050507	100.051949	100.053741	100.050438	100.051865	100.054642
783	100.012001	100.002121	100.004623	100.000015	100.004372	100.007591	100.009178	100.009941	100.014519	100.019905	100.016632	100.018967	100.018219	100.018181	100.030807	100.026337	100.030411	100.035988	100.031372	100.033966	100.033173	100.034508	100.039436	100.034782	100.030838	100.040627	100.036957	100.037277	100.038742	100.04541	100.041977	100.047684	100.046288	100.047325	100.04538	100.044128	100.043381	100.048569	100.049698	100.052628	100.049194	100.05088	100.055267	100.052498	100.05574	100.056244	100.054253	100.048576	100.048599	100.050941	100.049995	100.051842	100.047974	100.04715	100.047577	100.050842	100.052177	100.054527	100.050949	100.051186	100.054504
784	100.011482	100.000107	100.002113	99.99836	100.003197	100.0056	100.008881	100.008499	100.012444	100.016739	100.014542	100.017143	100.017151	100.017723	100.026917	100.025177	100.027641	100.03463	100.029732	100.031456	100.031075	100.032745	100.037491	100.032768	100.029144	100.037537	100.034866	100.036133	100.03653	100.040565	100.03965	100.044945	100.043449	100.044479	100.042496	100.041367	100.041901	100.046173	100.048515	100.04921	100.047722	100.048759	100.052383	100.050797	100.052689	100.05368	100.05201	100.046959	100.046173	100.048447	100.048386	100.048485	100.046074	100.044762	100.046326	100.048622	100.049004	100.051918	100.048218	100.04789	100.053062
785	100.010918	99.997803	99.999252	99.996521	100.001785	100.003418	100.008629	100.007156	100.010132	100.013161	100.012032	100.015114	100.016068	100.017418	100.022491	100.024094	100.02459	100.033096	100.027931	100.028488	100.028778	100.030731	100.035141	100.030479	100.027397	100.034012	100.032532	100.034927	100.03418	100.035049	100.037018	100.041901	100.040222	100.041321	100.039146	100.038231	100.040306	100.043427	100.047089	100.045181	100.046219	100.046371	100.049057	100.04892	100.049194	100.05088	100.0495	100.04525	100.043427	100.045586	100.046646	100.044861	100.044182	100.042191	100.044975	100.046089	100.04541	100.048889	100.045097	100.04425	100.051483
786	100.010338	99.995461	99.996323	99.994644	100.000366	100.00119	100.008354	100.005768	100.007759	100.009537	100.009453	100.013054	100.014969	100.017097	100.018021	100.022972	100.021484	100.031532	100.026108	100.025497	100.026443	100.028671	100.032738	100.02816	100.025604	100.030426	100.030151	100.033714	100.031754	100.029434	100.034332	100.038803	100.036934	100.038109	100.035736	100.035049	100.038681	100.040642	100.045624	100.041077	100.04467	100.043938	100.045692	100.047028	100.045647	100.048042	100.046936	100.04351	100.040642	100.042679	100.044884	100.041161	100.042252	100.039581	100.04361	100.04351	100.041756	100.045815	100.041916	100.040543	100.049866
787	100.010612	99.995041	99.99601	99.995293	100.001106	100.001968	100.009262	100.006523	100.007584	100.009598	100.010094	100.014008	100.015259	100.018158	100.017883	100.023972	100.022018	100.030754	100.025986	100.02462	100.025978	100.027824	100.031639	100.028137	100.025772	100.029846	100.030029	100.033798	100.032471	100.028976	100.034012	100.03775	100.036598	100.037979	100.035942	100.034416	100.038849	100.039307	100.04493	100.040886	100.044441	100.043556	100.04541	100.046455	100.044655	100.047707	100.047096	100.042679	100.040695	100.042854	100.044426	100.04039	100.042488	100.03952	100.043259	100.043465	100.041595	100.045845	100.041435	100.039719	100.048706
788	100.011513	99.996048	99.997627	99.997803	100.003479	100.004997	100.011078	100.008904	100.009033	100.012413	100.013138	100.017235	100.016579	100.020264	100.020996	100.026573	100.025269	100.030602	100.02713	100.025307	100.026894	100.027893	100.031532	100.029823	100.027405	100.031509	100.031593	100.034859	100.035515	100.032379	100.035454	100.038208	100.038467	100.040123	100.038826	100.035713	100.040375	100.039017	100.0448	100.043579	100.045227	100.044701	100.047432	100.046883	100.045586	100.04921	100.049278	100.042496	100.04287	100.045349	100.04493	100.041809	100.044334	100.041344	100.043701	100.045334	100.044037	100.048218	100.042984	100.041008	100.047913
789	100.012436	99.997078	99.999275	100.000359	100.00589	100.008057	100.012901	100.011322	100.010513	100.015282	100.016251	100.020515	100.017944	100.0224	100.024162	100.029221	100.028587	100.030449	100.028297	100.026001	100.027832	100.027977	100.03141	100.031555	100.029076	100.033211	100.033165	100.035942	100.038612	100.03582	100.036919	100.038681	100.040375	100.04232	100.041756	100.037025	100.041916	100.038742	100.044678	100.04631	100.046028	100.04586	100.0495	100.047287	100.046524	100.050758	100.051498	100.04232	100.045082	100.047874	100.045464	100.043259	100.046204	100.043198	100.044144	100.047218	100.046516	100.050613	100.044548	100.042328	100.047089
790	100.012779	99.997467	100.000275	100.001884	100.007317	100.009621	100.014091	100.01268	100.011353	100.017181	100.018143	100.022102	100.018501	100.023857	100.026253	100.030388	100.030769	100.030075	100.029335	100.026466	100.028084	100.028595	100.031258	100.032341	100.029884	100.034187	100.034035	100.036179	100.04071	100.038132	100.03772	100.038956	100.041283	100.04351	100.043777	100.037781	100.043083	100.038551	100.043777	100.047264	100.046288	100.046631	100.050697	100.047813	100.046745	100.051643	100.052345	100.042	100.046394	100.049034	100.045479	100.043915	100.047394	100.044022	100.04438	100.048187	100.04792	100.051941	100.045143	100.043571	100.046219
791	100.011444	99.996033	99.99939	100.000404	100.005852	100.006828	100.013367	100.010956	100.0103	100.016228	100.016548	100.018738	100.01683	100.023247	100.025223	100.02729	100.029579	100.029198	100.029984	100.026253	100.02639	100.030777	100.030991	100.030449	100.028275	100.033066	100.032806	100.034019	100.039886	100.037086	100.036552	100.038696	100.039268	100.041832	100.043045	100.03685	100.043167	100.038673	100.040672	100.042961	100.045097	100.046288	100.049469	100.048592	100.044868	100.050606	100.049164	100.041306	100.045074	100.046204	100.044083	100.042366	100.046555	100.041893	100.044083	100.046471	100.046204	100.050095	100.042938	100.04454	100.045204
792	100.010071	99.994553	99.998489	99.998894	100.004349	100.003983	100.012627	100.009178	100.009224	100.015244	100.0149	100.015297	100.015114	100.022636	100.024162	100.024117	100.028358	100.02829	100.03064	100.026009	100.024651	100.032997	100.030731	100.028503	100.026634	100.031921	100.03154	100.031792	100.03904	100.036011	100.035355	100.038422	100.037216	100.040115	100.042305	100.035896	100.043251	100.03878	100.037506	100.038567	100.043869	100.045921	100.048195	100.049377	100.042931	100.04953	100.045906	100.040588	100.043724	100.043312	100.042656	100.040756	100.045692	100.039696	100.043785	100.044701	100.044441	100.048218	100.040688	100.045517	100.044167
793	100.008682	99.993065	99.997581	99.997368	100.002823	100.001083	100.011887	100.007393	100.008141	100.014259	100.013229	100.011787	100.013374	100.022034	100.023102	100.020889	100.027145	100.027382	100.031319	100.025787	100.022873	100.035263	100.030472	100.026535	100.024948	100.030769	100.030266	100.029541	100.038185	100.034943	100.034164	100.038147	100.035133	100.038361	100.041557	100.034943	100.043335	100.038895	100.034286	100.034096	100.042633	100.045563	100.046921	100.050179	100.040985	100.04847	100.042618	100.039848	100.042366	100.04039	100.041214	100.039139	100.044823	100.037476	100.043488	100.042931	100.042656	100.046303	100.038399	100.046524	100.043129
794	100.007507	99.993805	99.996201	99.994789	100.002312	100.000511	100.009789	100.007019	100.006844	100.013008	100.01252	100.00975	100.012466	100.020218	100.020195	100.019325	100.025345	100.026192	100.028038	100.025261	100.022865	100.030769	100.028801	100.025986	100.023857	100.029503	100.029388	100.028374	100.036362	100.033333	100.033966	100.036583	100.033058	100.037941	100.03933	100.034119	100.041344	100.038002	100.033478	100.034584	100.041458	100.042793	100.045563	100.046181	100.038933	100.046326	100.042213	100.037804	100.039253	100.037155	100.038925	100.03775	100.041237	100.036095	100.040222	100.041687	100.041237	100.044487	100.037872	100.041946	100.041306
795	100.006355	99.994705	99.994766	99.992104	100.001862	100.000084	100.007568	100.006737	100.005508	100.011757	100.011848	100.007782	100.011597	100.018311	100.01712	100.017845	100.023483	100.024986	100.024437	100.024712	100.02298	100.025764	100.027016	100.025536	100.022766	100.028206	100.028526	100.02726	100.034439	100.031662	100.033821	100.034904	100.030945	100.037598	100.036957	100.03331	100.039207	100.037025	100.032822	100.035416	100.040283	100.039825	100.044182	100.041809	100.03685	100.044075	100.042	100.035622	100.035965	100.033859	100.03656	100.036385	100.037407	100.034737	100.036705	100.040459	100.039803	100.042656	100.037445	100.036942	100.039413
796	100.005165	99.995613	99.993301	99.989342	100.001381	99.999634	100.005295	100.006439	100.004158	100.010445	100.011154	100.00576	100.010696	100.016342	100.013969	100.016319	100.021568	100.023735	100.020767	100.024139	100.023094	100.020645	100.025177	100.025055	100.02166	100.026871	100.027634	100.026115	100.032486	100.029968	100.033661	100.033203	100.028786	100.037254	100.034538	100.032463	100.037003	100.036026	100.032127	100.036255	100.039062	100.036797	100.042763	100.037346	100.034698	100.041756	100.041771	100.033401	100.032616	100.030479	100.034142	100.034966	100.033485	100.03334	100.033119	100.039207	100.038353	100.040779	100.037003	100.031815	100.037445
797	100.005699	99.995857	99.99427	99.989876	100.001869	100.000702	100.007057	100.007271	100.006126	100.010918	100.01236	100.006691	100.011841	100.016312	100.014534	100.017509	100.022163	100.024925	100.021828	100.023888	100.024727	100.021294	100.025543	100.025818	100.023506	100.027916	100.029037	100.026939	100.032471	100.030067	100.03492	100.033775	100.030197	100.03862	100.03511	100.033554	100.037918	100.037277	100.032959	100.037086	100.039757	100.037788	100.043579	100.038841	100.037125	100.04258	100.043015	100.034271	100.034454	100.030861	100.035393	100.036476	100.034668	100.035393	100.033989	100.04039	100.03978	100.040855	100.038193	100.032959	100.038483
798	100.007332	99.995697	99.996765	99.992447	100.002968	100.002731	100.011337	100.008835	100.010178	100.012527	100.014748	100.009476	100.014267	100.017464	100.017403	100.020409	100.02433	100.027672	100.025848	100.023796	100.027336	100.025543	100.02729	100.027374	100.027214	100.030472	100.031898	100.028992	100.033661	100.031281	100.037048	100.035767	100.033859	100.041077	100.037529	100.035881	100.040794	100.039986	100.034752	100.037933	100.041649	100.041321	100.045799	100.044044	100.042412	100.045372	100.045189	100.037094	100.039543	100.033615	100.038925	100.039818	100.039017	100.039635	100.037682	100.043121	100.043037	100.042152	100.040398	100.03804	100.041405
799	100.008987	99.995529	99.999306	99.995079	100.004089	100.004807	100.015701	100.010429	100.01432	100.01416	100.017204	100.012329	100.016747	100.018654	100.02034	100.023376	100.026535	100.030449	100.029945	100.02372	100.029991	100.029907	100.029076	100.028946	100.030991	100.033096	100.034821	100.03109	100.034889	100.032516	100.03923	100.037804	100.03759	100.043594	100.039993	100.038269	100.043716	100.042725	100.036575	100.03878	100.043579	100.044907	100.04808	100.049385	100.047813	100.048218	100.047409	100.039993	100.044754	100.03643	100.042534	100.043228	100.043472	100.043976	100.041451	100.045906	100.046364	100.043465	100.042656	100.043228	100.04438
800	100.010231	99.995789	100.001289	99.997208	100.004425	100.006378	100.018265	100.011765	100.017212	100.015656	100.018951	100.014587	100.018677	100.019585	100.022934	100.025871	100.027779	100.032509	100.032196	100.024208	100.032104	100.032959	100.030159	100.030876	100.033607	100.035248	100.036705	100.032784	100.036362	100.033913	100.040459	100.039276	100.040268	100.045433	100.041641	100.039825	100.045486	100.044228	100.038719	100.040344	100.045502	100.047897	100.050056	100.052895	100.051483	100.050606	100.048676	100.04274	100.048187	100.039307	100.045464	100.045898	100.046768	100.047302	100.044716	100.048157	100.04895	100.044785	100.044586	100.046852	100.047028
801	100.010475	99.997055	100.001846	99.998116	100.002945	100.006744	100.016487	100.012497	100.017059	100.0168	100.019028	100.015472	100.019264	100.01992	100.024666	100.027206	100.026665	100.032822	100.030029	100.026047	100.032875	100.03289	100.029541	100.033592	100.033363	100.036308	100.036118	100.033508	100.038376	100.035583	100.039459	100.039398	100.040451	100.045624	100.041283	100.039497	100.04454	100.04274	100.041595	100.043533	100.047348	100.0494	100.051323	100.05201	100.051025	100.051834	100.047668	100.045105	100.047386	100.042274	100.046715	100.04673	100.047264	100.048195	100.04673	100.049149	100.049721	100.046066	100.045708	100.046661	100.048851
802	100.010704	99.99836	100.002434	99.999039	100.001434	100.007103	100.014702	100.013229	100.016891	100.017967	100.019096	100.016365	100.019875	100.020256	100.026428	100.028572	100.025536	100.033142	100.027809	100.027916	100.033653	100.032822	100.028923	100.036362	100.033127	100.037384	100.035522	100.034264	100.040413	100.037315	100.038422	100.039528	100.040611	100.045799	100.040901	100.039146	100.043556	100.041237	100.04454	100.046799	100.049248	100.050911	100.052597	100.051117	100.050545	100.05307	100.046631	100.047539	100.046562	100.045326	100.047997	100.047562	100.047775	100.049103	100.048767	100.050148	100.050507	100.047386	100.046837	100.046478	100.050713
803	100.010956	99.999687	100.003014	99.999985	99.999863	100.007484	100.012848	100.013985	100.016724	100.019157	100.019165	100.017296	100.02047	100.020599	100.028244	100.029968	100.024376	100.033463	100.025543	100.029823	100.034454	100.032738	100.028275	100.0392	100.032867	100.03849	100.034904	100.035027	100.042511	100.039055	100.037346	100.03965	100.040802	100.04599	100.040527	100.03878	100.042549	100.039673	100.047554	100.05014	100.051163	100.052475	100.053917	100.050186	100.050041	100.054344	100.04557	100.050018	100.045731	100.048409	100.049301	100.048431	100.048302	100.050034	100.050865	100.051178	100.051323	100.048721	100.047997	100.046288	100.052605
804	100.009605	99.999222	100.002243	99.999825	100.000893	100.006577	100.012756	100.012672	100.014481	100.017654	100.018181	100.015549	100.02066	100.019928	100.028099	100.030014	100.025764	100.034081	100.028107	100.029839	100.033104	100.032356	100.028313	100.038216	100.032104	100.037918	100.035843	100.034332	100.042274	100.039413	100.039085	100.038612	100.041771	100.044586	100.040222	100.040077	100.043953	100.041214	100.046707	100.049904	100.052536	100.050629	100.053955	100.052109	100.051056	100.055382	100.048233	100.050102	100.04686	100.048637	100.050545	100.050102	100.047836	100.048851	100.050056	100.05201	100.050461	100.049446	100.048233	100.046837	100.053299
805	100.008202	99.998734	100.001419	99.999657	100.001976	100.00563	100.012672	100.011292	100.012146	100.016068	100.01712	100.01371	100.020836	100.019218	100.027916	100.030045	100.027206	100.034729	100.030777	100.029793	100.031685	100.031952	100.028358	100.037178	100.031303	100.037315	100.036827	100.033607	100.041977	100.039764	100.040901	100.037529	100.042763	100.043129	100.039902	100.041412	100.045418	100.042831	100.045815	100.049606	100.053917	100.048698	100.053978	100.054108	100.052116	100.056442	100.050987	100.050179	100.048042	100.048813	100.051819	100.051819	100.04734	100.047615	100.049194	100.052849	100.049553	100.050163	100.048462	100.047394	100.053978
806	100.00676	99.99823	100.000587	99.999466	100.003075	100.004662	100.012589	100.009895	100.009766	100.014458	100.01606	100.011841	100.021027	100.018501	100.027725	100.030052	100.028671	100.035385	100.033501	100.02977	100.030243	100.03154	100.028404	100.036095	100.030495	100.03669	100.037811	100.032867	100.041672	100.040115	100.042763	100.036415	100.043785	100.041626	100.039589	100.04277	100.046921	100.044464	100.044884	100.049301	100.055328	100.04673	100.053978	100.056145	100.053192	100.057518	100.05381	100.050232	100.049255	100.048996	100.053116	100.053558	100.046837	100.046349	100.048302	100.053703	100.048622	100.050903	100.048683	100.047974	100.054657
807	100.007248	99.998199	100.000801	99.99955	100.003967	100.005898	100.013474	100.0103	100.010971	100.014725	100.016769	100.012924	100.02153	100.020432	100.028732	100.030777	100.031265	100.036713	100.03463	100.030685	100.031448	100.033844	100.030983	100.036133	100.031723	100.037216	100.038788	100.036064	100.042595	100.040924	100.044952	100.038185	100.04612	100.042786	100.042252	100.04467	100.048317	100.046791	100.045921	100.049782	100.055435	100.049339	100.055222	100.057373	100.054459	100.05809	100.05542	100.05159	100.05072	100.052299	100.054314	100.054848	100.048759	100.048462	100.050354	100.054153	100.04953	100.052475	100.050377	100.049164	100.056267
808	100.008713	99.998405	100.001541	99.999771	100.00473	100.008263	100.014862	100.011597	100.013985	100.015938	100.018372	100.015495	100.022171	100.02372	100.030327	100.031837	100.034462	100.038406	100.034966	100.032082	100.033997	100.037514	100.034859	100.036713	100.033997	100.038315	100.039764	100.041267	100.044106	100.041977	100.047325	100.041405	100.049164	100.045265	100.046432	100.04686	100.049675	100.049461	100.047935	100.050644	100.054893	100.054298	100.057053	100.058189	100.055847	100.058411	100.056442	100.053642	100.052345	100.057182	100.055458	100.055923	100.051903	100.052299	100.053894	100.054375	100.051353	100.054482	100.052811	100.050652	100.058365
809	100.010193	99.998619	100.002289	100	100.005531	100.010666	100.016281	100.012932	100.017059	100.017181	100.020012	100.018135	100.022827	100.027107	100.03196	100.032951	100.037727	100.040123	100.035301	100.033508	100.036606	100.041283	100.038826	100.0373	100.036324	100.039444	100.040771	100.046608	100.04567	100.043045	100.049759	100.044693	100.052261	100.047813	100.050713	100.049103	100.051056	100.052193	100.049995	100.051537	100.054344	100.059357	100.058952	100.059021	100.057243	100.058731	100.05748	100.055717	100.053993	100.06218	100.056633	100.056992	100.055122	100.056221	100.05751	100.054596	100.053215	100.056519	100.055298	100.0522	100.060501
810	100.010368	99.99865	100.002197	99.999794	100.005409	100.011734	100.016068	100.013908	100.018478	100.017403	100.020576	100.019035	100.022507	100.028244	100.031891	100.032303	100.038208	100.040199	100.03495	100.033928	100.037407	100.04277	100.040398	100.037445	100.036774	100.039742	100.04097	100.048981	100.045685	100.043213	100.050606	100.046036	100.052956	100.049088	100.052307	100.049637	100.051407	100.053299	100.050797	100.052597	100.054062	100.061569	100.058891	100.058937	100.057808	100.058365	100.058075	100.056549	100.054291	100.064026	100.056984	100.056801	100.055954	100.057541	100.058296	100.054131	100.054085	100.057602	100.056038	100.053596	100.060913
811	100.008118	99.998352	100.000511	99.998802	100.003624	100.010254	100.01284	100.014198	100.016785	100.015747	100.019089	100.016739	100.02034	100.025177	100.028633	100.028435	100.033508	100.03717	100.03334	100.032509	100.034836	100.040016	100.037529	100.036774	100.033714	100.038528	100.039719	100.045822	100.042809	100.041702	100.048508	100.043747	100.049118	100.047974	100.048843	100.047005	100.049782	100.051376	100.049225	100.053932	100.054276	100.058449	100.055229	100.057175	100.056793	100.056747	100.057816	100.055038	100.052094	100.059937	100.055817	100.054253	100.052299	100.054001	100.05381	100.052353	100.05307	100.056862	100.053535	100.054718	100.058113
812	100.005806	99.998047	99.998787	99.99778	100.001801	100.008728	100.009521	100.014511	100.015053	100.014053	100.01757	100.014374	100.018105	100.022057	100.025307	100.024475	100.028694	100.034081	100.031708	100.031044	100.032196	100.037209	100.034584	100.036087	100.030586	100.037277	100.038437	100.042595	100.039886	100.040146	100.046364	100.041405	100.045189	100.046829	100.045311	100.044319	100.048126	100.0494	100.047615	100.055298	100.054504	100.055267	100.051476	100.055359	100.05574	100.055061	100.057556	100.053497	100.049843	100.055756	100.054611	100.051643	100.048569	100.050377	100.049232	100.050545	100.052032	100.056099	100.050964	100.055847	100.055267
813	100.00367	99.997765	99.997185	99.996819	100.000038	100.007309	100.006332	100.014793	100.013367	100.012459	100.016129	100.012169	100.016022	100.019058	100.022102	100.020721	100.024033	100.031067	100.030113	100.029663	100.029694	100.034416	100.031708	100.035385	100.027641	100.036064	100.037231	100.039436	100.037071	100.038696	100.044228	100.039146	100.041389	100.045761	100.041901	100.041641	100.0466	100.047432	100.046028	100.056587	100.054756	100.052116	100.047913	100.053642	100.054726	100.053497	100.057289	100.051964	100.047623	100.051704	100.053452	100.049171	100.045059	100.046906	100.044846	100.048805	100.051071	100.055443	100.048515	100.056946	100.052536
814	100.006653	99.998184	99.999168	99.997658	100.00087	100.008652	100.007629	100.014618	100.013306	100.013969	100.017097	100.014664	100.018166	100.020805	100.023331	100.023605	100.025177	100.031113	100.030449	100.030533	100.031601	100.033867	100.031708	100.034645	100.030663	100.036263	100.038528	100.039528	100.038315	100.040459	100.043549	100.040176	100.041946	100.047157	100.043465	100.040527	100.048653	100.046288	100.045845	100.055	100.055405	100.051476	100.050461	100.05484	100.054893	100.055084	100.057259	100.05146	100.047325	100.052727	100.054108	100.051292	100.048759	100.048706	100.047424	100.049797	100.052383	100.057289	100.050392	100.056313	100.054153
815	100.009705	99.998611	100.00119	99.998535	100.001732	100.010048	100.008965	100.014435	100.01326	100.015518	100.018097	100.017227	100.020363	100.022575	100.02459	100.026558	100.026367	100.031174	100.030792	100.031425	100.033546	100.033318	100.031731	100.03389	100.033737	100.036476	100.039864	100.039635	100.039604	100.042274	100.042854	100.041237	100.042519	100.048599	100.045052	100.039398	100.050735	100.045135	100.045685	100.053406	100.056091	100.050819	100.05307	100.056061	100.055077	100.056709	100.057205	100.050964	100.047012	100.053787	100.054779	100.053474	100.052551	100.050568	100.050041	100.050819	100.053726	100.059189	100.052307	100.055656	100.055824
816	100.01284	99.999046	100.003281	99.99942	100.002602	100.011467	100.010323	100.014259	100.013222	100.017105	100.019112	100.019836	100.022598	100.024399	100.025879	100.029587	100.027573	100.031235	100.031151	100.032341	100.035545	100.032745	100.031746	100.033127	100.036896	100.036705	100.041237	100.039742	100.040909	100.044106	100.042137	100.04232	100.043121	100.050064	100.046684	100.038254	100.052895	100.043938	100.045502	100.051758	100.056793	100.050148	100.055756	100.057312	100.055267	100.058365	100.057175	100.050438	100.046707	100.054848	100.055466	100.05571	100.056419	100.052467	100.052734	100.051857	100.055107	100.061127	100.054276	100.055	100.057518
817	100.012817	99.999008	100.003242	99.999413	100.00293	100.011299	100.010597	100.012764	100.012314	100.017654	100.017288	100.018539	100.02327	100.023735	100.02552	100.028625	100.027657	100.031067	100.031921	100.033447	100.036095	100.032303	100.032318	100.03315	100.036156	100.036301	100.039818	100.038658	100.040581	100.043549	100.041519	100.041672	100.043678	100.048851	100.046883	100.039589	100.051582	100.043045	100.045685	100.049911	100.056351	100.050644	100.056328	100.058281	100.055588	100.059464	100.055183	100.050865	100.046829	100.055016	100.053772	100.054932	100.057671	100.053314	100.052811	100.051643	100.055542	100.059875	100.055603	100.053528	100.057945
818	100.011574	99.998795	100.002411	99.999039	100.003075	100.010506	100.010452	100.01075	100.011063	100.017807	100.014351	100.015724	100.023338	100.022102	100.024536	100.026131	100.027313	100.030807	100.032852	100.034668	100.03611	100.031914	100.033104	100.033501	100.033905	100.035629	100.037292	100.037094	100.039612	100.042046	100.040909	100.040352	100.044235	100.046585	100.046555	100.041893	100.048935	100.042274	100.046013	100.047974	100.055458	100.05159	100.056099	100.059166	100.055984	100.060356	100.052429	100.051666	100.047112	100.054825	100.051155	100.053001	100.057922	100.053764	100.05188	100.050964	100.055611	100.057388	100.056709	100.051727	100.057899
819	100.010315	99.998566	100.001564	99.998665	100.00322	100.009689	100.010323	100.008705	100.009789	100.017967	100.011337	100.012825	100.023399	100.020432	100.023521	100.023567	100.026955	100.03054	100.033806	100.035904	100.03611	100.031494	100.033905	100.033829	100.031593	100.03495	100.034698	100.0355	100.03862	100.040504	100.040306	100.039001	100.0448	100.044266	100.046219	100.044266	100.046242	100.041458	100.046333	100.045982	100.054535	100.052559	100.05587	100.060059	100.056374	100.061272	100.049606	100.052475	100.047394	100.054634	100.048485	100.05101	100.058189	100.054237	100.050926	100.050262	100.055695	100.054825	100.057838	100.049889	100.057854
820	100.009575	99.999023	100.001595	99.99852	100.004257	100.009277	100.010513	100.008301	100.009644	100.01825	100.011353	100.012245	100.023804	100.020065	100.024963	100.022659	100.027885	100.031303	100.034439	100.036621	100.036308	100.032173	100.035599	100.035347	100.030792	100.035545	100.034164	100.035881	100.038956	100.040665	100.041733	100.039482	100.045898	100.044083	100.046196	100.046577	100.045242	100.042107	100.047089	100.045349	100.054932	100.053833	100.055923	100.061157	100.057098	100.061523	100.050179	100.052795	100.04879	100.055099	100.048027	100.050392	100.057396	100.054695	100.050797	100.050392	100.056015	100.054108	100.058472	100.049698	100.058128
821	100.009628	100.00045	100.002945	99.998711	100.006592	100.00943	100.011169	100.0103	100.011131	100.018738	100.015747	100.014999	100.024666	100.021591	100.029945	100.024155	100.030663	100.033546	100.034584	100.036575	100.036797	100.034424	100.038589	100.038544	100.032234	100.038002	100.036598	100.039139	100.041237	100.043274	100.04612	100.042618	100.047722	100.047005	100.046646	100.048782	100.046745	100.044846	100.048462	100.046692	100.057182	100.05555	100.056389	100.062523	100.058319	100.060822	100.055679	100.052414	100.051773	100.056496	100.050842	100.051735	100.055107	100.055138	100.05188	100.051735	100.056686	100.056091	100.05838	100.05188	100.058868
822	100.009689	100.001907	100.004341	99.998917	100.009003	100.009605	100.011848	100.012375	100.01268	100.019241	100.020264	100.017838	100.025574	100.023148	100.035072	100.025703	100.033524	100.035843	100.034737	100.036537	100.037315	100.036743	100.041649	100.041809	100.033699	100.04052	100.039085	100.042473	100.043579	100.045967	100.050613	100.045837	100.049591	100.050011	100.047096	100.051048	100.048279	100.047661	100.04985	100.048065	100.059494	100.057304	100.056854	100.063942	100.05957	100.060104	100.061325	100.052032	100.05484	100.057945	100.053726	100.053116	100.05275	100.055603	100.053001	100.053116	100.057373	100.058128	100.058273	100.054131	100.059654
823	100.009666	100.003136	100.005341	99.999138	100.010918	100.009796	100.012466	100.014305	100.014236	100.019547	100.024269	100.020393	100.026146	100.024399	100.039383	100.027	100.036003	100.03775	100.034927	100.036278	100.037621	100.038681	100.044014	100.044456	100.034904	100.042763	100.041458	100.045357	100.045647	100.04805	100.054466	100.048676	100.050949	100.052498	100.047668	100.052856	100.049507	100.050224	100.050949	100.049278	100.061226	100.058556	100.05722	100.064995	100.060417	100.059334	100.06636	100.05159	100.057243	100.058983	100.056252	100.054337	100.050652	100.055901	100.053879	100.054276	100.057854	100.059761	100.057961	100.056007	100.060066
824	100.008842	100.001892	100.002815	99.99958	100.008186	100.010193	100.01252	100.014587	100.015572	100.018135	100.023018	100.020203	100.02388	100.022713	100.035896	100.026009	100.034676	100.035896	100.035416	100.034073	100.036324	100.037064	100.039688	100.041031	100.033569	100.04213	100.042305	100.043655	100.044998	100.044456	100.051651	100.047615	100.047432	100.049934	100.049149	100.050308	100.047806	100.050064	100.049149	100.048782	100.057388	100.055138	100.056717	100.062576	100.05751	100.058296	100.065018	100.050735	100.053474	100.056229	100.055138	100.053848	100.051224	100.054825	100.052559	100.053238	100.056351	100.05751	100.055801	100.054153	100.057327
825	100.007996	100.000618	100.000214	100.000015	100.005363	100.010597	100.01255	100.014893	100.016937	100.016678	100.021729	100.020004	100.02153	100.020981	100.032318	100.024986	100.033318	100.033997	100.035904	100.031807	100.034973	100.035385	100.035248	100.037506	100.032196	100.041473	100.043175	100.041901	100.044319	100.040733	100.048767	100.046524	100.043823	100.047302	100.050652	100.047684	100.046051	100.049904	100.047287	100.048271	100.053452	100.05162	100.056183	100.060104	100.054527	100.057236	100.063644	100.04985	100.049614	100.053391	100.053963	100.053345	100.051796	100.053719	100.051201	100.05217	100.05481	100.055206	100.053581	100.052246	100.054512
826	100.007141	99.999329	99.997543	100.000465	100.002495	100.011017	100.012604	100.01519	100.018333	100.01519	100.020424	100.019814	100.019135	100.019203	100.028633	100.023941	100.031921	100.032043	100.036407	100.02948	100.033607	100.033691	100.030708	100.03389	100.030792	100.040817	100.04406	100.040115	100.04364	100.036942	100.045815	100.045418	100.040123	100.044617	100.0522	100.044998	100.04425	100.049744	100.045395	100.047745	100.049423	100.048019	100.055649	100.057579	100.051476	100.056145	100.062241	100.04895	100.045647	100.050507	100.052773	100.052834	100.052406	100.052582	100.04982	100.051071	100.053238	100.052849	100.051308	100.050308	100.051628
827	100.007164	100.00074	99.997406	100.000801	100.000938	100.011131	100.011375	100.014946	100.016869	100.013519	100.01757	100.019745	100.018463	100.018867	100.028275	100.024055	100.031349	100.031494	100.034668	100.029564	100.033104	100.03257	100.030136	100.032974	100.031219	100.038948	100.043144	100.039078	100.042114	100.036964	100.045502	100.042816	100.039825	100.044456	100.048683	100.043694	100.044083	100.048019	100.045731	100.047287	100.049164	100.04673	100.053696	100.055252	100.050163	100.055481	100.059059	100.049339	100.045441	100.04821	100.051735	100.052521	100.051605	100.051414	100.050476	100.05217	100.05349	100.052963	100.050262	100.051033	100.051674
828	100.007439	100.002899	99.997955	100.001099	99.999733	100.011147	100.009773	100.014557	100.01458	100.01178	100.014244	100.019707	100.018227	100.018944	100.028824	100.024475	100.031006	100.031319	100.032257	100.030289	100.032845	100.031593	100.03064	100.032761	100.032135	100.036705	100.041725	100.038239	100.040329	100.038017	100.045921	100.039757	100.040474	100.044968	100.043724	100.042747	100.044373	100.045845	100.046661	100.046852	100.049904	100.046051	100.051292	100.05294	100.049294	100.054909	100.055336	100.050102	100.046265	100.046036	100.050713	100.052261	100.0504	100.050209	100.051704	100.053879	100.05423	100.053749	100.049507	100.052513	100.052513
829	100.007713	100.005112	99.99852	100.001404	99.998489	100.011185	100.008133	100.01416	100.012245	100.009987	100.010834	100.019669	100.017998	100.019012	100.029373	100.024918	100.030647	100.031136	100.029793	100.031044	100.03257	100.030586	100.031158	100.032532	100.033096	100.034401	100.040268	100.037384	100.03849	100.039116	100.046333	100.036636	100.041115	100.045502	100.038635	100.041771	100.044647	100.043617	100.047623	100.04641	100.050674	100.045357	100.048843	100.050568	100.048401	100.054337	100.051521	100.05088	100.047096	100.043808	100.049675	100.052002	100.049171	100.048981	100.052963	100.055656	100.055	100.054573	100.048744	100.054016	100.053368
830	100.008461	100.00589	99.999741	100.001465	99.999062	100.010956	100.00769	100.014366	100.01223	100.010231	100.009727	100.019226	100.019096	100.020424	100.031647	100.02681	100.030647	100.031647	100.029716	100.032043	100.032715	100.0317	100.032043	100.032768	100.03315	100.033821	100.039398	100.037491	100.037979	100.039742	100.047218	100.036552	100.042427	100.046196	100.037598	100.042107	100.04567	100.042519	100.049377	100.046646	100.051651	100.046577	100.048981	100.050186	100.049522	100.054955	100.050095	100.052284	100.048294	100.044037	100.048981	100.051689	100.050262	100.048706	100.0532	100.05629	100.055763	100.054703	100.049316	100.055168	100.054321
831	100.009727	100.005066	100.001671	100.001236	100.001656	100.010445	100.008583	100.015221	100.014816	100.012718	100.011192	100.018333	100.021652	100.023308	100.035835	100.030327	100.031075	100.032928	100.032303	100.033333	100.03334	100.035156	100.033333	100.033524	100.032211	100.035133	100.039223	100.038673	100.038925	100.039864	100.048592	100.039902	100.044456	100.047073	100.041092	100.043892	100.047508	100.042664	100.051987	100.047646	100.052834	100.04995	100.05201	100.052025	100.052856	100.056923	100.051323	100.054382	100.04985	100.047005	100.048676	100.051308	100.053917	100.0495	100.052299	100.055672	100.056526	100.054062	100.051376	100.055931	100.055374
832	100.011024	100.004219	100.003662	100.001022	100.004326	100.009903	100.009499	100.016113	100.017487	100.015297	100.012711	100.017426	100.024292	100.026276	100.040146	100.033936	100.031509	100.034248	100.034966	100.034653	100.033997	100.038719	100.034653	100.034294	100.031258	100.036476	100.039032	100.039902	100.039886	100.039993	100.050011	100.043343	100.046555	100.047974	100.04467	100.045731	100.049385	100.042847	100.05468	100.048683	100.054077	100.053406	100.055138	100.053917	100.056305	100.058952	100.052597	100.056564	100.051483	100.050056	100.048378	100.050911	100.057671	100.050308	100.051376	100.055023	100.057327	100.053406	100.053513	100.056717	100.056458
833	100.011787	100.003365	100.004898	100.000366	100.006439	100.009491	100.010506	100.016403	100.019547	100.017212	100.013969	100.016617	100.026237	100.028625	100.042854	100.036644	100.031998	100.034988	100.036964	100.035789	100.034286	100.041183	100.035881	100.034889	100.030556	100.037598	100.038681	100.040817	100.040421	100.039963	100.050613	100.046112	100.048027	100.04866	100.047264	100.046936	100.050697	100.043152	100.056351	100.049507	100.054642	100.055763	100.057617	100.055267	100.058708	100.060211	100.053787	100.057793	100.052414	100.052559	100.047958	100.050499	100.060234	100.050751	100.050247	100.054062	100.057243	100.052956	100.054802	100.056686	100.057053
834	100.00975	100.002602	100.002251	99.997726	100.005592	100.009689	100.011871	100.013664	100.018456	100.015701	100.013924	100.016426	100.024536	100.027641	100.037346	100.034523	100.032784	100.032715	100.035477	100.035797	100.032761	100.037918	100.036537	100.034508	100.031242	100.037445	100.037598	100.040207	100.038734	100.039146	100.047173	100.045189	100.04631	100.048233	100.044655	100.044838	100.048958	100.044159	100.052727	100.04921	100.051964	100.052406	100.05661	100.053787	100.055695	100.057602	100.054504	100.054207	100.04982	100.052048	100.047005	100.050034	100.056564	100.049271	100.048256	100.051559	100.052895	100.053528	100.051811	100.052628	100.055161
835	100.007645	100.001801	99.999527	99.994995	100.0047	100.009895	100.01326	100.010849	100.017296	100.01413	100.013878	100.016212	100.022766	100.026634	100.031677	100.032333	100.033585	100.030365	100.033936	100.035797	100.031189	100.034561	100.037193	100.034119	100.031952	100.037292	100.036469	100.039566	100.03698	100.0383	100.043633	100.04425	100.044563	100.047768	100.041977	100.042656	100.047173	100.045166	100.049004	100.048897	100.049187	100.048935	100.055565	100.052261	100.052597	100.054909	100.055229	100.050499	100.047134	100.051521	100.046013	100.04953	100.052765	100.047729	100.046196	100.048973	100.048401	100.0541	100.048706	100.048462	100.0532
836	100.00547	100.000977	99.996719	99.992187	100.003777	100.010109	100.014687	100.00795	100.016129	100.01252	100.013817	100.015999	100.020958	100.025597	100.025818	100.030075	100.034393	100.027939	100.032356	100.035797	100.029549	100.03109	100.037872	100.033699	100.032677	100.037125	100.035324	100.03891	100.035179	100.03743	100.03997	100.043274	100.04274	100.047302	100.0392	100.040421	100.045334	100.046219	100.045166	100.048569	100.046333	100.045357	100.054504	100.05069	100.049385	100.052139	100.055984	100.046684	100.04438	100.050987	100.044998	100.049034	100.048851	100.046158	100.044083	100.046303	100.043762	100.054703	100.045517	100.044159	100.051186
837	100.003136	99.998535	99.9944	99.990776	100.002228	100.008545	100.011826	100.006332	100.013542	100.011375	100.01136	100.014809	100.019608	100.021729	100.023178	100.026726	100.031937	100.024323	100.03022	100.031128	100.02829	100.028519	100.034523	100.030205	100.030075	100.034317	100.032593	100.037445	100.032425	100.035461	100.035477	100.03891	100.03978	100.044266	100.036987	100.038994	100.04213	100.042641	100.041748	100.046417	100.043404	100.042305	100.050667	100.046516	100.045761	100.049187	100.050941	100.043335	100.041786	100.047455	100.042999	100.045372	100.045982	100.043404	100.04071	100.044548	100.040329	100.049446	100.041672	100.042023	100.045517
838	100.000702	99.995766	99.992096	99.989563	100.000526	100.006676	100.008179	100.00489	100.010666	100.010277	100.008453	100.013412	100.018295	100.017296	100.020981	100.023117	100.02887	100.020393	100.027931	100.025574	100.027046	100.026001	100.030426	100.026108	100.026848	100.031029	100.029541	100.035812	100.029434	100.033257	100.030724	100.033867	100.036575	100.04071	100.034805	100.037636	100.03862	100.038193	100.0383	100.043915	100.040375	100.039268	100.04628	100.041786	100.041985	100.046112	100.044807	100.039986	100.039124	100.043358	100.040771	100.041107	100.04319	100.040375	100.037041	100.042877	100.036987	100.043091	100.037613	100.040184	100.039101
839	99.998192	99.992897	99.989731	99.988319	99.998764	100.00473	100.004425	100.003395	100.00769	100.009132	100.005432	100.011993	100.016953	100.012733	100.018715	100.019386	100.025711	100.016357	100.025574	100.019836	100.025764	100.023415	100.026192	100.021889	100.023521	100.027634	100.026382	100.034126	100.02636	100.030983	100.025818	100.028679	100.033257	100.037048	100.032555	100.036255	100.035004	100.033615	100.034737	100.041328	100.037254	100.036133	100.041756	100.036919	100.038063	100.042953	100.03849	100.036514	100.036407	100.039139	100.038467	100.036705	100.040329	100.037254	100.033249	100.041161	100.033554	100.036552	100.03344	100.0383	100.032486
840	100.000122	99.992615	99.990753	99.989731	99.998947	100.003517	100.003258	100.003838	100.00695	100.009308	100.006058	100.012138	100.016365	100.011917	100.018669	100.018967	100.023415	100.016464	100.026917	100.019363	100.026024	100.023041	100.025726	100.020218	100.023018	100.026909	100.025604	100.032913	100.027573	100.031723	100.025543	100.027786	100.032272	100.036751	100.033203	100.036324	100.034843	100.030937	100.033447	100.04113	100.038017	100.035683	100.041519	100.036407	100.038086	100.042961	100.037369	100.036011	100.035667	100.038422	100.037727	100.035477	100.039757	100.036514	100.033279	100.042358	100.03344	100.035835	100.033318	100.038574	100.030945
841	100.005737	99.994461	99.994621	99.993355	100.000748	100.002846	100.004211	100.005852	100.008034	100.010574	100.009659	100.013588	100.016418	100.014206	100.020424	100.021301	100.021805	100.020027	100.031349	100.023247	100.02755	100.024536	100.028381	100.020683	100.024841	100.028374	100.026772	100.032089	100.032356	100.03495	100.029099	100.030472	100.033203	100.039223	100.036255	100.037598	100.03756	100.029793	100.034042	100.0429	100.041985	100.037422	100.044846	100.039505	100.041351	100.045609	100.040543	100.037994	100.036575	100.040642	100.038239	100.03688	100.041077	100.03772	100.036469	100.045982	100.036064	100.039986	100.036583	100.040649	100.033607
842	100.011536	99.996361	99.998596	99.997108	100.002625	100.002182	100.005211	100.007942	100.009171	100.011894	100.01339	100.015091	100.016449	100.016579	100.022255	100.02372	100.020149	100.023697	100.035919	100.02726	100.029137	100.02607	100.031113	100.021149	100.026749	100.029907	100.027992	100.031258	100.0373	100.0383	100.032784	100.033249	100.034157	100.041786	100.039413	100.03891	100.04039	100.028625	100.034668	100.044724	100.046074	100.039246	100.048279	100.042709	100.044724	100.048325	100.043831	100.040031	100.037529	100.042931	100.038788	100.038322	100.04245	100.038971	100.039764	100.049713	100.03878	100.044273	100.039963	100.042809	100.036362
843	100.014877	99.997444	100.001099	99.999687	100.00415	100.001648	100.006615	100.009071	100.009666	100.01265	100.01606	100.015892	100.01606	100.018219	100.023437	100.025139	100.018456	100.026253	100.038231	100.029984	100.029945	100.026512	100.032715	100.021004	100.027863	100.031067	100.028656	100.030289	100.040413	100.040306	100.035179	100.034904	100.034592	100.043167	100.041237	100.039635	100.041985	100.027832	100.035301	100.045517	100.047958	100.040344	100.049759	100.044861	100.046837	100.04995	100.045731	100.041664	100.037956	100.043938	100.039017	100.039139	100.042427	100.03965	100.042023	100.051376	100.040398	100.047211	100.041946	100.043694	100.037766
844	100.010254	99.995766	99.998756	99.998428	100.004517	100.001511	100.009239	100.00708	100.008118	100.011597	100.015198	100.014366	100.014244	100.017395	100.022491	100.023331	100.016693	100.025139	100.033234	100.028397	100.028206	100.023476	100.030579	100.018906	100.026382	100.030968	100.027573	100.029007	100.037529	100.037918	100.033394	100.032974	100.03331	100.040771	100.038719	100.038437	100.039635	100.02829	100.03595	100.042931	100.042679	100.039062	100.044945	100.043526	100.0448	100.047958	100.043068	100.041893	100.036728	100.040817	100.038254	100.037849	100.038025	100.038513	100.040771	100.046387	100.038483	100.045685	100.039444	100.040581	100.034836
845	100.00547	99.994064	99.996338	99.997131	100.00489	100.001404	100.011948	100.005028	100.006531	100.010513	100.014343	100.012817	100.012383	100.016556	100.021515	100.021469	100.014862	100.023987	100.028084	100.026772	100.026428	100.02034	100.028397	100.016747	100.024879	100.030884	100.026466	100.027695	100.034546	100.035477	100.031555	100.030968	100.031982	100.038292	100.036148	100.037193	100.037216	100.028763	100.036621	100.040268	100.037239	100.037781	100.039986	100.042152	100.042686	100.045921	100.040344	100.042137	100.035461	100.037598	100.037453	100.036537	100.033485	100.037361	100.039505	100.041222	100.036499	100.044106	100.03688	100.037346	100.031815
846	100.000534	99.992279	99.993835	99.995789	100.00528	100.001274	100.014732	100.002899	100.004898	100.009392	100.01342	100.011192	100.010452	100.015686	100.020508	100.019539	100.012985	100.022781	100.022758	100.025085	100.024582	100.017082	100.026115	100.014511	100.023308	100.030792	100.025307	100.026321	100.031471	100.032951	100.029633	100.028885	100.030624	100.035736	100.033463	100.035904	100.034714	100.029251	100.037315	100.037506	100.031616	100.036415	100.034859	100.040726	100.040497	100.043785	100.037506	100.042381	100.034157	100.034264	100.036644	100.035164	100.028778	100.036156	100.038185	100.035896	100.034439	100.042488	100.03421	100.034012	100.028694
847	100.001656	99.993385	99.993965	99.9944	100.003036	100.001213	100.010956	100.004074	100.006416	100.010147	100.013733	100.011429	100.011238	100.017059	100.022003	100.018631	100.016228	100.023209	100.025085	100.025879	100.023102	100.018188	100.027206	100.018349	100.024239	100.029419	100.026215	100.027168	100.033173	100.032425	100.029099	100.026726	100.030052	100.036133	100.033676	100.03492	100.036201	100.027679	100.037704	100.036537	100.032791	100.036751	100.035622	100.039352	100.039246	100.044037	100.037422	100.040199	100.03569	100.037018	100.034225	100.035034	100.03035	100.034805	100.037231	100.036285	100.03624	100.041725	100.032913	100.034485	100.032173
848	100.003174	99.994675	99.994255	99.992973	100.000572	100.001144	100.00663	100.00547	100.008163	100.011017	100.014114	100.011765	100.012207	100.0186	100.023697	100.017754	100.019882	100.023743	100.027931	100.026855	100.021576	100.0196	100.028519	100.022659	100.025345	100.027931	100.02726	100.02816	100.035217	100.032021	100.028633	100.024475	100.029526	100.036728	100.034073	100.033905	100.037979	100.025925	100.038078	100.035645	100.034439	100.037193	100.036751	100.037941	100.037994	100.044456	100.037468	100.037781	100.037453	100.040222	100.031624	100.034973	100.032341	100.033417	100.036263	100.037025	100.038338	100.040985	100.031624	100.035217	100.036171
849	100.004745	99.996033	99.99456	99.991486	99.998016	100.001099	100.002167	100.006927	100.009987	100.011917	100.014511	100.012138	100.013222	100.020195	100.025467	100.016846	100.023651	100.024307	100.030884	100.02787	100.020027	100.021049	100.029877	100.02713	100.026489	100.026405	100.028374	100.029198	100.037323	100.031601	100.02816	100.022163	100.028969	100.037338	100.034485	100.032875	100.039818	100.024117	100.038483	100.034714	100.036148	100.037659	100.037941	100.036499	100.036705	100.044868	100.037552	100.035301	100.039276	100.043533	100.028969	100.03492	100.034401	100.031975	100.035271	100.037811	100.040497	100.04023	100.030312	100.035965	100.040306
850	100.006378	99.99791	99.995865	99.99147	99.998444	100.002121	100.002823	100.008163	100.010971	100.012077	100.014282	100.014427	100.014671	100.020996	100.02581	100.018623	100.024628	100.025131	100.031319	100.029541	100.021019	100.023842	100.030228	100.02903	100.027237	100.027107	100.029968	100.030937	100.037766	100.031151	100.029686	100.024925	100.030121	100.039734	100.037041	100.034927	100.04097	100.025833	100.038887	100.034889	100.03685	100.037811	100.0383	100.037766	100.038292	100.045303	100.040474	100.035095	100.040436	100.044395	100.031296	100.03653	100.035385	100.03157	100.034904	100.038971	100.041161	100.040543	100.032448	100.036469	100.042519
851	100.008057	100.000107	99.99778	99.992317	100.000656	100.003799	100.006523	100.0093	100.01149	100.01178	100.013695	100.017891	100.016418	100.021347	100.025345	100.022003	100.023972	100.026146	100.030281	100.031616	100.023529	100.027489	100.029991	100.029442	100.027802	100.029144	100.031891	100.033119	100.037254	100.030685	100.032425	100.030746	100.032295	100.043251	100.040901	100.038849	100.041756	100.029671	100.039291	100.035736	100.03698	100.037804	100.038216	100.040642	100.041595	100.045738	100.045135	100.036278	100.041214	100.043831	100.036636	100.039139	100.035736	100.031769	100.03492	100.04039	100.040947	100.041473	100.036659	100.036835	100.043663
852	100.009796	100.00238	99.999763	99.993187	100.002945	100.005569	100.010338	100.010468	100.012032	100.011467	100.013092	100.021492	100.018219	100.021729	100.024857	100.025497	100.023293	100.027191	100.029198	100.03376	100.026115	100.031258	100.029755	100.029877	100.028358	100.031258	100.033882	100.035385	100.036728	100.030197	100.035263	100.036766	100.034538	100.04686	100.044907	100.0429	100.042557	100.033638	100.039734	100.036606	100.037109	100.037781	100.038124	100.043633	100.045013	100.046196	100.049973	100.037506	100.042007	100.043251	100.042168	100.04184	100.03611	100.031982	100.034943	100.04184	100.040733	100.04245	100.040993	100.037216	100.044861
853	100.009407	100.003204	100.000145	99.993546	100.003639	100.006775	100.011124	100.01136	100.011429	100.010086	100.010727	100.022331	100.018898	100.021126	100.023499	100.026276	100.022743	100.02681	100.027695	100.034477	100.027992	100.032219	100.029076	100.028885	100.027504	100.031487	100.033844	100.036064	100.03508	100.029228	100.036171	100.039078	100.03524	100.04686	100.044952	100.043846	100.042259	100.035057	100.039223	100.037277	100.036095	100.036476	100.037193	100.044212	100.045685	100.045708	100.051323	100.036873	100.040581	100.041901	100.044807	100.041916	100.035492	100.031532	100.033737	100.040863	100.039635	100.042152	100.041901	100.036255	100.044739
854	100.004593	100.000992	99.997177	99.992821	100.000992	100.006798	100.005554	100.01165	100.008461	100.006508	100.004791	100.01738	100.017204	100.018501	100.020409	100.021301	100.02253	100.023521	100.025383	100.032188	100.028297	100.027359	100.027466	100.025009	100.023689	100.027832	100.029625	100.03344	100.031235	100.027275	100.033035	100.03363	100.0327	100.03936	100.036812	100.0383	100.039658	100.031113	100.036728	100.037468	100.032684	100.032555	100.034592	100.039818	100.040604	100.043251	100.045372	100.03244	100.034546	100.03904	100.041389	100.036514	100.032867	100.029709	100.030029	100.034836	100.036728	100.039207	100.035629	100.032509	100.041916
855	99.999603	99.998695	99.99411	99.992081	99.99826	100.006821	99.999794	100.011917	100.005424	100.0028	99.998672	100.012253	100.01545	100.015808	100.017212	100.016167	100.022293	100.020111	100.022972	100.029816	100.028625	100.022316	100.025795	100.021004	100.019745	100.024048	100.025238	100.030746	100.027237	100.025261	100.029793	100.028	100.030067	100.031616	100.028397	100.03257	100.03698	100.027039	100.034164	100.037674	100.02916	100.028503	100.031914	100.035263	100.035355	100.04071	100.039246	100.027832	100.028297	100.036064	100.037834	100.030937	100.030159	100.027824	100.026192	100.028595	100.033714	100.036148	100.029144	100.028625	100.039001
856	99.99485	99.996559	99.991119	99.991417	99.995575	100.00695	99.994194	100.012222	100.002434	99.999229	99.99276	100.007294	100.013748	100.013161	100.014137	100.011154	100.022102	100.016853	100.020668	100.027466	100.028908	100.017395	100.024178	100.017082	100.015877	100.020363	100.020996	100.028084	100.023415	100.023354	100.026634	100.022522	100.027634	100.024033	100.020157	100.027	100.034309	100.023209	100.031639	100.037834	100.025917	100.024567	100.029335	100.030792	100.030243	100.0383	100.033226	100.023399	100.022232	100.033188	100.034332	100.025436	100.027557	100.026024	100.02253	100.02253	100.03083	100.033173	100.022804	100.024818	100.036148
857	100.001373	100.001015	99.99308	99.99366	99.996964	100.009811	99.999161	100.012245	100.004219	100.002983	99.999443	100.011742	100.014709	100.014671	100.017967	100.014732	100.023201	100.021637	100.023674	100.028381	100.028381	100.020638	100.025139	100.019562	100.01825	100.023376	100.02446	100.029739	100.028023	100.026413	100.029358	100.027214	100.033318	100.029121	100.025452	100.031578	100.034698	100.03067	100.032631	100.036621	100.034058	100.02829	100.03315	100.033043	100.033867	100.042343	100.036911	100.02774	100.027107	100.035942	100.035454	100.02787	100.031136	100.028191	100.027596	100.027405	100.034286	100.035461	100.027145	100.026978	100.037933
858	100.008118	100.0056	99.99511	99.995987	99.998405	100.012794	100.00428	100.012268	100.006065	100.006866	100.00634	100.016335	100.015701	100.016228	100.021912	100.01844	100.024345	100.026581	100.026794	100.029327	100.027832	100.023972	100.026115	100.022141	100.020721	100.026474	100.028053	100.031456	100.032791	100.029564	100.032196	100.032066	100.039207	100.03437	100.030922	100.036308	100.035095	100.038383	100.033638	100.03537	100.042488	100.032127	100.037064	100.035385	100.037613	100.046516	100.040695	100.032234	100.032127	100.038788	100.036606	100.030396	100.034836	100.030449	100.032829	100.032448	100.037849	100.037849	100.031601	100.029205	100.039795
859	100.015106	100.010361	99.997208	99.998398	99.999908	100.015854	100.009583	100.012276	100.007988	100.010872	100.013481	100.021072	100.016739	100.017838	100.025986	100.02227	100.02552	100.0317	100.030006	100.030304	100.02726	100.027428	100.027145	100.024796	100.023254	100.029694	100.031754	100.033234	100.037727	100.032829	100.035133	100.037086	100.045303	100.039803	100.036598	100.041214	100.0355	100.046364	100.034698	100.034081	100.051201	100.036095	100.041115	100.037788	100.041489	100.050827	100.044632	100.036873	100.037338	100.041748	100.037811	100.033012	100.038673	100.032768	100.038231	100.037659	100.041542	100.040306	100.03624	100.031517	100.04171
860	100.015732	100.011154	100.000038	99.999886	100.002304	100.016693	100.013435	100.013283	100.011299	100.01297	100.016335	100.023567	100.018433	100.021408	100.028275	100.025024	100.028702	100.033859	100.031975	100.030304	100.028076	100.030197	100.031151	100.029648	100.024246	100.031937	100.033806	100.033913	100.038422	100.035835	100.036934	100.038483	100.046669	100.042343	100.037537	100.04187	100.039001	100.047554	100.036255	100.033859	100.053314	100.039696	100.045349	100.0392	100.044975	100.054047	100.044975	100.040863	100.041214	100.043556	100.04171	100.036255	100.04274	100.037277	100.041328	100.04245	100.043343	100.042877	100.038948	100.036644	100.044228
861	100.013924	100.010468	100.003174	100.001076	100.005081	100.016663	100.0168	100.014687	100.015213	100.014366	100.017586	100.025223	100.020393	100.025772	100.029922	100.027397	100.032715	100.034889	100.033478	100.029922	100.029411	100.032745	100.036369	100.035439	100.024643	100.033821	100.03524	100.03418	100.037476	100.038765	100.038315	100.038528	100.046249	100.043823	100.036667	100.040863	100.043777	100.046181	100.038025	100.034012	100.052902	100.04319	100.049736	100.04023	100.048363	100.056885	100.043953	100.04467	100.044632	100.044952	100.046707	100.039795	100.046967	100.042702	100.043571	100.047173	100.044456	100.04554	100.040962	100.042938	100.047012
862	100.012062	100.009743	100.006416	100.002289	100.007973	100.01664	100.020264	100.016129	100.019264	100.015793	100.018867	100.026939	100.022438	100.030304	100.031616	100.029839	100.03685	100.035965	100.035027	100.029518	100.030792	100.035393	100.041756	100.041428	100.025047	100.035789	100.036728	100.034454	100.036499	100.041809	100.039757	100.038574	100.045837	100.045357	100.035789	100.039864	100.048698	100.044762	100.039864	100.03418	100.05249	100.046799	100.054253	100.04129	100.051865	100.05983	100.042877	100.048599	100.048172	100.04641	100.05188	100.043449	100.051353	100.048302	100.045898	100.052048	100.045586	100.048302	100.043037	100.049438	100.049889
863	100.010536	100.008514	100.00843	100.0028	100.009552	100.01545	100.021805	100.017044	100.019943	100.016617	100.019203	100.027718	100.023041	100.031456	100.031792	100.030884	100.038086	100.036774	100.036148	100.029266	100.032104	100.037148	100.043396	100.044098	100.025032	100.036011	100.037727	100.035942	100.03685	100.042091	100.039879	100.040222	100.045692	100.046143	100.036087	100.040199	100.051712	100.043663	100.04052	100.036133	100.051903	100.048813	100.055901	100.042519	100.053108	100.060104	100.043526	100.050697	100.050201	100.046753	100.053093	100.045868	100.053551	100.050713	100.046936	100.054108	100.046753	100.049339	100.044525	100.052116	100.050713
864	100.009468	100.006577	100.008652	100.002327	100.009285	100.012604	100.020599	100.017212	100.01593	100.016579	100.018166	100.02713	100.021675	100.027954	100.029823	100.029945	100.035309	100.03717	100.036636	100.029228	100.033234	100.037643	100.039764	100.04213	100.024399	100.033806	100.03804	100.039116	100.038994	100.038551	100.038147	100.044083	100.045921	100.04586	100.038017	100.042404	100.052048	100.043037	100.03952	100.040543	100.051102	100.048576	100.053497	100.043938	100.051178	100.056648	100.046501	100.050186	100.050095	100.045547	100.048805	100.046501	100.052658	100.048653	100.046135	100.0522	100.04792	100.047981	100.045143	100.049461	100.048653
865	100.008354	100.004593	100.008904	100.001839	100.009026	100.009659	100.019363	100.017395	100.011787	100.016533	100.017105	100.026527	100.020241	100.024323	100.027802	100.028969	100.032425	100.03756	100.037132	100.029198	100.034416	100.03817	100.036026	100.0401	100.023758	100.031532	100.038353	100.042381	100.041222	100.034889	100.036369	100.048065	100.046143	100.045563	100.040009	100.044678	100.052383	100.042381	100.03849	100.045097	100.05027	100.04834	100.051033	100.04541	100.049187	100.05307	100.049576	100.049652	100.049973	100.044312	100.044357	100.047173	100.05175	100.046516	100.045334	100.050232	100.049141	100.046562	100.045792	100.046715	100.046516
866	100.007317	100.002945	100.008629	100.001167	100.008179	100.006996	100.017807	100.017151	100.008186	100.016258	100.015877	100.025467	100.018883	100.021294	100.025917	100.027908	100.029968	100.037872	100.037422	100.028786	100.035225	100.038437	100.032654	100.038002	100.023628	100.029816	100.038597	100.045334	100.04306	100.031555	100.034904	100.05114	100.046608	100.045311	100.041809	100.046921	100.052689	100.041603	100.037613	100.049164	100.04985	100.048149	100.048805	100.046875	100.047913	100.050201	100.052193	100.0494	100.049362	100.043251	100.040627	100.047729	100.05101	100.044617	100.044563	100.048424	100.050148	100.045822	100.046494	100.04451	100.044785
867	100.006905	100.003967	100.004768	99.999352	100.00354	100.006798	100.014305	100.013962	100.009087	100.014351	100.013756	100.021317	100.018219	100.022934	100.025246	100.026405	100.030899	100.037277	100.036179	100.025894	100.03331	100.03688	100.032532	100.035797	100.027039	100.032127	100.038239	100.045525	100.041916	100.031075	100.035904	100.047287	100.048431	100.045288	100.041832	100.048424	100.052666	100.040115	100.037781	100.048973	100.052391	100.048386	100.048615	100.048065	100.051712	100.052628	100.051079	100.051178	100.045395	100.043503	100.042358	100.047409	100.05162	100.044678	100.044189	100.048004	100.049553	100.04982	100.047455	100.046417	100.046158
868	100.006447	100.005028	100.000763	99.997467	99.998749	100.006569	100.010681	100.010658	100.010002	100.012383	100.011551	100.017036	100.017509	100.024628	100.024544	100.024857	100.03183	100.036667	100.034889	100.022888	100.031303	100.035286	100.032387	100.033508	100.030563	100.034523	100.037857	100.045708	100.04071	100.030602	100.036919	100.04332	100.050316	100.045242	100.04184	100.049988	100.052643	100.038551	100.037956	100.048767	100.055	100.048622	100.048409	100.049278	100.055649	100.055138	100.049927	100.053001	100.041267	100.043762	100.044144	100.047073	100.052238	100.044739	100.043808	100.047577	100.04892	100.053932	100.048447	100.048378	100.047562
869	100.006012	100.006119	99.996635	99.995514	99.993805	100.00634	100.006935	100.007248	100.010956	100.010361	100.009277	100.012611	100.0168	100.026382	100.023827	100.023247	100.032822	100.036049	100.033569	100.019798	100.029251	100.03363	100.032272	100.031158	100.03421	100.037003	100.037491	100.045906	100.039482	100.030098	100.037994	100.03923	100.052284	100.045219	100.04187	100.05159	100.05262	100.036957	100.038132	100.048576	100.057724	100.048866	100.04821	100.050545	100.059715	100.057732	100.048744	100.054886	100.037041	100.044044	100.04599	100.046745	100.052872	100.044823	100.043419	100.047134	100.048279	100.058197	100.049469	100.050423	100.049034
870	100.006294	100.004211	99.996727	99.99588	99.996094	100.006577	100.006676	100.007233	100.011459	100.009857	100.01062	100.013336	100.0168	100.025986	100.025162	100.023666	100.033501	100.035561	100.033882	100.021515	100.030518	100.033882	100.033333	100.031639	100.033485	100.036491	100.036873	100.045502	100.041115	100.031158	100.038002	100.038567	100.052261	100.046181	100.043747	100.047997	100.052353	100.039352	100.03904	100.050591	100.057045	100.051453	100.050224	100.05275	100.059952	100.058655	100.050972	100.054977	100.039162	100.043915	100.049484	100.048721	100.053772	100.045135	100.045822	100.04966	100.050034	100.055901	100.050293	100.052658	100.052109
871	100.006737	100.001617	99.997726	99.996742	99.999962	100.006912	100.007118	100.007927	100.011871	100.009666	100.012764	100.015175	100.016953	100.025131	100.026955	100.024498	100.034157	100.03508	100.034538	100.024284	100.032509	100.034538	100.034668	100.032722	100.031815	100.035347	100.036179	100.044952	100.043396	100.032578	100.037804	100.038597	100.051819	100.047371	100.046066	100.043228	100.052032	100.042633	100.040123	100.053146	100.055634	100.054588	100.05275	100.055222	100.059402	100.05925	100.053993	100.054703	100.042679	100.043694	100.053391	100.051239	100.054756	100.045517	100.048866	100.052895	100.05233	100.052155	100.051102	100.055	100.055603
872	100.007202	99.998924	99.998734	99.99762	100.003944	100.007248	100.007584	100.008629	100.012291	100.009468	100.014961	100.017075	100.017105	100.024246	100.028801	100.025368	100.034821	100.034592	100.035217	100.027145	100.034561	100.035217	100.036049	100.033829	100.030098	100.034157	100.035477	100.044395	100.045738	100.034058	100.03759	100.038635	100.051369	100.048615	100.048462	100.038277	100.051704	100.046028	100.041245	100.055763	100.054192	100.057816	100.055374	100.057755	100.05883	100.059845	100.057091	100.05442	100.046303	100.043449	100.057434	100.053825	100.05574	100.045898	100.052002	100.056206	100.054703	100.048302	100.051926	100.057426	100.059196
873	100.006012	99.997772	99.999344	99.996429	100.004623	100.006714	100.008263	100.007713	100.011909	100.009132	100.015511	100.017212	100.016632	100.023331	100.027939	100.026573	100.032875	100.033501	100.03418	100.028549	100.032448	100.033211	100.036369	100.033058	100.029144	100.032959	100.034019	100.04213	100.044235	100.03421	100.036583	100.03598	100.047043	100.047432	100.047638	100.035652	100.049995	100.045097	100.041435	100.053528	100.052025	100.058113	100.056061	100.058189	100.056053	100.058273	100.055862	100.052879	100.047218	100.042557	100.057045	100.054375	100.05542	100.0466	100.051071	100.054504	100.054573	100.045441	100.051735	100.055931	100.058617
874	100.003311	99.997971	99.999573	99.99334	100.002274	100.005363	100.009117	100.005295	100.01075	100.008667	100.014534	100.015793	100.015556	100.022354	100.02462	100.028076	100.028542	100.031837	100.031555	100.028633	100.026527	100.028763	100.035728	100.03054	100.02887	100.031792	100.031891	100.0383	100.03923	100.033173	100.034859	100.030838	100.039162	100.04406	100.043892	100.035118	100.047012	100.04023	100.040749	100.046852	100.049194	100.055763	100.055	100.056671	100.051239	100.054695	100.050674	100.050186	100.045654	100.041046	100.052597	100.053047	100.053871	100.047562	100.04641	100.04821	100.05217	100.043488	100.050606	100.050858	100.054192
875	100.000534	99.998184	99.999809	99.99015	99.99984	100.003967	100.010002	100.002777	100.00956	100.008186	100.013527	100.01432	100.01445	100.021347	100.021194	100.029633	100.024071	100.030136	100.028847	100.028717	100.020409	100.024162	100.035072	100.027939	100.028595	100.030563	100.029694	100.034348	100.034073	100.032104	100.033066	100.025536	100.031044	100.040565	100.040039	100.034569	100.043938	100.035202	100.040039	100.039948	100.046288	100.053322	100.053917	100.055099	100.046265	100.05101	100.045326	100.047424	100.044037	100.039482	100.048019	100.051674	100.052261	100.048569	100.041603	100.041702	100.04966	100.041473	100.049446	100.045631	100.049637
876	99.998116	99.998116	99.999161	99.986633	99.99749	100.002441	100.01001	100.00061	100.008728	100.007248	100.012589	100.012497	100.013962	100.020279	100.018883	100.029495	100.01992	100.027908	100.025604	100.028206	100.015625	100.021004	100.033333	100.02565	100.028183	100.029144	100.028252	100.031517	100.029541	100.031105	100.031898	100.021698	100.02507	100.037613	100.036346	100.034019	100.041153	100.031364	100.039566	100.034821	100.043831	100.050781	100.052795	100.053383	100.04213	100.047897	100.040924	100.044037	100.042488	100.038696	100.044228	100.050804	100.050285	100.048538	100.037643	100.03743	100.047493	100.039825	100.047447	100.041214	100.045715
877	99.99707	99.99707	99.995598	99.982246	99.995552	100.000572	100.007118	99.999741	100.009109	100.004807	100.011887	100.009621	100.015556	100.019051	100.020424	100.023689	100.017166	100.024117	100.020767	100.025703	100.015602	100.022827	100.028099	100.024498	100.027321	100.027153	100.029419	100.032616	100.02742	100.030411	100.032875	100.023033	100.026703	100.036636	100.03344	100.033501	100.039459	100.03183	100.039886	100.035965	100.043068	100.048103	100.051666	100.051239	100.041092	100.046944	100.039986	100.038826	100.041199	100.04052	100.043335	100.051666	100.047211	100.045052	100.036797	100.040886	100.046524	100.03952	100.042809	100.039764	100.044212
878	99.995995	99.995995	99.99192	99.977737	99.993546	99.99865	100.004128	99.998833	100.009499	100.002304	100.011154	100.006676	100.017204	100.017784	100.022003	100.017723	100.014328	100.020218	100.015785	100.023117	100.015579	100.024712	100.022713	100.023308	100.026428	100.025108	100.030624	100.033737	100.025246	100.029694	100.033882	100.024399	100.028381	100.035622	100.030449	100.032959	100.03772	100.032295	100.040207	100.037132	100.042282	100.045326	100.050484	100.049034	100.040016	100.045952	100.039032	100.033463	100.039864	100.042404	100.042427	100.052559	100.044037	100.041473	100.035919	100.044456	100.04554	100.0392	100.038017	100.0383	100.042679
879	99.994888	99.994888	99.988136	99.973083	99.991486	99.996658	100.001053	99.997894	100.009903	99.999718	100.010406	100.003639	100.018898	100.016487	100.023636	100.011574	100.011398	100.016197	100.010658	100.020447	100.015549	100.026642	100.017151	100.022087	100.02552	100.022995	100.031868	100.034904	100.02301	100.028969	100.034904	100.02581	100.030113	100.034592	100.027374	100.032402	100.035927	100.032784	100.040558	100.038353	100.041489	100.042465	100.049271	100.046745	100.038895	100.044945	100.03804	100.027931	100.03849	100.044342	100.041496	100.053467	100.040756	100.037766	100.035027	100.048134	100.04451	100.038864	100.033096	100.036774	100.041092
880	99.999641	99.998634	99.990013	99.983345	99.994766	99.999138	100.005638	100.001945	100.012444	100.002693	100.01162	100.004372	100.01886	100.018738	100.021675	100.018517	100.016876	100.021683	100.01638	100.023437	100.021004	100.031868	100.022438	100.026558	100.028435	100.030807	100.032974	100.0373	100.027313	100.031677	100.038803	100.033249	100.036987	100.040855	100.033676	100.035797	100.039291	100.034988	100.040474	100.044289	100.045097	100.044106	100.053978	100.049355	100.040474	100.049355	100.044228	100.032112	100.038162	100.047157	100.046364	100.050827	100.045982	100.043419	100.042053	100.053474	100.045288	100.042488	100.03624	100.039291	100.046288
881	100.00489	100.002792	99.992294	99.99482	99.998451	100.001945	100.010826	100.006401	100.015167	100.006088	100.012985	100.005379	100.018715	100.021294	100.019409	100.026428	100.023041	100.027916	100.022926	100.026848	100.026939	100.037422	100.028526	100.031509	100.031647	100.039444	100.034119	100.039841	100.032127	100.034668	100.042976	100.041237	100.044373	100.047752	100.040749	100.03952	100.043068	100.037346	100.040352	100.050697	100.049103	100.046066	100.059166	100.052322	100.042252	100.054207	100.051048	100.037003	100.037888	100.050102	100.051712	100.047913	100.051865	100.049805	100.049767	100.059067	100.046181	100.046432	100.03997	100.04213	100.052048
882	100.010262	100.007042	99.994644	100.006615	100.002251	100.004837	100.016167	100.011002	100.017967	100.009583	100.014404	100.006416	100.01857	100.023911	100.017097	100.034584	100.029358	100.034309	100.029671	100.030373	100.033058	100.043144	100.034798	100.036583	100.03495	100.048325	100.035271	100.042435	100.037086	100.03775	100.047256	100.049469	100.051949	100.054848	100.048004	100.043358	100.046959	100.039795	100.040245	100.057281	100.0532	100.04808	100.064507	100.055382	100.044075	100.059212	100.058029	100.042023	100.037598	100.053131	100.05722	100.044891	100.057922	100.056389	100.057693	100.064812	100.047112	100.050507	100.043808	100.045036	100.057968
883	100.013733	100.01062	99.999039	100.010574	100.006165	100.006638	100.019745	100.013649	100.022446	100.014435	100.017807	100.010971	100.021637	100.028381	100.01963	100.039146	100.034943	100.039963	100.037468	100.035751	100.036964	100.043762	100.040314	100.039627	100.039688	100.05481	100.041183	100.04715	100.041069	100.042236	100.052345	100.055	100.054146	100.059746	100.052917	100.048599	100.052605	100.045052	100.043335	100.062111	100.057541	100.053062	100.07074	100.05928	100.0494	100.064743	100.061943	100.048492	100.043106	100.056389	100.060036	100.048676	100.06311	100.059143	100.061943	100.067688	100.050987	100.054108	100.049164	100.047455	100.062653
884	100.016151	100.013855	100.004639	100.010147	100.010155	100.007843	100.022385	100.015236	100.027931	100.020088	100.022385	100.017548	100.02655	100.033928	100.02494	100.041771	100.040161	100.045242	100.045944	100.042252	100.039696	100.041534	100.045464	100.041542	100.045242	100.060013	100.049866	100.053085	100.04454	100.047554	100.057922	100.05909	100.053299	100.063469	100.056541	100.054703	100.059334	100.051941	100.048233	100.06601	100.062088	100.059784	100.07756	100.063705	100.056778	100.070633	100.064156	100.055862	100.051941	100.059769	100.061394	100.056328	100.067856	100.059769	100.064156	100.069	100.056549	100.057472	100.055405	100.049614	100.066696
885	100.018646	100.017166	100.010368	100.009712	100.014282	100.009087	100.025108	100.016853	100.033554	100.025894	100.0271	100.024323	100.031593	100.039635	100.030373	100.044456	100.045525	100.050674	100.054634	100.048912	100.042488	100.039246	100.050774	100.04351	100.050964	100.065353	100.058762	100.059189	100.048111	100.053009	100.063667	100.063278	100.052452	100.067291	100.060272	100.060966	100.066208	100.059006	100.053284	100.07	100.066742	100.066673	100.084541	100.068237	100.064346	100.076675	100.066422	100.063416	100.060997	100.063263	100.062767	100.064171	100.072731	100.060417	100.066422	100.070343	100.062271	100.060928	100.061821	100.051834	100.070847
886	100.018272	100.018402	100.012436	100.007889	100.015785	100.009132	100.02552	100.016991	100.034607	100.027084	100.030533	100.027481	100.034546	100.041809	100.03421	100.044487	100.046715	100.052902	100.057327	100.052055	100.043823	100.037552	100.05368	100.043022	100.052559	100.066254	100.062767	100.061752	100.049118	100.055222	100.06443	100.064087	100.051201	100.066742	100.061691	100.062119	100.068321	100.061974	100.054405	100.070251	100.068031	100.068687	100.087044	100.068893	100.068367	100.078773	100.065102	100.067886	100.064529	100.063965	100.062027	100.068832	100.074402	100.058922	100.066231	100.068832	100.064491	100.062469	100.064911	100.053284	100.071098
887	100.012527	100.015724	100.007484	100.003471	100.012337	100.006912	100.021622	100.014282	100.027046	100.019562	100.031494	100.023743	100.033531	100.037239	100.03495	100.039528	100.040031	100.049065	100.048592	100.048508	100.042343	100.037018	100.052032	100.037895	100.046387	100.058807	100.057457	100.057602	100.045242	100.05127	100.055786	100.058495	100.049232	100.057999	100.058701	100.053581	100.061333	100.057091	100.048111	100.063446	100.062927	100.061417	100.081024	100.062202	100.065613	100.073372	100.057053	100.066437	100.05748	100.059402	100.057289	100.067398	100.069962	100.053421	100.061401	100.062012	100.060081	100.060356	100.061668	100.053253	100.064018
888	100.006638	100.01297	100.002411	99.998924	100.008812	100.004646	100.017616	100.011513	100.019279	100.011841	100.032509	100.01992	100.032494	100.03257	100.035706	100.034439	100.033173	100.045135	100.039627	100.044861	100.04084	100.036469	100.050354	100.032631	100.040039	100.051163	100.05201	100.053337	100.041245	100.047218	100.046921	100.052773	100.047234	100.049004	100.055626	100.044838	100.054153	100.052086	100.041649	100.056458	100.057709	100.05394	100.07486	100.055336	100.06279	100.067856	100.04879	100.064941	100.050262	100.054726	100.052429	100.065926	100.065422	100.047768	100.056458	100.054993	100.05555	100.058197	100.058342	100.053215	100.056732
889	100.000893	100.010109	99.997589	99.994148	100.005424	100.00248	100.013588	100.00882	100.01165	100.004219	100.033173	100.016006	100.031189	100.027588	100.03598	100.029579	100.026367	100.041077	100.030861	100.041031	100.039124	100.035683	100.048279	100.027489	100.033508	100.043472	100.046631	100.04892	100.037361	100.043037	100.038269	100.046982	100.045029	100.040283	100.052277	100.036491	100.047112	100.047134	100.035606	100.049484	100.052711	100.046753	100.068626	100.048958	100.059959	100.062332	100.041031	100.063095	100.043571	100.049995	100.047874	100.064346	100.060738	100.042259	100.051651	100.048195	100.051239	100.055992	100.054947	100.05304	100.049469
890	99.999542	100.006462	99.998482	99.987236	100.005493	100.002823	100.010597	100.008347	100.009087	100.001099	100.028313	100.012276	100.025986	100.01992	100.028564	100.030136	100.022934	100.036636	100.028397	100.03582	100.03495	100.031616	100.040901	100.026192	100.02607	100.037834	100.044228	100.043655	100.036346	100.0383	100.036064	100.042305	100.040627	100.038864	100.04554	100.037445	100.044563	100.045052	100.038063	100.045441	100.053116	100.046326	100.063477	100.052353	100.058197	100.059235	100.043716	100.056366	100.047348	100.046432	100.049744	100.061882	100.055634	100.040855	100.050842	100.04734	100.051788	100.053871	100.05175	100.05072	100.045288
891	99.998161	100.002693	99.999374	99.980141	100.005577	100.003174	100.007523	100.007843	100.006439	99.997894	100.023315	100.008453	100.02066	100.012039	100.020966	100.030708	100.019409	100.032066	100.025871	100.030472	100.03067	100.027443	100.03331	100.024864	100.018433	100.032059	100.041756	100.038269	100.035324	100.033447	100.033783	100.037506	100.03611	100.037399	100.038635	100.038422	100.041939	100.0429	100.040588	100.04129	100.053551	100.045883	100.058189	100.055847	100.056389	100.056053	100.046471	100.049446	100.051224	100.042763	100.051651	100.059357	100.050415	100.039421	100.049995	100.046455	100.052345	100.051689	100.048462	100.04834	100.040985
892	99.996735	99.998848	100.000313	99.972855	100.005653	100.003525	100.004349	100.007332	100.003731	99.994591	100.018188	100.004517	100.015175	100.003944	100.013145	100.031296	100.015785	100.027359	100.02327	100.024971	100.02626	100.023148	100.025513	100.023499	100.010574	100.026093	100.039223	100.032715	100.034248	100.028458	100.031448	100.03257	100.031471	100.035881	100.031532	100.039436	100.039253	100.040688	100.043175	100.037041	100.053978	100.045433	100.052765	100.059425	100.054504	100.052788	100.049316	100.042328	100.055222	100.038979	100.053619	100.056747	100.045029	100.037941	100.049141	100.04554	100.052933	100.049461	100.045082	100.045898	100.036575
893	99.997826	99.998169	100.00322	99.975739	100.007439	100.006462	100.004997	100.007652	100.005447	99.998039	100.019386	100.00634	100.01651	100.007698	100.015129	100.031151	100.020477	100.03035	100.027802	100.025177	100.027107	100.026665	100.027	100.026726	100.01545	100.029884	100.03611	100.035072	100.034485	100.026741	100.033188	100.034203	100.031212	100.038124	100.034477	100.03997	100.03904	100.040367	100.045349	100.039017	100.054657	100.046303	100.054756	100.059196	100.056503	100.055275	100.050011	100.040146	100.054672	100.039375	100.054909	100.055038	100.046577	100.037636	100.051292	100.046303	100.053253	100.050423	100.04612	100.046417	100.040077
894	99.999718	99.998459	100.006798	99.981812	100.009796	100.010239	100.006828	100.008247	100.008583	100.003624	100.022545	100.009964	100.019958	100.015198	100.020149	100.030792	100.027824	100.035751	100.034607	100.02713	100.029579	100.032654	100.031403	100.031433	100.02433	100.036713	100.032768	100.039886	100.035141	100.026001	100.036224	100.037895	100.032295	100.041557	100.040581	100.040367	100.039589	100.040611	100.047432	100.042931	100.055435	100.0476	100.059044	100.057793	100.0597	100.059578	100.050079	100.039436	100.052711	100.041054	100.056007	100.053558	100.05027	100.037682	100.05442	100.0476	100.053528	100.052429	100.048531	100.04789	100.046097
895	100.001656	99.998764	100.010468	99.988068	100.012207	100.01413	100.008713	100.008858	100.011787	100.009369	100.025787	100.013687	100.023483	100.022888	100.025322	100.030396	100.035385	100.041306	100.041618	100.029137	100.032104	100.038826	100.035919	100.036278	100.033463	100.043762	100.029327	100.044846	100.035797	100.025215	100.039352	100.041687	100.033401	100.045074	100.046852	100.040779	100.040161	100.040863	100.049576	100.046959	100.056229	100.048935	100.063477	100.056335	100.062988	100.064018	100.05014	100.038681	100.050697	100.042786	100.057137	100.052048	100.0541	100.037727	100.05764	100.048935	100.053802	100.054482	100.051025	100.049385	100.052299
896	100.004387	99.997398	100.008682	99.991631	100.010391	100.016449	100.008904	100.010109	100.012695	100.012497	100.025383	100.014961	100.024017	100.025093	100.026978	100.029778	100.036308	100.04287	100.042282	100.029373	100.03344	100.041176	100.037292	100.037125	100.037834	100.044846	100.026978	100.045647	100.03241	100.025536	100.040398	100.042084	100.033272	100.044945	100.050591	100.041832	100.04097	100.042305	100.048828	100.05101	100.054871	100.048462	100.062271	100.055542	100.063431	100.064896	100.049164	100.0392	100.048302	100.044861	100.053581	100.04985	100.054184	100.038406	100.057518	100.047829	100.051674	100.053474	100.050613	100.04995	100.054993
897	100.007965	99.994179	100.000748	99.99218	100.003838	100.017021	100.007187	100.012085	100.01104	100.012657	100.020897	100.013496	100.021172	100.021088	100.024673	100.028862	100.029778	100.039963	100.035835	100.027618	100.033401	100.039246	100.035141	100.033463	100.036873	100.039291	100.025856	100.041786	100.024498	100.027069	100.039139	100.038658	100.031731	100.040726	100.051476	100.043594	100.042053	100.045097	100.044838	100.055084	100.05114	100.045967	100.054802	100.055489	100.060638	100.061798	100.047005	100.041092	100.045464	100.047348	100.044785	100.046875	100.050095	100.039803	100.053642	100.043991	100.046883	100.049042	100.046982	100.0495	100.053764
898	100.01165	99.99086	99.992607	99.992737	99.997101	100.017609	100.005409	100.014137	100.009323	100.012848	100.016258	100.011978	100.01825	100.01696	100.022301	100.027908	100.023079	100.036964	100.029221	100.025795	100.033379	100.037254	100.032928	100.029686	100.035881	100.033569	100.024704	100.037788	100.016357	100.028648	100.037827	100.035133	100.030151	100.036385	100.052391	100.045418	100.043167	100.047943	100.040726	100.059296	100.047279	100.043396	100.047089	100.055443	100.05777	100.058601	100.0448	100.043037	100.042557	100.049904	100.035767	100.0438	100.045883	100.041222	100.04966	100.040031	100.041962	100.044479	100.043236	100.049019	100.052498
899	100.013947	99.988747	99.986061	99.99369	99.992126	100.017181	100.004105	100.015732	100.007591	100.013008	100.012672	100.011192	100.01577	100.013771	100.020409	100.026978	100.018517	100.03389	100.024246	100.024376	100.032715	100.035454	100.032059	100.027618	100.034561	100.029251	100.024139	100.034225	100.011276	100.030312	100.036659	100.031982	100.028587	100.032845	100.052559	100.046196	100.04425	100.049088	100.037621	100.061272	100.044456	100.041283	100.041054	100.054802	100.054695	100.05616	100.043358	100.044319	100.040688	100.051071	100.029053	100.04126	100.042427	100.042427	100.04612	100.037971	100.038719	100.040855	100.040482	100.048431	100.050568
900	100.009941	99.992088	99.987076	99.996223	99.995338	100.012352	100.004852	100.015274	100.005959	100.013016	100.013908	100.013641	100.015472	100.014839	100.020706	100.026154	100.023674	100.030724	100.026878	100.024734	100.029335	100.034569	100.037071	100.033096	100.031898	100.031433	100.026253	100.032791	100.020004	100.032166	100.036148	100.030708	100.027252	100.03315	100.049484	100.04232	100.045082	100.042641	100.039223	100.053429	100.046333	100.041367	100.042892	100.051582	100.050949	100.057175	100.04541	100.042519	100.043571	100.046036	100.03315	100.041161	100.042519	100.042519	100.044868	100.044289	100.043144	100.041641	100.042305	100.047394	100.045883
901	100.005829	99.995529	99.988129	99.99884	99.998642	100.007393	100.005653	100.014793	100.00428	100.013039	100.015198	100.016167	100.01519	100.015976	100.021027	100.025307	100.029015	100.027443	100.029602	100.025116	100.025879	100.033676	100.042252	100.038757	100.029205	100.033691	100.028435	100.031349	100.029015	100.034073	100.035629	100.029396	100.025894	100.033478	100.046326	100.038338	100.045944	100.036011	100.040878	100.045349	100.048279	100.041458	100.044785	100.048279	100.047096	100.058212	100.047508	100.040688	100.046539	100.040878	100.037399	100.041077	100.042641	100.042641	100.04361	100.050827	100.047707	100.04245	100.044205	100.046333	100.041077
902	100.001587	99.999062	99.989204	100.001526	100.002052	100.002266	100.006447	100.014305	100.002548	100.013054	100.016495	100.018753	100.014862	100.01712	100.021339	100.024429	100.034508	100.024078	100.032387	100.025497	100.022301	100.032745	100.047592	100.044563	100.02639	100.035988	100.030647	100.029823	100.0383	100.036026	100.035095	100.028038	100.024483	100.033806	100.04306	100.034241	100.046829	100.02916	100.04258	100.037018	100.050285	100.041557	100.04673	100.044861	100.043129	100.059273	100.049675	100.038765	100.049591	100.035538	100.041733	100.040985	100.04274	100.04274	100.042282	100.057541	100.052406	100.043259	100.046135	100.045242	100.036095
903	100.001038	100.002548	99.998611	100.001297	100.006378	100.002632	100.006447	100.016594	100.006714	100.01638	100.01619	100.01693	100.012222	100.020096	100.02729	100.031303	100.033844	100.023064	100.033424	100.026215	100.022423	100.030449	100.044266	100.038109	100.027145	100.039017	100.031296	100.032898	100.041214	100.036873	100.038658	100.031921	100.025986	100.036606	100.039337	100.037613	100.046051	100.033356	100.042488	100.037697	100.050652	100.045441	100.049698	100.041473	100.045479	100.058685	100.050377	100.03978	100.047234	100.036491	100.042725	100.043846	100.046478	100.043488	100.044716	100.054504	100.050735	100.044426	100.048599	100.042747	100.039253
904	100.000854	100.006119	100.009193	100.000778	100.010941	100.003601	100.006355	100.019264	100.011658	100.020157	100.015686	100.014587	100.009247	100.023392	100.034019	100.039207	100.032494	100.022316	100.034294	100.026978	100.022957	100.027931	100.039909	100.030121	100.028297	100.042221	100.031754	100.03656	100.043503	100.037621	100.04277	100.036499	100.02787	100.03978	100.035492	100.041901	100.045074	100.038887	100.042213	100.039383	100.050865	100.04985	100.052872	100.038025	100.048592	100.057899	100.050964	100.04113	100.044228	100.03817	100.043365	100.047096	100.050713	100.044334	100.047615	100.050308	100.048355	100.045654	100.051201	100.040054	100.043381
905	100.000694	100.009796	100.020096	100.000214	100.01564	100.004601	100.006271	100.022003	100.016739	100.024071	100.015175	100.012169	100.006187	100.026764	100.040985	100.047363	100.031113	100.021515	100.035217	100.027779	100.023499	100.025345	100.035431	100.021912	100.02948	100.045517	100.032249	100.040344	100.045868	100.038376	100.047012	100.041214	100.029816	100.043037	100.031494	100.046326	100.044075	100.044586	100.041916	100.04113	100.051071	100.054398	100.056122	100.034454	100.051788	100.057091	100.051559	100.042511	100.041138	100.039886	100.044037	100.050484	100.055084	100.045219	100.050629	100.04599	100.045868	100.046936	100.053871	100.037277	100.047638
906	100.006912	100.008011	100.021004	100.000832	100.018227	100.004684	100.009155	100.024498	100.019966	100.024986	100.016068	100.016441	100.008728	100.027992	100.042427	100.05114	100.032059	100.023911	100.039696	100.029648	100.024757	100.029198	100.035904	100.023773	100.0326	100.046883	100.034416	100.043396	100.045929	100.043915	100.049362	100.043228	100.035263	100.045311	100.033081	100.049683	100.048721	100.0476	100.044334	100.046242	100.053894	100.056335	100.056877	100.037064	100.054848	100.055779	100.053345	100.047615	100.044342	100.045219	100.046387	100.052284	100.055779	100.047874	100.053345	100.047218	100.047012	100.047997	100.053764	100.037125	100.050949
907	100.017342	100.002686	100.015495	100.00222	100.019493	100.004173	100.013969	100.026825	100.022034	100.024017	100.017868	100.02507	100.014893	100.027847	100.040367	100.052132	100.0345	100.028374	100.046555	100.032257	100.026527	100.037239	100.039589	100.032127	100.037018	100.047028	100.037682	100.046013	100.04451	100.052582	100.050522	100.04351	100.043015	100.046989	100.038277	100.052406	100.057076	100.04892	100.048531	100.053581	100.058449	100.056625	100.056015	100.043678	100.057854	100.054123	100.055931	100.055168	100.051666	100.052933	100.049828	100.053093	100.054123	100.05175	100.055931	100.052032	100.050476	100.048935	100.05188	100.038681	100.053696
908	100.028107	99.997192	100.009796	100.003639	100.02079	100.003647	100.018944	100.029228	100.024162	100.023018	100.019745	100.033974	100.021255	100.027695	100.038239	100.053154	100.037025	100.032974	100.053619	100.03495	100.02832	100.045547	100.043381	100.040749	100.041557	100.047195	100.041046	100.048721	100.043045	100.061539	100.051727	100.043808	100.051025	100.048737	100.043633	100.055222	100.065697	100.050293	100.052872	100.061157	100.063133	100.056931	100.055138	100.050507	100.060944	100.052406	100.058601	100.062981	100.059212	100.060905	100.053391	100.05394	100.052406	100.055733	100.058601	100.057014	100.054047	100.049904	100.049934	100.040283	100.056519
909	100.033844	99.995071	100.005615	100.004028	100.021935	100.006317	100.021652	100.02977	100.024948	100.02198	100.022141	100.039551	100.023674	100.027336	100.038788	100.053551	100.040306	100.037193	100.057564	100.038864	100.030182	100.051788	100.046417	100.047363	100.04557	100.048485	100.04319	100.050507	100.043404	100.067154	100.05162	100.045326	100.055984	100.049797	100.048683	100.056038	100.070297	100.050308	100.056328	100.065628	100.066971	100.055763	100.054337	100.056686	100.062119	100.052322	100.062302	100.066055	100.063644	100.064888	100.056267	100.055084	100.051178	100.059715	100.059212	100.06015	100.057602	100.050842	100.048126	100.042953	100.058105
910	100.028885	100.000092	100.004669	100.002243	100.022682	100.015617	100.019547	100.02636	100.022903	100.020912	100.025558	100.037933	100.017715	100.02655	100.04493	100.052574	100.045036	100.040451	100.05481	100.045204	100.032104	100.053429	100.047791	100.049553	100.048355	100.052132	100.042656	100.050308	100.047577	100.065575	100.048782	100.049316	100.054443	100.049362	100.05294	100.052658	100.06633	100.047432	100.057854	100.063416	100.068871	100.051567	100.053787	100.061272	100.05925	100.055611	100.068008	100.059166	100.061401	100.060417	100.057579	100.056793	100.050972	100.063538	100.055466	100.05928	100.060974	100.051674	100.046661	100.047729	100.056992
911	100.023743	100.005295	100.003708	100.00042	100.023483	100.025223	100.01738	100.02285	100.02079	100.019798	100.029099	100.036278	100.011574	100.025734	100.051285	100.051567	100.049934	100.043823	100.051987	100.051773	100.034081	100.055145	100.049194	100.051834	100.051239	100.055901	100.042114	100.050102	100.051895	100.063957	100.045845	100.053467	100.052849	100.048935	100.05735	100.049164	100.062241	100.044487	100.059441	100.061142	100.070847	100.047234	100.05323	100.066032	100.056282	100.059021	100.073914	100.052048	100.05909	100.055801	100.05896	100.058571	100.050781	100.067497	100.051605	100.058403	100.064484	100.052521	100.045143	100.052666	100.055862
912	100.018585	100.010315	100.002815	99.998627	100.024261	100.034264	100.015213	100.019539	100.018837	100.018631	100.03257	100.034607	100.005844	100.024818	100.057068	100.050484	100.054741	100.04705	100.049019	100.057877	100.036034	100.056305	100.050461	100.053848	100.053848	100.059464	100.041649	100.049736	100.055763	100.062347	100.042854	100.057495	100.051117	100.048531	100.061394	100.045647	100.058243	100.041618	100.060966	100.058731	100.072388	100.043144	100.052849	100.070534	100.053467	100.062431	100.079346	100.045181	100.056541	100.051346	100.060013	100.060318	100.050735	100.071251	100.047775	100.057449	100.067726	100.053474	100.043854	100.057114	100.05468
913	100.015877	100.008774	100.003944	99.999039	100.024223	100.026237	100.014374	100.022446	100.021294	100.017014	100.032463	100.033905	100.012169	100.022217	100.047699	100.048317	100.054565	100.045685	100.045326	100.05088	100.035988	100.045631	100.047852	100.049576	100.049576	100.056801	100.043198	100.046478	100.048317	100.061867	100.040558	100.056931	100.04789	100.048897	100.055527	100.043594	100.058998	100.042297	100.060692	100.055191	100.064552	100.046646	100.056503	100.067398	100.055649	100.063683	100.07206	100.04808	100.050606	100.05262	100.054131	100.06089	100.053719	100.068787	100.047066	100.056038	100.063683	100.055862	100.048019	100.048828	100.053444
914	100.013092	100.007164	100.005104	99.999466	100.024185	100.017944	100.013527	100.025436	100.023827	100.01532	100.032341	100.03315	100.018707	100.019539	100.038017	100.046066	100.054382	100.044266	100.041496	100.043655	100.035927	100.034622	100.045158	100.045158	100.045158	100.054024	100.044785	100.043106	100.040604	100.061371	100.03817	100.056351	100.04454	100.049278	100.049469	100.041489	100.059761	100.043015	100.060394	100.051521	100.056473	100.050262	100.060287	100.064156	100.057877	100.064957	100.064529	100.051056	100.044456	100.053932	100.048042	100.061462	100.056793	100.066223	100.04631	100.054565	100.059494	100.058319	100.052307	100.040245	100.052139
915	100.010208	100.005508	100.006294	99.999893	100.024155	100.009361	100.01265	100.028526	100.026443	100.01358	100.032219	100.032379	100.025452	100.016762	100.028	100.043724	100.054192	100.042786	100.037529	100.036171	100.035858	100.023209	100.042366	100.040588	100.040588	100.051163	100.046432	100.039612	100.032631	100.060867	100.035713	100.055756	100.041069	100.04966	100.043198	100.039307	100.060547	100.043739	100.060066	100.047729	100.048088	100.053993	100.064194	100.060799	100.060188	100.066269	100.056747	100.054146	100.038101	100.05529	100.041748	100.062057	100.059975	100.06356	100.045547	100.053047	100.055168	100.060867	100.056747	100.031387	100.050804
916	100.00824	99.999985	100.007523	99.999306	100.018906	100.008621	100.010513	100.02549	100.018929	100.01178	100.027405	100.030006	100.022041	100.014221	100.021255	100.04129	100.046524	100.042107	100.034973	100.033257	100.027481	100.02298	100.038933	100.036369	100.035683	100.045586	100.042046	100.03598	100.033546	100.058731	100.032104	100.051811	100.038322	100.041557	100.040146	100.041351	100.054405	100.040138	100.056435	100.045349	100.045464	100.052109	100.062653	100.060585	100.06012	100.062057	100.051414	100.052452	100.037743	100.053879	100.037468	100.059174	100.057518	100.059219	100.043854	100.051094	100.051186	100.058952	100.0504	100.030853	100.048874
917	100.006546	99.993111	100.008812	99.998383	100.011887	100.010368	100.007942	100.020393	100.007996	100.009903	100.020981	100.027061	100.015305	100.011703	100.015411	100.038765	100.036285	100.041664	100.032806	100.031754	100.016228	100.026367	100.035225	100.032166	100.03054	100.038994	100.035645	100.032219	100.037315	100.05603	100.028053	100.046707	100.035751	100.03054	100.038063	100.0448	100.045898	100.035057	100.051628	100.043343	100.044617	100.048386	100.059334	100.061356	100.05928	100.055984	100.046768	100.049194	100.039276	100.051567	100.033722	100.055107	100.0532	100.054237	100.041832	100.048958	100.047234	100.055573	100.040451	100.032974	100.046707
918	100.004791	99.985977	100.010124	99.997414	100.004616	100.012169	100.005272	100.015137	99.996704	100.007973	100.014328	100.02401	100.008324	100.009109	100.009369	100.036156	100.025688	100.041199	100.030556	100.030197	100.004601	100.029839	100.031387	100.027802	100.025215	100.032188	100.029007	100.02832	100.041214	100.053238	100.023857	100.041428	100.033081	100.019142	100.035919	100.048355	100.037094	100.029816	100.046661	100.041267	100.043724	100.04454	100.055901	100.062164	100.058411	100.049683	100.041946	100.045822	100.040878	100.049171	100.029846	100.050903	100.048737	100.049088	100.039742	100.046753	100.043121	100.052071	100.030159	100.035156	100.044456
919	100.004128	99.983337	100.009064	99.99366	100.000084	100.008629	100.002274	100.011765	99.990997	100.005737	100.011467	100.020279	100.005814	100.004562	100.006569	100.033554	100.018524	100.036331	100.02626	100.026955	100.00235	100.029396	100.02948	100.026169	100.020279	100.027206	100.026741	100.02774	100.040398	100.047455	100.021812	100.03756	100.030556	100.016449	100.033661	100.048103	100.032829	100.026688	100.04187	100.038315	100.041321	100.042725	100.053261	100.059639	100.05751	100.045357	100.038338	100.044739	100.040794	100.046097	100.027573	100.046432	100.044891	100.042938	100.038948	100.043533	100.039207	100.049248	100.025032	100.033501	100.043152
920	100.004684	99.985718	100.005341	99.986786	99.998642	99.999115	99.99894	100.010529	99.99157	100.003181	100.012886	100.015793	100.008347	99.997879	100.007416	100.030983	100.015221	100.026573	100.019707	100.021851	100.010612	100.02459	100.029739	100.027573	100.015793	100.024284	100.029373	100.030876	100.034317	100.038376	100.022186	100.035309	100.028183	100.023506	100.031349	100.04361	100.033615	100.025925	100.037262	100.034378	100.037193	100.043213	100.051514	100.053421	100.056541	100.043236	100.036095	100.046227	100.038826	100.042305	100.027084	100.041664	100.041794	100.035706	100.039612	100.039207	100.035538	100.047195	100.025703	100.02755	100.042931
921	100.005249	99.988182	100.001511	99.979683	99.997147	99.989281	99.995491	100.009224	99.992165	100.000534	100.014343	100.011169	100.010941	99.990967	100.008286	100.028336	100.011803	100.016464	100.012924	100.016579	100.019142	100.019608	100.030014	100.029037	100.011169	100.021278	100.032089	100.034119	100.028038	100.028969	100.022568	100.032974	100.025726	100.030792	100.028946	100.038956	100.034454	100.025154	100.032509	100.030304	100.032928	100.043716	100.049698	100.046967	100.055565	100.041031	100.033783	100.047768	100.036797	100.038361	100.026573	100.036728	100.038589	100.028214	100.040291	100.034729	100.031723	100.045059	100.02639	100.0214	100.042686
922	100.007179	99.99144	99.999176	99.977127	99.996773	99.984406	99.994919	100.010506	99.994568	100.00061	100.015732	100.010345	100.014496	99.988823	100.010658	100.026596	100.010971	100.011208	100.009682	100.015472	100.028137	100.017616	100.032234	100.031815	100.008759	100.020447	100.035217	100.038277	100.023521	100.023521	100.025558	100.032997	100.026283	100.037872	100.028336	100.037041	100.036942	100.02655	100.029823	100.029251	100.029884	100.044945	100.049507	100.042953	100.055252	100.041306	100.033615	100.049606	100.03643	100.036476	100.028336	100.034081	100.037766	100.024796	100.042068	100.032188	100.030075	100.045502	100.02916	100.01844	100.043312
923	100.014412	99.997643	100.003227	99.99353	100.001038	100.000427	100.006279	100.022125	100.004135	100.01181	100.016769	100.025269	100.021614	100.006424	100.018982	100.028839	100.020813	100.026413	100.021294	100.031509	100.038025	100.028099	100.042198	100.039742	100.015785	100.028679	100.039627	100.045815	100.026726	100.034859	100.038971	100.042725	100.039207	100.043358	100.035179	100.046585	100.045967	100.036659	100.035942	100.040695	100.032173	100.049034	100.055946	100.049278	100.057724	100.051674	100.042328	100.052498	100.042915	100.043213	100.039253	100.041023	100.046814	100.03846	100.048134	100.037811	100.037468	100.056458	100.040077	100.028931	100.047363
924	100.021912	100.004074	100.007439	100.01049	100.005463	100.016991	100.018036	100.034164	100.014046	100.023399	100.017845	100.040726	100.028976	100.024651	100.027588	100.031151	100.031021	100.042137	100.033318	100.048103	100.048271	100.038948	100.052513	100.047943	100.023041	100.037209	100.044205	100.053596	100.030045	100.0466	100.052856	100.052795	100.052559	100.049034	100.042274	100.056458	100.055328	100.04715	100.042259	100.052536	100.034546	100.053253	100.062622	100.05584	100.060287	100.062416	100.051353	100.055489	100.049614	100.050186	100.050545	100.04821	100.056168	100.052582	100.054405	100.043663	100.045105	100.067795	100.051407	100.039795	100.051544
925	100.029686	100.010742	100.011787	100.028061	100.010025	100.034157	100.030205	100.046623	100.024307	100.035416	100.018944	100.056732	100.036606	100.043533	100.036514	100.033554	100.04158	100.058449	100.045761	100.065292	100.058876	100.050179	100.063202	100.056435	100.030563	100.046036	100.04895	100.061668	100.033485	100.058762	100.067245	100.063217	100.066414	100.054916	100.049614	100.066689	100.064995	100.057983	100.048805	100.064789	100.037003	100.057625	100.069534	100.06263	100.062943	100.073532	100.060692	100.058594	100.056549	100.057396	100.062248	100.055656	100.065865	100.067207	100.060913	100.049698	100.053024	100.079536	100.063118	100.051033	100.055901
926	100.026321	100.008202	100.009834	100.02594	100.009064	100.028625	100.033905	100.041939	100.01931	100.029251	100.024323	100.054482	100.032867	100.042023	100.040802	100.035797	100.04287	100.055992	100.045761	100.056076	100.053009	100.047684	100.060638	100.052849	100.035393	100.042297	100.045685	100.057892	100.036552	100.063683	100.064789	100.061882	100.06118	100.054077	100.04879	100.060181	100.067604	100.054108	100.044693	100.067116	100.045525	100.060188	100.073006	100.06398	100.062981	100.068962	100.054512	100.060318	100.058571	100.05349	100.061737	100.058426	100.058067	100.06926	100.061462	100.053009	100.049828	100.078842	100.056412	100.056015	100.053215
927	100.021896	100.004814	100.007294	100.022064	100.007607	100.020966	100.037018	100.035622	100.01284	100.021339	100.030258	100.050591	100.028023	100.038719	100.044868	100.038124	100.043404	100.051865	100.044724	100.044289	100.045547	100.043953	100.056877	100.048111	100.040176	100.037361	100.041626	100.052963	100.039711	100.068176	100.060829	100.059509	100.054131	100.052643	100.047256	100.052025	100.069717	100.048851	100.03952	100.068665	100.054871	100.062706	100.076309	100.064911	100.062813	100.062881	100.046814	100.062012	100.060226	100.048485	100.060188	100.060905	100.048508	100.070297	100.061546	100.056221	100.045586	100.077057	100.04792	100.060631	100.04985
928	100.017311	100.001274	100.004639	100.018021	100.006081	100.013008	100.04023	100.02906	100.006126	100.013115	100.036407	100.046555	100.022995	100.035286	100.04908	100.040527	100.043961	100.047562	100.043633	100.032043	100.037781	100.040054	100.052956	100.04319	100.04512	100.032234	100.037422	100.047852	100.042984	100.072838	100.056694	100.057014	100.046829	100.05114	100.045654	100.043556	100.071892	100.043381	100.034157	100.070259	100.064575	100.0653	100.079727	100.065887	100.06263	100.05658	100.038788	100.063766	100.061943	100.043282	100.058556	100.063469	100.038567	100.071381	100.061623	100.059532	100.041176	100.075195	100.039085	100.065422	100.046349
929	100.014755	100.003685	100.004105	100.014221	100.007454	100.008415	100.040146	100.027252	100.008705	100.01284	100.032379	100.039459	100.024239	100.031754	100.04966	100.038849	100.045525	100.042786	100.044586	100.032784	100.035095	100.039551	100.0541	100.039963	100.043167	100.030792	100.036392	100.047211	100.043694	100.072815	100.054695	100.056374	100.04184	100.050949	100.044807	100.040863	100.073715	100.042175	100.031731	100.064301	100.067398	100.066628	100.080276	100.064972	100.061432	100.058189	100.03804	100.06366	100.061249	100.044754	100.057312	100.06237	100.036575	100.067818	100.061592	100.06012	100.039581	100.073746	100.036201	100.065353	100.044617
930	100.013336	100.009583	100.004784	100.010468	100.010513	100.005699	100.038132	100.028145	100.016762	100.017212	100.022339	100.030449	100.029144	100.028107	100.048157	100.034782	100.047722	100.037643	100.046768	100.041092	100.035309	100.041031	100.05822	100.037659	100.037155	100.031494	100.037216	100.049141	100.042931	100.070099	100.053894	100.05677	100.038124	100.051521	100.044357	100.041496	100.075378	100.043419	100.030991	100.05381	100.066292	100.067261	100.07917	100.062943	100.059616	100.064445	100.041534	100.062477	100.059128	100.050125	100.056282	100.059113	100.039146	100.061478	100.061539	100.059143	100.039589	100.072495	100.036728	100.062469	100.043884
931	100.011864	100.01577	100.00547	100.006531	100.013733	100.002846	100.036034	100.029083	100.025192	100.021767	100.011826	100.021019	100.034271	100.024284	100.046585	100.030518	100.050011	100.032249	100.049019	100.049782	100.035515	100.042572	100.062538	100.035248	100.030853	100.032211	100.038078	100.051163	100.042114	100.06723	100.05304	100.057175	100.034241	100.052109	100.043884	100.042152	100.077118	100.044701	100.03022	100.042831	100.06514	100.067917	100.078011	100.060822	100.057693	100.070992	100.045158	100.061226	100.056908	100.05574	100.055183	100.055717	100.041817	100.05484	100.061455	100.058105	100.039604	100.071182	100.037262	100.059425	100.043091
932	100.011002	100.018311	100.005768	100.004898	100.017914	100.001442	100.034904	100.031136	100.029663	100.02478	100.004662	100.016594	100.038361	100.022911	100.044441	100.029709	100.049767	100.029121	100.049889	100.052856	100.03952	100.041428	100.062981	100.034477	100.027916	100.035393	100.041054	100.052467	100.042252	100.065353	100.049065	100.057808	100.035179	100.054039	100.044823	100.0429	100.078033	100.044098	100.028084	100.03624	100.062218	100.065758	100.074532	100.061501	100.056015	100.072876	100.051414	100.059891	100.055336	100.059021	100.055138	100.053467	100.044479	100.048653	100.060226	100.057808	100.040924	100.068771	100.036537	100.057236	100.044037
933	100.011314	100.01413	100.005318	100.007568	100.023773	100.002739	100.035568	100.035164	100.026726	100.024857	100.00386	100.021454	100.04039	100.026085	100.041306	100.035248	100.044884	100.030266	100.048157	100.045563	100.050377	100.03537	100.056282	100.036705	100.031219	100.042984	100.047874	100.052368	100.044075	100.065315	100.039459	100.058807	100.044968	100.058403	100.048279	100.0438	100.0774	100.040009	100.023544	100.037895	100.056114	100.05851	100.06691	100.067314	100.054764	100.066139	100.062286	100.058449	100.055023	100.057854	100.057014	100.053406	100.046989	100.043427	100.0569	100.058807	100.044594	100.06443	100.033501	100.056664	100.048111
934	100.01165	100.009689	100.004829	100.010368	100.029961	100.004128	100.036285	100.039421	100.023628	100.02494	100.002991	100.026611	100.042534	100.029419	100.037971	100.041138	100.039734	100.031471	100.046333	100.037834	100.061859	100.028969	100.049187	100.039055	100.034714	100.051033	100.055084	100.052277	100.046005	100.065277	100.029305	100.059875	100.055328	100.063004	100.051949	100.044754	100.076736	100.035683	100.018738	100.03965	100.04966	100.050827	100.05883	100.073471	100.053444	100.059006	100.073792	100.056923	100.054695	100.056633	100.058998	100.053345	100.049637	100.03791	100.053383	100.059875	100.04847	100.059845	100.030266	100.056038	100.052414
935	100.01149	100.004341	100.003326	100.012016	100.035263	100.004913	100.036224	100.041817	100.020111	100.024818	100.002434	100.030151	100.04361	100.031731	100.033859	100.046005	100.034142	100.031921	100.044273	100.029839	100.070992	100.022682	100.04187	100.040886	100.037445	100.057648	100.060806	100.051102	100.047264	100.064255	100.019524	100.060287	100.064445	100.066605	100.054672	100.045738	100.075638	100.030899	100.014732	100.040833	100.042793	100.042236	100.050339	100.078407	100.051483	100.051163	100.083817	100.054741	100.053551	100.054893	100.060036	100.052711	100.051651	100.032928	100.049164	100.060318	100.051453	100.054169	100.027	100.054764	100.055542
936	100.006363	99.992455	99.992081	100.000717	100.028519	99.999229	100.028137	100.02359	100.014244	100.022888	100.005257	100.014969	100.032997	100.02211	100.023613	100.037888	100.027	100.024376	100.040909	100.023254	100.050613	100.021019	100.036026	100.036407	100.030754	100.046143	100.048019	100.039383	100.040901	100.053642	100.019142	100.053665	100.055908	100.057777	100.046158	100.046555	100.070572	100.02401	100.021423	100.035645	100.035263	100.028488	100.042023	100.067917	100.043907	100.040123	100.073174	100.046906	100.044647	100.04879	100.050652	100.046524	100.045792	100.036415	100.039764	100.054047	100.043526	100.040123	100.025139	100.047279	100.044647
937	100.000893	99.979744	99.980072	99.988647	100.021301	99.993149	100.019493	100.004112	100.007973	100.020828	100.008301	99.998764	100.021683	100.011841	100.01268	100.029228	100.019394	100.016312	100.037323	100.016228	100.028862	100.019249	100.029778	100.031593	100.023628	100.033844	100.034355	100.026848	100.034119	100.04232	100.018738	100.046608	100.046791	100.048386	100.037048	100.047432	100.065147	100.01664	100.028549	100.030098	100.027214	100.013802	100.033142	100.056717	100.035789	100.028336	100.061798	100.038544	100.035141	100.042274	100.040649	100.039932	100.03952	100.040161	100.029732	100.047348	100.035049	100.025131	100.023148	100.039291	100.032997
938	99.995026	99.966141	99.967209	99.975716	100.01358	99.986656	100.010231	99.983276	100.001266	100.018623	100.011528	99.981392	100.009552	100.000832	100.000977	100.019958	100.011238	100.00769	100.033485	100.00869	100.005569	100.017342	100.023094	100.026451	100.015999	100.020668	100.01973	100.01342	100.026855	100.030182	100.018288	100.03904	100.037018	100.0383	100.027313	100.048378	100.059341	100.008759	100.036194	100.024162	100.0186	99.998093	100.023628	100.044724	100.027107	100.015709	100.049606	100.029602	100.024963	100.035301	100.029922	100.032875	100.032822	100.044159	100.019005	100.040176	100.025978	100.009087	100.021027	100.030731	100.020538
939	99.998459	99.980103	99.979469	99.988518	100.019333	99.997849	100.016525	99.997238	100.009048	100.02774	100.018707	99.991615	100.019333	100.009369	100.012802	100.02774	100.012779	100.024033	100.04113	100.02153	100.016533	100.029007	100.035545	100.031471	100.023056	100.033989	100.028061	100.020897	100.033661	100.041138	100.02681	100.043633	100.044563	100.04705	100.036156	100.053276	100.068245	100.024017	100.04612	100.040527	100.031494	100.016251	100.039604	100.055161	100.036469	100.032745	100.060776	100.039589	100.036789	100.046432	100.039589	100.045815	100.04364	100.051712	100.033676	100.047981	100.033043	100.023094	100.039909	100.042084	100.030243
940	100.004303	100.001465	99.998459	100.008186	100.028648	100.013908	100.026917	100.020363	100.020775	100.040092	100.027206	100.009048	100.034943	100.023064	100.030945	100.040092	100.016747	100.047264	100.051964	100.039963	100.036385	100.04454	100.053261	100.039223	100.034073	100.054405	100.042381	100.033798	100.044235	100.058273	100.037941	100.051392	100.056686	100.060844	100.049957	100.059402	100.081161	100.045685	100.057114	100.063148	100.050262	100.043549	100.062576	100.071587	100.05069	100.057861	100.078163	100.054695	100.05455	100.062561	100.054695	100.064293	100.059273	100.060547	100.055275	100.05983	100.04438	100.04512	100.064873	100.058838	100.045822
941	100.010574	100.02433	100.018776	100.029251	100.038597	100.03109	100.03804	100.045105	100.03331	100.053299	100.036301	100.027695	100.051643	100.03772	100.050339	100.053299	100.021004	100.072136	100.063553	100.059677	100.057602	100.061157	100.072227	100.047516	100.045845	100.076256	100.057709	100.0476	100.05555	100.076591	100.04985	100.0597	100.069656	100.075592	100.064743	100.065948	100.094986	100.068871	100.068878	100.087341	100.070335	100.072769	100.087151	100.089142	100.065887	100.084724	100.096764	100.070847	100.073555	100.079811	100.070847	100.08403	100.075996	100.069984	100.078377	100.072502	100.056519	100.06868	100.091568	100.076767	100.062492
942	100.011658	100.02903	100.028137	100.034058	100.040474	100.035439	100.04277	100.056038	100.034752	100.060844	100.037727	100.033615	100.054871	100.046898	100.059006	100.054871	100.029305	100.080727	100.068153	100.065399	100.069771	100.064026	100.079582	100.04985	100.050995	100.084625	100.066566	100.051453	100.057854	100.079117	100.053513	100.064972	100.074326	100.081421	100.065163	100.067924	100.097885	100.078674	100.073196	100.089172	100.076843	100.086914	100.094223	100.094688	100.070663	100.093307	100.099007	100.078453	100.080048	100.086227	100.075928	100.091019	100.079582	100.071587	100.085068	100.074089	100.059929	100.075928	100.096954	100.082794	100.07045
943	100.00808	100.017288	100.02755	100.024162	100.035049	100.02816	100.041702	100.054443	100.026169	100.06324	100.032234	100.028015	100.045944	100.051094	100.057922	100.045944	100.041222	100.0746	100.066437	100.058456	100.073685	100.054459	100.076439	100.046814	100.05014	100.080742	100.069534	100.046303	100.052002	100.067352	100.049698	100.067459	100.07148	100.079178	100.05262	100.065765	100.090897	100.076363	100.07074	100.070778	100.071045	100.087395	100.085411	100.089333	100.06601	100.085342	100.086464	100.07827	100.075188	100.082817	100.070969	100.086441	100.071274	100.066078	100.076904	100.065636	100.055405	100.068375	100.083069	100.077995	100.070511
944	100.004318	100.004944	100.026939	100.013771	100.029335	100.020515	100.040581	100.052773	100.017143	100.065765	100.026451	100.022125	100.036552	100.055519	100.056778	100.036552	100.053764	100.068153	100.064636	100.051155	100.077805	100.044403	100.073135	100.043617	100.049232	100.07666	100.07267	100.040886	100.04586	100.054977	100.045708	100.070107	100.068489	100.076828	100.039421	100.063515	100.083542	100.073936	100.068161	100.051437	100.064941	100.087906	100.076164	100.083717	100.061096	100.076973	100.073265	100.07811	100.070084	100.079239	100.065758	100.081635	100.062538	100.060295	100.068321	100.056755	100.050674	100.060448	100.068451	100.072968	100.070572
945	100.003342	99.998932	100.02623	100.005531	100.028488	100.016144	100.039162	100.051353	100.010971	100.066994	100.023781	100.019363	100.030556	100.057625	100.055527	100.031052	100.061798	100.06205	100.06205	100.046181	100.077927	100.039185	100.068199	100.043251	100.048637	100.071907	100.072632	100.036942	100.041878	100.048805	100.044098	100.071167	100.066628	100.075874	100.02906	100.061325	100.076584	100.072792	100.065636	100.038818	100.061348	100.086189	100.070213	100.079552	100.059509	100.069939	100.063049	100.077835	100.069496	100.078842	100.063309	100.07708	100.057281	100.05603	100.063072	100.051369	100.047539	100.057793	100.058006	100.066719	100.069939
946	100.010284	100.011314	100.025269	100.004242	100.041367	100.021454	100.037041	100.050819	100.013443	100.064423	100.030151	100.025642	100.034737	100.053062	100.054153	100.037071	100.056396	100.057564	100.057564	100.048325	100.066803	100.048103	100.059212	100.050858	100.048981	100.065742	100.063721	100.03756	100.044403	100.060631	100.049423	100.067749	100.068192	100.078964	100.027702	100.059578	100.071419	100.075363	100.063499	100.046349	100.065109	100.078415	100.074127	100.079956	100.067375	100.067429	100.062248	100.077271	100.081673	100.087502	100.068954	100.073753	100.062355	100.056496	100.06778	100.056351	100.049248	100.070236	100.060341	100.057724	100.067429
947	100.017464	100.024117	100.024307	100.002922	100.054672	100.026962	100.034859	100.05027	100.016006	100.06176	100.036728	100.03215	100.039055	100.048355	100.052727	100.043312	100.050797	100.052933	100.052933	100.050545	100.055313	100.057312	100.049934	100.058708	100.049339	100.059364	100.054527	100.038185	100.047012	100.072861	100.054916	100.064217	100.069794	100.082161	100.026299	100.05777	100.066078	100.078033	100.061295	100.054131	100.069008	100.070396	100.078178	100.08036	100.075516	100.064812	100.061432	100.076698	100.094246	100.096443	100.074791	100.07032	100.067612	100.056984	100.072655	100.061501	100.05101	100.083092	100.062752	100.048409	100.064812
948	100.024773	100.037216	100.023163	100.001587	100.068192	100.032547	100.032555	100.049614	100.01857	100.058952	100.043449	100.038765	100.043442	100.043449	100.051201	100.049637	100.044998	100.048065	100.048111	100.052681	100.043396	100.066719	100.040344	100.066734	100.049629	100.052795	100.045029	100.038864	100.049652	100.085342	100.060524	100.060524	100.071373	100.085381	100.02478	100.055817	100.060562	100.080681	100.058952	100.062111	100.072861	100.062027	100.082245	100.080696	100.083794	100.062119	100.06057	100.076035	100.107101	100.105545	100.080719	100.066734	100.072906	100.057388	100.077545	100.066734	100.052773	100.096191	100.065163	100.03878	100.062073
949	100.009193	100.026093	99.996033	100.007843	100.036743	100.017525	100.021385	100.032867	100.007248	100.04277	100.03624	100.025734	100.032379	100.035767	100.04023	100.03624	100.03685	100.030807	100.039017	100.027313	100.02272	100.052071	100.031174	100.054482	100.034309	100.050011	100.03878	100.042641	100.038658	100.066086	100.049652	100.049171	100.055328	100.072845	100.013527	100.03624	100.056412	100.06282	100.044701	100.056053	100.045311	100.040604	100.065842	100.065231	100.067413	100.057983	100.057854	100.061012	100.088547	100.089874	100.06958	100.05497	100.054482	100.041672	100.053406	100.053513	100.045181	100.072243	100.049042	100.028633	100.048805
950	99.993256	100.014725	99.968307	100.014244	100.004601	100.002167	100.009964	100.015747	99.995674	100.026237	100.028862	100.012421	100.021072	100.027893	100.029015	100.022552	100.028503	100.013176	100.029732	100.001381	100.001595	100.037094	100.02179	100.041962	100.018654	100.047157	100.032402	100.046501	100.02742	100.04641	100.038544	100.03756	100.038933	100.060036	100.002029	100.016251	100.05217	100.044563	100.030136	100.049866	100.017151	100.018707	100.04908	100.049438	100.050667	100.053764	100.055099	100.045647	100.069603	100.07386	100.058197	100.042938	100.035652	100.025627	100.028732	100.040016	100.037422	100.047775	100.032578	100.018265	100.035263
951	99.97699	100.003098	99.939964	100.020775	99.971756	99.986481	99.998291	99.998238	99.983841	100.009346	100.021324	99.99881	100.009521	100.019852	100.017548	100.00856	100.019981	99.995163	100.020241	99.974892	99.980011	100.02179	100.012222	100.029167	100.002655	100.044235	100.025879	100.050446	100.015938	100.026283	100.027176	100.025703	100.022186	100.046959	99.990265	99.995796	100.047829	100.025902	100.015244	100.043533	99.988373	99.996323	100.031937	100.033279	100.033531	100.049438	100.052261	100.029945	100.050232	100.05748	100.046577	100.030647	100.016403	100.009201	100.003517	100.026215	100.02948	100.022781	100.01577	100.007652	100.021408
952	99.980476	99.994522	99.94471	100.021591	99.971123	99.987282	99.990395	99.99498	99.989685	100.004135	100.019089	99.999886	100.014153	100.022209	100.016045	100.013992	100.027695	99.998306	100.014175	99.982925	99.986847	100.023308	100.011192	100.025925	100.005318	100.048874	100.025772	100.044189	100.016991	100.02253	100.020287	100.029266	100.018921	100.040474	99.992874	100.001968	100.047722	100.018143	100.00843	100.046158	99.990776	100.001595	100.032303	100.032829	100.037209	100.048615	100.0504	100.033234	100.038437	100.050201	100.045952	100.033035	100.02121	100.011429	100.004425	100.020493	100.032661	100.022041	100.021935	100.012527	100.021851
953	99.99131	99.986961	99.961708	100.020287	99.982368	99.994171	99.983795	99.996933	100.002098	100.003159	100.018761	100.006393	100.024796	100.028435	100.018204	100.026642	100.041473	100.009308	100.0093	100.003792	100.004242	100.031029	100.01329	100.026169	100.014877	100.056335	100.028015	100.034096	100.022652	100.024734	100.014969	100.038551	100.020599	100.036346	100.000824	100.017998	100.049171	100.01432	100.004494	100.052094	100.004707	100.017128	100.039116	100.038132	100.048569	100.04908	100.048874	100.043556	100.029289	100.046173	100.049385	100.040855	100.034927	100.020554	100.014969	100.017693	100.039986	100.030266	100.036659	100.023163	100.027557
954	100.002357	99.979256	99.979034	100.018967	99.993828	100.00119	99.977066	99.998932	100.014755	100.002197	100.01844	100.013031	100.035667	100.03476	100.020409	100.039528	100.055519	100.020515	100.004341	100.025047	100.02198	100.038925	100.01545	100.026413	100.024628	100.063957	100.030304	100.023804	100.028435	100.027	100.00956	100.048019	100.022331	100.03215	100.008919	100.034348	100.050667	100.010406	100.000504	100.058159	100.018906	100.032974	100.046066	100.043571	100.060165	100.049553	100.047325	100.054085	100.019966	100.042068	100.052895	100.048828	100.048897	100.029846	100.025734	100.014816	100.047432	100.038651	100.051666	100.033997	100.033394
955	100.009537	99.977127	99.989754	100.014511	99.996887	100.002609	99.979057	99.997124	100.019768	100.001419	100.015709	100.016441	100.04097	100.0326	100.020004	100.04287	100.057877	100.024284	100.001656	100.028786	100.030731	100.042404	100.014999	100.027885	100.028336	100.059044	100.026413	100.021935	100.027618	100.034096	100.01001	100.04834	100.024307	100.028336	100.012146	100.042168	100.047623	100.010971	100.002632	100.056435	100.030746	100.04097	100.046448	100.043106	100.065277	100.047646	100.042137	100.058594	100.022903	100.039062	100.054787	100.049294	100.052155	100.031662	100.031921	100.013336	100.051704	100.040245	100.055969	100.03978	100.035492
956	100.012222	99.981544	99.992752	100.006416	99.99015	99.997475	99.991219	99.990913	100.015846	100.000916	100.010208	100.01609	100.039848	100.020561	100.016609	100.035057	100.0466	100.019386	100.001678	100.012062	100.028976	100.040771	100.011536	100.030746	100.025024	100.039528	100.015343	100.0299	100.019135	100.046829	100.017342	100.038002	100.026619	100.025024	100.009689	100.040016	100.039352	100.016762	100.011955	100.04567	100.039841	100.039848	100.039185	100.035812	100.062859	100.042961	100.032784	100.056114	100.040161	100.037407	100.05484	100.041031	100.042892	100.024773	100.032768	100.013474	100.052238	100.033951	100.047775	100.039673	100.033279
957	100.014946	99.986046	99.995804	99.998138	99.983269	99.992241	100.003639	99.984558	100.011841	100.000404	100.004562	100.015732	100.038681	100.00827	100.013123	100.027069	100.035095	100.014366	100.001694	99.994987	100.027191	100.039101	100.008011	100.033661	100.021637	100.019608	100.004028	100.038017	100.010468	100.059807	100.024818	100.027451	100.028969	100.021637	100.007179	100.037811	100.030899	100.022659	100.021446	100.034676	100.049088	100.038681	100.031769	100.028358	100.060364	100.038193	100.023209	100.053551	100.05777	100.035706	100.054886	100.032593	100.033424	100.017723	100.03363	100.013611	100.052765	100.027527	100.039398	100.039566	100.031006
958	100.017311	99.989998	99.998383	99.990227	99.980087	99.989662	100.012375	99.979141	100.010094	100.000954	100.000954	100.016228	100.038681	99.99955	100.010002	100.023094	100.026871	100.010643	100.002686	99.985451	100.026764	100.037941	100.006226	100.035812	100.017639	100.00428	99.996857	100.042915	100.004509	100.066689	100.0299	100.017639	100.031708	100.018921	100.006332	100.036118	100.024078	100.028053	100.029877	100.025688	100.056549	100.039017	100.028786	100.023315	100.058159	100.03643	100.016975	100.050751	100.070534	100.03643	100.05484	100.029221	100.026657	100.012779	100.034622	100.015785	100.053749	100.023529	100.033318	100.040092	100.031258
959	100.018051	99.991486	99.998894	99.984245	99.992111	99.998077	100.005592	99.977837	100.017677	100.00576	100.00576	100.020157	100.043404	100.005951	100.008514	100.035622	100.032509	100.012375	100.007507	100.007141	100.031868	100.03891	100.01162	100.034622	100.011459	100.008598	100.00695	100.034348	100.009895	100.048279	100.024918	100.011459	100.035812	100.019157	100.012268	100.036552	100.024368	100.031044	100.033424	100.025452	100.056145	100.045326	100.044044	100.028397	100.057236	100.046982	100.024643	100.047073	100.06282	100.046982	100.054398	100.046608	100.031235	100.016663	100.036095	100.026108	100.056503	100.029671	100.036911	100.043228	100.041748
960	100.018799	99.993004	99.999435	99.978142	100.004425	100.006676	99.99865	99.976501	100.025429	100.010696	100.010696	100.024162	100.048233	100.012497	100.007011	100.048431	100.038292	100.01413	100.012459	100.029327	100.037094	100.039925	100.017151	100.033417	100.005112	100.013016	100.017288	100.025581	100.015404	100.029434	100.019814	100.005112	100.040009	100.019371	100.018349	100.036964	100.024643	100.034103	100.037048	100.025223	100.055717	100.051796	100.059654	100.033585	100.05629	100.05777	100.032471	100.04332	100.054932	100.05777	100.053955	100.064423	100.035904	100.020638	100.03759	100.036659	100.059334	100.03595	100.040581	100.046432	100.052498
961	100.019562	99.994553	99.999962	99.97187	100.017036	100.015488	99.991539	99.975136	100.033363	100.015724	100.015724	100.028267	100.053169	100.019196	100.005447	100.061562	100.044189	100.01593	100.017509	100.052048	100.04245	100.040939	100.02282	100.032166	99.998627	100.017548	100.027863	100.016617	100.021042	100.010132	100.014587	99.998627	100.044296	100.0196	100.024559	100.037407	100.02494	100.037239	100.040771	100.024971	100.05529	100.058411	100.075653	100.038887	100.055328	100.068832	100.040482	100.039459	100.04686	100.068832	100.053513	100.082634	100.040695	100.024704	100.039124	100.047455	100.062218	100.042381	100.044334	100.049713	100.063492
962	100.001183	99.989929	99.989647	99.977379	100.015434	100.007942	99.981651	99.984085	100.025436	100.005356	100.008453	100.018486	100.045792	100.015686	100.007484	100.054298	100.041435	100.01519	100.018021	100.046829	100.03965	100.03215	100.020851	100.023636	100.002335	100.013367	100.026253	100.029167	100.019562	100.014183	100.017532	100.002846	100.032639	100.02552	100.023163	100.037338	100.031975	100.029053	100.028519	100.033524	100.041901	100.051727	100.060417	100.037071	100.057449	100.069275	100.037323	100.032936	100.039101	100.060989	100.052536	100.065575	100.030579	100.025246	100.0438	100.039879	100.052216	100.030838	100.044037	100.044266	100.053497
963	99.981079	99.984772	99.978333	99.983803	100.012825	99.999092	99.971375	99.993965	100.016251	99.993675	100.000168	100.007538	100.037407	100.011406	100.009796	100.045441	100.03804	100.014259	100.01825	100.039581	100.036201	100.022469	100.018295	100.014435	100.006844	100.008499	100.023781	100.04351	100.017563	100.019958	100.021103	100.007919	100.019623	100.031982	100.021217	100.037231	100.039627	100.019905	100.014877	100.042877	100.027321	100.043961	100.042709	100.034729	100.059822	100.069	100.03331	100.026062	100.031197	100.051666	100.051483	100.045685	100.019218	100.025543	100.048813	100.030853	100.041115	100.017799	100.043449	100.038086	100.041855
964	99.960457	99.979492	99.966743	99.990395	100.010155	99.990013	99.960831	100.004066	100.006828	99.981705	99.991684	99.996307	100.028816	100.007019	100.012184	100.036385	100.034538	100.01329	100.018478	100.032135	100.032684	100.01255	100.015686	100.004982	100.011444	100.003502	100.02124	100.058189	100.015511	100.025856	100.02475	100.013115	100.006279	100.038597	100.019218	100.037125	100.04747	100.010529	100.000908	100.052452	100.01236	100.036011	100.024559	100.032318	100.062241	100.06871	100.029182	100.019028	100.023094	100.042114	100.050415	100.025299	100.007561	100.025856	100.05394	100.021614	100.029732	100.004425	100.042854	100.031769	100.029922
965	99.975662	99.976784	99.965294	99.995224	100.009361	99.988846	99.966637	100.010956	100.009155	99.985291	99.998436	99.996384	100.023102	100.003288	100.01812	100.034439	100.034439	100.024292	100.021027	100.02993	100.034103	100.016312	100.025787	100.009216	100.012711	100.006126	100.024437	100.061668	100.016891	100.035408	100.033524	100.023079	100.008453	100.039986	100.02372	100.035873	100.057076	100.012123	100.00708	100.068474	100.021782	100.031342	100.028755	100.02755	100.06591	100.065338	100.038101	100.032677	100.027534	100.043915	100.052818	100.02372	100.002579	100.033142	100.056496	100.030304	100.029663	100.005791	100.038376	100.034569	100.022713
966	100.009026	99.975327	99.968925	99.999229	100.009476	99.9916	99.980728	100.016335	100.017403	99.996712	100.012947	100.002144	100.018738	99.999847	100.025902	100.036049	100.036049	100.041451	100.02478	100.030312	100.03804	100.026978	100.042381	100.02037	100.012276	100.012589	100.030563	100.059547	100.020012	100.046883	100.044991	100.035568	100.018433	100.038757	100.031578	100.033997	100.067673	100.019241	100.023422	100.087944	100.043549	100.028267	100.044228	100.021507	100.070236	100.060364	100.053696	100.056908	100.038338	100.051453	100.056984	100.031578	100.00087	100.044022	100.057808	100.048111	100.035271	100.014587	100.031898	100.041977	100.017776
967	100.043251	99.973808	99.972626	100.003326	100.009598	99.994431	99.995186	100.021828	100.025856	100.00843	100.027809	100.008049	100.014267	99.996307	100.033867	100.037682	100.037682	100.059044	100.02861	100.030693	100.042053	100.037895	100.059387	100.031807	100.011848	100.019218	100.036835	100.057373	100.023209	100.058662	100.056747	100.048378	100.028656	100.037491	100.039635	100.032066	100.078545	100.02655	100.040199	100.107895	100.065872	100.025093	100.060081	100.015305	100.074677	100.055267	100.069679	100.081764	100.049416	100.059174	100.061241	100.039635	99.999115	100.055168	100.059128	100.066376	100.041008	100.02359	100.025246	100.049576	100.012711
968	100.050888	99.970078	99.981606	100.006081	100.012421	99.993164	100.004128	100.020615	100.026192	100.01162	100.034241	100.009453	100.010933	99.993927	100.035202	100.032997	100.037407	100.060417	100.032082	100.030609	100.040543	100.043236	100.066544	100.032745	100.011421	100.025299	100.038124	100.05146	100.024048	100.06218	100.055801	100.05294	100.033035	100.039398	100.038322	100.026932	100.07769	100.030121	100.051285	100.104568	100.075531	100.025299	100.067032	100.012398	100.076294	100.052979	100.075043	100.089836	100.047539	100.064156	100.063171	100.043724	99.998055	100.059509	100.053635	100.073837	100.044228	100.028679	100.018433	100.047066	100.010956
969	100.018944	99.963036	99.998268	100.00676	100.019241	99.985825	100.004791	100.009392	100.014458	100.002113	100.028053	100.00415	100.009262	99.99324	100.026611	100.018929	100.034271	100.037643	100.034927	100.0298	100.030807	100.040184	100.058975	100.018074	100.010971	100.030457	100.031982	100.040054	100.021339	100.053337	100.036003	100.045181	100.028633	100.045952	100.023125	100.017014	100.05938	100.028099	100.053764	100.066689	100.066254	100.030457	100.060669	100.014366	100.073669	100.054886	100.064552	100.072906	100.026413	100.065002	100.061584	100.041893	99.998024	100.053642	100.038025	100.065147	100.043594	100.027847	100.011421	100.029564	100.014114
970	99.98613	99.955811	100.015388	100.007454	100.026215	99.978287	100.00547	99.997894	100.002411	99.992348	100.021683	99.99868	100.007545	99.992531	100.017776	100.004486	100.031067	100.014282	100.037834	100.028976	100.020813	100.037048	100.051186	100.003014	100.010506	100.035767	100.025681	100.028351	100.01857	100.04425	100.015663	100.037216	100.024117	100.052689	100.007523	100.006828	100.040588	100.026031	100.056328	100.027786	100.056732	100.035767	100.054131	100.016403	100.070992	100.056839	100.053787	100.055504	100.00473	100.065872	100.059959	100.039993	99.998001	100.047638	100.022003	100.056221	100.042953	100.026993	100.004234	100.011597	100.017357
971	99.959015	99.950462	100.031105	100.006401	100.032555	99.971489	100.005325	99.989548	99.993042	99.985229	100.016937	99.995056	100.006737	99.995102	100.0103	99.992844	100.028976	99.995438	100.041595	100.028976	100.012329	100.034584	100.045074	99.992699	100.011993	100.040184	100.021072	100.018867	100.016281	100.036606	99.99826	100.031471	100.020615	100.058769	99.996185	100.000038	100.024757	100.025787	100.058388	99.994408	100.048462	100.041214	100.048279	100.021683	100.068031	100.057915	100.044991	100.040268	99.98838	100.066017	100.058105	100.037788	100.00042	100.0438	100.009773	100.047241	100.042023	100.025848	100.00032	99.998123	100.021652
972	99.968521	99.956718	100.036537	99.995171	100.034264	99.969849	100.000359	100.00074	100.000504	99.994476	100.022209	100.002541	100.01123	100.016418	100.011696	99.999039	100.033775	100.005447	100.049698	100.033775	100.013756	100.036301	100.049446	100.011467	100.024727	100.038841	100.027023	100.023521	100.017143	100.038361	100.000122	100.039444	100.023399	100.060188	100.01123	100.013878	100.028229	100.036201	100.057281	99.997482	100.04847	100.046791	100.047028	100.04525	100.063911	100.053658	100.048737	100.039566	100.005211	100.061867	100.055122	100.033882	100.016769	100.0532	100.02124	100.039062	100.039444	100.023041	100.01606	100.01255	100.031372
973	99.978302	99.963135	100.042137	99.98362	100.035988	99.968163	99.995262	100.01223	100.008156	100.00396	100.027596	100.010231	100.015846	100.038322	100.013138	100.005409	100.038696	100.015709	100.058022	100.038696	100.015213	100.038078	100.053955	100.030754	100.037827	100.037453	100.033119	100.028313	100.017998	100.040146	100.002037	100.047623	100.026276	100.06163	100.026688	100.028099	100.031807	100.046883	100.056145	100.000633	100.048508	100.052536	100.045761	100.06945	100.059685	100.049294	100.052582	100.038818	100.022484	100.057602	100.052032	100.029884	100.033585	100.062836	100.033012	100.03067	100.036789	100.020149	100.032211	100.027397	100.041351
974	99.98835	99.969742	100.047897	99.971771	100.037788	99.966438	99.990036	100.024033	100.016022	100.01371	100.03315	100.01812	100.020584	100.060829	100.014618	100.011948	100.043762	100.026276	100.066589	100.043762	100.016716	100.039886	100.058571	100.050583	100.051285	100.036034	100.039398	100.033226	100.018898	100.042	100.004021	100.056053	100.029221	100.063148	100.042572	100.042709	100.035461	100.057877	100.054993	100.00386	100.048515	100.058426	100.044464	100.09433	100.055351	100.044807	100.056541	100.038063	100.04026	100.053238	100.048874	100.025772	100.050858	100.072754	100.045097	100.022041	100.034058	100.017204	100.048813	100.042641	100.051628
975	99.988731	99.961906	100.025749	99.963669	100.024429	99.957626	99.986984	100.00576	100.001297	99.995079	100.024246	100.004616	100.006744	100.04245	100.009117	99.999374	100.027908	100.021339	100.041458	100.030838	100.011238	100.035332	100.048126	100.039375	100.026512	100.025795	100.032402	100.025414	100.003448	100.02459	99.999603	100.040726	100.024071	100.047722	100.034927	100.036095	100.0299	100.038765	100.039757	100.011299	100.036858	100.042274	100.042534	100.074295	100.045609	100.023819	100.04599	100.022675	100.030449	100.038788	100.043884	100.016281	100.040543	100.051971	100.034729	100.008499	100.020157	100.010658	100.033142	100.032005	100.032356
976	99.987907	99.952049	99.999504	99.955826	100.008797	99.947708	99.984138	99.983223	99.98336	99.972382	100.013283	99.988045	99.990211	100.01844	100.002586	99.984055	100.00901	100.014328	100.011459	100.015305	100.004753	100.029846	100.035515	100.023972	99.996284	100.014183	100.02356	100.015793	99.985527	100.004326	99.994263	100.022018	100.017754	100.029778	100.024117	100.026634	100.02301	100.015381	100.022362	100.019432	100.023415	100.022911	100.040482	100.048088	100.03495	100.000206	100.033356	100.005028	100.016914	100.02272	100.038513	100.005875	100.026489	100.026772	100.021255	99.99398	100.004471	100.003494	100.012993	100.017822	100.008865
977	99.987053	99.94191	99.972496	99.947754	99.992737	99.937508	99.981209	99.96003	99.964897	99.949036	100.001991	99.970993	99.973198	99.993744	99.995872	99.9683	99.989578	100.007118	99.980583	99.999329	99.99807	100.0242	100.022522	100.008133	99.965195	100.002243	100.01445	100.005898	99.967102	99.983475	99.988785	100.002754	100.011269	100.011314	100.012993	100.016891	100.0159	99.991302	100.004471	100.027809	100.009583	100.003006	100.038361	100.021111	100.023987	99.975914	100.020325	99.986877	100.002983	100.006172	100.032997	99.995163	100.012016	100.000832	100.007378	99.97905	99.988342	99.996124	99.992264	100.003227	99.984703
978	99.97271	99.934052	99.956856	99.945526	99.97966	99.931763	99.974274	99.952217	99.9524	99.936714	99.985168	99.965599	99.963058	99.980476	99.988525	99.966415	99.986496	100.000992	99.97007	99.987671	99.994675	100.019279	100.006989	99.999199	99.960968	99.99691	100.002464	100.002228	99.965057	99.975456	99.984009	99.989891	100.01371	99.995789	100.000679	100.001671	100.022087	99.980858	99.995598	100.025154	99.998825	99.991196	100.027512	100.002464	100.017036	99.979141	100.010422	99.983391	99.99691	99.997398	100.026024	99.997154	100.007126	99.990639	100.001373	99.968452	99.970421	99.988106	99.980476	99.993431	99.969376
979	99.950027	99.927475	99.947838	99.946777	99.968216	99.928627	99.964836	99.953568	99.943314	99.93087	99.964767	99.967163	99.956924	99.973915	99.980705	99.972862	99.993256	99.995438	99.971703	99.978432	99.993202	100.014702	99.9897	99.994316	99.9729	99.995461	99.988594	100.002266	99.972878	99.975082	99.979591	99.980682	100.021576	99.981804	99.987465	99.982903	100.036346	99.97847	99.992058	100.015808	99.989754	99.9841	100.011238	99.988594	100.012436	99.998993	100.002228	99.988716	99.995461	99.993187	100.018074	100.006851	100.007942	99.989799	100	99.960312	99.95118	99.979568	99.973915	99.986366	99.959167
980	99.926636	99.920685	99.938553	99.948067	99.956421	99.925392	99.955101	99.954971	99.93396	99.924843	99.943718	99.968773	99.950592	99.967148	99.972626	99.979507	100.000214	99.989716	99.973381	99.96891	99.991684	100.009987	99.971893	99.989281	99.985191	99.993988	99.974281	100.002304	99.980934	99.974701	99.975029	99.971207	100.029686	99.967384	99.973846	99.963562	100.051048	99.976021	99.988403	100.006165	99.980415	99.976799	99.994461	99.974281	100.00769	100.01947	99.993774	99.994186	99.993988	99.988846	100.00988	100.016869	100.008774	99.988945	99.998596	99.95192	99.931335	99.970764	99.967148	99.979103	99.948624
981	99.92173	99.920723	99.93708	99.954536	99.953453	99.932602	99.952095	99.962357	99.93837	99.925385	99.936905	99.97123	99.957344	99.967209	99.973236	99.986893	100.006577	99.996826	99.977264	99.964493	99.986038	100.009193	99.965141	99.990593	99.997604	99.996246	99.971977	100.005043	99.991676	99.98188	99.97113	99.973068	100.03344	99.969582	99.968185	99.955521	100.061073	99.983238	99.993301	99.998642	99.980255	99.981705	99.994225	99.975769	100.010109	100.035454	99.990204	100.000122	100.003029	99.991951	100.005493	100.027176	100.012886	99.993729	100.001205	99.954628	99.929008	99.971436	99.968567	99.977539	99.95266
982	99.948914	99.932533	99.949173	99.969841	99.965813	99.957779	99.960785	99.979988	99.966553	99.937279	99.954842	99.975136	99.98658	99.97908	99.988853	99.995438	100.011803	100.025986	99.984932	99.969017	99.973381	100.015198	99.977699	100.002861	100.009979	100.004944	99.990501	100.012444	100.006866	100.002029	99.96846	99.994537	100.029625	100.000488	99.976418	99.967194	100.06282	100.007072	100.012924	99.994972	99.995995	100.007713	100.022614	100.004601	100.024887	100.043358	99.995163	100.006691	100.030098	100.007881	100.007774	100.037857	100.022598	100.00824	100.010719	99.976517	99.957047	99.988495	99.984108	99.985931	99.981834
983	99.976997	99.944748	99.961662	99.985664	99.9786	99.983788	99.969765	99.998215	99.995689	99.949577	99.973389	99.979164	100.0168	99.991348	100.005005	100.00428	100.017204	100.056137	99.992836	99.973686	99.960297	100.021385	99.990685	100.015518	100.022766	100.013947	100.009659	100.020088	100.022591	100.02285	99.965691	100.016716	100.025665	100.03244	99.984924	99.979256	100.064636	100.0317	100.033188	99.991165	100.012268	100.034569	100.051964	100.034378	100.040161	100.051514	100.000275	100.013474	100.058105	100.024353	100.010132	100.048897	100.032631	100.023232	100.020538	99.999138	99.986023	100.006119	100.000175	99.994606	100.011971
984	100.000801	99.955544	99.974236	99.998055	99.989517	100.005424	99.977119	100.01458	100.02047	99.962128	99.990166	99.983521	100.04158	100.002655	100.020691	100.011742	100.022415	100.080109	100.000465	99.977394	99.949631	100.026413	100.00293	100.025856	100.032677	100.020836	100.025391	100.026146	100.034859	100.039505	99.966354	100.034393	100.02121	100.059273	99.992905	99.991188	100.064484	100.052353	100.051285	99.987602	100.026878	100.05764	100.078545	100.060295	100.052551	100.05616	100.005196	100.019218	100.081123	100.038338	100.011185	100.058212	100.041077	100.034584	100.028404	100.02005	100.012672	100.021866	100.013939	100.003853	100.037872
985	99.986954	99.953209	99.984558	99.981857	99.98394	99.989365	99.970558	100.013306	100.006989	99.973763	99.98999	99.98938	100.020012	100.004234	100.029541	100.007332	100.025131	100.052284	100.004326	99.973145	99.959526	100.021492	100.006821	100.016312	100.018631	100.010445	100.011993	100.018906	100.018547	100.020966	99.992683	100.014236	100.013885	100.04187	99.995079	99.999489	100.049446	100.038673	100.049126	99.98661	100.025818	100.047134	100.078407	100.051353	100.04039	100.03331	100.007607	100.015709	100.061798	100.030563	100.002159	100.052307	100.035667	100.015953	100.019684	100.023483	100.015976	100.019943	100.007248	100.015465	100.026237
986	99.972603	99.95079	99.995247	99.965073	99.978157	99.97271	99.963753	100.011978	99.992989	99.985817	99.989792	99.995461	99.997643	100.005875	100.038681	100.002762	100.027931	100.02346	100.008324	99.968735	99.969749	100.016388	100.010872	100.006424	100.004089	99.999657	99.998093	100.011398	100.001648	100.001755	100.019981	99.993332	100.00631	100.023819	99.997345	100.008095	100.03389	100.024483	100.046875	99.985588	100.024727	100.03624	100.078262	100.042114	100.027809	100.009621	100.010094	100.012077	100.041756	100.022491	99.992783	100.046219	100.030045	99.996651	100.010635	100.027039	100.019394	100.017952	100.00032	100.027504	100.014175
987	99.957726	99.948288	100.006332	99.947662	99.972168	99.955444	99.956688	100.010597	99.978493	99.998322	99.989609	100.001755	99.974464	100.007584	100.048187	99.998024	100.030838	99.993576	100.012459	99.964157	99.980362	100.011124	100.015045	99.996155	99.988998	99.988472	99.983696	100.003624	99.984116	99.981834	100.048279	99.971649	99.998436	100.005104	99.999687	100.017021	100.017761	100.009766	100.044548	99.98452	100.023582	100.024925	100.07811	100.032509	100.014755	99.985054	100.012657	100.008308	100.020981	100.014137	99.98307	100.039886	100.0242	99.976646	100.001251	100.030731	100.022949	100.015892	99.993141	100.03997	100.001671
988	99.958549	99.956978	100.013603	99.949379	99.972305	99.953781	99.96138	100.016235	99.976883	99.988678	99.994362	100.007591	99.984329	100.015007	100.028351	99.998764	100.032463	99.990829	100.013229	99.977097	99.992081	99.995735	100.020126	100.010979	100.001633	100.006577	99.99633	99.992737	99.994209	99.985191	100.045845	99.972496	99.996643	99.996277	100.00354	100.015686	100.025772	100.002274	100.046394	99.982002	100.0224	100.018867	100.076553	100.038124	100.013947	99.997032	100.018898	100.008644	100.034081	100.012527	99.99633	100.051727	100.006828	99.984154	99.996468	100.036003	100.021698	100.025772	99.99913	100.036682	100.010612
989	99.961884	99.967751	100.020508	99.954201	99.973427	99.954536	99.968094	100.023201	99.977264	99.975189	100.000061	100.013557	99.999794	100.023605	100.003181	100.000404	100.033928	99.992302	100.013496	99.99324	100.004372	99.978218	100.02549	100.030281	100.019089	100.02993	100.013687	99.98098	100.009033	99.992371	100.03846	99.976936	99.99575	99.988731	100.007759	100.01268	100.03791	99.995682	100.048973	99.979156	100.021187	100.01342	100.074745	100.046333	100.015045	100.015236	100.025902	100.009659	100.053009	100.011948	100.013687	100.066841	99.987061	99.996284	99.992249	100.041687	100.01963	100.03791	100.007416	100.030769	100.02327
990	99.965355	99.978966	100.027695	99.959206	99.974594	99.95533	99.975067	100.030434	99.977661	99.961151	100.005997	100.019753	100.015869	100.032547	99.97702	100.002113	100.035454	99.993858	100.013756	100.01004	100.017166	99.960014	100.031075	100.050354	100.037239	100.054237	100.031731	99.968758	100.024452	99.99984	100.030754	99.981552	99.99482	99.980896	100.012138	100.009552	100.050507	99.988831	100.051651	99.976204	100.01992	100.007774	100.072845	100.054886	100.01619	100.034157	100.033188	100.010696	100.072693	100.011337	100.031731	100.082565	99.966492	100.008904	99.987862	100.0476	100.017487	100.050507	100.016022	100.02462	100.036415
991	99.970581	99.978371	100.026619	99.967102	99.972076	99.959358	99.975945	100.029968	99.979149	99.962013	100.006294	100.030457	100.0214	100.038101	99.977516	100.003876	100.03598	99.993858	100.011909	100.017914	100.019798	99.966675	100.035301	100.058426	100.045456	100.060844	100.039314	99.969376	100.029816	100.004944	100.034477	99.989029	99.998657	99.978615	100.011375	100.00737	100.048157	99.992363	100.045883	99.995529	100.014862	100.008286	100.059677	100.057892	100.024323	100.04158	100.023697	100.020836	100.064896	100.014969	100.031837	100.085579	99.971756	100.009773	99.994507	100.03241	100.015259	100.049759	100.009521	100.027802	100.04052
992	99.97702	99.969986	100.020111	99.976997	99.967087	99.965569	99.972801	100.024391	99.981354	99.972694	100.002884	100.044296	100.020065	100.041519	99.995552	100.005707	100.03582	99.992844	100.008621	100.020042	100.015793	99.989784	100.038651	100.058731	100.047256	100.055908	100.0401	99.978432	100.028656	100.008568	100.045753	99.998489	100.005676	99.979927	100.007202	100.005745	100.035919	100.002777	100.034477	100.029816	100.007225	100.012848	100.038849	100.057304	100.037148	100.041542	100.003029	100.037125	100.038887	100.021431	100.020149	100.080261	99.99408	100.002922	100.008476	100.003098	100.012909	100.040184	99.992973	100.03717	100.038696
993	99.983749	99.961258	100.013329	99.98732	99.961899	99.972046	99.969543	100.018608	99.983673	99.983826	99.999352	100.058723	100.018677	100.045082	100.014351	100.007645	100.035667	99.991798	100.005196	100.022255	100.01162	100.013863	100.042168	100.059059	100.049149	100.050781	100.040939	99.987885	100.027451	100.012352	100.05751	100.008354	100.012985	99.981316	100.002846	100.004066	100.023178	100.013641	100.022598	100.065521	99.999275	100.017616	100.017166	100.056709	100.050507	100.041512	99.981499	100.054085	100.01181	100.028183	100.007973	100.074745	100.017357	99.995781	100.023056	99.972572	100.01049	100.030228	99.975739	100.046944	100.036797
994	99.996475	99.962959	100.011993	99.998749	99.970329	99.978806	99.975914	100.028084	99.994179	100.00116	100.004768	100.076103	100.022629	100.04879	100.03598	100.015701	100.043594	99.996101	100.010063	100.033661	100.019417	100.035599	100.050522	100.061752	100.049416	100.056541	100.047539	100.001106	100.030586	100.027069	100.067375	100.025391	100.023987	99.992195	100.015511	100.010063	100.023361	100.028992	100.024712	100.095657	100.003799	100.029327	100.014099	100.056732	100.061401	100.042137	99.979622	100.076149	100.004814	100.041267	100.011124	100.079094	100.038574	100.00116	100.03791	99.96537	100.019073	100.031303	99.978668	100.058815	100.04393
995	100.019875	99.983757	100.020691	100.011864	100.003494	99.985855	99.999809	100.065292	100.019394	100.029335	100.026466	100.098381	100.036263	100.052658	100.062096	100.034805	100.066116	100.010094	100.029991	100.061623	100.04892	100.052307	100.067566	100.068703	100.046715	100.082161	100.064514	100.020851	100.041557	100.061455	100.073517	100.055038	100.041405	100.020195	100.059036	100.029991	100.04734	100.052155	100.052467	100.114609	100.031113	100.053429	100.045395	100.057945	100.067413	100.043976	100.013924	100.10688	100.034966	100.065628	100.042343	100.101433	100.055374	100.029335	100.052795	100.001236	100.047646	100.052628	100.018585	100.074158	100.067398
996	100.044312	100.005486	100.029793	100.025558	100.038109	99.993233	100.024757	100.104156	100.045731	100.058769	100.049118	100.121651	100.050499	100.056686	100.089371	100.054764	100.08963	100.024712	100.050804	100.09079	100.07975	100.069771	100.085365	100.075974	100.043907	100.10891	100.082253	100.041451	100.05304	100.097336	100.079933	100.085983	100.059578	100.049423	100.104462	100.050804	100.072357	100.076317	100.081444	100.134399	100.059631	100.078583	100.078056	100.059219	100.073692	100.045906	100.049736	100.138977	100.066437	100.091064	100.074944	100.124779	100.072899	100.058769	100.068352	100.038681	100.077477	100.074898	100.060249	100.090172	100.091911
997	100.065529	100.025604	100.039627	100.039627	100.068703	100.000809	100.048134	100.137184	100.069748	100.083603	100.06813	100.140259	100.062111	100.060188	100.112061	100.073174	100.110832	100.038353	100.069283	100.11628	100.10672	100.087189	100.1008	100.081802	100.042931	100.133598	100.100159	100.06031	100.063614	100.127747	100.084534	100.115524	100.077164	100.076805	100.144257	100.070679	100.093971	100.099243	100.10775	100.14727	100.084534	100.102654	100.108444	100.061462	100.078499	100.04953	100.083771	100.165627	100.094315	100.113663	100.105156	100.145996	100.089333	100.085678	100.082848	100.074326	100.105965	100.094902	100.099709	100.105156	100.113441
998	100.054916	100.027168	100.052513	100.052513	100.058159	100.007843	100.052193	100.114098	100.068245	100.064362	100.052559	100.116226	100.049416	100.058487	100.091423	100.073753	100.107208	100.040184	100.063766	100.104752	100.094986	100.099098	100.092957	100.074554	100.056885	100.134483	100.114357	100.059601	100.06398	100.105453	100.073326	100.125038	100.084839	100.081482	100.127327	100.077209	100.08197	100.105392	100.105072	100.101341	100.073326	100.110886	100.111794	100.070808	100.070175	100.065636	100.093605	100.141159	100.085327	100.107109	100.107422	100.144135	100.09227	100.084534	100.084641	100.084961	100.115265	100.090935	100.109879	100.107422	100.104866
999	100.043831	100.028778	100.065956	100.065956	100.04715	100.01519	100.056412	100.089966	100.066673	100.044266	100.036308	100.091125	100.036156	100.056694	100.06987	100.074348	100.103424	100.042084	100.058006	100.092712	100.082741	100.111519	100.084755	100.066971	100.071457	100.135384	100.129166	100.058868	100.064362	100.082161	100.061623	100.134956	100.092865	100.086357	100.109634	100.084045	100.069427	100.111816	100.102272	100.053368	100.061623	100.119469	100.115288	100.080574	100.061478	100.082458	100.103851	100.11557	100.075935	100.100243	100.109795	100.142197	100.095322	100.083313	100.086502	100.096046	100.124977	100.0868	100.120499	100.109795	100.095901
1000	100.032249	100.030479	100.080025	100.080025	100.035652	100.02285	100.060822	100.064758	100.065041	100.023254	100.019325	100.064888	100.022316	100.05484	100.047348	100.074974	100.099472	100.044083	100.051971	100.080132	100.069939	100.124527	100.076202	100.059059	100.086678	100.136353	100.144661	100.058113	100.064766	100.057831	100.049385	100.14534	100.101257	100.091446	100.091171	100.091171	100.056328	100.11853	100.099335	100.003242	100.049385	100.128464	100.11895	100.090767	100.052383	100.100014	100.114571	100.08886	100.066139	100.093079	100.112259	100.140152	100.098526	100.082054	100.08844	100.107643	100.135132	100.082458	100.131584	100.112259	100.086548
1001	100.017296	100.012634	100.067589	100.053612	100.031044	100.012222	100.04393	100.066315	100.061394	100.020859	100.02018	100.055122	100.024582	100.038849	100.031212	100.056908	100.089645	100.046135	100.04097	100.06691	100.068619	100.105347	100.067177	100.051651	100.071754	100.101791	100.130867	100.051651	100.046478	100.059357	100.042152	100.126205	100.101517	100.084557	100.088539	100.094818	100.042572	100.090935	100.072861	100.017036	100.020706	100.109756	100.107719	100.085487	100.051224	100.07914	100.085579	100.085068	100.043694	100.076164	100.099823	100.125778	100.081253	100.075981	100.081085	100.074898	100.107384	100.062012	100.114166	100.102631	100.081337
1002	100.001266	99.99102	100.050499	100.019768	100.027359	99.998245	100.023018	100.072182	100.057289	100.021324	100.023926	100.0476	100.029518	100.020004	100.015488	100.035187	100.078514	100.048256	100.02874	100.053085	100.069046	100.080322	100.057724	100.044044	100.05146	100.060257	100.1119	100.044044	100.024521	100.065079	100.035416	100.101646	100.100502	100.075493	100.088333	100.098038	100.028191	100.056824	100.041641	100.041519	99.988304	100.085922	100.093697	100.07756	100.05127	100.051346	100.049171	100.084778	100.018372	100.057068	100.084534	100.108887	100.060066	100.068939	100.071945	100.033867	100.072548	100.038193	100.09153	100.090683	100.076584
1003	99.984489	99.968407	100.032616	99.984375	100.023506	99.983643	100.001144	100.078331	100.053009	100.021828	100.027832	100.039734	100.034691	100.000298	99.999039	100.012466	100.066879	100.050499	100.015961	100.03862	100.069519	100.054169	100.047852	100.036095	100.030243	100.01683	100.092064	100.036095	100.001564	100.07106	100.028404	100.075981	100.099472	100.066032	100.088135	100.101425	100.013176	100.021156	100.008987	100.067123	99.95443	100.06102	100.079048	100.06926	100.051346	100.022278	100.011086	100.084496	99.99192	100.037094	100.068558	100.091217	100.037933	100.061562	100.062408	99.990952	100.036133	100.013313	100.067879	100.078217	100.071632
1004	99.954765	99.941895	99.986664	99.953773	99.999413	99.948326	99.972511	100.052475	100.02272	100.010872	100.011864	100.009987	100.013565	99.973228	99.968216	99.995132	100.033165	100.031319	99.981079	100.001251	100.043465	100.022438	100.017426	100.00341	100.004425	99.971352	100.048325	100.010559	99.96965	100.053635	100.00312	100.030449	100.068214	100.040314	100.050613	100.054756	99.991692	99.993828	99.973366	100.073112	99.933327	100.031319	100.045753	100.030449	100.037041	99.991829	99.993416	100.059067	99.972092	100.011147	100.038185	100.059067	100.006126	100.025871	100.035896	99.951767	100.004425	99.986542	100.039467	100.042175	100.032722
1005	99.916199	99.912415	99.921844	99.925735	99.961861	99.899055	99.939041	100.005592	99.975151	99.992348	99.982819	99.965652	99.975182	99.940948	99.927612	99.980942	99.984665	99.998009	99.931389	99.948509	99.999886	99.986595	99.973259	99.954224	99.975197	99.92379	99.988441	99.973274	99.931419	100.020851	99.965668	99.971321	100.016998	100.003723	99.988434	99.975082	99.965691	99.971405	99.935226	100.066566	99.920067	99.998009	99.999886	99.971321	100.01326	99.959969	99.988571	100.017021	99.956207	99.980904	99.998001	100.017021	99.967567	99.971329	99.998009	99.914307	99.975197	99.958076	100.007538	99.990372	99.971313
1006	99.875824	99.881561	99.853996	99.896393	99.922554	99.847481	99.904007	99.956505	99.925354	99.972961	99.9524	99.919228	99.934982	99.90715	99.885101	99.966087	99.933884	99.963158	99.879364	99.89328	99.954269	99.949066	99.927017	99.902733	99.944603	99.873993	99.925751	99.934235	99.891403	99.986519	99.926453	99.909439	99.963379	99.965393	99.92334	99.89167	99.938484	99.947929	99.895302	100.059723	99.906181	99.963158	99.951874	99.909439	99.988365	99.926628	99.983505	99.973	99.939575	99.949242	99.955948	99.973	99.927193	99.914246	99.958351	99.875084	99.944603	99.928291	99.974098	99.936119	99.907021
1007	99.869545	99.874031	99.830612	99.899315	99.911308	99.832268	99.898636	99.933609	99.918076	99.965271	99.943916	99.899132	99.933548	99.902145	99.872375	99.967834	99.916695	99.945343	99.870224	99.86911	99.937805	99.930801	99.908974	99.886208	99.93454	99.869049	99.895607	99.930748	99.875679	99.976273	99.916695	99.887138	99.939934	99.947685	99.898636	99.855713	99.935226	99.951393	99.89135	100.06189	99.917847	99.961235	99.93383	99.893211	99.987526	99.924416	99.99176	99.958679	99.939468	99.938057	99.954414	99.967087	99.915764	99.892776	99.93644	99.863472	99.93454	99.920464	99.971329	99.909225	99.883614
1008	99.923073	99.907516	99.885727	99.958588	99.949463	99.881134	99.945297	99.957184	99.985344	99.978287	99.974045	99.925659	99.999924	99.947639	99.912117	99.998528	99.958755	99.957878	99.936356	99.899963	99.972824	99.94677	99.940781	99.931313	99.960663	99.942703	99.923317	99.98951	99.902916	100.00843	99.958755	99.934792	99.969955	99.966568	99.945297	99.903885	99.973953	100.001839	99.950424	100.079712	99.973778	100.016953	99.968742	99.957367	100.028755	99.97673	100.023018	99.996704	99.968224	99.963005	100.023804	100.027969	99.955276	99.934265	99.946251	99.900482	99.960663	99.951286	100.022247	99.930969	99.932449
1009	99.979218	99.942673	99.94355	100.020767	99.989502	99.932381	99.994263	99.981934	100.055901	99.991951	100.005653	99.953514	100.069557	99.995361	99.953819	100.030731	100.002899	99.971046	100.005737	99.932343	100.00956	99.963531	99.974152	99.978645	99.988083	100.019966	99.952408	100.05114	99.931503	100.042168	100.002899	99.984787	100.001465	99.986382	99.994263	99.954407	100.014603	100.054756	100.012398	100.098442	100.032463	100.075401	100.005386	100.024689	100.072014	100.031624	100.055817	100.036606	99.998383	99.989182	100.096603	100.09185	99.99675	99.977806	99.956551	99.939323	99.988083	99.983627	100.075661	99.953773	99.983665
1010	100.030365	99.97628	99.999527	100.077309	100.02916	99.977852	100.038925	100.005188	100.117966	100.007011	100.033905	99.981483	100.129738	100.040924	99.991966	100.059982	100.043022	99.98703	100.069466	99.965424	100.043213	99.983665	100.005554	100.021599	100.01812	100.090706	99.982391	100.106033	99.956787	100.072479	100.041222	100.032356	100.028358	100.007561	100.040016	100.001999	100.052872	100.104652	100.069832	100.11042	100.085152	100.126183	100.042931	100.084618	100.107231	100.082687	100.085327	100.071213	100.027336	100.01413	100.160645	100.146889	100.034462	100.015678	99.971169	99.979561	100.010666	100.013031	100.123718	99.978279	100.028908
1011	100.033798	99.990616	100.027939	100.080505	100.055565	99.971909	100.042557	100.012077	100.105904	100.027466	100.032005	100.002693	100.109818	100.059494	99.995842	100.061417	100.04541	100.01786	100.077881	99.994377	100.046959	100.021172	100.015152	100.023476	100.057808	100.098274	100.010391	100.100433	99.953056	100.071503	100.030014	100.05072	100.016853	100.032104	100.051796	100.01693	100.064957	100.120674	100.080956	100.073799	100.083122	100.111603	100.076424	100.078499	100.078644	100.094116	100.084663	100.060722	100.040176	100.023941	100.148224	100.127373	100.036636	100.005219	100.011086	100.018311	99.99469	100.014702	100.122597	100.007538	100.021469
1012	100.037369	100.00563	100.057732	100.083839	100.083252	99.965675	100.046364	100.019302	100.093224	100.048935	100.030006	100.02494	100.088921	100.078949	99.999893	100.062904	100.04789	100.050179	100.0867	100.024734	100.050865	100.060501	100.025223	100.025414	100.099411	100.106216	100.039742	100.094559	99.949127	100.07045	100.01825	100.069977	100.004768	100.057831	100.064148	100.032578	100.077629	100.137474	100.092628	100.035385	100.080978	100.096283	100.111557	100.072083	100.04866	100.10611	100.083939	100.049713	100.053619	100.03421	100.135185	100.106895	100.038895	99.994263	100.05294	100.05896	99.977905	100.016441	100.121414	100.038216	100.013672
1013	100.041153	100.0214	100.089012	100.087357	100.112328	99.959122	100.050369	100.026878	100.079918	100.07148	100.027916	100.048294	100.066986	100.099411	100.00415	100.064484	100.050507	100.084114	100.095978	100.05661	100.054977	100.101791	100.035797	100.027481	100.143097	100.114548	100.070587	100.088394	99.945015	100.069382	100.005928	100.090195	99.992111	100.084839	100.077118	100.049034	100.090935	100.155113	100.104889	99.995056	100.078735	100.0802	100.148437	100.065361	100.017204	100.118706	100.083183	100.03817	100.067757	100.045029	100.121513	100.085403	100.041306	99.98275	100.096893	100.101639	99.960304	100.018272	100.120186	100.070442	100.005486
1014	100.035919	100.02227	100.089088	100.062195	100.08136	99.962776	100.032295	100.004814	100.063194	100.068916	100.032196	100.032295	100.05426	100.069809	99.985153	100.07383	100.064896	100.07914	100.072922	100.046944	100.067009	100.092789	100.048149	100.028275	100.111748	100.086571	100.07151	100.064789	99.959068	100.061592	100.028191	100.091682	99.967094	100.059578	100.05928	100.029686	100.085159	100.131622	100.098	100.000999	100.064491	100.072327	100.129494	100.069916	100.033699	100.114754	100.071808	100.042938	100.083771	100.04454	100.106934	100.058769	100.026787	99.992874	100.105026	100.086258	99.99147	100.024071	100.091278	100.087166	100.01123
1015	100.029327	100.021324	100.085258	100.032387	100.04158	99.967842	100.010727	99.978104	100.045349	100.063118	100.037445	100.010727	100.042168	100.032745	99.962448	100.084541	100.08136	100.06913	100.044868	100.031685	100.080536	100.077126	100.061241	100.028969	100.06974	100.052895	100.068756	100.03804	99.975967	100.052643	100.055695	100.090912	99.939468	100.026749	100.036873	100.005066	100.076782	100.101997	100.08844	100.012955	100.048157	100.065125	100.102806	100.076065	100.056877	100.108574	100.05864	100.049927	100.10067	100.042633	100.091621	100.030388	100.009552	100.006119	100.109039	100.063004	100.030014	100.030609	100.057709	100.102676	100.018951
1016	100.022415	100.020309	100.081253	100.001122	99.999855	99.973167	99.988083	99.950089	100.026619	100.057045	100.042961	99.988083	100.029457	99.993858	99.938614	100.095787	100.098648	100.058601	100.01545	100.015678	100.094749	100.060715	100.074959	100.029686	100.025642	100.017532	100.065872	100.009964	99.993706	100.043251	100.084557	100.090096	99.910507	99.992279	100.013336	99.97924	100.067986	100.070908	100.078392	100.025497	100.031029	100.057564	100.074806	100.082527	100.081184	100.102089	100.044823	100.057266	100.118423	100.040627	100.075554	100.00061	99.991463	100.020012	100.113258	100.038597	100.070465	100.037476	100.022484	100.11895	100.027061
1017	100.010002	100.003853	100.064613	100.011429	99.979691	99.992142	99.991051	99.953613	100.003853	100.058784	100.028122	99.975647	100.030457	100.003365	99.960945	100.121819	100.095055	100.05571	100.010208	100.00193	100.085892	100.053658	100.086166	100.024239	100.019371	100.008141	100.068916	100.017456	99.997948	100.034355	100.070557	100.079872	99.922333	99.988998	99.9907	99.987076	100.078163	100.04538	100.06057	100.058105	100.039696	100.033119	100.057625	100.084045	100.083969	100.114632	100.055923	100.040245	100.114288	100.045654	100.060638	99.990898	99.993042	100.026344	100.113388	100.046829	100.085068	100.036407	100.016296	100.106064	100.03244
1018	99.994217	99.97831	100.040504	100.045311	99.971199	100.019157	100.00843	99.974915	99.97831	100.064972	100.001572	99.968651	100.039162	100.04026	100.009628	100.156677	100.079681	100.057007	100.01844	99.989159	100.063881	100.051704	100.096176	100.01519	100.034225	100.013138	100.075325	100.045074	99.994698	100.025543	100.032188	100.064133	99.957314	100.00312	99.968063	100.013969	100.099197	100.022423	100.037979	100.102684	100.063026	99.99868	100.046158	100.082802	100.07473	100.13813	100.081238	100.009171	100.097748	100.054718	100.046051	99.992279	100.005676	100.028564	100.111259	100.073517	100.085449	100.030853	100.026283	100.076546	100.036407
1019	99.977684	99.951561	100.015244	100.080826	99.962303	100.047478	100.026665	99.997261	99.951561	100.071457	99.973747	99.961357	100.048317	100.078918	100.060692	100.193253	100.06356	100.05838	100.027069	99.975784	100.04084	100.049675	100.106689	100.005722	100.049805	100.018372	100.082062	100.07402	99.991295	100.016342	99.991989	100.047638	99.993996	100.017967	99.944344	100.042175	100.121262	99.998383	100.014305	100.149429	100.087502	99.962585	100.03418	100.081528	100.065056	100.162781	100.107788	99.976608	100.080444	100.06424	100.030769	99.993744	100.018921	100.030899	100.109016	100.101517	100.085876	100.025047	100.036751	100.045609	100.040558
1020	99.96669	99.939705	99.99086	100.084267	99.954422	100.049744	100.031006	100.009453	99.934097	100.052177	99.95723	99.968468	100.049416	100.089195	100.078323	100.187149	100.040291	100.065376	100.027672	99.96669	100.025764	100.044678	100.103569	100.000702	100.059059	100.016808	100.074997	100.081825	99.987724	100.010857	99.962471	100.038025	100.018417	100.031372	99.93708	100.059761	100.116875	99.980179	99.999298	100.164566	100.101128	99.944427	100.022247	100.072357	100.061867	100.166679	100.098274	99.950203	100.059387	100.061501	100.022438	100.004387	100.032784	100.034698	100.098839	100.099861	100.072884	100.016808	100.04277	100.025764	100.03083
1021	99.964211	99.950363	99.968346	100.039841	99.948235	100.013115	100.014542	100.006248	99.930878	99.994995	99.95797	99.996948	100.038544	100.056885	100.045776	100.117599	100.006866	100.080635	100.016296	99.964211	100.022926	100.035416	100.080177	100.002441	100.058701	100.005188	100.047516	100.057961	99.984016	100.011124	99.949608	100.038925	100.023994	100.042412	99.954536	100.061142	100.073196	99.971153	99.997566	100.132278	100.098297	99.953484	100.01075	100.051712	100.068451	100.13958	100.035286	99.933617	100.033279	100.040604	100.024666	100.028549	100.047287	100.040649	100.077072	100.054077	100.040222	100.005188	100.042046	100.022926	100.000618
1022	99.961624	99.961502	99.944756	99.993317	99.941742	99.974754	99.997314	100.002876	99.92749	99.935112	99.958755	100.026764	100.02713	100.023064	100.011696	100.044777	99.971878	100.096581	100.004372	99.961624	100.019943	100.025688	100.05571	100.004265	100.058327	99.993004	100.018761	100.032959	99.980125	100.011383	99.936119	100.039825	100.029823	100.053955	99.972809	100.062584	100.027451	99.961678	99.99575	100.098465	100.095345	99.962929	99.998695	100.030075	100.075325	100.111214	99.969322	99.916245	100.005951	100.018692	100.027016	100.053833	100.062454	100.046883	100.054276	100.006142	100.006012	99.993004	100.04126	100.019943	99.969002
1023	99.9599	99.969574	99.923973	99.95015	99.932671	99.944061	99.980576	99.996727	99.927902	99.887787	99.958916	100.044884	100.015846	99.99353	99.979263	99.982208	99.942093	100.105408	99.99025	99.957275	100.016823	100.01944	100.039864	100.005508	100.050041	99.981224	99.995491	100.011002	99.970161	100.01001	99.927574	100.038483	100.030365	100.062752	99.985741	100.060799	99.986061	99.957672	99.99189	100.065956	100.087616	99.97187	99.989998	100.010666	100.076294	100.083092	99.913635	99.910507	99.988762	100	100.029442	100.074402	100.072769	100.050446	100.032333	99.964729	99.976715	99.98188	100.037827	100.017143	99.942093
1024	99.962654	99.961502	99.92038	99.93058	99.912704	99.955666	99.969063	99.978226	99.946503	99.909157	99.956123	100.003555	100.006989	99.989685	99.960365	99.979958	99.942604	100.078354	99.967926	99.945236	100.013519	100.030922	100.06839	100.003777	100.00515	99.973419	100.002754	100.007561	99.93264	100.001038	99.944321	100.026466	100.005272	100.056816	99.970673	100.043762	99.972847	99.980637	99.978806	100.045372	100.058319	99.976738	99.99897	100.005379	100.048569	100.06105	99.917168	99.961853	100.023483	100	100.03196	100.068733	100.057838	100.040543	100.018333	99.962082	99.976173	99.977783	100.022102	100.015686	99.942604
1025	99.965546	99.953064	99.916634	99.910095	99.891808	99.967819	99.957039	99.95887	99.965973	99.931526	99.953209	99.960281	99.997726	99.985672	99.940582	99.9776	99.943146	100.050034	99.944557	99.932648	100.010063	100.042953	100.098267	100.001991	99.95816	99.965256	100.010345	100.003967	99.893364	99.991623	99.961868	100.013885	99.979004	100.050613	99.95491	100.02594	99.959015	100.004684	99.965111	100.023819	100.027634	99.98185	100.008369	99.999847	100.019547	100.037979	99.920883	100.015617	100.059845	100	100.034592	100.062813	100.042252	100.030197	100.00367	99.959305	99.975609	99.97348	100.005661	100.014175	99.943146
1026	99.968575	99.944221	99.912689	99.888641	99.869904	99.980553	99.94442	99.938591	99.986389	99.954971	99.95015	99.91494	99.988022	99.981476	99.919853	99.975128	99.94371	100.020363	99.920067	99.919441	100.006447	100.055573	100.12957	100.000092	99.908905	99.956703	100.018326	100.000206	99.852203	99.981781	99.980247	100.000717	99.951477	100.044106	99.938377	100.007263	99.944527	100.029884	99.950768	100.001228	99.995491	99.987206	100.018219	99.994057	99.989143	100.013802	99.924774	100.071953	100.097954	100	100.037361	100.056587	100.025894	100.019333	99.988327	99.95639	99.975029	99.968987	99.988434	100.012573	99.94371
1027	99.928787	99.935036	99.931175	99.877563	99.862152	99.950912	99.94252	99.913696	99.949814	99.932846	99.915237	99.934921	99.981621	99.977104	99.905762	99.959496	99.933174	100.013557	99.918846	99.903885	99.985817	99.992004	100.083603	99.956978	99.926659	99.955292	100.017288	99.966331	99.822418	99.98645	99.932198	99.971947	99.922722	100.040962	99.919304	99.998901	99.938789	99.99826	99.937691	99.915825	99.965546	99.990967	100.007942	99.982391	99.949814	99.990326	99.928978	100.031731	100.038574	99.98317	100.019608	100.051865	100.008705	100.002327	99.989105	99.906654	99.957619	99.913818	99.976006	99.966003	99.94252
1028	99.884674	99.925438	99.951797	99.866631	99.854889	99.917427	99.941185	99.887428	99.908218	99.907021	99.876877	99.959671	99.975121	99.972527	99.891434	99.942375	99.921501	100.007797	99.918976	99.887497	99.963242	99.921074	100.030968	99.909477	99.949196	99.954247	100.015663	99.929161	99.791992	99.992195	99.878067	99.940964	99.892616	100.037872	99.899231	99.990799	99.933311	99.961838	99.924103	99.822906	99.934433	99.994797	99.995987	99.969849	99.908218	99.965843	99.93338	99.983963	99.970749	99.964584	99.999855	100.047005	99.990723	99.984184	99.990868	99.851921	99.938438	99.853195	99.96331	99.91468	99.941185
1029	99.83847	99.915382	99.973404	99.855164	99.84729	99.882355	99.939789	99.859909	99.864647	99.879982	99.836693	99.985603	99.968323	99.967735	99.876419	99.924446	99.909286	100.001778	99.919106	99.870323	99.939606	99.846756	99.975845	99.859726	99.972816	99.953163	100.013969	99.890228	99.760124	99.998215	99.82135	99.908516	99.861076	100.034653	99.878197	99.982292	99.927589	99.923676	99.909882	99.725548	99.901817	99.998825	99.983482	99.956711	99.864647	99.940193	99.938004	99.933922	99.899696	99.945107	99.979156	100.041916	99.97187	99.965195	99.992714	99.794594	99.918335	99.78968	99.950027	99.860901	99.939789
1030	99.790398	99.868744	99.931107	99.864601	99.806374	99.844322	99.915764	99.814728	99.838913	99.833748	99.817589	99.947823	99.940102	99.928009	99.865479	99.890694	99.860397	99.965248	99.9179	99.855629	99.895317	99.810043	99.936287	99.810913	99.95076	99.930954	99.969849	99.876854	99.758957	99.947098	99.798584	99.867157	99.847984	99.978287	99.866997	99.955299	99.900566	99.861191	99.878532	99.728416	99.851242	99.957687	99.953781	99.927925	99.852516	99.904388	99.885529	99.911865	99.861748	99.911224	99.949966	99.995712	99.93557	99.930244	99.97654	99.774231	99.870255	99.75531	99.899933	99.816963	99.909714
1031	99.740295	99.805244	99.860344	99.88324	99.750153	99.804085	99.881432	99.760857	99.820198	99.778122	99.80706	99.881737	99.901978	99.872314	99.856003	99.849335	99.79454	99.914703	99.916084	99.841599	99.841057	99.788513	99.902412	99.761276	99.908554	99.899132	99.906425	99.87413	99.770935	99.870193	99.789787	99.82093	99.842445	99.897736	99.859711	99.919678	99.863739	99.786697	99.83905	99.774338	99.791679	99.896149	99.91597	99.891701	99.853569	99.863312	99.807259	99.901245	99.837036	99.8703	99.916397	99.930687	99.890862	99.887581	99.952209	99.769234	99.808952	99.732574	99.832787	99.776115	99.8666
1032	99.687958	99.738884	99.786377	99.90274	99.691376	99.762032	99.845558	99.704544	99.800644	99.719994	99.796066	99.812683	99.862144	99.814117	99.846115	99.806091	99.725723	99.86187	99.914192	99.82695	99.784348	99.766037	99.86702	99.709412	99.864433	99.865868	99.840126	99.871277	99.783455	99.789818	99.780617	99.772629	99.83667	99.813538	99.852127	99.882469	99.825256	99.708855	99.797791	99.822342	99.729446	99.831841	99.876465	99.853859	99.854691	99.820381	99.725441	99.890167	99.811218	99.827538	99.881317	99.86274	99.844147	99.842995	99.926796	99.764008	99.744888	99.708824	99.762634	99.733444	99.821541
1033	99.684624	99.714317	99.749458	99.90567	99.673698	99.742142	99.817902	99.698166	99.783508	99.712791	99.808632	99.767799	99.822685	99.796959	99.835808	99.804596	99.7117	99.845963	99.891464	99.822601	99.762238	99.755684	99.855133	99.707664	99.829247	99.839844	99.797043	99.875984	99.782417	99.771301	99.80603	99.752739	99.830666	99.774681	99.84639	99.841354	99.81562	99.681023	99.796204	99.85405	99.727753	99.790825	99.865723	99.837227	99.853722	99.811584	99.695648	99.878601	99.802841	99.838554	99.868675	99.818993	99.810585	99.824783	99.904572	99.768463	99.727097	99.723389	99.75592	99.735832	99.812668
1034	99.737617	99.737877	99.755302	99.88961	99.703285	99.747818	99.799828	99.749161	99.769279	99.764122	99.848267	99.750885	99.783882	99.827049	99.825096	99.851089	99.760689	99.872551	99.844971	99.830116	99.779945	99.759338	99.870346	99.763504	99.804489	99.822273	99.780815	99.889359	99.765854	99.823982	99.871071	99.765602	99.824486	99.78804	99.842873	99.796036	99.839188	99.71077	99.840179	99.866913	99.795639	99.776764	99.888138	99.845078	99.850357	99.84201	99.725731	99.866554	99.814537	99.911301	99.881874	99.803261	99.792343	99.83699	99.886177	99.783997	99.762527	99.781898	99.822136	99.790001	99.845444
1035	99.793098	99.762543	99.761406	99.872795	99.734245	99.753738	99.780899	99.802528	99.754379	99.817841	99.889748	99.73317	99.743233	99.858543	99.813873	99.899742	99.811966	99.900375	99.79628	99.837975	99.798485	99.763176	99.886276	99.821953	99.778557	99.803871	99.763802	99.903351	99.748489	99.879112	99.939163	99.77906	99.817986	99.802032	99.839172	99.748558	99.863861	99.741913	99.886208	99.880379	99.866707	99.762032	99.911591	99.853287	99.84684	99.873856	99.757225	99.853935	99.826775	99.98745	99.895691	99.786781	99.773232	99.849747	99.866905	99.800262	99.799629	99.843155	99.891449	99.84671	99.879745
1036	99.844582	99.792778	99.786293	99.874229	99.763748	99.770477	99.787514	99.853653	99.760323	99.868103	99.928368	99.734352	99.733261	99.892235	99.824867	99.948944	99.866402	99.92775	99.777832	99.850594	99.829659	99.785683	99.904236	99.885139	99.776611	99.803688	99.773064	99.923584	99.753723	99.936943	99.995239	99.801849	99.819221	99.834557	99.853157	99.723465	99.893463	99.782616	99.930206	99.900063	99.924065	99.782883	99.952141	99.870552	99.851204	99.91893	99.800125	99.863449	99.854996	100.043976	99.921883	99.791077	99.776611	99.866264	99.86026	99.827209	99.853287	99.897003	99.948807	99.900063	99.922493
1037	99.878288	99.837708	99.868347	99.933449	99.78566	99.819878	99.874565	99.89254	99.831841	99.902344	99.954041	99.795349	99.821541	99.929512	99.905319	99.994972	99.925438	99.950928	99.857208	99.876976	99.897781	99.865227	99.926872	99.957016	99.850998	99.861298	99.864738	99.961571	99.830055	99.997589	100.007538	99.851959	99.844917	99.922661	99.921837	99.771782	99.935715	99.849686	99.963379	99.937515	99.932274	99.91452	100.042931	99.914795	99.880089	100.001526	99.875053	99.942299	99.931175	100.032555	99.984673	99.860802	99.850998	99.893005	99.894318	99.885353	99.954254	99.921974	99.962532	99.937515	99.987762
1038	99.913574	99.884758	99.954231	99.995438	99.808624	99.871597	99.965675	99.933228	99.906715	99.938187	99.980934	99.8592	99.913963	99.968529	99.989532	100.043144	99.987236	99.975197	99.940292	99.904594	99.969116	99.948509	99.950584	100.032257	99.928848	99.921585	99.960724	100.00135	99.909958	100.061073	100.020424	99.904419	99.87178	100.0149	99.993721	99.822372	99.97998	99.919884	99.998108	99.97673	99.940857	100.052307	100.13797	99.96109	99.910332	100.08799	99.953468	100.024834	100.010895	100.020599	100.050392	99.9338	99.928848	99.921021	99.929985	99.946205	100.059952	99.948105	99.976921	99.97673	100.056122
1039	99.949287	99.93203	100.042259	100.05735	99.833389	99.923256	100.058174	99.974167	99.982819	99.97435	100.007965	99.923576	100.00695	100.007523	100.074471	100.091148	100.048958	99.999878	100.023437	99.93203	100.042511	100.031456	99.973473	100.106918	100.007889	99.981865	100.056221	100.041321	99.990662	100.124313	100.032463	99.957115	99.89843	100.106743	100.065628	99.874504	100.023743	99.990913	100.03228	100.015472	99.948334	100.190178	100.232361	100.008156	99.941826	100.173889	100.0326	100.106857	100.091263	100.007645	100.116409	100.007393	100.006638	99.949036	99.966209	100.007523	100.166428	99.974037	99.989708	100.015221	100.124619
1040	99.934921	99.898705	100.053772	99.997414	99.888359	99.873779	100.032822	99.947037	99.966499	99.955208	99.989525	99.887405	99.945953	99.970459	100.028191	100.039902	99.988838	99.994553	99.949486	99.898705	100.064682	99.941727	99.917076	100.013474	99.986801	99.925652	99.948402	100.012947	99.950577	100.055145	99.985298	99.918999	99.864388	100.005302	100.000549	99.89312	99.963097	99.961479	99.977127	99.959969	99.894073	100.066582	100.117645	99.997688	99.967178	100.071213	99.990746	100.01075	100.045334	99.975906	100.068352	99.965004	99.932335	99.924034	99.95752	99.970459	100.103485	99.941597	99.909729	99.949081	100.068756
1041	99.919922	99.863914	100.065804	99.934875	99.945679	99.822174	100.006355	99.918724	99.949493	99.935219	99.970261	99.849663	99.882317	99.931793	99.979912	99.986435	99.926125	99.989006	99.872345	99.863914	100.087799	99.848129	99.858269	99.915985	99.964783	99.86702	99.83593	99.983337	99.908775	99.982994	99.936096	99.879211	99.828873	99.899498	99.932655	99.912544	99.899834	99.930771	99.919601	99.902084	99.837471	99.93766	99.997971	99.986778	99.993622	99.964104	99.947098	99.910507	99.997429	99.942795	100.018227	99.920807	99.85482	99.897934	99.948441	99.931793	100.037804	99.90773	99.826309	99.880089	100.010475
1042	99.904289	99.827614	100.078354	99.869621	100.005569	99.768295	99.978745	99.889191	99.931732	99.914368	99.950188	99.810265	99.815887	99.891441	99.929504	99.930634	99.860664	99.983208	99.791809	99.827614	100.111938	99.750412	99.796852	99.814224	99.941795	99.805809	99.718513	99.952431	99.865128	99.907684	99.884727	99.837708	99.791801	99.789032	99.861786	99.932823	99.833794	99.898705	99.859543	99.841629	99.778381	99.803047	99.873016	99.97538	100.021255	99.852303	99.901512	99.80584	99.947418	99.908218	99.965881	99.874641	99.773903	99.870712	99.938995	99.891441	99.969246	99.872391	99.739204	99.808052	99.949661
1043	99.892433	99.855309	100.05072	99.894218	100.036453	99.804787	99.9748	99.939842	99.913116	99.894806	99.931427	99.791679	99.832474	99.876396	99.92437	99.981018	99.85334	99.949951	99.780052	99.8032	100.096428	99.770508	99.823219	99.836906	99.956284	99.830101	99.731613	99.954109	99.876106	99.919533	99.935211	99.882614	99.814156	99.800362	99.882797	99.940399	99.875702	99.905937	99.871475	99.880333	99.777702	99.78231	99.864677	99.992912	99.998032	99.855415	99.899139	99.827751	99.942688	99.930969	99.98819	99.862602	99.809334	99.878456	99.944946	99.905846	99.951942	99.867134	99.713768	99.834648	99.969879
1044	99.88121	99.901352	100.011208	99.944077	100.060562	99.867081	99.977112	100.014008	99.893654	99.874901	99.912399	99.778084	99.872154	99.867676	99.93132	100.061951	99.861542	99.908081	99.786545	99.781158	100.069603	99.82328	99.874306	99.894135	99.981415	99.878464	99.780563	99.964661	99.902275	99.955437	100.015083	99.95253	99.853409	99.8451	99.929474	99.944832	99.94838	99.92408	99.903351	99.947319	99.792839	99.791763	99.887672	100.018921	99.96019	99.889824	99.908417	99.884766	99.950066	99.970055	100.031517	99.859383	99.877541	99.895966	99.955292	99.935623	99.947899	99.869843	99.704163	99.888908	100.012764
1045	99.869415	99.949593	99.969818	99.996323	100.085815	99.932365	99.979546	100.091743	99.873238	99.85405	99.892456	99.76384	99.913734	99.858566	99.938599	100.146797	99.870148	99.864212	99.793343	99.758057	100.041534	99.878578	99.927841	99.954117	100.007759	99.929131	99.831848	99.975723	99.929695	99.993065	100.098801	100.025795	99.894539	99.891983	99.978394	99.949471	100.024536	99.9431	99.936745	100.017487	99.808723	99.801666	99.911766	100.046143	99.920532	99.925873	99.918137	99.944504	99.957794	100.011017	100.076912	99.85601	99.949028	99.914322	99.966141	99.96682	99.943687	99.872681	99.694099	99.945793	100.057724
1046	99.836349	99.951347	99.943909	100.017891	100.058052	99.939781	99.950691	100.089249	99.876495	99.851624	99.8909	99.782433	99.952209	99.868408	99.911423	100.165627	99.851402	99.860344	99.823463	99.760399	100.036446	99.877365	99.943909	99.976868	100.002197	99.929962	99.870163	99.98037	99.918396	99.994102	100.111298	100.039711	99.929077	99.915108	100	99.92646	100.030983	99.94915	99.977081	100.040375	99.846581	99.836769	99.897011	100.046692	99.919258	99.946327	99.921455	99.940872	99.927551	99.999786	100.09993	99.871895	99.978615	99.912727	99.92865	99.933235	99.920151	99.900269	99.703232	99.914696	100.041901
1047	99.78598	99.916008	99.930214	100.01519	99.987709	99.90107	99.896637	100.022736	99.898651	99.863884	99.904045	99.827423	99.988518	99.893517	99.856499	100.131943	99.810722	99.888374	99.872475	99.783096	100.049713	99.831039	99.930214	99.970123	99.971092	99.891029	99.898407	99.979935	99.876091	99.96595	100.067055	100.006332	99.958633	99.919456	100	99.881226	99.98185	99.944908	100.023285	100.025703	99.902336	99.892303	99.85112	100.02594	99.948593	99.954468	99.919701	99.886612	99.866776	99.946831	100.10527	99.903313	99.975029	99.89521	99.852325	99.847664	99.880997	99.947891	99.72776	99.813133	99.97744
1048	99.733337	99.879051	99.915878	100.012329	99.914177	99.860588	99.840149	99.953171	99.921822	99.876701	99.917778	99.874451	100.026474	99.919754	99.79908	100.096725	99.768188	99.917686	99.923714	99.806824	100.063583	99.7826	99.915878	99.963066	99.938576	99.850319	99.927948	99.979469	99.831848	99.936508	100.020805	99.971451	99.989548	99.923996	100	99.833931	99.930473	99.940475	100.071594	100.010345	99.960648	99.950386	99.803139	100.004234	99.979279	99.96299	99.917877	99.82988	99.80323	99.891479	100.110863	99.936142	99.971275	99.876892	99.772507	99.758186	99.840057	99.997658	99.753418	99.706955	99.910027
1049	99.724159	99.839417	99.885056	99.999107	99.860168	99.81501	99.788086	99.894165	99.907425	99.88343	99.904915	99.885056	100.041077	99.937042	99.778015	100.037003	99.739929	99.922226	99.940933	99.830727	100.042709	99.759544	99.902145	99.956879	99.903526	99.807945	99.936142	99.940285	99.815437	99.927452	99.978119	99.944122	99.976311	99.910599	99.985191	99.816559	99.864304	99.931351	100.076462	99.981773	99.978363	99.984962	99.750916	99.99749	99.986336	99.942329	99.898972	99.794678	99.760925	99.865623	100.077843	99.947777	99.948021	99.855621	99.741737	99.700233	99.807701	100.00985	99.773697	99.662346	99.85334
1050	99.801628	99.796242	99.822868	99.965843	99.847343	99.761368	99.747185	99.858765	99.819107	99.877731	99.839798	99.822868	100.008682	99.935753	99.829994	99.931389	99.74128	99.877426	99.889862	99.853859	99.953819	99.787865	99.890175	99.952682	99.864983	99.76413	99.901596	99.826042	99.854866	99.959206	99.944427	99.933014	99.876114	99.862244	99.941673	99.859352	99.77179	99.913322	99.994919	99.928215	99.914749	99.971352	99.692635	100.020691	99.946159	99.864685	99.847038	99.803787	99.762688	99.899445	99.969742	99.916786	99.887123	99.829391	99.809586	99.707413	99.7938	99.946884	99.782379	99.741867	99.820419
1051	99.882324	99.751289	99.75811	99.931183	99.833977	99.705505	99.704597	99.821877	99.727104	99.87178	99.77198	99.75811	99.974915	99.934418	99.884125	99.821365	99.742668	99.83075	99.83667	99.877945	99.861237	99.817375	99.877693	99.948296	99.824837	99.718491	99.865601	99.707039	99.895958	99.992287	99.909332	99.921417	99.771729	99.811852	99.896347	99.903923	99.675407	99.894547	99.909966	99.872421	99.848495	99.957169	99.631943	100.044868	99.90432	99.783821	99.792953	99.813271	99.764526	99.934669	99.857124	99.884506	99.823692	99.802071	99.880264	99.71489	99.77932	99.881294	99.791412	99.824699	99.78614
1052	99.965576	99.721756	99.708382	99.899078	99.828499	99.663719	99.669106	99.793671	99.650345	99.880722	99.722214	99.706154	99.944633	99.924576	99.928581	99.729362	99.752586	99.796791	99.791893	99.908424	99.782959	99.849487	99.871819	99.949959	99.792786	99.685158	99.82988	99.607018	99.930801	100.021889	99.88298	99.915138	99.686043	99.772682	99.858894	99.951294	99.598969	99.874535	99.83744	99.820503	99.796341	99.954857	99.590477	100.070534	99.872719	99.716431	99.743256	99.823608	99.77491	99.9683	99.763748	99.86422	99.778481	99.778519	99.939743	99.728027	99.771347	99.829834	99.801292	99.897308	99.75975
1053	100.046303	99.811417	99.780045	99.893372	99.881485	99.734428	99.693878	99.835289	99.703041	99.995026	99.815407	99.760056	99.946983	99.855667	99.891624	99.790863	99.821663	99.863266	99.819305	99.977295	99.827888	99.892303	99.915115	99.994934	99.827301	99.749237	99.804985	99.669418	99.911613	100.018822	99.926521	99.94873	99.757233	99.824471	99.887726	100.006912	99.685982	99.850601	99.87291	99.809563	99.859276	100.038887	99.698555	100.100388	99.923111	99.763466	99.73774	99.837532	99.84446	99.981781	99.833061	99.935692	99.876419	99.787918	99.903023	99.778862	99.812492	99.893486	99.814728	99.877396	99.797096
1054	100.130554	99.905006	99.854836	99.887428	99.936798	99.80822	99.719742	99.878731	99.758049	100.114357	99.912704	99.816307	99.94944	99.783722	99.853058	99.855034	99.893753	99.932648	99.847916	100.049171	99.874779	99.936996	99.960297	100.041878	99.863327	99.816116	99.778984	99.73455	99.891579	100.015602	99.971947	99.98381	99.831535	99.878532	99.917831	100.06498	99.776825	99.8256	99.909943	99.798149	99.92495	100.126602	99.811378	100.131538	99.975716	99.812576	99.731979	99.852074	99.917053	99.995865	99.905403	100.010284	99.978676	99.797752	99.864708	99.831924	99.855415	99.959915	99.828758	99.856613	99.836067
1055	100.218597	100.002777	99.932983	99.881187	99.994591	99.885323	99.746765	99.924126	99.815544	100.239037	100.014351	99.875107	99.952003	99.708572	99.812767	99.922089	99.969078	100.00515	99.877815	100.12429	99.92379	99.983696	100.007523	100.090935	99.900955	99.886009	99.751839	99.802605	99.870644	100.012253	100.019432	100.020447	99.909157	99.93502	99.949303	100.125648	99.871727	99.7995	99.948616	99.786217	99.993568	100.218262	99.929276	100.164101	100.03067	99.863869	99.72596	99.867256	99.992905	100.010559	99.980995	100.088226	100.085518	99.808022	99.824677	99.88736	99.900284	100.029327	99.843422	99.834892	99.876801
1056	100.138557	99.988106	99.942551	99.88166	99.975929	99.89727	99.792404	99.916611	99.807007	100.204178	99.890259	99.861023	99.930664	99.77462	99.853294	99.878792	99.941261	99.984673	99.861023	100.048004	99.889114	99.932823	99.970917	100.025223	99.868179	99.883522	99.792404	99.82235	99.866035	99.991554	99.98996	99.976212	99.956024	99.976944	99.906593	100.10302	99.871346	99.803284	99.968483	99.815163	99.931229	100.19014	99.925354	100.105179	100.039993	99.924492	99.750839	99.838539	99.965614	99.939964	99.970642	100.049294	100.035545	99.860168	99.872337	99.825066	99.926651	99.926514	99.855438	99.843262	99.943558
1057	100.037178	99.960747	99.945114	99.882851	99.948296	99.902687	99.841881	99.903114	99.791023	100.150726	99.736824	99.838516	99.905869	99.858543	99.904152	99.821861	99.90123	99.953362	99.838516	99.952324	99.844017	99.869362	99.923805	99.944511	99.8265	99.873138	99.841881	99.837669	99.863014	99.968132	99.951035	99.921494	100.001457	100.018982	99.854164	100.070511	99.860687	99.81044	99.987106	99.849693	99.852264	100.147987	99.90818	100.034012	100.044754	99.988571	99.780037	99.803902	99.926132	99.857323	99.950607	99.996216	99.966675	99.918922	99.931374	99.747559	99.952065	99.800987	99.86763	99.855179	100.015808
1058	99.931129	99.932121	99.9478	99.884094	99.919388	99.908371	99.893669	99.888992	99.774315	100.094818	99.576324	99.815002	99.879936	99.946358	99.957382	99.762321	99.85936	99.920616	99.815002	99.852234	99.79686	99.802994	99.874535	99.860077	99.782898	99.862305	99.893669	99.853714	99.85984	99.943649	99.910316	99.864265	100.049004	100.062981	99.799324	100.036499	99.849564	99.81794	100.006615	99.885818	99.769661	100.103889	99.890221	99.959557	100.049744	100.055626	99.810585	99.7677	99.884834	99.770889	99.92968	99.940704	99.894638	99.9804	99.993141	99.666489	99.978691	99.669678	99.880424	99.867683	100.091408
1059	99.926521	99.913414	99.973053	99.851921	99.959145	99.95076	99.919983	99.90789	99.804596	100.078186	99.590576	99.866081	99.872475	99.999123	99.962738	99.792519	99.866005	99.903175	99.821297	99.856728	99.845627	99.831619	99.848244	99.852959	99.815788	99.935013	99.93116	99.901428	99.890228	100.010406	99.932114	99.871597	100.137924	100.094986	99.890404	100.014854	99.930367	99.856728	99.993431	99.993683	99.767342	100.024055	99.90789	99.937637	100.018547	100.075386	99.895912	99.80835	99.883675	99.800919	99.919006	99.919006	99.875275	100.0028	100.038208	99.699455	100.003754	99.686424	99.947067	99.878082	100.114487
1060	99.970428	99.898994	100.00975	99.802933	100.032822	100.011803	99.934708	99.943092	99.858147	100.079979	99.68895	99.954208	99.873688	100.036415	99.945305	99.866524	99.896095	99.892662	99.842087	99.911476	99.941566	99.906525	99.832336	99.882751	99.886185	100.049576	99.962753	99.965485	99.937447	100.122559	99.984444	99.910103	100.248848	100.122032	100.05368	99.998634	100.057266	99.911476	99.964264	100.138618	99.803452	99.925125	99.943092	99.940338	99.969223	100.072968	100.009583	99.886871	99.901726	99.88755	99.913002	99.913002	99.880699	100.006996	100.076401	99.78791	100.028717	99.774567	100.041183	99.887718	100.112961
1061	100.016403	99.883896	100.048157	99.751656	100.109955	100.075706	99.95015	99.97995	99.914207	100.081863	99.791962	100.046471	99.874969	100.075447	99.927048	99.944008	99.927597	99.881668	99.863831	99.968788	100.042007	99.984947	99.815681	99.91394	99.959877	100.169525	99.995819	100.032555	99.986893	100.239983	100.039246	99.950424	100.364998	100.15036	100.22464	99.981628	100.190117	99.968788	99.933746	100.290359	99.841278	99.821556	99.97995	99.943192	99.91761	100.07045	100.128593	99.969055	99.920639	99.978249	99.906731	99.906731	99.886391	100.011406	100.116386	99.880516	100.054848	99.866859	100.13974	99.897804	100.111389
1062	100.062477	99.870277	100.067734	99.764137	100.147339	100.05809	99.972549	100.022659	99.960655	100.08168	99.87738	100.072983	99.886757	100.093582	99.91214	100.021065	99.944183	99.868217	99.890869	99.995888	100.089455	100.040268	99.841698	99.944641	99.995888	100.20636	99.997482	100.057426	100.038681	100.249359	100.096558	99.996819	100.401749	100.128342	100.277733	99.955612	100.254868	100.028847	99.947159	100.302658	99.899582	99.810127	100.018547	99.960655	99.933678	100.086258	100.158295	100.020134	99.950829	100.029984	99.929085	99.920853	99.884239	100.038681	100.141617	99.946701	100.078026	99.938927	100.172722	99.916725	100.08075
1063	100.108231	99.858505	100.064781	99.852097	100.137283	99.943977	100.003014	100.071976	99.995277	100.079048	99.941223	100.021339	99.910858	100.086769	99.901314	100.096962	99.942932	99.851959	99.92395	99.986908	100.073685	100.067795	99.91806	99.974472	99.986908	100.144363	99.961914	100.032059	100.092781	100.13063	100.156403	100.049988	100.34407	100.046852	100.190689	99.919113	100.238335	100.091599	100.01255	100.149605	99.981659	99.907982	100.058899	99.995277	100.029823	100.12368	100.081932	100.03389	99.994102	100.035072	99.985199	99.959023	99.872787	100.092781	100.149216	99.981018	100.097504	99.986382	100.127731	99.945946	100.015976
1064	100.156067	99.84623	100.061714	99.944061	100.126793	99.824699	100.034859	100.12355	100.031487	100.076294	100.007973	99.967354	99.936081	100.079666	99.889984	100.176331	99.941635	99.834991	99.958542	99.977539	100.057205	100.096558	99.997894	100.005661	99.977539	100.079559	99.924736	100.005554	100.149361	100.0065	100.218948	100.105598	100.283813	99.961678	100.099716	99.880959	100.221046	100.157234	100.080933	99.989601	100.067497	100.0103	100.101089	100.031487	100.130371	100.162804	100.002098	100.048279	100.03936	100.040413	100.043884	99.998947	99.860817	100.149361	100.157143	100.016907	100.117859	100.035988	100.080719	99.976494	99.948242
1065	100.218071	99.884209	100.12487	100.041489	100.168839	99.764084	100.08503	100.187042	100.086235	100.102356	100.079002	99.977325	99.996307	100.098732	99.899986	100.237488	99.971733	99.894638	100.045456	99.997932	100.074936	100.131416	100.074158	100.047943	99.999146	100.074509	99.928169	100.026146	100.22049	99.935852	100.267319	100.157616	100.250755	99.925758	100.051567	99.889458	100.217293	100.249901	100.180138	99.88266	100.145134	100.134186	100.162033	100.08744	100.216087	100.221695	99.991043	100.057259	100.103569	100.067696	100.119698	100.073303	99.890671	100.205994	100.187042	100.060448	100.163246	100.102356	100.085808	100.03743	99.964394
1066	100.317398	100.071381	100.383415	100.146614	100.366676	99.887161	100.186325	100.280975	100.192299	100.213501	100.156471	100.180664	100.157372	100.195587	99.973747	100.237671	100.094368	100.18158	100.283386	100.106903	100.194992	100.181541	100.132576	100.120041	100.112877	100.251427	100.054657	100.187828	100.329338	100.034058	100.268127	100.194077	100.30336	100.042709	100.137962	100.038841	100.25499	100.416245	100.363983	99.946571	100.190796	100.31234	100.274406	100.198273	100.249016	100.335312	100.189934	100.048973	100.219467	100.159142	100.240669	100.245453	100.044807	100.257668	100.280975	100.123322	100.28038	100.213501	100.248734	100.185135	100.233826
1067	100.420929	100.266518	100.652908	100.256203	100.572906	100.01545	100.291916	100.378891	100.302849	100.329353	100.237228	100.392624	100.325272	100.296532	100.050629	100.237862	100.222206	100.480675	100.531403	100.22049	100.320122	100.233795	100.193474	100.195183	100.23143	100.435844	100.186501	100.356377	100.442818	100.136421	100.268959	100.232079	100.358185	100.164627	100.228012	100.19455	100.294281	100.589622	100.555634	100.013199	100.238403	100.498047	100.391556	100.313797	100.283348	100.453743	100.39724	100.040329	100.340286	100.254486	100.366783	100.424911	100.20549	100.311539	100.378891	100.188866	100.402489	100.329353	100.418564	100.339111	100.514671
1068	100.515045	100.454079	100.910057	100.360893	100.767311	100.138977	100.391022	100.470673	100.406433	100.439835	100.315567	100.597511	100.485847	100.393356	100.125435	100.231705	100.346413	100.76474	100.765678	100.327942	100.440552	100.286392	100.249695	100.270035	100.343826	100.611748	100.31675	100.515984	100.550102	100.238968	100.264633	100.266502	100.407372	100.284279	100.310898	100.34523	100.331223	100.75238	100.73954	100.079193	100.283112	100.673653	100.499855	100.423943	100.312065	100.563408	100.596107	100.027779	100.457359	100.346161	100.488197	100.592827	100.360176	100.360641	100.469269	100.253212	100.515984	100.436798	100.5774	100.483749	100.779686
1069	100.328209	100.321541	100.685333	100.271942	100.544945	100.055908	100.267365	100.353577	100.27298	100.342323	100.276199	100.477768	100.353912	100.32016	100.092529	100.094948	100.287437	100.486862	100.507988	100.213181	100.358162	100.301895	100.158653	100.275146	100.229355	100.457001	100.302589	100.349335	100.434509	100.258621	100.153717	100.195946	100.294098	100.254379	100.170601	100.261047	100.287094	100.549873	100.602325	100.075638	100.227974	100.484787	100.327858	100.326134	100.196991	100.392601	100.446091	99.942604	100.395462	100.282158	100.406715	100.372169	100.256111	100.26667	100.321892	100.237846	100.349335	100.273682	100.366547	100.306389	100.481926
1070	100.134148	100.183891	100.451935	100.179588	100.313972	99.96965	100.138939	100.231949	100.134399	100.241028	100.235298	100.353409	100.216881	100.244125	100.058342	99.952911	100.226212	100.198257	100.240326	100.093994	100.272583	100.318001	100.064087	100.280464	100.110481	100.296272	100.287888	100.176239	100.314438	100.27903	100.038506	100.122665	100.176476	100.223328	100.024887	100.173607	100.241264	100.339554	100.459824	100.071976	100.170723	100.28862	100.149216	100.224533	100.077477	100.21521	100.290283	99.854149	100.331177	100.215675	100.32209	100.143013	100.148026	100.169052	100.168823	100.221893	100.176239	100.104263	100.14756	100.1222	100.172676
1071	99.932457	100.040794	100.209335	100.083565	100.073898	99.879974	100.005432	100.105522	99.990326	100.135742	100.192749	100.224136	100.074448	100.165108	100.02282	99.805275	100.162529	99.898254	99.962135	99.970078	100.18364	100.334755	99.965797	100.285995	99.9869	100.129196	100.272583	99.996323	100.189636	100.300255	99.918747	100.046494	100.054192	100.191048	99.873421	100.082695	100.193619	100.120941	100.311684	100.068138	100.111214	100.084724	99.963531	100.118912	99.953255	100.03083	100.128342	99.762215	100.264336	100.146568	100.234116	99.904808	100.035652	100.067589	100.009712	100.205299	99.996323	99.928177	99.919922	99.93074	99.851212
1072	99.92408	100.039421	100.113144	100.108589	100.007462	99.961227	100.063179	100.058807	99.996986	100.079636	100.157021	100.107216	100.046883	100.122795	100.057266	99.804268	100.113853	99.837044	99.869804	100.033424	100.095284	100.31105	99.962036	100.232933	99.956841	100.138367	100.215828	100.054993	100.12207	100.285744	99.986526	99.989616	100.052086	100.12133	99.872734	100.108589	100.174858	100.0811	100.237404	100.09967	100.165131	100.046883	99.927071	100.053612	99.985062	100.102592	100.098206	99.707588	100.207642	100.123528	100.191261	99.916626	99.990349	100.029037	99.956108	100.214279	99.992546	99.933006	99.956047	99.941925	99.83477
1073	99.955322	100.0672	100.044563	100.159264	99.975037	100.079895	100.161888	100.02726	100.034904	100.032188	100.121727	99.989716	100.042259	100.086914	100.10704	99.833488	100.066994	99.823418	99.81337	100.137039	100.004723	100.278381	99.977669	100.166405	99.945267	100.184128	100.148987	100.164413	100.064484	100.263489	100.09478	99.935196	100.074661	100.042046	99.903114	100.159264	100.161568	100.077057	100.176346	100.139328	100.243881	100.042259	99.92041	99.994858	100.049911	100.229111	100.09446	99.659225	100.151512	100.10936	100.156548	99.980286	99.957634	100.002396	99.922813	100.22879	100.02494	99.975243	100.047478	99.995178	99.880783
1074	99.987656	100.095978	99.97361	100.211678	99.941513	100.202667	100.264015	99.994621	100.074135	99.983078	100.085213	99.868149	100.037453	100.049805	100.158569	99.863716	100.018501	99.809334	99.754944	100.244247	99.910988	100.244568	99.99382	100.097549	99.933273	100.231461	100.079849	100.277603	100.004913	100.240471	100.206795	99.878891	100.098022	99.960014	99.934547	100.211678	100.147804	100.072884	100.113205	100.180374	100.325348	100.037453	99.913521	99.934074	100.116982	100.359978	100.090584	99.609177	100.093437	100.094696	100.120636	100.046143	99.923782	99.974861	99.888382	100.243774	100.058495	100.018951	100.14212	100.050285	99.928368
1075	100.045883	100.139999	100.016464	100.298035	100.00901	100.238434	100.320793	100.101959	100.125488	99.999207	100.11451	99.929008	100.050201	100.089027	100.1698	99.937241	100.05294	99.949791	99.828224	100.34864	99.990173	100.287453	100.05294	100.107452	100.001953	100.340782	100.096466	100.360001	100.059601	100.23452	100.305496	99.926262	100.154129	99.994904	99.988228	100.255692	100.179604	100.142738	100.153717	100.258446	100.40667	100.117256	99.934502	100.043907	100.197258	100.429024	100.090195	99.694489	100.156853	100.125488	100.154129	100.139214	100.005089	99.98156	99.951355	100.326668	100.11451	100.060776	100.212166	100.11097	100.019989
1076	100.121368	100.194405	100.131516	100.407219	100.141144	100.22023	100.350105	100.299026	100.185349	100.056564	100.185623	100.105431	100.074135	100.176834	100.155975	100.039253	100.140038	100.189735	99.985428	100.453079	100.179291	100.379204	100.140038	100.166954	100.122467	100.490967	100.167213	100.424515	100.186989	100.239166	100.397614	100.039528	100.231758	100.103798	100.056824	100.295189	100.24054	100.260307	100.260033	100.361084	100.489319	100.251518	99.973351	100.262764	100.287224	100.46048	100.091995	99.866257	100.297653	100.185349	100.231758	100.250969	100.160072	100.00988	100.076591	100.453629	100.185623	100.102142	100.267998	100.176285	100.140854
1077	100.199913	100.251007	100.251244	100.520813	100.278603	100.201271	100.380615	100.504066	100.24762	100.116241	100.259628	100.289001	100.099052	100.268196	100.141586	100.145409	100.230667	100.439384	100.149002	100.561737	100.376068	100.47467	100.230667	100.228859	100.247849	100.647224	100.240837	100.491646	100.319542	100.244019	100.493454	100.157394	100.312531	100.217102	100.12822	100.336288	100.30394	100.382652	100.370644	100.467888	100.575325	100.39122	100.013794	100.490501	100.380814	100.493225	100.093857	100.044975	100.444153	100.24762	100.312531	100.367249	100.32135	100.039337	100.206902	100.585724	100.259628	100.145195	100.326096	100.244232	100.266609
1078	100.203583	100.229309	100.270081	100.550499	100.290802	100.178787	100.349129	100.561157	100.266937	100.127983	100.266006	100.314011	100.099754	100.287643	100.101326	100.137733	100.234314	100.502838	100.175987	100.536072	100.424728	100.462982	100.246857	100.24781	100.272598	100.648369	100.231812	100.473022	100.349129	100.233688	100.482132	100.14933	100.305855	100.274452	100.109497	100.298325	100.256599	100.404015	100.359787	100.46048	100.553635	100.448242	100.030746	100.558662	100.407455	100.476471	100.09317	100.117943	100.498108	100.269447	100.320885	100.362305	100.353203	100.017258	100.29203	100.569328	100.258484	100.101959	100.323402	100.249374	100.301765
1079	100.097847	100.093636	100.141235	100.457047	100.119766	100.151596	100.227776	100.401054	100.223091	100.069511	100.173546	100.106956	100.065063	100.201645	100.024155	99.963982	100.110901	100.293076	100.002922	100.314758	100.256111	100.295052	100.154053	100.203621	100.149872	100.423004	100.102272	100.329567	100.227776	100.201401	100.314522	99.957565	100.171555	100.248978	99.959541	100.14566	100.048515	100.277557	100.171791	100.286423	100.37516	100.383316	100.013077	100.392426	100.335754	100.387764	100.088753	100.035004	100.415871	100.23172	100.223328	100.180412	100.195465	99.920357	100.309387	100.336472	100.147652	99.93367	100.231956	100.162682	100.203857
1080	99.988281	99.953079	100.007713	100.360191	99.942558	100.123444	100.102005	100.235153	100.177673	100.008904	100.077713	99.892395	100.029144	100.112518	99.944168	99.783928	99.983032	100.075722	99.823586	100.085426	100.081375	100.121033	100.057892	100.157845	100.022697	100.189438	99.968048	100.180908	100.102005	100.167953	100.140854	99.758842	100.032402	100.222588	99.804161	99.98748	99.832893	100.146523	99.976967	100.106064	100.190231	100.316071	99.994751	100.220177	100.261436	100.295845	100.084175	99.94902	100.330643	100.192627	100.122238	99.991943	100.031998	99.819931	100.327385	100.095139	100.032791	99.759254	100.137199	100.072861	100.102402
1081	99.896355	99.829025	99.922089	100.260963	99.80896	100.087395	99.993225	100.090096	100.138596	99.971809	100.005409	99.736343	100.005409	100.040375	99.895126	99.679962	99.882935	99.895004	99.705437	99.911255	99.958389	99.970329	99.968987	100.121132	99.909775	100.008118	99.869522	100.063255	100.002693	100.118294	100.00676	99.630112	99.927376	100.180206	99.701378	99.853271	99.675774	100.044426	99.860291	99.954208	100.048492	100.238052	99.981155	100.08345	100.192383	100.224754	100.068573	99.880234	100.236702	100.154709	100.044426	99.843918	99.893646	99.725388	100.34182	99.892288	99.944855	99.632698	100.060562	99.991867	100.017487
1082	99.881851	99.78138	100.029694	100.162766	99.857071	100.02478	99.961105	100.040352	100.128082	100.028992	100.031136	99.821686	100.031136	100.041046	99.970268	99.879669	99.90023	99.874062	99.835114	99.967438	100.047386	99.925018	99.917244	100.123123	99.863464	100.046692	99.918625	100.077118	100.015572	100.01136	100.03891	99.784157	99.964615	100.080696	99.811768	99.825249	99.760124	100.064384	100.056549	99.927834	100.087723	100.126694	99.987259	100.097641	100.150726	100.24128	100.012054	99.884674	100.118896	100.125252	100.064384	99.866989	99.86628	99.663231	100.341049	99.858505	99.969574	99.703529	100.061569	99.953323	100.004974
1083	99.866852	99.73214	100.140892	100.061295	99.906776	99.960068	99.927879	99.988922	100.11718	100.088081	100.057693	99.909859	100.057693	100.041725	100.047913	100.08606	99.918098	99.852417	99.969109	100.025513	100.139359	99.878181	99.863747	100.125183	99.815598	100.086548	99.96936	100.091431	100.028847	99.900833	100.072121	99.943352	100.003098	99.977844	99.925842	99.796265	99.847275	100.084999	100.259377	99.900581	100.128281	100.011574	99.993568	100.112305	100.107658	100.258347	99.953636	99.889259	99.997162	100.09478	100.084999	99.8908	99.837997	99.598984	100.340248	99.823563	99.99511	99.776711	100.062599	99.913467	99.99202
1084	99.850739	99.681442	100.254013	99.956825	99.956825	99.893913	99.894295	99.936424	100.106171	100.147545	100.083748	99.999702	100.084343	100.041153	100.127014	100.295845	99.935974	99.830421	100.105629	100.083969	100.231598	99.829277	99.809502	100.127159	99.767662	100.127159	100.021217	100.10601	100.041451	99.788353	100.105034	100.105713	100.042137	99.871948	100.041451	99.766609	99.936272	100.104668	100.464081	99.873749	100.168396	99.894073	99.999626	100.126411	100.063744	100.275246	99.892792	99.893242	99.872246	100.063583	100.106087	99.914238	99.808899	99.534653	100.337456	99.787369	100.020172	99.851646	100.062454	99.873154	99.978111
1085	99.780907	99.649223	100.2043	99.888741	99.888741	99.892166	99.926216	99.942108	100.114647	100.062393	99.98407	99.97274	100.038567	99.927322	100.10215	100.19294	99.901237	99.84108	100.066948	100.004517	100.07373	99.738884	99.846764	100.115776	99.858131	100.115776	100.021568	100.101021	99.954559	99.832001	100.012459	100.073769	100.015877	99.802467	99.954559	99.762749	99.928482	99.978386	100.229218	99.965973	100.049911	99.905769	99.965927	100.047646	100.07151	100.225876	99.78997	99.830849	99.829712	100.057877	100.107834	99.831978	99.792267	99.654953	100.161133	99.743439	99.926193	99.862648	99.955704	99.911476	99.917122
1086	99.708733	99.615952	100.152946	99.818382	99.818382	99.89035	99.959229	99.94799	100.123421	99.974403	99.881073	99.944893	99.991287	99.809669	100.076462	100.086594	99.865326	99.852112	100.026993	99.922394	99.910591	99.645462	99.885292	100.104019	99.951645	100.104019	100.021919	100.095856	99.864761	99.877129	99.916771	100.040771	99.988762	99.730659	99.864761	99.758766	99.920425	99.847893	99.986504	100.061287	99.927467	99.9179	99.931122	99.966255	100.079559	100.174881	99.683708	99.766373	99.785767	100.05201	100.10965	99.746964	99.775085	99.779305	99.97892	99.698044	99.829063	99.874046	99.845367	99.95108	99.854095
1087	99.634094	99.58152	100.099815	99.745613	99.745613	99.888481	99.993355	99.954056	100.132477	99.8834	99.774536	99.916077	99.94236	99.687988	100.049889	99.976608	99.828186	99.863518	99.985634	99.837479	99.741867	99.548843	99.92511	100.09185	100.048325	100.09185	100.022301	100.09053	99.771889	99.923775	99.817833	100.00663	99.960686	99.656387	99.771889	99.754646	99.912102	99.712944	99.735497	100.159851	99.800842	99.93042	99.895111	99.882088	100.087868	100.122116	99.573814	99.699684	99.740303	100.045921	100.111519	99.65905	99.757294	99.907867	99.790466	99.651085	99.728607	99.885826	99.73127	99.992035	99.788902
1088	99.844238	99.650017	100.004623	99.774132	99.785591	99.858154	100.017181	99.989082	100.084282	99.846962	99.813965	99.915154	100.069534	99.746315	99.936432	99.948982	99.841782	99.898514	99.925789	99.824593	99.785851	99.70211	99.960716	100.067642	100.17675	100.090553	100.028358	100.061905	99.762405	99.909157	99.807686	99.994263	99.920349	99.6091	99.88269	99.716583	99.869331	99.683029	99.648659	100.204025	99.893883	99.93779	99.898254	99.846962	100.090553	100.078835	99.661751	99.797585	99.842873	100.148369	100.101746	99.712212	99.88269	99.857597	99.84259	99.740845	99.740028	99.944077	99.79731	100.074471	99.802223
1089	100.129143	99.745369	99.897003	99.828232	99.854218	99.820152	100.038971	100.032021	100.020912	99.823151	99.890182	99.921097	100.242889	99.850258	99.79908	99.941063	99.868156	99.940109	99.860077	99.829185	99.883217	99.920288	99.996033	100.039925	100.315796	100.091896	100.035965	100.026939	99.773247	99.879089	99.819199	99.987015	99.876091	99.567429	100.046112	99.669304	99.817154	99.678337	99.600388	100.235771	100.043091	99.944061	99.911102	99.823151	100.091896	100.036919	99.800354	99.938202	99.984154	100.279823	100.088898	99.801308	100.046112	99.762154	99.955154	99.866264	99.779282	100.015045	99.909195	100.168907	99.83522
1090	100.4226	99.843582	99.78614	99.883965	99.924919	99.781021	100.061432	100.076225	99.955635	99.798653	99.968712	99.927193	100.421455	99.957344	99.657593	99.932892	99.89534	99.982933	99.792389	99.833908	99.983505	100.145042	100.032425	100.011375	100.459	100.093285	100.0438	99.990906	99.784416	99.848129	99.831062	99.97953	99.830505	99.524498	100.214432	99.620613	99.763397	99.673508	99.550667	100.268471	100.196793	99.950508	99.924347	99.798653	100.093285	99.993752	99.943123	100.083038	100.129677	100.415207	100.075653	99.893066	100.214432	99.663857	100.071098	99.995445	99.819687	100.088165	100.024452	100.266182	99.869179
1091	100.4132	99.836639	99.870613	99.819687	99.916618	99.799553	99.998787	100.044998	99.965118	99.850258	100.027046	99.906502	100.433556	99.936852	99.602417	99.910995	99.936943	99.936852	99.862686	99.920113	100.059723	100.227501	100.123962	100.072159	100.357986	100.022446	100.042786	100.066551	99.832222	99.86599	99.847961	100.034973	99.79274	99.548409	100.220695	99.629471	99.834534	99.727486	99.639702	100.189117	100.246643	100.002304	100.019241	99.791626	100.031471	99.994385	100.027046	100.173462	100.180199	100.423431	100.08448	99.969627	100.184608	99.666664	100.127281	100.038292	99.920113	100.163361	99.994286	100.248848	99.886246
1092	100.201477	99.759392	100.086273	99.674744	99.855476	99.856773	99.878807	99.963135	100.024628	99.953171	100.072418	99.867714	100.334564	99.831001	99.604431	99.879784	99.988571	99.831001	100.025764	100.061485	100.120529	100.215637	100.253151	100.193115	100.092995	99.902794	100.035881	100.217422	99.904884	99.916634	99.868355	100.132927	99.759888	99.617157	100.118759	99.676849	99.989716	99.821213	99.822182	100.034264	100.227547	100.084816	100.169464	99.796257	99.926926	100.024292	100.072418	100.228355	100.167679	100.346802	100.108147	100.03669	100.022194	99.737045	100.144028	100.023804	100.061485	100.240585	99.86673	100.154793	99.892166
1093	99.983795	99.68	100.307976	99.525742	99.792625	99.915588	99.755463	99.87899	100.085793	100.05896	100.119041	99.827858	100.232788	99.722198	99.606499	99.847679	100.041641	99.722198	100.19339	100.206818	100.18306	100.203453	100.385956	100.317474	99.820587	99.77977	100.028778	100.372528	99.979599	99.968704	99.88932	100.233635	99.726112	99.687836	100.013962	99.725563	100.149239	99.917564	100.009773	99.875076	100.207924	100.169632	100.323906	99.80101	99.819458	100.055061	100.119041	100.284782	100.154831	100.268021	100.132462	100.105629	99.855232	99.80941	100.161255	100.008949	100.206818	100.319992	99.735603	100.058128	99.89827
1094	99.890396	99.729126	100.477913	99.506851	99.871223	99.960281	99.724442	99.910164	100.180145	100.145271	100.211105	99.831642	100.207176	99.734703	99.669632	99.90699	100.083351	99.741051	100.308052	100.304863	100.218353	100.231781	100.442276	100.362083	99.817177	99.831512	100.081696	100.423241	100.065842	100.063446	99.94278	100.349274	99.790283	99.757805	99.985657	99.810959	100.249306	100.016632	100.173805	99.835564	100.225449	100.275444	100.44696	99.834808	99.82048	100.1119	100.207939	100.342163	100.169876	100.250069	100.192085	100.188911	99.82682	99.880867	100.210358	99.98732	100.25412	100.378708	99.772766	100.072945	99.961815
1095	99.982628	99.967537	100.568092	99.680901	100.157677	99.983223	99.830612	100.111458	100.321877	100.201118	100.368675	99.899994	100.294724	99.926529	99.821938	100.100494	100.107483	99.948471	100.34214	100.331161	100.212692	100.31958	100.384369	100.287857	100.211952	100.140907	100.222466	100.318512	100.167572	100.219559	100.043312	100.484863	99.998184	99.825439	100.071045	99.949089	100.259506	100.117874	100.299919	99.973938	100.297615	100.410309	100.521301	99.910973	99.982025	100.206291	100.357712	100.399933	100.22596	100.322487	100.302818	100.291824	100.003967	99.949699	100.30571	99.956093	100.15551	100.405716	100.058258	100.252495	100.109184
1096	100.076675	100.210632	100.660049	99.858376	100.449753	100.006615	99.938881	100.316704	100.46637	100.258049	100.529335	99.969673	100.383995	100.122093	99.977226	100.297775	100.132095	100.159981	100.376907	100.357971	100.206932	100.409081	100.325325	100.212158	100.614487	100.456367	100.365982	100.2117	100.271286	100.378777	100.145805	100.623093	100.210167	99.894386	100.158119	100.089935	100.269913	100.221107	100.428482	100.115013	100.371216	100.547813	100.597069	99.988625	100.146744	100.302551	100.510406	100.458824	100.283142	100.396309	100.415718	100.396767	100.184616	100.019875	100.402924	99.924255	100.054955	100.433258	100.349365	100.435577	100.259445
1097	100.13131	100.338158	100.682449	99.967537	100.642105	100.009933	99.992836	100.441406	100.511864	100.269447	100.625351	100.027016	100.419533	100.245834	100.096085	100.402435	100.139847	100.263977	100.356964	100.329971	100.175072	100.455078	100.259506	100.112511	100.855812	100.65715	100.441406	100.117958	100.308075	100.490639	100.219154	100.690987	100.341919	99.94429	100.198654	100.164818	100.273193	100.266014	100.490311	100.200363	100.377144	100.611671	100.572372	100.02668	100.264633	100.357292	100.579544	100.468422	100.289619	100.419533	100.476959	100.458488	100.282776	100.072495	100.475586	99.903915	99.945648	100.429787	100.520393	100.527237	100.338509
1098	100.036308	100.029305	100.44558	99.816711	100.452782	99.938515	99.842049	100.259659	100.187408	100.111214	100.475655	100.034973	100.253616	100.09549	100.072433	100.15715	100.084541	99.962906	100.135399	100.100418	100.048401	100.336838	100.172661	99.930191	100.484375	100.42025	100.259659	100.078491	100.094368	100.420059	100.179863	100.493828	100.167938	99.920364	100.064102	99.990532	100.24984	100.091919	100.300705	100.073746	100.131813	100.398491	100.17662	99.915627	100.201607	100.254761	100.334564	100.29467	100.107597	100.253616	100.342903	100.356125	100.069023	100.056747	100.452591	99.927544	99.810661	100.311508	100.235641	100.274239	100.148643
1099	99.940994	99.719353	100.207916	99.665382	100.26281	99.866875	99.690758	100.077309	99.861855	99.952431	100.325478	100.042984	100.087128	99.944649	100.048721	99.911026	100.029037	99.660805	99.913086	99.870079	99.92131	100.218201	100.085533	99.747261	100.111641	100.182533	100.077309	100.038872	99.879906	100.349274	100.140427	100.295975	99.993362	99.896393	99.929085	99.815643	100.226448	99.917206	100.110474	99.946709	99.885635	100.18457	99.779503	99.804207	100.138382	100.151871	100.088753	100.120308	99.92498	100.087128	100.208374	100.253426	99.854523	100.040939	100.42955	99.951279	99.675201	100.192818	99.949905	100.020363	99.958145
1100	99.849632	99.417976	99.976112	99.521606	100.077316	99.797562	99.547897	99.901184	99.547729	99.800491	100.179565	100.049805	99.924034	99.802902	100.025429	99.674545	99.977837	99.367485	99.701187	99.647041	99.798256	100.104462	100.004128	99.572998	99.748085	99.951706	99.901352	100.002579	99.67247	100.278877	100.104462	100.10463	99.823532	99.873009	99.798088	99.646355	100.202751	99.750153	99.927994	99.827484	99.650482	99.977646	99.39325	99.699287	100.080254	100.05394	99.854103	99.949646	99.749641	99.927139	100.079575	100.154305	99.647911	100.028168	100.406563	99.973694	99.546173	100.081635	99.674187	99.773514	99.776283
1101	99.953278	99.553993	100.047745	99.745003	100.124969	99.845566	99.811043	100.036583	99.802917	99.983749	100.250938	100.002014	99.940048	100.097534	100.025391	99.913651	100.129044	99.519455	99.995956	99.790718	99.87809	100.231659	100.195084	99.820183	99.85981	100.071121	100.044701	100.121925	99.816109	100.238739	100.231659	100.239777	99.895355	99.881126	99.869949	99.758209	100.170685	99.957352	100.127014	100.082314	99.953293	100.120903	99.561104	99.906555	100.263153	100.197098	100.164604	99.973587	99.932968	100.086365	100.230644	100.233673	99.831367	100.155464	100.390121	99.933945	99.729759	100.328171	99.8974	99.885201	100.015259
1102	100.056633	99.689651	100.119225	99.967827	100.172493	99.893448	100.073532	100.171623	100.057457	100.16655	100.322151	99.954346	99.956032	100.391449	100.025352	100.152168	100.279869	99.671051	100.289986	99.934029	99.957718	100.358498	100.385544	100.066757	99.971237	100.190231	100.187698	100.240967	99.959389	100.198723	100.358498	100.374557	99.967018	99.889236	99.94165	99.869774	100.13868	100.164009	100.325516	100.336502	100.25531	100.263802	99.728554	100.113274	100.44558	100.33989	100.474312	99.997459	100.115814	100.245201	100.38134	100.312843	100.014343	100.28241	100.373734	99.894318	99.912872	100.574097	100.120041	99.996605	100.253639
1103	100.159729	99.824959	100.190475	100.190063	100.219872	99.941193	100.335312	100.30632	100.31134	100.348869	100.39315	99.906769	99.971947	100.684586	100.02533	100.390053	100.430298	99.82225	100.583252	100.07695	100.037125	100.485016	100.575516	100.312698	100.082375	100.309029	100.330292	100.359703	100.102295	100.158775	100.485016	100.509003	100.038467	99.897293	100.013123	99.981041	100.106743	100.370148	100.523506	100.590027	100.556549	100.406311	99.895546	100.319466	100.627541	100.482307	100.783218	100.021271	100.298187	100.40361	100.531639	100.391808	100.196854	100.409019	100.357391	99.854752	100.095512	100.819382	100.342094	100.107719	100.491394
1104	100.278831	99.915047	100.342789	100.244347	100.276825	100.151382	100.439751	100.46122	100.434242	100.426758	100.41925	100.218323	100.143883	100.783035	100.232841	100.489723	100.579643	100.018951	100.728561	100.255814	100.095451	100.447754	100.684097	100.434242	100.320778	100.539162	100.499191	100.569641	100.241852	100.292816	100.642624	100.570168	100.36824	100.055931	100.089943	100.233826	100.236343	100.568642	100.614639	100.592171	100.736046	100.548172	100.100418	100.486198	100.701584	100.649094	100.811539	100.141891	100.46122	100.554672	100.65361	100.458229	100.289825	100.496201	100.499191	100.051437	100.306793	100.84301	100.530663	100.352249	100.635109
1105	100.397636	99.993454	100.506783	100.263535	100.334023	100.38781	100.509712	100.615601	100.52742	100.481522	100.435616	100.592384	100.341919	100.839783	100.475655	100.558876	100.724426	100.219002	100.840118	100.436638	100.147842	100.378906	100.773254	100.52742	100.577606	100.784752	100.668381	100.791634	100.376656	100.457619	100.801788	100.614914	100.739876	100.239983	100.165543	100.507462	100.394356	100.759827	100.681793	100.544106	100.886024	100.685738	100.306854	100.64019	100.751923	100.815872	100.783051	100.27832	100.615601	100.699844	100.766373	100.520195	100.362206	100.572968	100.668381	100.289474	100.517609	100.821724	100.707039	100.616287	100.755867
1106	100.51265	100.069389	100.665581	100.282112	100.389397	100.616753	100.577461	100.765083	100.617638	100.534546	100.451454	100.954582	100.533661	100.894714	100.710785	100.625847	100.864616	100.412689	100.948128	100.611725	100.198578	100.312218	100.859573	100.617638	100.826279	101.022568	100.832199	101.006592	100.507179	100.617195	100.955902	100.658264	101.099731	100.418175	100.238739	100.772415	100.547348	100.944946	100.746811	100.497559	101.031219	100.818954	100.506721	100.789284	100.800667	100.977364	100.755463	100.410393	100.765083	100.840424	100.875542	100.5802	100.432289	100.647308	100.832199	100.519989	100.721741	100.801109	100.877831	100.871933	100.872818
1107	100.559166	100.084541	100.681244	100.23011	100.375832	100.601234	100.568481	100.794029	100.516594	100.535622	100.436935	100.962997	100.639114	100.82209	100.742294	100.535416	100.817398	100.389801	100.873718	100.582458	100.263214	100.324287	100.742088	100.549553	100.840935	100.977066	100.751518	100.925323	100.436737	100.667206	100.878403	100.638947	101.085129	100.356842	100.333748	100.775101	100.516685	100.836014	100.747063	100.451019	101.014793	100.864563	100.540283	100.770462	100.728119	100.92543	100.676476	100.418091	100.831696	100.831566	100.916267	100.62027	100.465179	100.606003	100.779762	100.511978	100.709328	100.770546	100.850281	100.873779	100.775002
1108	100.567841	100.067352	100.621643	100.143799	100.327026	100.459167	100.519966	100.758888	100.320648	100.509598	100.407288	100.786827	100.694725	100.686432	100.666321	100.367249	100.674782	100.255203	100.707832	100.448158	100.332115	100.376808	100.523972	100.402199	100.73304	100.786186	100.547279	100.693619	100.264946	100.657867	100.683884	100.587952	100.876198	100.173653	100.435707	100.641106	100.391815	100.579033	100.713577	100.406662	100.914978	100.862457	100.485657	100.665054	100.595787	100.764801	100.574402	100.360695	100.852081	100.745331	100.919434	100.648132	100.47718	100.506416	100.617172	100.380173	100.584778	100.736221	100.720749	100.743401	100.569939
1109	100.575935	100.051323	100.566086	100.06337	100.281525	100.326775	100.474762	100.726128	100.138069	100.485336	100.379654	100.622665	100.746536	100.56002	100.59552	100.210533	100.541916	100.129768	100.553223	100.323013	100.396309	100.425735	100.320724	100.264893	100.632515	100.608322	100.356964	100.477722	100.104858	100.649139	100.502647	100.540436	100.681534	100.002945	100.53067	100.516251	100.275467	100.339577	100.682343	100.365318	100.82196	100.860504	100.434753	100.566841	100.472473	100.61512	100.479279	100.307175	100.871071	100.66497	100.922379	100.674072	100.488373	100.413605	100.465668	100.257347	100.468704	100.704239	100.600037	100.621925	100.378845
1110	100.457718	100.000404	100.460258	100.032715	100.259575	100.209335	100.420998	100.677635	100.089058	100.394615	100.275383	100.51049	100.693024	100.409607	100.513649	100.163757	100.418259	100.024261	100.400528	100.235939	100.394211	100.373718	100.208923	100.143723	100.513863	100.492546	100.238892	100.372902	100.077034	100.570633	100.391045	100.486649	100.504997	99.960747	100.584778	100.468292	100.229607	100.220749	100.656532	100.316536	100.710747	100.788414	100.367401	100.448227	100.382187	100.513435	100.44149	100.295242	100.782707	100.59111	100.886559	100.624237	100.510071	100.358116	100.370148	100.196899	100.385139	100.630142	100.542999	100.534348	100.3041
1111	100.208839	99.913895	100.303902	100.055519	100.263092	100.110733	100.359596	100.613739	100.182747	100.235893	100.092674	100.456261	100.529396	100.23764	100.422165	100.234589	100.307587	99.942551	100.253822	100.191391	100.321983	100.216202	100.196854	100.042725	100.379135	100.445534	100.200363	100.388405	100.189949	100.42025	100.356079	100.427605	100.352242	100.055672	100.594208	100.502991	100.259575	100.232681	100.637093	100.261177	100.58316	100.64399	100.284386	100.311111	100.329185	100.465218	100.465378	100.327591	100.583015	100.526031	100.810577	100.495468	100.542358	100.343582	100.336395	100.204041	100.338158	100.51339	100.554832	100.484909	100.354469
1112	99.987198	99.836853	100.164665	100.075851	100.266251	100.022949	100.304916	100.556839	100.26622	100.094536	99.929924	100.407967	100.383667	100.084511	100.340698	100.297714	100.20903	99.869766	100.123146	100.151741	100.257668	100.075912	100.186089	99.952797	100.259125	100.403664	100.166061	100.402222	100.290535	100.286331	100.324928	100.375046	100.216187	100.140251	100.6026	100.53389	100.286255	100.243332	100.619804	100.211868	100.469543	100.515343	100.210449	100.188995	100.281998	100.422272	100.486671	100.3564	100.405159	100.468086	100.742928	100.380791	100.571106	100.330666	100.306335	100.210419	100.296318	100.409409	100.565384	100.440887	100.399338
1113	99.864616	99.828178	100.071266	100.116264	100.235771	100.004196	100.283585	100.498985	100.317108	100.027534	99.834129	100.389778	100.2967	100.012955	100.289452	100.331665	100.145432	99.876122	100.059547	100.142479	100.232658	100.010063	100.200653	99.944511	100.2108	100.392677	100.141098	100.402954	100.360741	100.219559	100.314156	100.353409	100.15696	100.209412	100.616707	100.533913	100.335884	100.266121	100.592079	100.226715	100.414482	100.43634	100.19622	100.153984	100.263214	100.426064	100.487343	100.381088	100.301041	100.442139	100.695297	100.341675	100.590561	100.328705	100.303947	100.265968	100.295189	100.3592	100.587593	100.421783	100.450829
1114	99.951302	99.973175	100.070335	100.206993	100.125626	100.139473	100.33519	100.432098	100.300613	100.120651	99.878136	100.437508	100.33213	100.117371	100.300385	100.303909	100.153351	100.062309	100.139938	100.200859	100.293556	100.104652	100.274254	100.119949	100.318718	100.450203	100.134315	100.374245	100.37072	100.296616	100.348114	100.399162	100.264374	100.252151	100.645432	100.464104	100.443359	100.319183	100.537476	100.388565	100.485252	100.460075	100.315414	100.31189	100.306488	100.536049	100.441513	100.399399	100.351189	100.485481	100.687317	100.468765	100.591347	100.351418	100.363876	100.439598	100.385979	100.424561	100.638855	100.456795	100.52359
1115	100.024582	100.095734	100.069519	100.283691	100.032486	100.253845	100.378815	100.375542	100.286659	100.199387	99.915375	100.477859	100.362083	100.205627	100.309624	100.280426	100.160042	100.219711	100.207916	100.250229	100.345024	100.184647	100.336502	100.268257	100.409958	100.498856	100.128571	100.34996	100.379143	100.361763	100.376846	100.437843	100.355186	100.288284	100.669739	100.405075	100.534264	100.364052	100.491318	100.525414	100.545097	100.480179	100.416199	100.445381	100.343063	100.629044	100.402771	100.414894	100.393555	100.522148	100.680565	100.576233	100.592018	100.370621	100.414551	100.586403	100.462769	100.479828	100.682198	100.486389	100.585106
1116	100.075401	100.181198	100.069283	100.33139	99.963142	100.333443	100.401352	100.321495	100.26963	100.254951	99.948463	100.498291	100.377823	100.276138	100.315033	100.253914	100.162804	100.336182	100.258377	100.283966	100.381935	100.245407	100.378845	100.377129	100.472366	100.523544	100.120476	100.325607	100.377823	100.415756	100.398674	100.462814	100.425636	100.31675	100.679222	100.352905	100.591469	100.39798	100.450882	100.621178	100.586044	100.491501	100.496292	100.548851	100.367592	100.693893	100.366226	100.421181	100.428368	100.549194	100.661789	100.650536	100.587753	100.392212	100.459442	100.693893	100.519142	100.514694	100.709595	100.517128	100.627007
1117	99.994537	100.050911	100.073662	100.18557	100.013115	100.21048	100.267517	100.219009	100.203278	100.178574	99.988419	100.369812	100.288727	100.282181	100.293983	100.166115	100.134407	100.243698	100.220093	100.223816	100.33857	100.216171	100.301186	100.280418	100.361954	100.36937	100.081085	100.268845	100.288727	100.441956	100.388184	100.399544	100.408508	100.314751	100.570465	100.293312	100.426422	100.37986	100.408081	100.479973	100.513855	100.440636	100.498787	100.52282	100.318001	100.595161	100.301407	100.354507	100.441727	100.526978	100.512543	100.529358	100.53463	100.463165	100.511894	100.595161	100.469269	100.415276	100.632324	100.598228	100.550568
1118	99.928818	99.945068	100.077202	100.067093	100.053719	100.11058	100.158798	100.135719	100.149345	100.116516	100.020859	100.265419	100.216339	100.287071	100.276863	100.094772	100.111351	100.168564	100.189003	100.174942	100.303314	100.192406	100.238083	100.201836	100.272224	100.244102	100.04908	100.222717	100.216339	100.463234	100.379654	100.348129	100.394592	100.313103	100.482094	100.244888	100.292328	100.365158	100.373283	100.365242	100.4552	100.399315	100.500786	100.501671	100.277733	100.514946	100.248741	100.300362	100.452576	100.508904	100.391266	100.430916	100.49144	100.520775	100.554504	100.514946	100.428734	100.334511	100.569519	100.664101	100.488472
1119	99.87439	99.857368	100.080147	99.968925	100.087334	100.027802	100.068703	100.066734	100.104675	100.065102	100.047752	100.178932	100.156357	100.29113	100.26268	100.035652	100.092247	100.106308	100.163246	100.134445	100.274132	100.172722	100.185814	100.136734	100.197899	100.140335	100.022575	100.184502	100.156357	100.480865	100.372589	100.305519	100.383064	100.311745	100.408897	100.204765	100.181221	100.352951	100.344452	100.270203	100.406609	100.365082	100.502457	100.484131	100.244354	100.448486	100.205101	100.255478	100.461563	100.493958	100.29081	100.349365	100.455681	100.568535	100.589798	100.448486	100.395157	100.267586	100.517509	100.718689	100.437035
1120	99.884903	99.912758	100.108162	99.986786	100.084007	100.025764	100.07473	100.082397	100.095604	100.082397	100.058022	100.17173	100.130653	100.249687	100.237869	100.06546	100.112106	100.108376	100.175453	100.17128	100.254585	100.176834	100.21653	100.204468	100.215363	100.161064	100.071732	100.196114	100.225113	100.380791	100.31189	100.327682	100.336243	100.318871	100.384987	100.232063	100.204918	100.383141	100.37664	100.235321	100.382439	100.399864	100.467834	100.475266	100.283585	100.44162	100.275482	100.300308	100.480148	100.50219	100.337669	100.394524	100.453224	100.549057	100.56205	100.444176	100.472977	100.317024	100.515198	100.646523	100.483635
1121	99.898979	99.970154	100.133194	100.011154	100.078178	100.030876	100.087761	100.102325	100.091187	100.102325	100.065025	100.172493	100.112465	100.211929	100.216652	100.097336	100.13163	100.115479	100.188652	100.207939	100.239372	100.182213	100.248672	100.271103	100.237381	100.188507	100.11834	100.209793	100.292252	100.288948	100.25766	100.351273	100.294945	100.325409	100.369553	100.260094	100.235664	100.411438	100.40815	100.211784	100.3647	100.434158	100.43644	100.468735	100.321831	100.441017	100.342705	100.344559	100.496185	100.510895	100.388428	100.442162	100.45401	100.527466	100.534035	100.445869	100.546051	100.367271	100.517464	100.576759	100.530037
1122	99.910492	100.017105	100.153687	100.03109	100.073395	100.035057	100.098404	100.118652	100.087563	100.118652	100.070763	100.173103	100.097588	100.181023	100.19928	100.123405	100.147614	100.121269	100.199448	100.23793	100.226929	100.186607	100.274956	100.32563	100.255379	100.210937	100.156471	100.220993	100.347183	100.213799	100.213287	100.37056	100.261162	100.33075	100.356926	100.283028	100.260803	100.434578	100.433922	100.192535	100.350166	100.462219	100.410721	100.463379	100.353111	100.440506	100.397697	100.380753	100.509277	100.518013	100.429962	100.481125	100.454666	100.509789	100.511101	100.44725	100.605843	100.408401	100.519325	100.519669	100.568008
1123	99.936348	100.059937	100.171265	100.066628	100.121178	100.051544	100.15094	100.125763	100.120987	100.154427	100.100067	100.193695	100.136719	100.228378	100.191139	100.156578	100.170609	100.158951	100.247589	100.253021	100.237488	100.214615	100.304565	100.349022	100.307129	100.256439	100.206612	100.258598	100.366066	100.240898	100.227974	100.362846	100.323059	100.352898	100.345802	100.323318	100.322868	100.439629	100.439629	100.240257	100.364754	100.470901	100.38961	100.474777	100.387169	100.44416	100.42646	100.413933	100.526108	100.520744	100.445663	100.480415	100.484673	100.504341	100.5149	100.458382	100.618896	100.443695	100.522255	100.523949	100.580276
1124	99.963264	100.096336	100.185844	100.102402	100.178589	100.069641	100.209404	100.129318	100.16124	100.191559	100.132729	100.217628	100.186958	100.292984	100.186691	100.187805	100.192894	100.201393	100.300858	100.261902	100.253532	100.24614	100.331535	100.360397	100.36248	100.303162	100.25415	100.299393	100.37204	100.294792	100.25827	100.348152	100.405548	100.377274	100.336502	100.363815	100.388206	100.438759	100.438759	100.301826	100.386116	100.472847	100.372398	100.489716	100.4179	100.448586	100.443985	100.442169	100.541985	100.521851	100.451866	100.468102	100.519669	100.503174	100.526108	100.471031	100.616585	100.472977	100.525131	100.545753	100.583473
1125	99.985596	100.126526	100.197937	100.13208	100.226212	100.084663	100.257889	100.132248	100.194633	100.222374	100.159821	100.237488	100.22863	100.346565	100.183014	100.213692	100.211357	100.236595	100.345055	100.269272	100.266838	100.272301	100.353912	100.369835	100.408401	100.341927	100.293587	100.333237	100.377014	100.339493	100.283394	100.33593	100.473991	100.397507	100.328766	100.397408	100.442421	100.438049	100.438049	100.352921	100.403854	100.474457	100.358131	100.502098	100.44339	100.452271	100.458527	100.465599	100.555168	100.522781	100.457001	100.457893	100.548721	100.50219	100.535393	100.481522	100.61467	100.497261	100.527527	100.56385	100.586128
1126	100.001823	100.130966	100.155022	100.140404	100.201035	100.094543	100.228203	100.109421	100.177422	100.2211	100.156403	100.217461	100.209686	100.331406	100.165749	100.188408	100.204933	100.221718	100.306389	100.262009	100.256821	100.260971	100.327148	100.334763	100.376282	100.310806	100.280441	100.318756	100.340736	100.324646	100.269447	100.311241	100.443413	100.361931	100.308716	100.383469	100.422394	100.398613	100.396873	100.382339	100.392113	100.435188	100.335968	100.447655	100.438988	100.417374	100.445747	100.447296	100.51857	100.492371	100.433716	100.421692	100.511658	100.466766	100.498161	100.458382	100.559235	100.462357	100.496605	100.533989	100.532852
1127	100.013557	100.118103	100.076462	100.134254	100.127922	100.100777	100.147095	100.069977	100.126884	100.198471	100.132706	100.171341	100.150772	100.270721	100.139854	100.129616	100.182022	100.173775	100.213448	100.245216	100.231506	100.224937	100.268295	100.270882	100.292908	100.233879	100.232544	100.272415	100.277878	100.270439	100.229813	100.278831	100.347565	100.290047	100.280968	100.338188	100.353386	100.334343	100.329796	100.396553	100.361023	100.369667	100.309135	100.349998	100.414764	100.357643	100.415077	100.401665	100.44973	100.441833	100.392082	100.369072	100.431458	100.409248	100.430855	100.413383	100.469482	100.38884	100.444267	100.472878	100.443611
1128	100.023666	100.107063	100.008942	100.128983	100.065086	100.10614	100.077377	100.036049	100.083458	100.179016	100.112358	100.131699	100.100136	100.218582	100.117622	100.079094	100.162354	100.132576	100.13356	100.230766	100.209724	100.193962	100.217712	100.215958	100.221268	100.16774	100.191353	100.23259	100.223854	100.223839	100.195732	100.250984	100.26516	100.228264	100.257111	100.299263	100.294052	100.279129	100.27211	100.408791	100.33432	100.313354	100.286064	100.266037	100.393967	100.30632	100.388718	100.362434	100.390564	100.398407	100.356277	100.323845	100.362503	100.359833	100.373009	100.37471	100.392357	100.325645	100.399292	100.420357	100.366913
1129	100.033989	100.100708	99.98291	100.117432	100.03775	100.103317	100.037064	100.028679	100.062813	100.16378	100.095543	100.098145	100.077507	100.183426	100.103889	100.057396	100.148247	100.112701	100.091171	100.212143	100.18792	100.169205	100.188126	100.184952	100.180351	100.134232	100.174583	100.205444	100.188019	100.1912	100.177193	100.226852	100.216019	100.190826	100.229919	100.265213	100.245461	100.24437	100.232384	100.392189	100.322357	100.285301	100.269554	100.215546	100.364891	100.275078	100.356651	100.325104	100.343002	100.370262	100.329445	100.287224	100.310516	100.32486	100.339195	100.342163	100.346962	100.289787	100.369324	100.376404	100.317085
1130	100.045799	100.100502	100.014557	100.095459	100.059212	100.088203	100.035179	100.059235	100.073174	100.152992	100.082077	100.069763	100.093269	100.169182	100.101074	100.075409	100.140717	100.121735	100.098846	100.185356	100.163589	100.150749	100.185951	100.18541	100.179817	100.144646	100.191566	100.193764	100.174759	100.175331	100.179253	100.205467	100.209961	100.184837	100.194847	100.234512	100.207123	100.235657	100.214424	100.331627	100.330605	100.295425	100.26078	100.208298	100.320496	100.269722	100.31266	100.286423	100.307098	100.361298	100.312714	100.259079	100.277496	100.307121	100.336731	100.314926	100.34288	100.289825	100.357948	100.340042	100.30098
1131	100.05648	100.100349	100.043152	100.075615	100.078621	100.074562	100.033478	100.086845	100.082527	100.143257	100.069901	100.044128	100.107513	100.156319	100.098526	100.091698	100.133911	100.129929	100.105797	100.161171	100.141617	100.134102	100.183998	100.185814	100.179329	100.154068	100.206924	100.183228	100.162819	100.160995	100.181152	100.186172	100.204506	100.179413	100.163162	100.206772	100.172508	100.227776	100.198196	100.276932	100.338066	100.304588	100.252869	100.201736	100.28038	100.264885	100.272942	100.25148	100.274681	100.353218	100.297592	100.233665	100.247681	100.2911	100.334526	100.290337	100.339195	100.289879	100.347687	100.307205	100.286438
1132	100.061562	100.095917	100.067673	100.058434	100.093224	100.070831	100.035622	100.108932	100.091339	100.137207	100.059273	100.033127	100.122139	100.144531	100.096146	100.102211	100.12883	100.134682	100.114182	100.142441	100.126945	100.119385	100.180138	100.18412	100.181412	100.162766	100.217224	100.174484	100.155655	100.151253	100.17971	100.17366	100.201942	100.174072	100.138664	100.186859	100.148308	100.223305	100.18454	100.232292	100.334908	100.308121	100.244865	100.195442	100.248863	100.259529	100.238777	100.223076	100.249695	100.340996	100.283195	100.212608	100.226021	100.273338	100.325706	100.271271	100.329269	100.284027	100.330093	100.277313	100.274834
1133	100.046829	100.073708	100.08445	100.045952	100.094017	100.103912	100.053261	100.116982	100.100937	100.14341	100.05114	100.074875	100.142944	100.133041	100.09359	100.094048	100.128685	100.127838	100.130821	100.138664	100.135597	100.107483	100.167702	100.173775	100.194084	100.17157	100.211456	100.169846	100.164627	100.155975	100.165115	100.183258	100.209702	100.167259	100.133896	100.190643	100.156403	100.230492	100.176361	100.211929	100.289963	100.291206	100.233994	100.188065	100.240067	100.250458	100.214958	100.210609	100.245247	100.309006	100.266945	100.201508	100.22876	100.243141	100.288643	100.267342	100.292114	100.253532	100.278709	100.249207	100.270805
1134	100.032845	100.052643	100.100365	100.034119	100.094772	100.135292	100.069962	100.124588	100.110031	100.149277	100.043427	100.114441	100.162659	100.122139	100.091171	100.086281	100.12854	100.12133	100.146591	100.135078	100.143791	100.096176	100.155914	100.163948	100.206085	100.179901	100.205978	100.165466	100.173141	100.160446	100.151253	100.192352	100.217041	100.160805	100.129364	100.194214	100.164055	100.237297	100.168594	100.192604	100.247337	100.275146	100.223686	100.181068	100.23172	100.241837	100.192368	100.198769	100.241043	100.278648	100.251518	100.190971	100.231361	100.214493	100.253502	100.263618	100.256882	100.224625	100.229988	100.222527	100.266991
1135	100.019852	100.032761	100.115417	100.023094	100.09552	100.164398	100.08503	100.131569	100.118469	100.154343	100.036224	100.151085	100.180725	100.111855	100.088821	100.078758	100.128197	100.115036	100.161156	100.131462	100.151489	100.085625	100.144699	100.154243	100.216743	100.187172	100.200638	100.161041	100.180626	100.164482	100.138405	100.200272	100.223503	100.154755	100.125015	100.197205	100.170853	100.243286	100.161133	100.174248	100.207352	100.259743	100.213745	100.174416	100.223648	100.233162	100.170959	100.18721	100.236656	100.249878	100.236748	100.180969	100.233551	100.187698	100.220406	100.259491	100.223335	100.197479	100.183853	100.197304	100.262955
1136	100.026825	100.022125	100.126411	100.025902	100.097504	100.14814	100.047096	100.121841	100.114037	100.126907	100.036835	100.12574	100.155029	100.105438	100.083694	100.06144	100.11338	100.100365	100.149048	100.114563	100.152824	100.0867	100.132774	100.119614	100.178322	100.152161	100.186028	100.140717	100.148788	100.154388	100.145027	100.161018	100.196304	100.154007	100.117424	100.173393	100.146317	100.217911	100.146973	100.155815	100.200867	100.234184	100.193832	100.16729	100.205681	100.191483	100.152565	100.155296	100.208282	100.224426	100.214531	100.171707	100.217529	100.187599	100.206589	100.217522	100.184845	100.191101	100.147865	100.179649	100.231194
1137	100.033615	100.011719	100.137161	100.028656	100.099442	100.132248	100.01004	100.112343	100.109695	100.100098	100.03743	100.100967	100.129936	100.099167	100.07869	100.044502	100.098907	100.086037	100.137207	100.098022	100.154152	100.087753	100.121117	100.085785	100.140785	100.117966	100.17173	100.120857	100.117668	100.144531	100.151505	100.122658	100.169716	100.153282	100.109993	100.150108	100.122322	100.193115	100.133118	100.137817	100.194534	100.209198	100.174393	100.160309	100.188126	100.150742	100.134598	100.1241	100.180542	100.199547	100.192818	100.162659	100.201866	100.187492	100.193092	100.176476	100.147224	100.184883	100.112701	100.162384	100.20015
1138	100.040283	100.001564	100.147675	100.031349	100.101349	100.11673	99.973801	100.103065	100.105476	100.073898	100.038025	100.076767	100.105408	100.093056	100.073814	100.027954	100.084755	100.072029	100.125648	100.081886	100.155434	100.088776	100.109734	100.052711	100.104095	100.084534	100.157776	100.101448	100.08725	100.134888	100.157845	100.085159	100.143745	100.152565	100.10276	100.127365	100.098885	100.168884	100.119591	100.120209	100.188354	100.184784	100.15538	100.153503	100.170967	100.110924	100.117043	100.093613	100.153435	100.175247	100.1716	100.153816	100.186577	100.187408	100.179901	100.136375	100.110458	100.178818	100.078323	100.145515	100.169815
1139	100.043655	100.005898	100.113274	100.042603	100.105453	100.115585	99.975098	100.091125	100.100182	100.05188	100.049782	100.074448	100.087753	100.095978	100.074448	100.023628	100.093231	100.06369	100.130127	100.090065	100.14238	100.095329	100.102509	100.059258	100.10482	100.094284	100.149117	100.093018	100.084778	100.13205	100.158203	100.085831	100.14595	100.151863	100.086906	100.106522	100.115158	100.16198	100.122963	100.124657	100.195946	100.162613	100.153557	100.144279	100.159248	100.115372	100.117279	100.082687	100.147011	100.172531	100.168541	100.142578	100.178436	100.184975	100.172974	100.141525	100.117912	100.178017	100.082054	100.144066	100.175491
1140	100.046448	100.01284	100.070999	100.055336	100.109947	100.11705	99.983177	100.078773	100.094757	100.030777	100.063469	100.076118	100.071442	100.100502	100.076118	100.02153	100.105728	100.056442	100.137505	100.102577	100.126823	100.102867	100.096085	100.072922	100.112305	100.111748	100.141487	100.086639	100.087395	100.130447	100.157478	100.093414	100.153259	100.151184	100.069603	100.086151	100.138496	100.158272	100.129379	100.133041	100.205994	100.141014	100.154854	100.134682	100.148598	100.127777	100.120712	100.075356	100.144363	100.173744	100.168762	100.131012	100.171677	100.182152	100.167206	100.154808	100.133278	100.178207	100.092613	100.145401	100.187614
1141	100.04921	100.019707	100.029121	100.067947	100.114403	100.118507	99.991165	100.066551	100.089394	100.009857	100.077034	100.077736	100.05529	100.105011	100.077736	100.019455	100.118126	100.049271	100.144791	100.114975	100.111404	100.110313	100.089714	100.086441	100.11972	100.129059	100.133919	100.080299	100.089966	100.128868	100.156769	100.100899	100.160469	100.150505	100.052475	100.065971	100.161621	100.154587	100.135719	100.14135	100.21595	100.119591	100.156128	100.12516	100.138023	100.140068	100.12413	100.068077	100.141731	100.174942	100.168991	100.11953	100.164963	100.179352	100.161507	100.167953	100.148514	100.178398	100.103081	100.146721	100.199631
1142	100.046539	100.008499	100.016914	100.057709	100.104012	100.099136	100.004425	100.055016	100.074623	100.005783	100.078377	100.069939	100.054535	100.098	100.069939	100.019371	100.117577	100.053421	100.125862	100.108459	100.107323	100.098892	100.08062	100.094398	100.121567	100.120712	100.124268	100.085258	100.083748	100.115814	100.143204	100.098869	100.144112	100.142967	100.054085	100.058556	100.156342	100.138763	100.130501	100.136734	100.199554	100.121544	100.139214	100.11158	100.134041	100.131401	100.114693	100.070786	100.137619	100.167908	100.160339	100.122002	100.163422	100.167679	100.150322	100.159454	100.136093	100.170349	100.117966	100.142517	100.193954
1143	100.041367	99.988884	100.018761	100.036797	100.086716	100.070145	100.02005	100.043915	100.055565	100.009659	100.073982	100.057755	100.061035	100.08564	100.057755	100.020233	100.110947	100.062859	100.094734	100.093102	100.108597	100.078705	100.07032	100.099655	100.120796	100.100388	100.113693	100.095474	100.073418	100.097466	100.123703	100.092377	100.116776	100.132278	100.064507	100.057205	100.137733	100.117325	100.119888	100.126076	100.170898	100.134468	100.113869	100.096199	100.133179	100.112961	100.099289	100.078163	100.13282	100.157043	100.147583	100.130997	100.164345	100.151947	100.136635	100.140831	100.110771	100.158516	100.134834	100.135735	100.180008
1144	100.036255	99.969521	100.020599	100.016151	100.069656	100.041512	100.035477	100.032936	100.036751	100.013496	100.069618	100.045731	100.067459	100.073418	100.045731	100.021088	100.104431	100.072189	100.064003	100.077942	100.109848	100.058769	100.060165	100.104866	100.120041	100.080315	100.103256	100.105576	100.063255	100.079361	100.104462	100.08596	100.089798	100.121727	100.074791	100.055885	100.119377	100.096176	100.109421	100.115562	100.142601	100.147224	100.088844	100.081017	100.132347	100.094749	100.084076	100.085449	100.12809	100.146339	100.134979	100.139893	100.165245	100.136414	100.123154	100.122437	100.085785	100.14682	100.151482	100.129044	100.166237
CHECKSUMŽb