[HEADER]
Format	J&M ASCII Table
Comment	COA_01_P.00039_HAL03-noFilter_UVIR600um2-UV400um0.5_24mm
Date	25/09/2024 11:52:58
Order	Y (evenX)
TechType	UV
NumPoints	841
FirstX	304
LastX	1144
XType	nm
YType	Transmission
ZType	s
NumSubFile	61
Matrix	Z vs X
[LOGIN]
Name=JM
[INSTRUMENT]
Name=TIDAS S
Detector=MMS - ASPEN 97,5 kHz
Diodearray=256 Pixel
Serial#=39059
Calibrated=2016-03-14
Range=303.56-1144.49 [nm] (F0)

SWVersion=v3.22.6 (build 0)
[CONFIG]
ChannelName=Result
ChannelType=Normalized
[PARAMETER]
It=91.00
Aver=20
Norm=1
Range=304.0-1144.0 nm
Scan=Single
[TRIGGER]
Sweep=0
Scan=0
[DIO]
DigOut=0x0000
DigIn=0x0000
[DATA]
	00:00:00.000	00:00:23.207	00:00:46.417	00:01:09.608	00:01:32.798	00:01:55.993	00:02:19.191	00:02:42.381	00:03:05.571	00:03:28.765	00:03:51.951	00:04:15.148	00:04:38.334	00:05:01.528	00:05:24.711	00:05:47.897	00:06:11.086	00:06:34.278	00:06:57.466	00:07:20.658	00:07:43.845	00:08:07.038	00:08:30.230	00:08:53.418	00:09:16.613	00:09:39.800	00:10:02.989	00:10:26.180	00:10:49.375	00:11:12.569	00:11:35.762	00:11:58.958	00:12:22.149	00:12:45.341	00:13:08.536	00:13:31.727	00:13:54.919	00:14:18.110	00:14:41.308	00:15:04.501	00:15:27.692	00:15:50.883	00:16:14.079	00:16:37.274	00:17:00.470	00:17:23.667	00:17:46.860	00:18:10.053	00:18:33.244	00:18:56.439	00:19:19.629	00:19:42.820	00:20:06.009	00:20:29.211	00:20:52.392	00:21:15.577	00:21:38.765	00:22:01.956	00:22:25.139	00:22:48.327	00:23:11.521
304	99.9786	101.643501	100.918106	102.614426	101.294685	101.779427	100.334976	101.59565	100.075569	101.115784	99.831253	100.598213	101.414276	100.639786	101.645996	100.949524	100.370232	100.83622	101.818535	100.736786	101.358856	101.01004	100.785873	100.931946	99.91687	101.241722	100.515076	102.740372	102.662315	100.444588	102.411713	99.113411	102.314697	101.074219	100.765678	102.732811	101.545288	100.799751	101.317299	101.783287	101.998642	101.812218	101.455833	101.345016	101.205208	101.261887	102.299622	101.149788	100.584366	99.48996	102.368904	101.134727	101.329895	101.358856	102.473434	101.510033	100.355133	101.999878	101.721558	100.668716	101.275726
305	100.169388	102.06221	101.588951	102.145706	101.871262	100.830971	100.145218	101.664337	100.489296	100.801315	100.403214	101.013603	101.546005	101.150688	101.110527	100.252876	100.021568	100.838875	101.919746	101.470634	101.363182	101.172272	101.392685	101.634644	99.725784	100.736794	100.73938	102.081192	102.543579	100.986694	102.196754	99.714905	101.876831	100.664185	101.086212	102.296272	102.218094	101.438393	101.226089	102.043404	102.51387	101.658966	101.683128	101.31749	101.336266	101.043274	102.306961	101.153481	100.967911	99.997215	102.535477	101.583611	101.747604	101.363182	102.64032	102.341774	100.451698	102.038086	101.599838	100.766266	101.089005
306	100.36132	102.483574	102.264008	101.673958	102.45153	99.876434	99.954224	101.733444	100.905632	100.484787	100.97879	101.43161	101.678551	101.664841	100.571655	99.551712	99.670654	100.84156	102.021576	102.209152	101.367531	101.335526	102.003304	102.341774	99.533447	100.228645	100.965057	101.417801	102.424049	101.532219	101.980415	100.32016	101.436104	100.251495	101.408722	101.856873	102.895203	102.081062	101.134262	102.305138	103.032372	101.504707	101.911804	101.289772	101.468147	100.823257	102.314293	101.157127	101.353821	100.507675	102.703094	102.035309	102.167961	101.367531	102.808258	103.178802	100.548843	102.076469	101.477287	100.86441	100.901009
307	100.424065	102.64856	102.746941	101.081253	102.861237	99.042633	99.713203	101.737823	101.179626	100.268921	101.341202	101.76915	101.755737	101.98243	100.029358	98.955124	99.340889	100.825157	102.07634	102.729057	101.338646	101.439575	102.502319	102.838882	99.367699	99.771347	101.136848	100.753609	102.215553	101.988831	101.697586	100.771484	100.991203	99.966171	101.587738	101.354614	103.473106	102.464607	101.058281	102.47995	103.365791	101.316277	102.125511	101.251183	101.536026	100.645706	102.224495	101.132378	101.610092	100.894753	102.805077	102.325378	102.403954	101.32074	102.758385	103.769455	100.542854	102.053955	101.311806	100.93502	100.621429
308	99.691345	101.233986	102.029716	99.772812	102.206711	98.985863	99.175842	101.344955	100.568542	100.67952	100.379967	101.598145	101.489624	101.080177	99.489769	99.025879	99.155113	100.69249	101.839737	101.885048	101.107201	101.175705	102.294495	102.025856	99.372116	99.646027	100.970253	100.113785	101.470337	101.879776	101.01944	100.258461	100.540092	100.474083	100.878609	100.488449	103.417145	101.241707	101.082649	102.11364	102.549088	100.926384	102.237617	101.147247	101.207985	100.736404	101.542679	100.934113	101.059464	100.507774	102.499939	101.611137	101.498756	100.962532	101.374779	102.822998	99.90451	101.658882	100.890198	100.833321	99.792137
309	98.968758	99.83902	101.322449	98.482521	101.561188	98.92984	98.645874	100.957512	99.965904	101.084396	99.43203	101.429474	101.227203	100.190414	98.957619	99.095612	98.971901	100.561615	101.606384	101.052711	100.878952	100.915459	102.089516	101.224068	99.376472	99.522415	100.805977	99.482773	100.735413	101.772179	100.350662	99.752502	100.0952	100.974915	100.179314	99.634308	103.361908	100.035736	101.106628	101.75235	101.74366	100.541832	102.348099	101.044754	100.884506	100.825798	100.870262	100.738564	100.516426	100.126122	102.198982	100.906731	100.606117	100.60923	100.010368	101.889648	99.274956	101.269257	100.47438	100.732971	98.974304
310	98.256119	98.463264	100.624908	97.209984	100.924622	98.874626	98.123238	100.575424	99.371597	101.483727	98.497185	101.263199	100.96843	99.31292	98.432838	99.164452	98.791229	100.432602	101.376297	100.231895	100.653885	100.658821	101.887383	100.43335	99.38076	99.400543	100.64399	98.860519	100.010612	101.666115	99.691124	99.253525	99.656471	101.468864	99.489639	98.791954	103.307487	98.846405	101.130318	101.396111	100.949371	100.162613	102.457108	100.943672	100.565506	100.913979	100.207153	100.545731	99.980911	99.749771	101.902214	100.212097	99.725761	100.260841	98.664742	100.969147	98.654129	100.885033	100.064346	100.634071	98.167801
311	98.752991	98.383629	100.671364	97.386162	100.560059	99.656143	98.309181	100.225464	99.962418	101.673088	98.722496	101.023689	101.213692	99.623558	99.01104	100.174355	99.159897	100.437424	101.362587	99.656898	100.721718	100.144646	102.086403	100.25592	99.566833	99.671768	100.564323	98.871384	99.975906	101.64473	99.79866	99.098938	99.719986	101.148476	99.25209	99.030861	102.922234	98.873512	101.235687	101.17897	100.717453	100.443802	101.994957	101.213692	100.277916	100.767792	99.971642	100.540199	99.975906	99.770302	101.692947	100.312637	99.746208	99.995735	99.244972	100.717453	98.849419	100.586281	100.367226	100.984001	98.860016
312	99.471428	98.544403	100.855377	97.829811	100.247635	100.588882	98.625473	99.883102	100.76989	101.822624	99.161575	100.771797	101.55114	100.152718	99.790695	101.353745	99.628555	100.46698	101.388977	99.130188	100.843452	99.585228	102.358734	100.192963	99.78569	100.014473	100.500313	98.999443	100.06913	101.639114	100.047768	99.008881	99.876198	100.678787	99.099388	99.468903	102.477539	99.125778	101.355682	100.988617	100.59079	100.845955	101.429214	101.55114	99.997498	100.578842	99.816483	100.569405	100.06913	99.864258	101.500832	100.559998	99.93338	99.74736	100.179115	100.59079	99.194901	100.304817	100.80069	101.415359	99.826523
313	100.184975	98.704056	101.038086	98.270439	99.937317	101.515236	98.939598	99.543083	101.571846	101.971123	99.597672	100.521561	101.886215	100.678253	100.565025	102.52507	100.093971	100.496307	101.415161	98.607025	100.96434	99.029556	102.629181	100.130356	100.002991	100.35479	100.436661	99.12661	100.161705	101.633499	100.295151	98.91938	100.031319	100.212273	98.947701	99.903938	102.035797	99.376297	101.474823	100.799545	100.464951	101.245346	100.867256	101.886215	99.718964	100.391174	99.662354	100.598373	100.161705	99.957535	101.310028	100.805626	100.119232	99.500618	101.106857	100.464951	99.538002	100.025238	101.231209	101.843788	100.7864
314	100.458847	98.71122	100.785103	98.422501	99.813103	101.733612	98.899452	99.305382	101.633118	101.684738	99.712646	100.407265	101.701485	100.866104	100.899597	102.552208	100.439392	100.65979	101.274742	98.605324	100.683304	98.995842	102.464401	100.085045	100.219002	100.207687	100.323555	99.001274	100.069664	101.310936	100.474228	98.963715	100.152039	99.849304	99.013954	100.269249	101.849449	99.675079	101.44355	100.528542	100.457474	101.157532	100.610878	101.986099	99.626198	100.154732	99.609451	100.292763	100.320816	100.301376	101.255287	100.933098	100.119911	99.489548	101.44355	100.340271	99.92894	99.898178	101.073822	101.785194	100.970634
315	100.365517	98.590874	100.167702	98.333565	99.844322	101.360451	98.563187	99.152969	101.075508	101.034615	99.559357	100.406418	101.082108	100.771904	100.866905	101.623154	100.684753	100.935455	100.994957	99.039368	100.066139	99.398247	101.935745	100.054108	100.434074	99.653145	100.168945	98.664787	99.823273	100.723198	100.596382	99.119919	100.244102	99.572594	99.26239	100.576546	101.876282	100.01445	101.28653	100.188759	100.548889	100.662491	100.609589	101.889488	99.688614	99.877373	99.641113	99.707214	100.535675	100.854912	101.314186	100.961876	99.965736	99.675377	101.28653	100.216415	100.36013	99.89843	100.425018	101.319588	100.506783
316	100.272575	98.471016	99.552971	98.24498	99.875381	100.988892	98.228363	99.001183	100.520233	100.387283	99.406693	100.40554	100.465378	100.678078	100.83432	100.698067	100.929024	101.209915	100.716316	99.471512	99.451584	99.798897	101.409378	100.02327	100.648163	99.100922	100.014969	98.32975	99.577904	100.137985	100.717987	99.275414	100.335739	99.29702	99.50972	100.882492	101.902977	100.352325	101.13015	99.850449	100.63987	100.16954	100.608276	101.793266	99.750725	99.601173	99.672607	99.124191	100.74955	101.406006	101.372803	100.990532	99.812202	99.860405	101.13015	100.093063	100.789429	99.898651	99.779007	100.855949	100.044891
317	100.209793	98.455658	99.163826	98.43914	99.876564	100.626442	98.155037	98.991241	100.019417	99.772484	99.22496	100.501335	99.947975	100.592171	100.660721	100.02977	101.016258	101.282623	100.543022	99.790268	99.211311	100.14579	101.019135	100.007439	100.683006	98.744301	99.891449	98.315674	99.40789	99.614754	100.712761	99.363274	100.456764	99.052338	99.748558	100.904755	101.885101	100.540146	100.907646	99.580475	100.552094	99.82	100.673927	101.727333	99.73822	99.340988	99.681648	98.655075	100.791618	101.873123	101.252892	100.944817	99.637039	100.074348	100.900208	99.985146	101.068283	100.047554	99.336449	100.543022	99.763412
318	100.239983	98.764359	99.47123	99.51265	99.784981	100.288757	98.892563	99.421333	99.682884	99.252853	98.951027	100.898064	99.733917	100.529884	100.047668	100.152031	100.616692	100.729607	100.694969	99.760017	100.130447	100.329041	101.047836	100.038002	100.161697	98.991302	99.861015	99.29763	99.470123	99.278931	100.313759	99.242065	100.670006	98.9011	99.963112	100.046539	101.728668	100.263802	100.477669	99.520042	99.908684	99.912079	100.94799	101.754738	99.493973	99.128044	99.621033	98.535172	100.30072	102.083778	100.57756	100.667725	99.392982	100.380112	100.439682	99.923973	100.882782	100.659225	99.521187	100.694969	100.039139
319	100.270058	99.07196	99.777534	100.582214	99.693771	99.952354	99.627388	99.849854	99.347588	98.735123	98.678123	101.293358	99.520645	100.467812	99.436882	100.273872	100.218597	100.178635	100.846359	99.729912	101.046227	100.51162	101.076439	100.068436	99.642303	99.237396	99.830719	100.275993	99.53212	98.944366	99.916206	99.1213	100.882484	98.750412	100.17691	99.191467	101.5728	99.988495	100.049301	99.459831	99.267601	100.003815	101.221039	101.782036	99.250587	98.915878	99.560638	98.415695	99.811592	102.293686	99.904732	100.391685	99.149788	100.684753	99.980865	99.863022	100.697914	101.268684	99.705246	100.846359	100.313858
320	100.300049	99.378433	100.082718	101.647881	99.60289	99.617172	100.359581	100.276802	99.013504	98.219284	98.406258	101.687218	99.308189	100.406036	98.828354	100.395294	99.822006	99.629692	100.997208	99.699921	101.958679	100.693573	101.10495	100.098816	99.124817	99.482651	99.800537	101.250801	99.593956	98.611031	99.520172	99.001007	101.094231	98.600311	100.389954	98.339592	101.417526	99.714226	99.622543	99.399902	98.628899	100.095245	101.493134	101.809265	99.008163	98.704491	99.500519	98.2967	99.324272	102.502861	99.234367	100.116684	98.907539	100.988266	99.523735	99.802353	100.513794	101.875923	99.888664	100.997208	100.58757
321	99.8162	99.572983	100.156311	100.301758	99.800468	99.147736	99.972534	100.185135	98.692383	97.98114	98.86132	101.408516	99.473465	100.42659	98.777077	100.114403	99.290092	99.261269	100.796852	100.013519	101.111221	100.100883	101.123405	99.617126	99.075706	99.644165	99.573868	101.067078	99.261269	98.577972	99.53067	99.259956	100.640938	99.202301	99.887383	98.591492	100.91124	99.672997	99.374786	99.572983	98.833374	100.042809	100.868919	101.366196	99.118057	98.791023	99.218491	98.279343	98.934258	101.779236	98.891457	100.071182	99.132034	100.002251	99.644165	99.800926	100.128845	101.125191	99.4748	100.740074	100.341888
322	99.311417	99.756584	100.214218	98.837585	100.01136	98.68013	99.525627	100.06385	98.378868	97.764885	99.350861	101.094841	99.658127	100.451683	98.760727	99.815018	98.761276	98.911674	100.579346	100.341331	100.174774	99.473686	101.140808	99.114502	99.056068	99.797142	99.340073	100.816811	98.911674	98.56382	99.565651	99.536446	100.156853	99.837158	99.351974	98.905159	100.394356	99.646774	99.143166	99.756584	99.084763	99.982697	100.203392	100.903915	99.247032	98.893799	98.928986	98.268486	98.558411	101.014267	98.575745	100.040558	99.380096	98.958725	99.797142	99.803123	99.739815	100.3078	99.033386	100.463577	100.069794
323	98.817612	99.936142	100.270828	97.405334	100.217644	98.222717	99.088478	99.945206	98.072174	97.553375	99.82975	100.788025	99.838791	100.476242	98.744774	99.522163	98.243996	98.569687	100.366615	100.661972	99.25872	98.860161	101.157845	98.622879	99.036888	99.946777	99.111359	100.571976	98.569687	98.550018	99.599869	99.806877	99.683342	100.458206	98.828247	99.211975	99.888741	99.621147	98.916626	99.936142	99.330635	99.923927	99.552444	100.451721	99.373192	98.994301	98.64576	98.257896	98.190804	100.265991	98.266907	100.010635	99.622749	97.938004	99.946777	99.805267	99.359306	99.508278	98.601601	100.19313	99.803635
324	98.664871	100	100.290131	97.186211	100.589516	98.365334	99.142136	100.071739	98.474495	98.215569	99.906418	100.864067	99.996872	100.689354	99.547531	99.850204	98.458916	99.089012	100.102997	100.399376	99.048553	98.81459	101.179161	98.527618	99.332359	100.074837	99.332359	100.333801	98.565041	98.66172	99.837746	99.996872	100.040459	100.340096	99.113983	99.454071	99.990585	99.762901	99.195137	100.224556	99.868912	100.27758	99.56636	100.346252	99.663071	99.163971	98.905006	98.409073	98.21566	100.074837	98.705338	100.280678	99.766037	98.1064	100.243256	99.993744	99.450943	99.52578	98.452774	100.265137	99.728615
325	98.700241	100	100.288773	97.636436	101.052986	98.839203	99.46666	100.333656	99.268387	99.360298	99.761162	101.151421	100.142586	101.00666	100.802635	100.521088	99.078018	100.084007	99.811096	99.814713	99.227821	99.082359	101.202797	98.651039	99.801727	100.191048	99.801727	100.099136	98.746559	98.842796	100.188171	100.142586	100.856163	99.813972	99.846611	99.660583	100.42775	99.997093	99.752525	100.573174	100.568878	100.85907	99.947182	100.43206	100.043442	99.371841	99.463753	98.649574	98.457085	100.191048	99.556396	100.716484	99.854538	98.931114	100.620964	100.285164	99.803169	99.99424	98.459969	100.526138	99.759018
326	98.735306	100	100.287437	98.082489	101.512192	99.308685	99.788177	100.59317	100.054909	100.494469	99.617287	101.436142	100.286934	101.321068	102.04612	101.185814	99.691429	101.069771	99.521965	99.235497	99.405457	99.347679	101.22625	98.773346	100.266731	100.306198	100.266731	99.866676	98.92643	99.02224	100.535393	100.286934	101.664337	99.29277	100.572441	99.865219	100.860832	100.229172	100.304771	100.918617	101.262352	101.435181	100.324509	100.517097	100.420319	99.577805	100.017334	98.887894	98.696304	100.306198	100.399612	101.148247	99.942253	99.748238	100.995163	100.573898	100.152145	100.458359	98.46714	100.784767	99.789169
327	98.877869	99.980614	100.072647	98.341827	101.62587	99.812721	99.912788	100.519882	100.610329	101.034943	99.475258	101.493492	100.255074	101.252892	102.576866	101.299728	100.027443	101.646896	99.245979	98.837494	99.543053	99.455872	101.189949	98.81813	100.474678	100.245392	100.368103	99.723907	99.047386	99.191086	100.674889	100.23571	101.958481	98.9618	100.999413	99.893425	100.949356	100.255074	100.550583	100.968742	101.462814	101.654922	100.56189	100.77504	100.62809	99.627014	100.419792	99.202393	98.750313	100.255074	100.700714	101.380478	99.932175	100.314865	101.083374	100.616776	100.381042	100.684608	98.50489	100.875107	99.867638
328	99.229851	99.923553	99.44268	98.240196	101.069763	100.386345	99.656006	99.800667	100.720047	100.426186	99.336258	101.110054	99.88121	100.442192	101.727318	100.345612	99.826981	101.433922	98.994347	98.789268	99.603821	99.259819	101.037743	98.71283	100.184944	99.842987	99.764496	99.754654	99.054749	99.340393	100.412224	99.804764	101.256775	98.998436	100.848679	99.579552	100.369873	99.88121	100.203026	100.44632	100.707695	101.184425	100.528931	101.36982	100.508797	99.372437	100.530983	99.666298	98.445274	99.88121	99.951485	101.226768	99.732445	100.398254	100.617287	100.182892	100.378098	100.450447	98.602257	100.639473	100.040306
329	99.576424	99.867378	98.822395	98.140129	100.522194	100.951149	99.403122	99.092445	100.828087	99.826729	99.199425	100.732468	99.513046	99.643898	100.8908	99.406128	99.629578	101.224182	98.746536	98.74176	99.66362	99.066772	100.887825	98.609131	99.899605	99.446747	99.170143	99.784935	99.061989	99.487373	100.153557	99.380424	100.565788	99.034515	100.700211	99.270508	99.799248	99.513046	99.860794	99.9319	99.964127	100.721107	100.496483	101.955482	100.391342	99.121735	100.640472	100.123062	98.144882	99.513046	99.213737	101.075432	99.535774	100.480362	100.158333	99.755653	100.375198	100.219872	98.698135	100.407455	100.210312
330	99.90062	99.812027	98.23703	98.060791	99.999092	101.472008	99.163223	98.432159	100.914513	99.251816	99.074692	100.380371	99.156036	98.893906	100.073257	98.516258	99.45594	101.013863	98.516258	98.715851	99.721649	98.894814	100.749039	98.520752	99.61599	99.067482	98.627319	99.829124	99.064781	99.616905	99.90062	98.965424	99.906013	99.073784	100.569168	98.995987	99.249115	99.173103	99.527428	99.436172	99.259911	100.271988	100.461746	102.498482	100.271988	98.902008	100.74456	100.548515	97.875526	99.159645	98.528847	100.916306	99.352074	100.552094	99.713554	99.350288	100.366882	100.004486	98.80265	100.189697	100.369576
331	99.707397	99.758926	98.426826	98.558601	99.971321	100.924767	99.201988	98.897339	100.402344	99.150436	99.25354	100.625526	98.972549	99.241905	99.460915	98.702408	99.907753	100.694946	98.702408	99.316307	99.75312	99.270584	100.878235	98.845787	99.259766	99.024101	99.367851	100.303841	98.938072	99.288406	99.707397	98.645439	99.879463	99.224869	100.895287	99.620529	99.064407	99.517456	99.311317	99.276802	99.408554	100.046143	100.344559	102.021202	100.046143	99.499992	100.734856	100.235664	98.403557	99.087257	99.103905	100.459694	99.471741	100.350365	99.495003	99.414383	100.195351	100.14341	99.207397	100.298431	100.28138
332	99.519142	99.707161	98.611717	99.043541	99.944244	100.391617	99.2397	99.350494	99.903343	99.051682	99.42775	100.864372	98.793762	99.580879	98.864326	98.88372	100.347878	100.384201	98.88372	99.901215	99.78373	99.636604	101.004074	99.162445	98.912659	98.981812	100.089264	100.766281	98.814568	98.968391	99.519142	98.333717	99.853592	99.372017	101.212929	100.228973	98.884438	99.852875	99.100708	99.121513	99.553345	99.826065	100.230385	101.556221	99.826065	100.082542	100.72538	99.930855	98.917946	99.016731	99.664131	100.014809	99.588295	100.153816	99.282036	99.476776	100.028229	100.278725	99.601685	100.40432	100.195465
333	99.335648	99.656715	98.791908	99.516167	99.917854	99.872017	99.276474	99.792084	99.41703	98.955406	99.597549	101.09713	98.619499	99.911209	98.282913	99.060448	100.776764	100.081383	99.060448	100.471237	99.813583	99.99334	101.126709	99.471039	98.574402	98.940598	100.792313	101.216972	98.694244	98.656494	99.335648	98.029892	99.828362	99.515434	101.52253	100.821899	98.709023	100.179779	98.89547	98.970215	99.69445	99.611595	100.119102	101.103058	99.611595	100.650253	100.716148	99.633804	99.419243	98.947998	100.210083	99.581268	99.701851	99.96225	99.074486	99.537613	99.865379	100.410591	99.985931	100.507484	100.111702
334	99.40834	100.054642	99.277046	99.6847	99.950378	99.267021	99.505699	100.086678	99.252556	99.209854	100.152	101.501831	98.933472	100.350487	98.490654	99.854263	100.885628	100.116837	99.523262	100.658905	100.056541	99.854919	101.423943	99.849266	98.922798	99.28775	101.246796	101.289497	98.710495	98.913986	99.525154	98.294052	100.13443	99.907669	101.84729	101.285744	99.138847	100.460411	99.491241	99.52137	99.948517	100.141319	100.08857	101.032616	99.96608	100.641312	101.020073	99.927132	99.810318	99.424019	100.35424	99.858055	99.734322	100.28138	99.570999	100.121841	100.076035	100.734901	100.08857	100.745583	100.419571
335	99.57328	100.611137	99.867691	99.740829	100.003906	98.637596	99.802307	100.324547	99.206856	99.588928	100.840172	101.964531	99.421379	100.824486	98.98291	100.86367	100.876938	100.274849	100.084976	100.705482	100.37429	99.538033	101.781288	100.248627	99.516914	99.772171	101.605919	101.223801	98.776192	99.375587	99.848129	98.761711	100.557503	100.386009	102.173973	101.697525	99.78392	100.72113	100.371567	100.321838	100.240776	100.935684	100.0877	101.102066	100.523437	100.422813	101.434448	100.431839	100.15699	100.092819	100.350777	100.389946	99.736931	100.782608	100.317909	100.8899	100.420082	101.125565	100.0877	101.030014	100.866364
336	99.735031	101.156822	100.446854	99.795883	100.056419	98.020401	100.093147	100.557793	99.162003	99.96067	101.514938	102.418259	99.899826	101.289299	99.465614	101.853416	100.868416	100.429764	100.635757	100.751152	100.685844	99.22731	102.131714	100.640213	100.099495	100.247215	101.958046	101.159355	98.840614	99.828217	100.164795	99.220314	100.972351	100.855087	102.494324	102.101288	100.41642	100.976791	101.234779	101.106728	100.527367	101.714638	100.086845	101.170143	101.069962	100.208542	101.840782	100.92672	100.496933	100.748573	100.347366	100.911484	99.739456	101.274086	101.050308	101.64299	100.757477	101.508629	100.086845	101.308945	101.304504
337	99.882828	101.449562	100.663879	99.675102	100.096848	97.920868	100.301453	100.57795	99.272049	100.292053	101.704193	102.313446	100.19368	101.36055	99.906219	102.099434	100.859116	100.406143	100.748238	100.521744	100.673256	99.109627	102.122818	100.695122	100.22184	100.373352	101.961937	100.974716	98.93779	100.074982	100.124977	99.659424	101.005974	100.941917	102.433685	102.090012	100.598274	101.029381	101.510513	101.36055	100.479553	101.819839	100.064049	101.191833	101.199677	100.140556	101.930687	101.279274	100.687286	100.767014	100.463882	101.071571	99.807846	101.458946	101.351151	101.876022	100.704514	101.772903	100.009384	101.416756	101.382408
338	100.012566	101.40641	100.399193	99.31971	100.121323	98.510605	100.400475	100.314316	99.588829	100.570854	101.247337	101.464233	100.242676	100.907814	100.292328	101.355453	100.848755	100.144592	100.277237	99.92514	100.228821	99.24868	101.635239	100.301758	99.731522	100.035202	101.501953	100.629318	99.078926	100.048409	99.610176	100.074181	100.531837	100.519905	101.865364	101.525833	100.180412	100.811638	101.004662	100.907814	99.986145	101.027916	100.011948	101.151787	100.774551	100.267204	101.599419	101.44352	100.678993	99.936462	100.740608	100.750664	99.964157	101.236023	101.078201	101.417076	100.131378	101.879837	99.829613	101.29702	100.980759
339	100.139221	101.364281	100.140869	98.972786	100.145248	99.086266	100.497147	100.056992	99.898033	100.84301	100.801346	100.635277	100.290512	100.465904	100.669266	100.629234	100.838638	99.889259	99.817467	99.342766	99.794998	99.38446	101.159271	99.91777	99.252876	99.705086	101.052963	100.292145	99.216721	100.022469	99.107643	100.47908	100.069046	100.107956	101.310585	100.975105	99.772499	100.599113	100.510849	100.465904	99.504486	100.254883	99.961075	101.112701	100.359558	100.3908	101.276031	101.603828	100.670898	99.12571	101.01075	100.437393	100.11673	101.018433	100.811768	100.969086	99.571899	101.984253	99.654129	101.180115	100.588669
340	100.257019	101.322388	99.885796	98.694679	100.16848	99.620056	100.571213	99.851418	100.179878	101.091003	100.405571	99.874397	100.299942	100.108444	100.993935	100.017082	100.842522	99.657265	99.445816	98.820404	99.385956	99.483047	100.711227	99.59726	98.880264	99.397385	100.674019	100.008545	99.337349	99.994293	98.711761	100.848236	99.660095	99.811356	100.791237	100.511185	99.45153	100.431229	100.119865	100.074242	99.134476	99.602943	99.939964	101.039711	99.971481	100.457039	100.999619	101.708015	100.659767	98.497482	101.216782	100.162796	100.205704	100.825432	100.619675	100.545586	99.145874	102.036499	99.508705	101.036858	100.242767
341	100.326668	101.275955	99.616798	98.888596	100.190331	99.921837	100.487938	100.001648	100.300041	101.196136	100.324997	99.507072	100.024117	100.3283	100.977531	100.164581	100.951752	99.5644	99.676613	98.667488	99.100578	99.319199	100.403976	99.702393	99.243523	99.210312	100.761398	100.082291	99.348289	99.945137	99.053169	101.006615	99.591843	100.331619	100.458023	100.625885	99.731483	100.571884	100.438034	99.999153	99.54277	99.757263	100.137947	100.702408	99.725693	100.104736	101.032402	101.408958	100.624237	99.137947	100.975052	100.135468	99.832916	100.787178	100.954231	100.241066	99.652504	101.70739	99.566063	100.674988	100.189507
342	100.39402	101.231018	99.356514	99.076218	100.211479	100.213829	100.407326	100.146988	100.416306	101.297852	100.24704	99.151665	99.757217	100.541031	100.961662	100.307251	101.057434	99.474564	99.899902	98.519531	98.824463	99.160667	100.106705	99.804131	99.594994	99.029312	100.845932	100.15361	99.358864	99.897552	99.383492	101.159859	99.52578	100.834999	100.135635	100.736855	100.002327	100.707947	100.74588	99.926483	99.937836	99.906555	100.329529	100.376045	99.487877	99.763847	101.064087	101.119614	100.589897	99.757607	100.74118	100.109055	99.472221	100.750183	101.277908	99.946442	100.142685	101.388954	99.621559	100.324837	100.137962
343	100.459251	101.187515	99.104546	99.257843	100.231918	100.496483	100.329292	100.287666	100.528885	101.396347	100.17157	98.807617	99.49884	100.746964	100.946304	100.445366	101.159775	99.387611	100.116074	98.376305	98.557159	99.007172	99.818924	99.902634	99.935219	98.854111	100.927795	100.222687	99.369102	99.851517	99.703262	101.308212	99.46183	101.322319	99.823547	100.844315	100.264534	100.839676	101.043892	99.856133	100.320267	100.051071	100.514999	100.060143	99.257652	99.433868	101.094772	100.83947	100.556625	100.357483	100.514771	100.083458	99.123055	100.714363	101.591255	99.661217	100.617203	101.080688	99.675278	99.985901	100.088081
344	99.803009	100.676086	99.386955	99.791946	100.310013	100.58403	100.369026	100.293015	100.166008	100.777092	99.928017	98.827942	99.605957	100.837051	100.708054	100.069008	100.638069	99.299965	100.250992	98.684921	98.707916	99.422943	99.99398	99.959984	100.076004	99.057945	100.974045	100.082001	99.337959	100.090981	99.765976	101.079086	99.56797	100.986076	100.050964	100.592026	100.445007	100.440041	100.864052	100.318977	100.409019	100.191986	100.432014	100.209007	99.352959	99.508957	100.97805	100.362053	100.337029	100.164017	100.563011	100.457977	99.025955	100.569031	101.39109	99.799988	100.683037	100.862053	99.57399	100.149986	100.324989
345	98.987671	100.062523	99.789742	100.400993	100.400436	100.625122	100.435516	100.266853	99.697456	99.99913	99.648514	98.932556	99.796501	100.899063	100.421082	99.578041	99.978165	99.213257	100.365326	99.094429	98.953773	99.965485	100.274231	100.007072	100.168671	99.34713	101.011406	99.894424	99.297592	100.393639	99.768219	100.76519	99.712196	100.462936	100.400711	100.259468	100.604187	99.92215	100.575592	100.899651	100.428436	100.330246	100.287781	100.463829	99.522591	99.677094	100.82859	99.844887	100.07695	99.788872	100.674355	100.92057	98.988571	100.400124	101.074219	100.035393	100.653137	100.667	99.437973	100.428726	100.625404
346	98.187813	99.460609	100.184891	100.998497	100.489136	100.665459	100.500763	100.241196	99.237762	99.235924	99.374313	99.035172	99.983467	100.959923	100.139557	99.096367	99.330811	99.12822	100.477509	99.49617	99.194962	100.497734	100.549141	100.053253	100.259575	99.630852	101.048073	99.710419	99.257988	100.690567	99.770416	100.457291	99.853691	99.949738	100.743828	99.933228	100.760338	99.414085	100.292603	101.469276	100.447502	100.465881	100.146278	100.713821	99.689003	99.842033	100.681976	99.337555	99.821815	99.420837	100.7836	101.374374	98.951897	100.234451	100.763382	100.266327	100.623825	100.47567	99.304512	100.702194	100.920128
347	98.245293	99.496231	100.447449	101.493988	100.587692	100.705193	100.94075	100.364151	99.196503	99.295433	99.708725	99.443176	100.349152	101.099586	100.136688	99.124619	99.321785	99.340668	100.826859	100.095306	99.636475	101.008781	100.784912	100.360535	100.348854	100.205315	101.107086	99.837288	99.515114	100.993492	100.057243	100.58802	100.2089	100.186432	101.160416	100.136963	101.050438	99.439285	100.265526	101.891998	100.602982	100.986313	100.485817	101.016258	100.011681	100.083626	100.754639	99.534294	99.992805	99.674545	101.141533	101.706161	99.189011	100.3908	100.788795	100.698021	100.845741	100.823296	99.674545	101.084587	101.391815
348	99.146378	100.159164	100.579742	101.889481	100.696037	100.74437	101.749847	100.633385	99.566933	100.164536	100.642273	100.152016	100.891029	101.316917	100.407936	99.65461	99.940872	99.846062	101.409927	100.889191	100.275467	101.499413	100.982307	100.925018	100.436577	101.066338	101.188103	100.270142	100.064346	101.302589	100.62442	101.150467	100.774704	101.161148	101.649704	100.862358	101.472557	99.989197	100.49025	102.170433	100.892845	101.885857	101.298965	101.370583	100.488434	100.40078	101.043152	100.423965	100.583244	100.540291	101.744507	101.918121	99.695755	100.864197	101.145126	101.327606	101.315102	101.701561	100.540291	101.574539	102.037956
349	100.031662	100.810478	100.709686	102.278015	100.80246	100.782837	102.544769	100.897919	99.930847	101.018356	101.559425	100.848404	101.42337	101.530418	100.674454	100.175301	100.549103	100.342575	101.982712	101.669159	100.903259	101.9814	101.176262	101.479591	100.522766	101.912247	101.267693	100.695404	100.603951	101.606262	101.181625	101.703056	101.330589	102.118774	102.130363	101.57502	101.887283	100.529457	100.711021	102.44397	101.177597	102.769577	102.097824	101.718674	100.956795	100.712349	101.326599	101.29805	101.16333	101.390816	102.336906	102.126373	100.193573	101.329254	101.495186	101.946167	101.776207	102.564392	101.390816	102.05587	102.672783
350	100.757996	101.276779	100.873474	102.458977	100.934662	100.798332	103.077888	101.097366	100.367203	101.695419	102.247581	101.421425	101.855377	101.653694	100.938843	100.698212	101.040337	100.75383	102.445076	102.222549	101.43396	102.342178	101.29763	101.86232	100.585518	102.479828	101.37693	101.082077	101.002777	101.813637	101.580002	102.075111	101.731575	102.816414	102.410294	102.10849	102.169708	100.962433	100.922157	102.574432	101.350494	103.393639	102.719093	101.919342	101.339363	100.99585	101.518784	101.969421	101.605034	102.089035	102.688454	102.243423	100.58136	101.636978	101.752449	102.428391	102.133522	103.218391	102.055649	102.407524	103.148827
351	100.853958	100.991699	101.186073	101.781128	101.18058	100.718582	102.542183	101.034203	101.126221	101.66539	102.010918	101.505623	101.88813	101.405678	101.206543	101.254509	101.065674	100.827965	102.467384	101.855087	101.583542	102.213203	101.121544	101.544998	100.553299	101.910995	101.614998	101.325378	100.831924	101.628426	101.333282	101.710274	101.504051	102.460335	101.864555	101.918053	101.912544	100.967262	101.102661	102.113258	101.064125	102.961708	102.627167	101.513527	101.381256	101.175049	101.338791	101.825188	101.489113	102.183258	102.050308	101.984955	100.527336	101.301804	101.633919	102.363503	102.073883	103.030144	101.975502	102.233635	102.983711
352	100.946548	100.716568	101.487793	101.126907	101.4179	100.641609	102.025162	100.973221	101.858818	101.636421	101.782524	101.586868	101.919746	101.166321	101.464912	101.791443	101.090111	100.899529	102.488922	101.50045	101.727913	102.088715	100.951599	101.238724	100.522186	101.361954	101.844803	101.560211	100.667015	101.449646	101.095161	101.358154	101.284477	102.116631	101.337799	101.73423	101.664337	100.971947	101.276871	101.668167	100.787712	102.544785	102.538467	101.121834	101.4217	101.34803	101.165031	101.685966	101.377235	102.2742	101.434364	101.735497	100.475182	100.978264	101.519516	102.300896	102.016304	102.848457	101.898148	102.065826	102.824318
353	101.035942	100.45079	101.779175	100.495026	101.647118	100.567245	101.525787	100.914299	102.566315	101.608421	101.56189	101.665321	101.950264	100.935127	101.714447	102.30999	101.113686	100.968613	102.509705	101.157906	101.86731	101.968468	100.787445	100.942924	100.492111	100.831665	102.066696	101.78698	100.507721	101.27697	100.865196	101.018036	101.072372	101.784668	100.829086	101.556686	101.424637	100.976418	101.445114	101.238266	100.520729	102.142143	102.452766	100.743523	101.460739	101.515053	100.997231	101.551483	101.269165	102.362015	100.83947	101.49456	100.424782	100.665787	101.409004	102.240372	101.960663	102.672981	101.823387	101.90374	102.670372
354	100.866524	100.466644	101.44014	100.39389	101.41188	101.076805	101.624123	100.929214	102.155182	101.543259	101.147247	101.575554	101.850296	100.929214	102.117065	102.153244	100.935211	100.979698	101.945091	100.753342	101.817978	101.595703	100.937317	100.892845	100.735352	100.737289	101.842163	101.567444	100.571693	101.108932	101.042389	100.925125	101.28479	101.644241	100.828209	101.43821	101.3554	101.216103	101.314972	101.513077	100.626244	101.878525	102.185562	100.850464	101.751419	101.529137	101.216103	101.43821	101.254417	101.862274	100.828209	101.314972	100.339333	100.690842	101.409958	101.943146	101.668427	101.955154	101.767479	101.490654	102.46434
355	100.667809	100.519478	101.027534	100.366524	101.122025	101.648506	101.799072	100.953484	101.607666	101.475166	100.719437	101.466141	101.735985	100.953484	102.52771	101.911354	100.735268	100.982704	101.319801	100.352921	101.74501	101.200699	101.124443	100.876999	101.00753	100.703835	101.565025	101.295181	100.663399	100.946678	101.268372	100.867989	101.547218	101.533615	100.895012	101.331207	101.310989	101.479759	101.149048	101.873329	100.778114	101.64151	101.902344	101.01873	102.066696	101.522385	101.479759	101.331207	101.252541	101.299583	100.895012	101.149048	100.251808	100.760078	101.425705	101.623497	101.353661	101.187073	101.715767	101.056755	102.257683
356	100.476036	100.570488	100.629318	100.340149	100.84227	102.200333	101.967934	100.976921	101.079247	101.409462	100.306572	101.360558	101.625702	100.976921	102.92411	101.67791	100.542305	100.985611	100.716316	99.966438	101.674606	100.819489	101.305054	100.861755	101.270233	100.671593	101.297569	101.032425	100.751945	100.79007	101.486519	100.812851	101.800537	101.426849	100.959518	101.227989	101.268173	101.734245	100.988937	102.221062	100.924721	101.412758	101.629005	101.181175	102.37101	101.5159	101.734245	101.227989	101.250755	100.756516	100.959518	100.988937	100.167381	100.826935	101.440918	101.314987	101.049843	100.445793	101.665901	100.638008	102.058235
357	100.568352	100.541412	100.444542	100.514374	100.627174	102.064072	101.895737	100.843109	100.746246	100.96701	100.185738	101.20192	101.351189	100.99865	102.626144	101.284515	100.422333	100.720886	100.522324	99.760262	101.560722	100.762085	101.133682	100.668465	101.211456	100.628746	100.893936	100.744675	100.681152	100.704941	101.506737	100.614479	101.687767	101.144791	100.99865	100.949493	101.170158	101.600441	100.977997	101.932335	100.898651	101.068581	101.38607	101.2257	102.218079	101.286087	101.767113	101.171707	100.936821	100.598549	100.943085	100.855782	100.052406	100.79068	101.120987	101.193932	100.855782	100.307953	101.460716	100.577888	101.552856
358	100.866608	100.454315	100.417114	100.832901	100.461342	101.4282	101.648781	100.596146	100.558922	100.254761	100.278793	101.006248	100.959862	101.018929	101.825623	100.778671	100.35672	100.263954	100.62851	99.687492	101.416359	100.941017	100.707756	100.347534	100.919151	100.578629	100.395248	100.44165	100.495018	100.672737	101.38266	100.313828	101.30957	100.737968	101.018929	100.546249	101.032951	101.185272	101.075829	101.183105	100.747131	100.64386	101.167763	101.183952	101.733688	100.89595	101.638268	101.150223	100.398766	100.722626	100.867928	100.743637	99.91642	100.679741	100.560257	101.21064	100.743637	100.610992	101.144577	100.77951	100.829872
359	101.154137	100.370369	100.390671	101.139984	100.301468	100.815186	101.410713	100.35807	100.378372	99.568161	100.368515	100.817642	100.582634	101.03849	101.053909	100.291023	100.293457	99.823448	100.730873	99.61734	101.277199	101.113533	100.29718	100.03817	100.637375	100.530312	99.914513	100.149521	100.31562	100.64167	101.263046	100.02401	100.944992	100.345779	101.03849	100.157509	100.900688	100.785027	101.170143	100.460838	100.601074	100.234428	100.957283	101.143684	101.266754	100.519875	101.514038	101.129532	99.880066	100.842239	100.795471	100.635529	99.785301	100.572762	100.01973	101.226738	100.635529	100.903114	100.839806	100.973869	100.132919
360	101.38987	100.41674	100.492546	101.427551	100.288666	100.360657	101.162888	100.274536	100.21373	99.192612	100.483551	100.687881	100.322517	101.053223	100.474571	100.037254	100.317368	99.530136	100.891319	99.728432	101.228401	101.261818	100.103638	99.88562	100.431732	100.484001	99.761406	100.00898	100.217995	100.710999	101.237823	99.918594	100.730278	100.13707	101.067337	99.933182	100.806519	100.582932	101.195862	100.037254	100.512253	100.079659	100.881889	101.251518	101.005257	100.298523	101.479813	101.143158	99.619637	100.976982	100.74955	100.536255	99.79525	100.502838	99.714729	101.247681	100.602211	101.138458	100.654472	101.143158	99.775978
361	101.49704	100.832031	100.961685	101.680817	100.687576	100.318489	100.870193	100.61866	100.082138	99.6632	100.677849	100.714066	100.372589	101.055511	100.39402	100.421654	100.587524	99.628922	101.226044	100.35585	101.429687	101.3526	100.505363	100.162338	100.425163	100.439957	100.516655	100.283829	100.34301	101.066826	101.475632	100.323143	100.920822	100.428268	101.124428	100.15416	100.812569	100.922356	101.030991	100.421654	100.577782	100.62841	101.180115	101.78244	101.30159	100.495636	101.69561	101.254097	100.065399	101.163773	100.774788	100.454758	100.201668	100.531837	100.049042	101.283684	100.77636	101.231125	100.791153	101.254097	100.347687
362	101.601006	101.234901	101.416779	101.926491	101.074554	100.277603	100.586296	100.952492	99.954498	100.119698	100.866333	100.739479	100.421204	101.057755	100.31588	100.794563	100.849594	99.724792	101.550781	100.964485	101.624939	101.440666	100.895073	100.430786	100.418793	100.39724	101.249275	100.550446	100.464272	101.411987	101.706329	100.715576	101.105644	100.7108	101.179817	100.368561	100.818443	101.25164	100.871086	100.794563	100.641357	101.160721	101.469421	102.297447	101.589073	100.686859	101.904953	101.361702	100.497795	101.344955	100.799309	100.37571	100.595924	100.559998	100.373337	101.318619	100.945305	101.321014	100.923752	101.361702	100.902267
363	101.701912	101.625862	101.858429	102.164909	101.450096	100.237915	100.310768	101.276466	99.830643	100.562714	101.049248	100.764145	100.468353	101.059937	100.240067	101.156448	101.103905	99.81781	101.865921	101.555161	101.814461	101.526154	101.273254	100.691284	100.412605	100.355789	101.960281	100.809181	100.58197	101.746964	101.930214	101.096428	101.285019	100.98494	101.233551	100.57663	100.824165	101.571205	100.715889	101.156448	100.703049	101.677307	101.750168	102.797272	101.868042	100.872406	102.108109	101.466141	100.917435	101.52079	100.82309	100.299011	100.978531	100.587311	100.688087	101.352524	101.109268	101.408257	101.05246	101.466141	101.440475
364	101.597939	101.622162	101.623871	101.667068	101.431931	100.379608	100.470398	101.406013	99.793312	100.940826	101.108536	100.588821	100.562057	100.977097	100.182434	101.438011	100.755707	100.138367	101.738892	101.728531	101.483788	101.539162	101.17598	100.678764	100.799873	100.216141	101.772606	100.79464	100.842239	101.803764	101.895401	100.804993	101.159546	100.919167	101.052299	100.694359	100.958969	101.892838	100.82666	101.322998	100.843086	101.548645	101.57373	102.600121	101.886772	101.115486	101.987053	101.333344	100.943359	101.341972	100.926086	100.421104	100.771286	100.694359	100.875938	101.513222	100.969299	101.423286	100.862076	101.661972	101.349785
365	101.484833	101.594566	101.355675	101.140381	101.390396	100.527809	100.651428	101.519562	99.762474	101.302872	101.158417	100.406982	100.655602	100.891747	100.127769	101.705681	100.381981	100.462517	101.589027	101.870979	101.132034	101.547333	101.052856	100.650047	101.198685	100.074997	101.536224	100.763954	101.102852	101.841805	101.845978	100.481987	101.019539	100.834785	100.862564	100.802826	101.097313	102.204338	100.950073	101.472343	100.983406	101.384827	101.375114	102.366867	101.889023	101.354279	101.850151	101.190376	100.944504	101.147308	101.030624	100.551437	100.534775	100.802826	101.050064	101.676514	100.815346	101.433441	100.658394	101.857086	101.223709
366	101.375534	101.567902	101.096436	100.631294	101.350235	100.671066	100.826393	101.629326	99.732658	101.652817	101.206627	100.231194	100.746025	100.809242	100.074944	101.964401	100.020744	100.775826	101.44416	102.008652	100.792053	101.555252	100.933876	100.622269	101.58416	99.938568	101.30777	100.734268	101.354767	101.878586	101.798203	100.169777	100.884186	100.753235	100.679161	100.907684	101.231026	102.505409	101.069366	101.616684	101.119026	101.226486	101.183144	102.141396	101.891235	101.585068	101.717819	101.052185	100.945602	100.959145	101.131668	100.677383	100.306168	100.907684	101.218376	101.834343	100.666512	101.443253	100.461494	102.045677	101.10186
367	101.135811	101.209915	100.838959	100.416412	101.042961	100.813362	100.760628	101.44297	99.953766	101.480011	100.974953	100.194839	100.527588	100.68232	100.188721	101.680984	99.952614	100.719368	101.087296	101.742874	100.696823	101.1996	100.801895	100.549355	101.384125	99.901031	101.119377	100.380112	101.224426	101.640869	101.459381	99.951462	100.726639	100.442001	100.580299	100.980309	101.060532	102.010681	101.123596	101.422348	100.858429	101.033798	101.020432	101.907906	101.640869	101.463608	101.597702	100.993683	100.578018	100.626526	101.126625	100.576111	100.156616	100.65023	101.029587	101.568665	100.508095	101.317276	100.310204	101.632462	100.872955
368	100.831375	100.679192	100.590988	100.372604	100.597046	100.950447	100.562927	101.097824	100.307396	101.021706	100.595032	100.237358	100.144325	100.534866	100.391556	101.104881	100.050056	100.458778	100.6241	101.261116	100.74115	100.65316	100.667084	100.45372	100.864494	99.919876	100.959549	99.856911	100.885475	101.258064	100.96965	99.792709	100.561928	100.013123	100.531837	101.032593	100.726227	101.088943	101.139793	101.045738	100.385712	100.828346	100.87941	101.677689	101.258064	101.149879	101.488365	100.981544	100.017166	100.224449	101.062683	100.351624	100.056114	100.19944	100.648102	101.075813	100.349579	101.119804	100.189331	100.897598	100.592003
369	100.543724	100.177727	100.356689	100.331161	100.175705	101.079979	100.376106	100.771667	100.64151	100.588654	100.236038	100.277534	99.782166	100.395538	100.583206	100.560532	100.142097	100.21254	100.186417	100.805878	100.783005	100.136826	100.539673	100.36335	100.373482	99.937645	100.80851	99.362526	100.565186	100.89637	100.506882	99.642685	100.406265	99.607864	100.486038	101.082001	100.410332	100.21801	101.155075	100.689888	99.939049	100.634216	100.746155	101.460136	100.89637	100.853455	101.385033	100.970062	99.487228	99.844513	101.002243	100.139465	99.961121	99.773468	100.287643	100.610123	100.199783	100.933197	100.075104	100.203232	100.326515
370	100.468445	99.971863	100.374481	100.493553	100.007889	101.181122	100.325867	100.593697	100.94149	100.314857	100.192795	100.484146	99.755737	100.357185	100.758209	100.261642	100.365089	100.205292	100.069023	100.651741	100.886665	99.921738	100.512276	100.427711	100.205292	100.109741	100.861656	99.263878	100.491951	100.816238	100.327454	99.65699	100.404213	99.522316	100.507584	101.178024	100.285149	99.832497	101.195236	100.578094	99.879517	100.553001	100.731598	101.397346	100.816238	100.816238	101.420853	101.088776	99.406448	99.787071	101.027657	100.145767	100.054916	99.700935	100.186478	100.460625	100.222504	100.886665	100.032928	99.852806	100.25383
371	100.818802	100.353035	100.903404	101.07708	100.344017	101.23037	100.549248	100.705971	101.18866	100.348457	100.78614	101.038742	100.407234	100.521027	100.908981	100.443222	100.865051	100.681236	100.593277	101.098488	101.12101	100.304543	100.685677	100.808647	100.681236	100.603439	101.330818	99.960648	100.914673	101.301491	100.71167	100.004555	100.712776	100.079033	100.666519	101.373611	100.539101	100.40834	101.287888	100.954124	100.60009	100.695839	100.95636	101.644264	101.301491	101.301491	101.740158	101.477394	100.230202	100.379028	101.228142	100.594391	100.535759	100.339569	100.604546	100.942871	100.595497	101.12101	100.134209	100.179359	100.567307
372	101.147018	100.710167	101.398933	101.623787	100.658905	101.276489	100.758514	100.811172	101.42025	100.379967	101.34201	101.558319	101.01757	100.674545	101.050247	100.613365	101.333473	101.127121	101.084435	101.517044	101.340553	100.6632	100.848175	101.165535	101.127121	101.065933	101.77034	100.613426	101.310684	101.756119	101.071609	100.3302	101.001869	100.600601	100.815437	101.556847	100.777016	100.94783	101.374687	101.306412	101.275146	100.829651	101.166939	101.875626	101.756119	101.756119	102.039276	101.841484	101.00193	100.933601	101.415977	101.014694	100.986244	100.937866	100.996193	101.394669	100.944962	101.340553	100.229134	100.485298	100.861
373	101.455139	101.04538	101.864098	102.136993	100.954506	101.319794	100.954964	100.909889	101.637627	100.409523	101.863846	102.046074	101.590523	100.818657	101.182846	100.773064	101.773193	101.545692	101.545502	101.909935	101.546646	100.999855	101.000679	101.500549	101.545692	101.500107	102.182945	101.226212	101.682457	102.182892	101.409492	100.635864	101.273254	101.090218	100.955223	101.728859	101.000359	101.454269	101.456154	101.637115	101.908859	100.955284	101.364624	102.092781	102.182892	102.182892	102.320076	102.183273	101.726402	101.454201	101.592293	101.409241	101.409111	101.499535	101.363861	101.818764	101.273003	101.546646	100.318207	100.772491	101.136688
374	101.095161	100.994194	101.524887	101.840866	100.79615	100.766479	100.79615	100.589661	101.25103	100.26535	101.828346	101.807213	101.183609	100.732979	100.804482	100.640282	101.2257	101.267944	101.394363	101.756683	101.242653	101.040581	101.040581	101.428101	101.369095	101.200531	101.794502	101.225937	101.457527	101.68071	101.166847	100.513908	100.977242	100.973106	101.099609	101.499664	101.154373	101.221611	101.221611	101.377472	101.579651	100.821426	101.225853	101.811371	101.971504	101.693329	101.76915	101.592171	101.284706	101.284836	101.322708	101.04039	101.293274	101.112	101.124725	101.368965	101.166893	101.647255	100.320175	100.62764	101.14167
375	100.78257	100.948647	101.229652	101.582733	100.658012	100.287689	100.658012	100.312256	100.915779	100.140526	101.795616	101.598679	100.829407	100.658348	100.476685	100.524811	100.750374	101.026031	101.261856	101.622581	100.978874	101.074516	101.074516	101.364151	101.214706	100.93969	101.456848	101.223312	101.26152	101.244606	100.955627	100.407234	100.720108	100.869919	101.223969	101.300728	101.286758	101.018402	101.018402	101.151596	101.292435	100.705162	101.105072	101.567116	101.78701	101.268196	101.291451	101.079544	100.899841	101.136314	101.088821	100.719795	101.191452	100.774612	100.91642	100.978233	101.073853	101.733521	100.321518	100.501228	101.14492
376	100.510666	100.909004	100.972855	101.358185	100.537849	99.871193	100.537849	100.070969	100.624153	100.031937	101.767174	101.417305	100.521294	100.593399	100.191521	100.424362	100.336906	100.815628	101.146591	101.505936	100.749443	101.104034	101.104034	101.308533	101.080414	100.712814	101.163162	101.221046	101.091042	100.865303	100.771904	100.314438	100.496468	100.780151	101.332161	101.127693	101.401917	100.841644	100.841644	100.955116	101.042595	100.604019	101.000008	101.354637	101.626518	100.898376	100.875946	100.633621	100.565063	101.007118	100.885376	100.440933	101.102867	100.481125	100.735245	100.638351	100.99292	101.808525	100.322685	100.391281	101.147758
377	100.336205	100.746201	100.780083	101.022217	100.354996	99.822502	100.504028	100.040649	100.530373	100.182915	101.513496	101.149406	100.363327	100.488937	100.099289	100.486031	100.232468	100.688316	100.870262	101.289345	100.534035	100.944794	100.958344	101.137375	100.885353	100.507721	100.891373	100.989876	100.93956	100.695084	100.594261	100.217377	100.349762	100.661209	101.142609	100.952339	101.181725	100.809464	100.802704	100.854599	100.914001	100.644768	100.758186	101.178047	101.388634	100.74173	100.728966	100.55146	100.511589	100.893677	100.768074	100.4123	100.94558	100.431824	100.669525	100.571022	100.873352	101.505157	100.324997	100.4123	100.944008
378	100.221062	100.562027	100.637161	100.693283	100.175247	99.912369	100.505913	100.090172	100.520576	100.405815	101.214577	100.887939	100.281181	100.384949	100.089088	100.597191	100.253311	100.608566	100.574852	101.067184	100.35379	100.740181	100.770233	100.948784	100.695816	100.339127	100.665405	100.70903	100.816055	100.623596	100.443604	100.132347	100.251137	100.548447	100.87291	100.800682	100.872185	100.833641	100.818611	100.802505	100.846848	100.730621	100.50116	101.038971	101.156296	100.683342	100.69873	100.61113	100.566391	100.801758	100.698006	100.47731	100.785652	100.476929	100.654388	100.610748	100.756683	101.108658	100.327362	100.47731	100.694725
379	100.127396	100.412201	100.520935	100.425697	100.029037	99.985474	100.507423	100.130447	100.512604	100.587105	100.971436	100.675262	100.214386	100.300339	100.08078	100.687584	100.270256	100.543686	100.334549	100.88649	100.207153	100.573769	100.617233	100.795364	100.541641	100.201973	100.481583	100.480583	100.715591	100.56543	100.321053	100.063194	100.170883	100.456703	100.653503	100.677299	100.620392	100.85331	100.831558	100.760124	100.792229	100.800453	100.292099	100.925842	100.967285	100.635849	100.674141	100.65963	100.61097	100.726997	100.641037	100.530197	100.655556	100.513611	100.642052	100.643074	100.661758	100.786087	100.3293	100.530197	100.491951
380	100.132751	100.376427	100.470665	100.338722	100.035873	100.131836	100.547791	100.270752	100.587204	100.719154	100.869026	100.577606	100.315895	100.314629	100.187935	100.777878	100.328217	100.55304	100.279549	100.799789	100.196732	100.528946	100.600792	100.719597	100.494324	100.194099	100.448288	100.403168	100.642487	100.59816	100.30674	100.116058	100.162567	100.4645	100.571884	100.631073	100.526321	100.890503	100.874283	100.788391	100.744164	100.842751	100.286987	100.877365	100.866867	100.638962	100.668762	100.727043	100.676193	100.719154	100.638962	100.582863	100.614845	100.61129	100.686691	100.700294	100.665237	100.662598	100.384308	100.609138	100.445648
381	100.262489	100.482162	100.501076	100.474594	100.234924	100.376167	100.638535	100.542282	100.768433	100.794914	100.938835	100.620117	100.63269	100.453499	100.444351	100.87175	100.439964	100.655853	100.45459	100.827347	100.356651	100.634766	100.754906	100.73806	100.57901	100.347984	100.602303	100.511932	100.600601	100.746223	100.427521	100.324203	100.244072	100.597427	100.65963	100.679649	100.626114	100.951294	100.956154	100.906395	100.702324	100.852226	100.537422	100.907982	100.873337	100.705627	100.687202	100.8209	100.77002	100.794914	100.705627	100.637436	100.684509	100.789536	100.804665	100.791122	100.792229	100.783577	100.508141	100.724045	100.593651
382	100.363472	100.564468	100.524734	100.58036	100.389862	100.566353	100.709167	100.753654	100.909508	100.853874	100.993172	100.653206	100.879272	100.561592	100.643944	100.944832	100.526932	100.735878	100.590851	100.848785	100.481125	100.717117	100.874855	100.752434	100.64492	100.467773	100.722191	100.596581	100.567986	100.861488	100.52153	100.486206	100.307503	100.70089	100.727928	100.717453	100.703766	100.998566	101.019875	100.998245	100.669754	100.859604	100.732361	100.931786	100.87838	100.757515	100.701546	100.893936	100.843063	100.853874	100.757515	100.679909	100.738754	100.928261	100.896477	100.861809	100.891075	100.877716	100.604538	100.813469	100.708839
383	100.436691	100.619904	100.538277	100.654495	100.501015	100.710388	100.754509	100.909981	101.005348	100.889603	101.022003	100.674454	101.057472	100.641403	100.788895	100.987389	100.587936	100.786018	100.691292	100.858093	100.573311	100.773582	100.959442	100.757622	100.689758	100.55159	100.806427	100.655151	100.54361	100.940147	100.591957	100.602806	100.355293	100.774261	100.77758	100.743423	100.758072	101.026199	101.059471	101.06369	100.639633	100.858543	100.876511	100.942825	100.874283	100.793114	100.709511	100.938156	100.891586	100.890907	100.793793	100.704834	100.775146	101.027534	100.959015	100.911774	100.95723	100.948128	100.67823	100.87674	100.792458
384	100.34919	100.464455	100.446449	100.512253	100.343277	100.667	100.577209	100.787697	100.75576	100.699196	100.765839	100.59153	100.832077	100.576004	100.620399	100.718033	100.472023	100.560417	100.606194	100.716003	100.503471	100.638023	100.808655	100.641823	100.573883	100.387283	100.648903	100.526085	100.557205	100.74321	100.555077	100.445152	100.335815	100.651863	100.721085	100.68251	100.651039	100.8535	100.873611	100.961288	100.539101	100.725235	100.762985	100.798592	100.716827	100.708069	100.648544	100.701691	100.740723	100.726891	100.721916	100.551651	100.670311	100.88118	100.799416	100.824615	100.76252	100.909332	100.669952	100.767586	100.694229
385	100.281738	100.344635	100.375679	100.402618	100.221703	100.63356	100.440559	100.693451	100.563408	100.55249	100.568405	100.527611	100.658371	100.525604	100.490532	100.510429	100.382652	100.386536	100.540588	100.606491	100.449646	100.533531	100.692436	100.552544	100.484589	100.260689	100.527527	100.426613	100.567665	100.591446	100.526634	100.323654	100.320778	100.557541	100.677528	100.635544	100.568542	100.72039	100.730362	100.882355	100.461601	100.62249	100.675461	100.687447	100.59549	100.642517	100.601555	100.519455	100.624451	100.600471	100.666512	100.433586	100.589523	100.768387	100.676414	100.757446	100.612434	100.879417	100.663582	100.683472	100.61853
386	100.228188	100.249496	100.319496	100.315559	100.125168	100.607025	100.332047	100.618599	100.410667	100.435959	100.411606	100.476852	100.520416	100.485596	100.387421	100.345566	100.311699	100.248482	100.488495	100.519524	100.406921	100.450577	100.600136	100.481674	100.413666	100.160133	100.431129	100.34761	100.575981	100.470909	100.504066	100.227165	100.308861	100.482643	100.642944	100.598267	100.503036	100.614677	100.616608	100.819687	100.400093	100.540901	100.605988	100.599167	100.499115	100.590477	100.564262	100.374725	100.532135	100.500084	100.622536	100.339828	100.525368	100.678802	100.578758	100.704109	100.493263	100.855659	100.658524	100.616684	100.558411
387	100.149193	100.186668	100.270424	100.275909	100.104454	100.435555	100.263634	100.480759	100.2715	100.313843	100.266968	100.376907	100.417946	100.371429	100.272438	100.252342	100.298515	100.214745	100.369179	100.421509	100.337395	100.409142	100.448761	100.388206	100.301239	100.124214	100.302551	100.257217	100.464592	100.401398	100.403427	100.184044	100.274948	100.363335	100.51181	100.495277	100.43602	100.447807	100.479446	100.678375	100.331566	100.415085	100.529182	100.484932	100.391785	100.500748	100.459709	100.355721	100.409248	100.425674	100.511459	100.283028	100.440895	100.577721	100.498131	100.599731	100.410805	100.699425	100.552856	100.512405	100.471962
388	100.074783	100.14167	100.230392	100.254784	100.107216	100.249794	100.215981	100.345871	100.156166	100.207924	100.146553	100.27816	100.33989	100.253784	100.170937	100.191971	100.302826	100.214088	100.248978	100.334717	100.270737	100.384941	100.30336	100.302185	100.193871	100.110947	100.183891	100.176826	100.33699	100.355743	100.29628	100.161598	100.240005	100.249336	100.373604	100.389465	100.378311	100.288582	100.355843	100.536285	100.271095	100.295555	100.461517	100.380219	100.29702	100.413857	100.352119	100.373436	100.295929	100.369072	100.398346	100.244453	100.363182	100.488159	100.433777	100.496689	100.350227	100.530037	100.435326	100.413116	100.390923
389	100.014725	100.105347	100.198105	100.237747	100.109459	100.099876	100.177528	100.237	100.063095	100.122429	100.049362	100.198486	100.276886	100.158836	100.089012	100.143242	100.30632	100.213562	100.151978	100.264679	100.216927	100.365402	100.186012	100.232758	100.107231	100.100243	100.088142	100.111946	100.234016	100.318909	100.209824	100.143501	100.211823	100.157341	100.262054	100.30407	100.331749	100.160088	100.256073	100.421631	100.22229	100.199104	100.406921	100.295723	100.220551	100.343719	100.265312	100.387718	100.204468	100.323395	100.307068	100.213303	100.300453	100.415894	100.381866	100.413528	100.301323	100.393333	100.340485	100.333	100.325516
390	99.992271	100.083115	100.181175	100.185921	100.12516	100.045731	100.171425	100.17749	100.028023	100.089394	100.029518	100.143745	100.234245	100.12516	100.056412	100.153008	100.289154	100.193871	100.110229	100.222824	100.183197	100.332642	100.131966	100.206436	100.063217	100.122963	100.085762	100.099541	100.195015	100.30928	100.182663	100.146912	100.187981	100.130699	100.22229	100.2715	100.302078	100.119278	100.225052	100.364197	100.205521	100.16848	100.372849	100.268555	100.195015	100.317749	100.232788	100.375961	100.20002	100.310204	100.278877	100.226723	100.268913	100.381157	100.356636	100.368988	100.282921	100.320877	100.288811	100.296188	100.300804
391	100.009468	100.075081	100.180092	100.093925	100.156227	100.092697	100.200043	100.168541	100.0541	100.111595	100.092445	100.113388	100.211586	100.156227	100.075615	100.226593	100.24884	100.152496	100.126282	100.209473	100.169579	100.284004	100.14386	100.22551	100.063263	100.183022	100.184357	100.143364	100.223419	100.328682	100.21843	100.173805	100.16774	100.173553	100.258339	100.294556	100.289299	100.171455	100.266991	100.365936	100.222626	100.207672	100.359367	100.30217	100.223419	100.338402	100.257553	100.335464	100.289604	100.331566	100.317673	100.28907	100.269592	100.385376	100.359116	100.364098	100.296654	100.314484	100.281403	100.30452	100.31897
392	100.023628	100.068451	100.179184	100.018166	100.181786	100.131371	100.223633	100.161156	100.075569	100.129852	100.144257	100.088379	100.192902	100.181786	100.091431	100.287186	100.215637	100.118423	100.139496	100.198486	100.158356	100.24395	100.153664	100.241219	100.063301	100.232445	100.265526	100.179436	100.246811	100.344643	100.247887	100.195946	100.151047	100.208832	100.28801	100.31353	100.278748	100.214424	100.301537	100.367378	100.236717	100.239944	100.348267	100.329865	100.246811	100.355385	100.277924	100.302109	100.363373	100.349167	100.349602	100.340401	100.270172	100.388847	100.361168	100.360085	100.307953	100.309219	100.275314	100.311386	100.333931
393	100.033096	100.06282	100.172676	99.959717	100.198006	100.15963	100.238571	100.151573	100.09153	100.143814	100.180138	100.069557	100.175453	100.200058	100.104271	100.328491	100.188194	100.093735	100.148354	100.187172	100.148354	100.211777	100.161537	100.252625	100.06546	100.266541	100.322342	100.206497	100.263618	100.352654	100.270798	100.212357	100.140594	100.233589	100.308136	100.323082	100.268745	100.241066	100.326157	100.367447	100.247643	100.264648	100.3386	100.348999	100.264206	100.363205	100.292328	100.275185	100.415054	100.359688	100.370964	100.376976	100.271667	100.390587	100.360573	100.354126	100.315765	100.303886	100.271523	100.31649	100.344467
394	100.017677	100.057434	100.110687	99.96003	100.160583	100.142799	100.203979	100.110283	100.085258	100.142502	100.136391	100.074615	100.143112	100.184479	100.111053	100.270462	100.168922	100.110855	100.134071	100.15696	100.134071	100.198341	100.164986	100.245132	100.088158	100.223251	100.260124	100.198235	100.250458	100.306717	100.272736	100.205162	100.166275	100.207283	100.27858	100.268646	100.248848	100.171661	100.304474	100.356384	100.248428	100.26239	100.326874	100.325371	100.257278	100.306915	100.278282	100.262604	100.359032	100.327286	100.336029	100.344643	100.282982	100.380692	100.337517	100.323761	100.305984	100.290421	100.281273	100.314507	100.333801
395	100.0047	100.052902	100.058495	99.960289	100.129082	100.128624	100.17482	100.075493	100.079964	100.14138	100.099541	100.078857	100.115875	100.171349	100.116768	100.221588	100.152672	100.125267	100.122025	100.131523	100.122025	100.187012	100.167885	100.238815	100.107254	100.18679	100.20771	100.191261	100.239357	100.267998	100.274368	100.199089	100.187912	100.185104	100.253677	100.222816	100.232086	100.113205	100.286224	100.347076	100.2491	100.260498	100.316986	100.305473	100.25145	100.259491	100.266434	100.252007	100.311852	100.299988	100.30658	100.317429	100.29248	100.372353	100.318108	100.298203	100.297752	100.27906	100.289474	100.312843	100.324821
396	99.993622	100.049034	100.013947	99.960503	100.102188	100.116524	100.149963	100.045822	100.075462	100.140427	100.068108	100.082466	100.092636	100.160156	100.121651	100.179863	100.138817	100.137581	100.111755	100.109825	100.111755	100.177361	100.170364	100.233414	100.123573	100.155678	100.162979	100.185333	100.229904	100.23497	100.27578	100.193916	100.206375	100.166199	100.232437	100.183701	100.217796	100.063309	100.270653	100.339127	100.249657	100.258888	100.308563	100.288483	100.246468	100.219032	100.256332	100.242958	100.271584	100.276695	100.281479	100.294205	100.300613	100.365242	100.301552	100.276375	100.290726	100.269379	100.296486	100.311432	100.317154
397	100.000298	100.053009	100.011719	99.989441	100.094627	100.121597	100.143852	100.068497	100.087273	100.121666	100.086296	100.091728	100.108215	100.161919	100.153587	100.150574	100.149826	100.147308	100.112709	100.114288	100.138367	100.187935	100.1819	100.227371	100.151077	100.166962	100.164452	100.182892	100.231781	100.233688	100.2715	100.218689	100.220963	100.19075	100.226082	100.200294	100.222244	100.090385	100.28508	100.307442	100.256218	100.252129	100.307999	100.29496	100.249245	100.233315	100.262245	100.280258	100.256264	100.273064	100.28669	100.306664	100.299118	100.363564	100.323486	100.269272	100.282928	100.281273	100.294998	100.297867	100.318146
398	100.010658	100.058517	100.020134	100.02253	100.09259	100.130356	100.14296	100.101807	100.101936	100.100388	100.114883	100.101456	100.131783	100.166702	100.188995	100.127258	100.165848	100.155426	100.116325	100.124725	100.171364	100.202431	100.194511	100.221756	100.178566	100.187561	100.177132	100.181564	100.236259	100.240326	100.266251	100.24836	100.233139	100.223526	100.22403	100.228943	100.230858	100.133705	100.30545	100.273094	100.263596	100.244781	100.309418	100.306534	100.253639	100.259636	100.271515	100.325241	100.248611	100.274643	100.298859	100.326683	100.295387	100.363388	100.352707	100.266479	100.275719	100.297295	100.291565	100.282669	100.321159
399	100.019691	100.063309	100.027451	100.05127	100.090813	100.13797	100.142197	100.130737	100.11467	100.081924	100.139709	100.109901	100.152275	100.17086	100.219749	100.107018	100.179779	100.162483	100.119484	100.133789	100.200043	100.215027	100.205482	100.216888	100.202454	100.20546	100.188156	100.180435	100.240158	100.246117	100.261703	100.274132	100.243713	100.252022	100.222252	100.25383	100.23835	100.171326	100.323151	100.243271	100.27002	100.238403	100.310669	100.316605	100.257477	100.282516	100.279572	100.364288	100.241997	100.276016	100.309433	100.344063	100.29216	100.363251	100.378098	100.264069	100.26947	100.311218	100.288582	100.269493	100.323807
400	100.037315	100.064156	100.045357	100.079788	100.100121	100.139709	100.149979	100.149307	100.125397	100.083817	100.159599	100.126289	100.169205	100.176147	100.23159	100.107727	100.207863	100.180161	100.141022	100.153778	100.227104	100.227997	100.218834	100.228882	100.221741	100.227989	100.211891	100.205627	100.246788	100.252594	100.270691	100.287697	100.25705	100.278732	100.236488	100.278732	100.243652	100.209442	100.330391	100.249443	100.27919	100.253914	100.325455	100.328812	100.272476	100.308693	100.301758	100.385155	100.257263	100.294601	100.329697	100.352303	100.304436	100.365921	100.394096	100.282524	100.284103	100.323677	100.307785	100.284752	100.336624
401	100.064171	100.060966	100.074532	100.108627	100.121048	100.135406	100.16674	100.157616	100.1343	100.106728	100.174782	100.151184	100.182831	100.182709	100.224197	100.130043	100.251091	100.209129	100.181961	100.185394	100.253044	100.2416	100.234924	100.258484	100.236702	100.25576	100.249191	100.25843	100.256332	100.259888	100.293816	100.288948	100.273514	100.304176	100.267479	100.304176	100.246811	100.248779	100.327003	100.292824	100.291382	100.29229	100.354492	100.343468	100.299263	100.338806	100.338921	100.387665	100.295425	100.331291	100.360344	100.351273	100.332939	100.371574	100.400757	100.32283	100.320518	100.334885	100.350235	100.329636	100.360229
402	100.087776	100.058151	100.100174	100.133965	100.139427	100.131645	100.181458	100.164917	100.14212	100.126862	100.188133	100.173042	100.194809	100.188484	100.21769	100.149658	100.289085	100.234581	100.217941	100.213173	100.275841	100.253571	100.249054	100.284492	100.24984	100.280167	100.28199	100.304855	100.264755	100.266312	100.314125	100.290062	100.287971	100.326523	100.294724	100.326523	100.249588	100.283363	100.324036	100.330948	100.302101	100.326004	100.380005	100.356354	100.322807	100.365273	100.37159	100.389885	100.328957	100.363525	100.387276	100.35038	100.357986	100.376534	100.406624	100.358238	100.352524	100.344742	100.387535	100.369072	100.380959
403	100.10096	100.055222	100.117645	100.149956	100.149551	100.124969	100.188805	100.16761	100.146507	100.142052	100.194969	100.187538	100.199913	100.190819	100.210037	100.164352	100.311806	100.251877	100.240341	100.233856	100.289742	100.261009	100.255821	100.300529	100.257324	100.295685	100.30452	100.335625	100.267624	100.269234	100.328217	100.288155	100.29689	100.341187	100.313637	100.338593	100.250916	100.308693	100.31929	100.357452	100.307693	100.348816	100.394096	100.363197	100.338615	100.381325	100.393234	100.387993	100.351593	100.384201	100.404129	100.347649	100.375008	100.377274	100.407112	100.382828	100.374603	100.35173	100.413765	100.396904	100.393829
404	100.059509	100.0495	100.097145	100.119637	100.116119	100.096176	100.156128	100.144066	100.132874	100.137329	100.166618	100.166702	100.16655	100.173698	100.190186	100.15905	100.256729	100.231041	100.195107	100.22509	100.258743	100.245895	100.222191	100.266541	100.235382	100.267479	100.279701	100.291649	100.238777	100.252846	100.313713	100.266685	100.27803	100.318848	100.294533	100.295998	100.244247	100.294601	100.300636	100.330971	100.285812	100.320503	100.348129	100.337944	100.318001	100.344765	100.362221	100.359642	100.32312	100.348244	100.37088	100.331963	100.354515	100.35273	100.375244	100.357941	100.351013	100.345993	100.390121	100.372734	100.367485
405	100.022827	100.044456	100.079002	100.092804	100.086548	100.070694	100.127205	100.12323	100.120819	100.133148	100.141525	100.14827	100.137039	100.158562	100.172615	100.154366	100.207985	100.212608	100.155083	100.217354	100.231339	100.232521	100.192436	100.23645	100.21595	100.242523	100.257729	100.252724	100.213242	100.238327	100.300888	100.247681	100.261322	100.299057	100.277626	100.258316	100.238373	100.282135	100.284126	100.307533	100.266457	100.295471	100.307449	100.315598	100.299751	100.312408	100.334778	100.334564	100.297928	100.316444	100.341476	100.3181	100.336388	100.331009	100.347069	100.335922	100.330124	100.340927	100.369225	100.351334	100.344177
406	99.99012	100.039925	100.06282	100.068878	100.060165	100.047974	100.10141	100.104645	100.110069	100.129402	100.119148	100.131821	100.11071	100.14505	100.156952	100.150177	100.16452	100.196159	100.119385	100.210449	100.206879	100.220581	100.165901	100.209633	100.198639	100.220253	100.238144	100.218025	100.190483	100.225388	100.289444	100.230728	100.246429	100.281433	100.262558	100.224709	100.233116	100.270996	100.269386	100.286636	100.249191	100.273132	100.271179	100.295662	100.283478	100.283554	100.310303	100.31221	100.275444	100.288055	100.315239	100.30571	100.320206	100.311638	100.321915	100.316284	100.311493	100.336395	100.350571	100.33226	100.323395
407	99.996742	100.040436	100.064377	100.071922	100.061035	100.055328	100.09893	100.109627	100.120941	100.135406	100.126472	100.128571	100.119797	100.152779	100.161636	100.169861	100.159622	100.202583	100.131622	100.199532	100.203476	100.220406	100.171364	100.207245	100.191101	100.223984	100.235222	100.214874	100.206009	100.227417	100.268303	100.230743	100.255035	100.268471	100.263023	100.2388	100.234077	100.274948	100.279579	100.276009	100.254074	100.27758	100.270554	100.295303	100.287483	100.28688	100.305298	100.306442	100.274513	100.292297	100.312843	100.308884	100.318359	100.317474	100.33255	100.321869	100.312218	100.34063	100.354752	100.334587	100.3237
408	100.011276	100.041985	100.069603	100.080475	100.067696	100.068535	100.101646	100.119247	100.135567	100.143013	100.139534	100.128433	100.135735	100.164413	100.170288	100.193047	100.163399	100.213394	100.15316	100.188675	100.204872	100.22274	100.18325	100.210297	100.186325	100.232994	100.23613	100.218758	100.228455	100.232483	100.246826	100.23439	100.26796	100.257584	100.266777	100.261986	100.236305	100.281799	100.294289	100.268463	100.263321	100.287415	100.277649	100.299179	100.295532	100.296829	100.304878	100.304726	100.278282	100.3032	100.31575	100.315155	100.31974	100.328239	100.349983	100.332405	100.317047	100.346413	100.363495	100.341309	100.328529
409	100.024292	100.043358	100.07428	100.088142	100.073662	100.080368	100.10408	100.127876	100.148666	100.149811	100.151237	100.128304	100.150009	100.174843	100.178055	100.213829	100.166786	100.223053	100.17244	100.178909	100.206116	100.224838	100.193878	100.213036	100.182007	100.241074	100.236931	100.222244	100.248589	100.237038	100.227562	100.237656	100.279549	100.247826	100.270149	100.282738	100.238274	100.287941	100.30748	100.261688	100.271584	100.296211	100.284004	100.302635	100.302734	100.305725	100.304497	100.303162	100.281631	100.312958	100.318359	100.320732	100.320946	100.337914	100.365616	100.341843	100.32135	100.351562	100.371338	100.347328	100.332848
410	100.036446	100.043915	100.073715	100.089958	100.077179	100.094437	100.100861	100.129066	100.157524	100.153542	100.154091	100.131439	100.157532	100.176704	100.18705	100.218224	100.171623	100.223267	100.188377	100.178543	100.2118	100.220345	100.196922	100.212624	100.185982	100.240303	100.232056	100.227234	100.261566	100.236572	100.22509	100.243721	100.279411	100.244011	100.267982	100.290062	100.238419	100.293503	100.30365	100.264755	100.27462	100.298569	100.292435	100.306274	100.302299	100.308418	100.305748	100.306007	100.284195	100.315872	100.316406	100.321709	100.319336	100.3414	100.370155	100.346458	100.323044	100.353386	100.36248	100.352036	100.344025
411	100.047752	100.043678	100.068192	100.086197	100.078346	100.110603	100.092293	100.123238	100.162376	100.15435	100.148499	100.137672	100.158653	100.170448	100.197205	100.207092	100.177834	100.214531	100.201118	100.187042	100.221703	100.209641	100.192764	100.209221	100.197792	100.231186	100.221786	100.233665	100.267746	100.231361	100.238525	100.252464	100.268211	100.245834	100.260567	100.284645	100.236832	100.298515	100.283722	100.277122	100.272682	100.29483	100.302795	100.310066	100.29464	100.305199	100.308502	100.312996	100.285995	100.312256	100.310112	100.318321	100.31501	100.339088	100.364182	100.346519	100.322235	100.352013	100.337807	100.355515	100.361725
412	100.057922	100.043472	100.063217	100.08284	100.079407	100.125145	100.084595	100.117996	100.166725	100.155083	100.143494	100.143288	100.159683	100.164833	100.206352	100.197098	100.183418	100.206673	100.21257	100.194679	100.230598	100.20002	100.189034	100.206161	100.208412	100.222992	100.212547	100.239441	100.273308	100.226685	100.25061	100.260307	100.258133	100.247467	100.253891	100.279785	100.235405	100.303017	100.265816	100.288261	100.270935	100.291466	100.312111	100.313484	100.287773	100.302315	100.310989	100.31929	100.287605	100.309013	100.304459	100.315285	100.311111	100.33699	100.35881	100.346581	100.32151	100.350777	100.315643	100.358643	100.377632
413	100.064972	100.04425	100.06031	100.081207	100.079788	100.134346	100.082901	100.115906	100.168976	100.153717	100.140312	100.147972	100.160774	100.160934	100.212013	100.188866	100.186905	100.198868	100.219116	100.201141	100.237671	100.194611	100.187668	100.205887	100.217201	100.217201	100.2062	100.243393	100.277031	100.223419	100.258026	100.266396	100.251617	100.248169	100.251305	100.276794	100.237122	100.304832	100.2537	100.295425	100.270714	100.288597	100.318192	100.315514	100.284019	100.300156	100.3134	100.323463	100.289177	100.306389	100.302231	100.314476	100.309822	100.336884	100.353577	100.347099	100.322281	100.349579	100.300644	100.360855	100.389076
414	100.059738	100.050079	100.0662	100.087372	100.07695	100.121391	100.109825	100.12841	100.161911	100.141563	100.144722	100.150177	100.162758	100.163803	100.203148	100.18573	100.181618	100.187958	100.204422	100.20462	100.238777	100.207497	100.197304	100.219093	100.220741	100.220741	100.211227	100.24012	100.273346	100.225723	100.245819	100.266441	100.259697	100.244644	100.267563	100.281738	100.255035	100.294243	100.264847	100.286232	100.277794	100.287033	100.310989	100.311615	100.294022	100.300705	100.316414	100.31916	100.291191	100.305702	100.315811	100.324234	100.320747	100.34639	100.346771	100.350166	100.330734	100.347969	100.314308	100.359573	100.383583
415	100.055023	100.055336	100.07151	100.092911	100.074402	100.109718	100.134064	100.139656	100.155548	100.130615	100.148689	100.152145	100.164536	100.166389	100.195145	100.182915	100.176857	100.178131	100.191185	100.207748	100.239777	100.219093	100.205971	100.23098	100.223923	100.223923	100.215744	100.237183	100.270035	100.227806	100.23484	100.266479	100.266968	100.24147	100.282204	100.286186	100.271164	100.284706	100.274887	100.277962	100.284157	100.285614	100.304504	100.308105	100.303032	100.301193	100.319138	100.315269	100.293015	100.305084	100.328041	100.333023	100.330566	100.354919	100.340637	100.352921	100.338326	100.346527	100.326607	100.358406	100.378632
416	100.050774	100.060097	100.076317	100.097931	100.072083	100.099167	100.155998	100.149834	100.149788	100.120712	100.152275	100.153946	100.166145	100.168732	100.187912	100.180367	100.172546	100.169243	100.179222	100.210587	100.240669	100.229607	100.213814	100.241745	100.226822	100.226822	100.219849	100.234497	100.267029	100.229691	100.224899	100.266525	100.273552	100.238586	100.295448	100.290215	100.285744	100.276077	100.283958	100.270485	100.289932	100.28434	100.29863	100.304939	100.311172	100.301636	100.321594	100.311768	100.29467	100.304504	100.339104	100.340973	100.339462	100.362656	100.335098	100.355408	100.345207	100.345215	100.33773	100.357353	100.374153
417	100.037323	100.054741	100.069954	100.092926	100.06958	100.08329	100.145737	100.139572	100.141159	100.114273	100.154968	100.145378	100.159584	100.158646	100.180611	100.181519	100.171509	100.171471	100.176361	100.209381	100.225357	100.227188	100.21006	100.231155	100.216583	100.223312	100.217163	100.224342	100.256371	100.225899	100.223282	100.25766	100.264465	100.240395	100.285843	100.282242	100.270996	100.268639	100.280273	100.271156	100.284813	100.280907	100.292572	100.301292	100.296867	100.296143	100.31427	100.310013	100.290298	100.303856	100.330795	100.331451	100.330475	100.346077	100.323692	100.341507	100.339188	100.348793	100.340721	100.345695	100.364769
418	100.02327	100.047974	100.062057	100.086472	100.067261	100.067696	100.130402	100.126389	100.13269	100.108994	100.15731	100.13559	100.152061	100.147102	100.173904	100.183273	100.171173	100.175583	100.175407	100.20752	100.208282	100.222626	100.204468	100.217499	100.204758	100.218925	100.213455	100.213608	100.245163	100.221397	100.223328	100.247864	100.253235	100.24295	100.272797	100.272713	100.252045	100.262009	100.274536	100.273285	100.27813	100.277367	100.286972	100.297859	100.279594	100.289986	100.305763	100.308739	100.285194	100.303253	100.319611	100.319481	100.318932	100.326363	100.312103	100.325729	100.331268	100.353004	100.342003	100.333038	100.355217
419	100.010536	100.041817	100.054909	100.080635	100.065147	100.053574	100.116478	100.114418	100.125031	100.104202	100.159409	100.126717	100.145248	100.136635	100.167809	100.184845	100.170853	100.179276	100.174538	100.205841	100.19281	100.21846	100.199402	100.205124	100.194023	100.214943	100.210068	100.20388	100.235008	100.217293	100.223366	100.238991	100.243057	100.245224	100.260994	100.264084	100.234863	100.255989	100.269356	100.275192	100.272049	100.274155	100.281891	100.294731	100.263931	100.284424	100.298019	100.307571	100.280556	100.302696	100.309479	100.308647	100.308464	100.308487	100.30162	100.311424	100.324104	100.356796	100.343147	100.321556	100.346565
420	100.010811	100.04213	100.058075	100.079407	100.072357	100.056122	100.115166	100.113548	100.122818	100.112869	100.160095	100.125763	100.144577	100.136032	100.167892	100.190483	100.17482	100.182518	100.178825	100.206116	100.186478	100.216278	100.201988	100.203217	100.191162	100.214615	100.213646	100.205055	100.23185	100.219681	100.229324	100.238815	100.24334	100.249817	100.261917	100.262032	100.232841	100.256004	100.268402	100.276497	100.271294	100.279327	100.282501	100.293564	100.263359	100.285408	100.295341	100.309959	100.285744	100.308334	100.310913	100.308289	100.309113	100.3041	100.303925	100.307556	100.323524	100.354836	100.341652	100.322899	100.346901
421	100.0224	100.048027	100.070213	100.082191	100.087616	100.073135	100.124809	100.122307	100.125381	100.133148	100.159546	100.131691	100.149261	100.144005	100.173355	100.199615	100.182472	100.185333	100.187561	100.208092	100.188148	100.215828	100.211182	100.210442	100.195145	100.217438	100.223221	100.215698	100.234779	100.227692	100.240364	100.246193	100.252724	100.256325	100.273895	100.265717	100.244034	100.261261	100.271133	100.277237	100.275162	100.291733	100.288055	100.294098	100.275909	100.292084	100.297073	100.315437	100.299431	100.319313	100.322388	100.317024	100.319412	100.311455	100.317345	100.312828	100.328636	100.347885	100.337921	100.335396	100.355019
422	100.032898	100.053383	100.081207	100.084724	100.101448	100.088547	100.133537	100.130249	100.127708	100.151527	100.15905	100.13707	100.153503	100.15123	100.178291	100.207878	100.189423	100.187889	100.195488	100.209877	100.189651	100.215439	100.219513	100.216972	100.198761	100.220001	100.231911	100.225342	100.237442	100.23494	100.250366	100.252876	100.261238	100.262245	100.284752	100.269058	100.254166	100.266029	100.273598	100.277901	100.278664	100.302956	100.293091	100.294586	100.287292	100.298141	100.298645	100.320396	100.311829	100.329254	100.332794	100.324951	100.328758	100.318123	100.329521	100.317612	100.333282	100.341591	100.334526	100.34671	100.362373
423	100.039185	100.057152	100.087593	100.085846	100.111031	100.101196	100.138725	100.135162	100.130096	100.164818	100.156715	100.141884	100.157318	100.157967	100.181564	100.21212	100.193367	100.19014	100.201019	100.209572	100.1912	100.214386	100.225243	100.221443	100.203217	100.222038	100.236656	100.230911	100.238403	100.240372	100.25705	100.257835	100.266052	100.264847	100.290695	100.269409	100.26181	100.268723	100.27536	100.278511	100.280655	100.309586	100.296196	100.295212	100.295547	100.301491	100.299942	100.324074	100.319878	100.335419	100.338783	100.329933	100.334213	100.323013	100.336647	100.321129	100.337601	100.337204	100.331879	100.354256	100.367043
424	100.029861	100.055527	100.076805	100.08149	100.106033	100.106346	100.13076	100.129021	100.133583	100.161133	100.145958	100.145927	100.160622	100.164833	100.179031	100.200943	100.186119	100.191895	100.198387	100.200447	100.193451	100.210281	100.222015	100.218651	100.212624	100.222542	100.226524	100.221321	100.232613	100.240013	100.252022	100.257202	100.257004	100.254478	100.278	100.257446	100.261536	100.263702	100.274719	100.279091	100.276993	100.299026	100.292351	100.296661	100.293388	100.294624	100.300621	100.323593	100.312424	100.327774	100.328209	100.324211	100.325241	100.322029	100.325081	100.320503	100.342026	100.339424	100.331589	100.348488	100.362053
425	100.021385	100.054077	100.066986	100.077522	100.101494	100.111008	100.123505	100.123428	100.136757	100.157776	100.136169	100.149582	100.163628	100.171074	100.176704	100.190773	100.17952	100.193466	100.195984	100.192139	100.195488	100.206528	100.219055	100.216125	100.221184	100.222992	100.217293	100.212601	100.227333	100.23967	100.247444	100.256607	100.248764	100.245033	100.266434	100.246559	100.261261	100.259109	100.274124	100.279617	100.273659	100.289406	100.288841	100.297974	100.291405	100.288391	100.301216	100.323151	100.305626	100.320831	100.318596	100.318993	100.31707	100.321136	100.31456	100.319946	100.346016	100.341438	100.331322	100.343216	100.357498
426	100.013649	100.052727	100.058029	100.073914	100.097343	100.115273	100.116882	100.118324	100.139664	100.154724	100.127243	100.152946	100.166367	100.176773	100.174591	100.181488	100.1735	100.194916	100.193787	100.18457	100.19735	100.203133	100.216362	100.213814	100.228989	100.223412	100.208878	100.204636	100.222527	100.239357	100.243271	100.256073	100.241257	100.236427	100.255882	100.236618	100.261032	100.254944	100.273582	100.280106	100.27063	100.28064	100.285652	100.299194	100.289619	100.282684	100.301781	100.322762	100.299431	100.314476	100.309822	100.31424	100.309631	100.320328	100.304947	100.319443	100.349678	100.343285	100.331078	100.338425	100.353333
427	100.018944	100.049484	100.06102	100.07888	100.093414	100.110626	100.111641	100.116905	100.136116	100.145256	100.127563	100.156464	100.161568	100.172188	100.175491	100.174797	100.173279	100.192894	100.192711	100.190613	100.20018	100.203148	100.214973	100.217033	100.225136	100.223602	100.20816	100.207611	100.225052	100.238022	100.239204	100.251816	100.241875	100.24073	100.253868	100.242149	100.249908	100.252663	100.272919	100.276497	100.269104	100.274467	100.281921	100.294518	100.287949	100.283791	100.298759	100.316574	100.295555	100.313034	100.311684	100.313446	100.311073	100.320877	100.309326	100.318649	100.341187	100.337219	100.328239	100.336075	100.351929
428	100.025955	100.046173	100.065735	100.084892	100.08979	100.104866	100.107002	100.11618	100.131783	100.135468	100.129364	100.159767	100.155876	100.166283	100.176826	100.169006	100.173996	100.19046	100.191902	100.198425	100.202957	100.203728	100.213875	100.220932	100.219681	100.223747	100.208755	100.212143	100.228592	100.236618	100.235435	100.247276	100.243759	100.246811	100.253387	100.249779	100.237846	100.250839	100.272301	100.272476	100.26796	100.269165	100.278366	100.289276	100.286446	100.285912	100.295387	100.309883	100.292328	100.312508	100.315117	100.313354	100.313858	100.321617	100.315628	100.317871	100.331352	100.33033	100.325203	100.334312	100.351082
429	100.032364	100.043144	100.070061	100.090393	100.086472	100.099602	100.102737	100.115517	100.127815	100.12648	100.13102	100.162804	100.150696	100.160873	100.178024	100.163696	100.174675	100.188232	100.191154	100.205574	100.20549	100.204254	100.212875	100.22448	100.214684	100.223877	100.209297	100.216309	100.231842	100.235329	100.231979	100.243118	100.245476	100.25238	100.252953	100.256767	100.226799	100.249184	100.271729	100.268806	100.266907	100.264297	100.275108	100.284447	100.285049	100.287865	100.292297	100.303772	100.289368	100.312004	100.318275	100.313271	100.316391	100.322281	100.321411	100.317154	100.322357	100.324013	100.322411	100.332687	100.350311
430	100.035904	100.049248	100.07663	100.096825	100.087654	100.099075	100.107742	100.120071	100.131821	100.127434	100.139214	100.166298	100.154533	100.162186	100.18222	100.170258	100.180458	100.192749	100.195518	100.214638	100.210014	100.209213	100.219032	100.230324	100.217499	100.227234	100.217857	100.225319	100.237907	100.240311	100.238708	100.243912	100.250259	100.258041	100.258888	100.261345	100.22184	100.25116	100.27784	100.272964	100.274231	100.272301	100.278763	100.289383	100.290512	100.293541	100.29718	100.307907	100.295677	100.318024	100.325882	100.319984	100.323227	100.326195	100.331413	100.324165	100.324585	100.320068	100.326302	100.335442	100.355446
431	100.037048	100.062813	100.084999	100.103951	100.092529	100.102463	100.120285	100.128853	100.142357	100.136528	100.152679	100.17012	100.165733	100.169037	100.188843	100.186493	100.190392	100.202774	100.204002	100.225174	100.21608	100.217751	100.231003	100.237976	100.2267	100.2332	100.232925	100.238251	100.246262	100.250389	100.253716	100.248764	100.257477	100.263741	100.27002	100.263847	100.221947	100.256134	100.289406	100.283501	100.288368	100.290787	100.288048	100.302292	100.301552	100.302208	100.308548	100.32045	100.30954	100.329338	100.337067	100.332222	100.333511	100.332703	100.34481	100.337448	100.336029	100.318123	100.335648	100.341774	100.365402
432	100.038109	100.075294	100.092697	100.110497	100.097015	100.105576	100.131836	100.136948	100.152054	100.14489	100.16507	100.173653	100.176048	100.175323	100.194931	100.201431	100.199532	100.212006	100.211823	100.234879	100.221657	100.225594	100.242027	100.245026	100.235176	100.238678	100.246788	100.250153	100.253952	100.259659	100.267532	100.25325	100.264145	100.268982	100.280258	100.266174	100.222031	100.260696	100.300041	100.293221	100.301384	100.307785	100.296593	100.314163	100.311699	100.310196	100.318993	100.331985	100.322281	100.339745	100.347366	100.343491	100.342964	100.338684	100.357117	100.349663	100.34655	100.316322	100.344238	100.347588	100.374565
433	100.03804	100.084373	100.098755	100.114845	100.101723	100.109421	100.140251	100.143944	100.159325	100.153641	100.174675	100.177261	100.184563	100.180756	100.199593	100.213089	100.206696	100.219704	100.21756	100.241646	100.226555	100.233208	100.249954	100.250946	100.242554	100.243759	100.257477	100.258652	100.260353	100.266609	100.277802	100.258659	100.269592	100.273224	100.288773	100.267754	100.221481	100.264656	100.308693	100.301346	100.311211	100.319969	100.304199	100.323212	100.319901	100.316574	100.32737	100.340294	100.331963	100.347664	100.35405	100.352654	100.35006	100.344727	100.365997	100.359024	100.354805	100.315514	100.350967	100.353409	100.381897
434	100.033691	100.082718	100.09996	100.111839	100.108383	100.11705	100.138771	100.14843	100.159088	100.165848	100.17601	100.182091	100.188194	100.184181	100.199951	100.215088	100.208031	100.223419	100.21666	100.238945	100.230003	100.241806	100.248016	100.253998	100.247528	100.248528	100.258659	100.256172	100.26339	100.26635	100.277115	100.268959	100.271729	100.274681	100.292679	100.266899	100.218292	100.267159	100.311836	100.305511	100.311195	100.31675	100.310043	100.323631	100.322601	100.318336	100.329796	100.338257	100.332222	100.348053	100.348602	100.356087	100.349808	100.352417	100.363876	100.35968	100.356339	100.318207	100.352112	100.360573	100.383995
435	100.029671	100.081207	100.101074	100.109055	100.114548	100.124123	100.137413	100.152603	100.158867	100.177147	100.177254	100.186554	100.191566	100.187347	100.200294	100.216934	100.209282	100.226868	100.215874	100.23645	100.233223	100.249756	100.246216	100.256813	100.252151	100.252953	100.259758	100.253906	100.266228	100.266121	100.276497	100.278511	100.273727	100.276054	100.296318	100.266136	100.215355	100.269493	100.314758	100.309357	100.311195	100.313782	100.315453	100.324036	100.325134	100.319984	100.332047	100.336388	100.332489	100.348412	100.343575	100.359261	100.349579	100.359535	100.361908	100.360298	100.35778	100.320724	100.353195	100.367226	100.385979
436	100.02594	100.079788	100.102127	100.106476	100.120285	100.130676	100.136162	100.156471	100.158669	100.187637	100.178383	100.190697	100.194702	100.190308	100.200607	100.218674	100.210449	100.230072	100.215126	100.234138	100.236191	100.257149	100.244545	100.259445	100.256454	100.257042	100.260773	100.251785	100.268845	100.265907	100.275909	100.287354	100.275574	100.277313	100.299706	100.265419	100.212631	100.271675	100.317474	100.312935	100.311195	100.311028	100.32048	100.324417	100.327477	100.32151	100.334145	100.334641	100.332726	100.348755	100.338913	100.362221	100.349365	100.36615	100.360092	100.36087	100.359108	100.323044	100.354195	100.373398	100.387787
437	100.027	100.074387	100.096085	100.104538	100.115265	100.133202	100.134453	100.154938	100.157524	100.182281	100.173904	100.18486	100.188873	100.188873	100.198105	100.215103	100.210937	100.225517	100.215492	100.229156	100.232246	100.246773	100.239609	100.253502	100.251923	100.253586	100.257767	100.249191	100.2687	100.264801	100.275826	100.284279	100.271263	100.27758	100.294968	100.264252	100.216148	100.269173	100.311836	100.307701	100.306526	100.306679	100.314644	100.319382	100.320389	100.32196	100.327232	100.3311	100.32991	100.343239	100.336098	100.355949	100.346397	100.36203	100.354645	100.354324	100.35508	100.323555	100.350395	100.365387	100.381149
438	100.028717	100.068726	100.089355	100.102806	100.108971	100.134995	100.13279	100.152733	100.156311	100.174942	100.168861	100.177872	100.182068	100.186897	100.195335	100.210976	100.211311	100.220108	100.216034	100.224075	100.227524	100.234413	100.234497	100.246658	100.246384	100.249222	100.254349	100.246704	100.268173	100.263634	100.275841	100.27964	100.266304	100.277672	100.289345	100.263107	100.220367	100.266144	100.305328	100.301483	100.30143	100.302361	100.307571	100.313858	100.312332	100.322258	100.319397	100.327507	100.326828	100.337196	100.333725	100.348686	100.343201	100.356583	100.348999	100.347137	100.350487	100.323799	100.346138	100.355789	100.373634
439	100.030312	100.063446	100.083092	100.101212	100.103104	100.136688	100.131226	100.150658	100.155174	100.168083	100.164154	100.171364	100.175735	100.185051	100.192764	100.207123	100.211655	100.215057	100.216522	100.21933	100.223122	100.22287	100.229706	100.24028	100.241219	100.24514	100.25116	100.24437	100.267685	100.262535	100.275841	100.275314	100.26165	100.277771	100.284103	100.262032	100.224319	100.263321	100.29924	100.295677	100.296692	100.298332	100.300964	100.308693	100.30481	100.322517	100.312111	100.324142	100.323929	100.331558	100.331512	100.341919	100.340225	100.351501	100.343704	100.340416	100.346222	100.32402	100.342155	100.34684	100.366653
440	100.028717	100.059784	100.079048	100.097893	100.098053	100.133583	100.127968	100.143906	100.150368	100.158463	100.158798	100.165161	100.170303	100.179802	100.187233	100.197685	100.20784	100.207428	100.211922	100.213013	100.215492	100.213646	100.221718	100.234177	100.236176	100.238358	100.246429	100.239738	100.26046	100.257385	100.269386	100.266815	100.253952	100.272942	100.276115	100.258659	100.226822	100.258995	100.290558	100.288643	100.290405	100.291954	100.293716	100.302254	100.296799	100.315605	100.305367	100.315918	100.317619	100.322899	100.326897	100.334511	100.334122	100.344528	100.33754	100.33522	100.341293	100.320137	100.336899	100.341011	100.357643
441	100.024582	100.057495	100.076851	100.093285	100.093712	100.126717	100.123383	100.133476	100.142693	100.146721	100.152954	100.159279	100.165649	100.171898	100.179359	100.183868	100.200745	100.197807	100.203285	100.205467	100.205353	100.206375	100.211227	100.228355	100.231277	100.229454	100.240517	100.233337	100.24791	100.249008	100.257812	100.255051	100.243851	100.264214	100.266029	100.253502	100.228142	100.253532	100.279892	100.280693	100.282967	100.283768	100.286034	100.294861	100.288452	100.303009	100.299141	100.303879	100.308609	100.311897	100.320419	100.326668	100.3256	100.33609	100.330734	100.331306	100.335922	100.313034	100.330666	100.337753	100.347092
442	100.020683	100.055328	100.074783	100.088921	100.089622	100.120255	100.11908	100.123665	100.135468	100.135696	100.147476	100.153717	100.161278	100.164474	100.171982	100.170883	100.194077	100.188766	100.195168	100.198387	100.195816	100.199532	100.20137	100.2229	100.226677	100.2211	100.234947	100.227318	100.236115	100.241135	100.246941	100.243988	100.234367	100.256012	100.256554	100.248627	100.22937	100.248398	100.269844	100.273224	100.27597	100.276054	100.278809	100.287918	100.280609	100.291168	100.293304	100.292549	100.300156	100.301575	100.314331	100.319305	100.317574	100.328156	100.324333	100.327614	100.330864	100.306343	100.324806	100.334679	100.337196
443	100.018013	100.053802	100.073135	100.085953	100.086853	100.113556	100.115738	100.115738	100.129929	100.128189	100.143906	100.149605	100.157234	100.159363	100.166687	100.161743	100.188423	100.181946	100.189415	100.194313	100.189316	100.194511	100.194336	100.218216	100.222816	100.21489	100.230347	100.222588	100.226715	100.23481	100.238708	100.234985	100.228355	100.24942	100.25045	100.244728	100.231293	100.24514	100.262413	100.267014	100.270447	100.270416	100.273338	100.281593	100.274979	100.28241	100.288681	100.283936	100.293877	100.294434	100.309082	100.313782	100.312004	100.322113	100.319099	100.32476	100.326797	100.302467	100.320099	100.33181	100.330589
444	100.01931	100.054359	100.072777	100.087402	100.088417	100.104858	100.115334	100.113297	100.129524	100.132217	100.146721	100.14994	100.153755	100.161728	100.168098	100.164963	100.185478	100.18203	100.191208	100.200485	100.192787	100.195274	100.196388	100.215614	100.220978	100.215462	100.228432	100.221786	100.224373	100.233032	100.238625	100.231895	100.233963	100.247482	100.255562	100.243698	100.236046	100.248215	100.263199	100.26432	100.269341	100.271225	100.273308	100.276436	100.276443	100.283279	100.287712	100.2836	100.294434	100.297676	100.306	100.314041	100.314369	100.321877	100.317146	100.324455	100.325668	100.30806	100.318779	100.329117	100.334892
445	100.020554	100.054893	100.072433	100.088791	100.089905	100.096619	100.114952	100.110962	100.129143	100.136017	100.149384	100.150261	100.150467	100.163986	100.169418	100.167999	100.182701	100.182106	100.192902	100.206314	100.196075	100.195984	100.198326	100.213135	100.219238	100.216003	100.226616	100.221024	100.222168	100.231339	100.238525	100.229004	100.239273	100.245651	100.260399	100.242722	100.24054	100.251129	100.263954	100.261795	100.268303	100.272011	100.273285	100.271568	100.27784	100.284111	100.286781	100.283287	100.29496	100.300751	100.303093	100.314285	100.316605	100.321663	100.3153	100.324165	100.324593	100.313354	100.317513	100.326576	100.338951
446	100.021706	100.055397	100.072098	100.090096	100.091301	100.088814	100.114594	100.108765	100.128769	100.139603	100.151886	100.150551	100.147331	100.166107	100.17067	100.17086	100.180069	100.182152	100.194511	100.211838	100.199173	100.196648	100.20015	100.2108	100.21759	100.216507	100.224892	100.220299	100.22007	100.229729	100.238441	100.226227	100.244286	100.243912	100.264977	100.241783	100.244781	100.253868	100.264648	100.259384	100.267303	100.272736	100.273254	100.266945	100.279152	100.284874	100.285896	100.28299	100.295448	100.30365	100.300308	100.314507	100.318733	100.321434	100.31353	100.323883	100.32357	100.318359	100.316307	100.324158	100.342796
447	100.021194	100.056282	100.069412	100.083939	100.089478	100.087044	100.111755	100.111938	100.128235	100.140572	100.15007	100.149742	100.147507	100.162292	100.16893	100.171402	100.178375	100.178482	100.192627	100.20739	100.195625	100.194824	100.19902	100.207672	100.214409	100.213623	100.2202	100.218536	100.217834	100.225891	100.235657	100.224808	100.241264	100.24308	100.260452	100.240997	100.238243	100.247482	100.261414	100.257111	100.264	100.268402	100.270676	100.2658	100.2761	100.279678	100.283264	100.280083	100.290916	100.297485	100.296829	100.31028	100.311111	100.31266	100.309708	100.317429	100.316711	100.314842	100.312378	100.320641	100.334373
448	100.020477	100.057175	100.066521	100.076988	100.087273	100.086174	100.108696	100.115707	100.12767	100.141121	100.147736	100.148796	100.14814	100.157806	100.166847	100.171593	100.17688	100.174438	100.190338	100.201729	100.191284	100.192711	100.19751	100.204575	100.211159	100.210381	100.215294	100.21669	100.215652	100.221893	100.23259	100.223625	100.237259	100.242401	100.254822	100.240242	100.230469	100.240074	100.257751	100.254944	100.260506	100.263535	100.267838	100.265167	100.27256	100.273834	100.280487	100.276909	100.285873	100.290298	100.293388	100.30558	100.30246	100.303032	100.305725	100.310364	100.309311	100.31028	100.308212	100.317093	100.324593
449	100.019775	100.058029	100.063751	100.070335	100.085159	100.085358	100.105759	100.119316	100.127151	100.141655	100.145508	100.147903	100.148735	100.153526	100.164864	100.171753	100.175461	100.170563	100.188156	100.196327	100.187149	100.190712	100.19606	100.201607	100.208046	100.207283	100.210609	100.21492	100.213562	100.218079	100.229668	100.222504	100.233437	100.24176	100.249466	100.23954	100.223068	100.233009	100.25425	100.252876	100.257179	100.258888	100.265137	100.264572	100.269173	100.26828	100.27784	100.27388	100.281052	100.283447	100.290108	100.301109	100.294182	100.293854	100.301933	100.303612	100.302254	100.305923	100.30426	100.313721	100.315247
450	100.020828	100.060417	100.064613	100.070488	100.087944	100.090599	100.106682	100.124405	100.129738	100.144424	100.145462	100.149742	100.151825	100.155731	100.167656	100.175667	100.176712	100.173309	100.188637	100.194633	100.18972	100.192238	100.197258	100.204231	100.209389	100.206718	100.212502	100.215355	100.215851	100.219917	100.231041	100.224213	100.234673	100.242744	100.247887	100.239922	100.223373	100.233307	100.254395	100.253891	100.25724	100.259438	100.264122	100.265457	100.269379	100.268188	100.279175	100.275337	100.28038	100.284317	100.288689	100.298157	100.291916	100.293159	100.302147	100.302032	100.302414	100.304459	100.305199	100.312378	100.312279
451	100.023232	100.064018	100.068344	100.076065	100.094589	100.100685	100.110672	100.130669	100.134789	100.148979	100.147163	100.153755	100.156891	100.163116	100.174263	100.182556	100.180092	100.181328	100.191223	100.195923	100.197624	100.196609	100.200562	100.211311	100.214302	100.208199	100.219635	100.217529	100.221611	100.22625	100.235855	100.22818	100.23996	100.245033	100.249306	100.241173	100.229851	100.239494	100.257431	100.25737	100.259995	100.264107	100.264465	100.267517	100.272453	100.272491	100.283684	100.280357	100.283012	100.291351	100.288757	100.296402	100.294434	100.29924	100.305542	100.304565	100.308311	100.305321	100.310074	100.31263	100.3144
452	100.025574	100.067474	100.071945	100.081444	100.100983	100.11039	100.11451	100.136696	100.139679	100.153366	100.148811	100.157631	100.161758	100.170219	100.180611	100.189171	100.183334	100.189041	100.193726	100.197151	100.205246	100.200829	100.203728	100.218117	100.219025	100.209633	100.226501	100.219635	100.22715	100.232353	100.240479	100.231979	100.245033	100.247238	100.250671	100.242386	100.236092	100.245438	100.260368	100.260735	100.262665	100.268616	100.264801	100.269493	100.275406	100.276611	100.288033	100.285194	100.285553	100.298103	100.288841	100.294731	100.296852	100.305107	100.308838	100.307014	100.313995	100.306145	100.314774	100.312889	100.316444
453	100.026955	100.069489	100.074005	100.085159	100.104332	100.11692	100.116577	100.13974	100.142647	100.154366	100.149475	100.159897	100.163528	100.173843	100.18396	100.191895	100.184784	100.193237	100.194275	100.197479	100.209534	100.203003	100.205208	100.221886	100.221405	100.210037	100.229767	100.220802	100.229073	100.23571	100.242523	100.233551	100.246559	100.247917	100.250153	100.241615	100.238953	100.248444	100.26091	100.261322	100.263359	100.270554	100.263855	100.270203	100.276741	100.279366	100.28949	100.28801	100.285698	100.301552	100.288269	100.29216	100.297119	100.308266	100.309608	100.308144	100.316689	100.305573	100.316772	100.312019	100.316811
454	100.02507	100.066505	100.070862	100.083374	100.097084	100.112762	100.112411	100.132431	100.139091	100.143311	100.146759	100.156693	100.154388	100.165352	100.176857	100.18084	100.179932	100.185265	100.187828	100.194588	100.202324	100.198051	100.200745	100.215103	100.21566	100.206841	100.220474	100.218773	100.21814	100.229622	100.235497	100.227188	100.235451	100.243187	100.242699	100.233582	100.230042	100.241234	100.252975	100.252045	100.257027	100.263504	100.25824	100.266335	100.272369	100.27742	100.280785	100.283859	100.27726	100.293472	100.285362	100.286087	100.289627	100.302032	100.301506	100.304703	100.308868	100.299904	100.309372	100.306961	100.311264
455	100.023247	100.063614	100.067795	100.081635	100.09005	100.108734	100.108383	100.125336	100.135651	100.132599	100.144104	100.15358	100.145531	100.157127	100.169968	100.170135	100.17524	100.177536	100.18158	100.191795	100.195335	100.193275	100.196434	100.208519	100.210083	100.203743	100.211479	100.216805	100.207558	100.223732	100.228706	100.221024	100.224701	100.238594	100.235474	100.225784	100.221405	100.234222	100.245285	100.243042	100.2509	100.25666	100.252808	100.262596	100.268127	100.275543	100.272346	100.279846	100.269081	100.285652	100.282539	100.280212	100.282372	100.295998	100.293648	100.301376	100.301315	100.294411	100.302208	100.302063	100.305901
456	100.021484	100.060822	100.064827	100.079964	100.083244	100.10482	100.104485	100.118469	100.132332	100.122223	100.141548	100.150574	100.136963	100.149178	100.163307	100.159767	100.170692	100.170052	100.175522	100.189079	100.188576	100.188652	100.192245	100.202156	100.204697	100.200745	100.202774	100.214912	100.197304	100.218025	100.222122	100.215065	100.214279	100.234154	100.228485	100.218246	100.213028	100.227448	100.237846	100.234344	100.244965	100.250038	100.247551	100.25898	100.264023	100.27372	100.264183	100.275955	100.261162	100.278069	100.279808	100.274513	100.275352	100.290154	100.286041	100.298141	100.293991	100.289093	100.295273	100.297333	100.30072
457	100.022484	100.059418	100.069138	100.08165	100.082718	100.103783	100.105705	100.115273	100.129402	100.120033	100.140747	100.149445	100.13913	100.149979	100.160896	100.160339	100.171486	100.171532	100.175812	100.188232	100.187149	100.192139	100.192299	100.201653	100.202896	100.202576	100.204834	100.211243	100.197693	100.217674	100.222908	100.217041	100.215736	100.232635	100.228104	100.220528	100.21225	100.226868	100.238678	100.235161	100.242195	100.251518	100.248108	100.259605	100.263062	100.269363	100.265396	100.274788	100.262794	100.277206	100.27951	100.27652	100.275444	100.289177	100.287071	100.295494	100.292542	100.291214	100.296356	100.298134	100.299957
458	100.023827	100.05822	100.074341	100.083755	100.083076	100.103172	100.10759	100.112663	100.126602	100.119003	100.140228	100.148598	100.142708	100.151955	100.159134	100.162361	100.172958	100.174187	100.176956	100.187645	100.186493	100.196663	100.192932	100.20195	100.20163	100.204994	100.208298	100.207436	100.199509	100.218048	100.22467	100.220062	100.218758	100.231552	100.228645	100.224075	100.212502	100.227119	100.240639	100.237251	100.239922	100.254074	100.249435	100.260773	100.262535	100.264778	100.26786	100.274017	100.265678	100.277283	100.279549	100.279495	100.276505	100.288895	100.289246	100.292984	100.291908	100.294304	100.2985	100.299667	100.299812
459	100.025139	100.057068	100.079384	100.085815	100.083412	100.10257	100.109436	100.110115	100.123856	100.118004	100.139702	100.147781	100.146187	100.153862	100.157402	100.16433	100.174416	100.176765	100.178062	100.187073	100.185837	100.20105	100.193535	100.202248	100.200394	100.207367	100.211678	100.203728	100.201271	100.21843	100.226402	100.222992	100.221718	100.230499	100.229156	100.227524	100.212769	100.227371	100.242523	100.239288	100.237701	100.256561	100.250732	100.261925	100.262024	100.260307	100.270256	100.273262	100.268486	100.277344	100.279579	100.282417	100.277542	100.288605	100.291359	100.290535	100.291298	100.29731	100.300575	100.30117	100.299667
460	100.026855	100.055458	100.077927	100.084732	100.08316	100.101021	100.109993	100.108528	100.123123	100.119461	100.13707	100.144089	100.145683	100.153198	100.154785	100.164124	100.172005	100.175835	100.176872	100.185486	100.183044	100.199631	100.192657	100.198433	100.198074	100.206245	100.210045	100.200424	100.200859	100.216339	100.22377	100.222481	100.221786	100.227859	100.226608	100.227478	100.212204	100.226303	100.240601	100.239037	100.235573	100.255623	100.248184	100.257835	100.259468	100.258316	100.268364	100.269112	100.267456	100.275551	100.277199	100.281502	100.27578	100.287056	100.289467	100.287964	100.289581	100.297119	100.299957	100.299141	100.298325
461	100.02887	100.05349	100.07119	100.0811	100.082458	100.098679	100.10952	100.107697	100.124001	100.122917	100.132713	100.138054	100.141991	100.150444	100.151443	100.16217	100.166496	100.172058	100.173828	100.18309	100.178528	100.193512	100.190529	100.191292	100.19487	100.202271	100.204361	100.197479	100.198639	100.212265	100.217644	100.219177	100.219513	100.223923	100.221565	100.224579	100.210976	100.224174	100.235573	100.236938	100.233505	100.251923	100.242508	100.249519	100.255249	100.258324	100.263023	100.26226	100.263336	100.272263	100.272858	100.277496	100.271736	100.284485	100.284325	100.285278	100.286972	100.294327	100.297127	100.294258	100.295982
462	100.030838	100.051559	100.064621	100.077545	100.081764	100.09642	100.109062	100.10688	100.124847	100.126282	100.128471	100.132179	100.138382	100.147751	100.148186	100.160263	100.161125	100.168373	100.17086	100.180756	100.174103	100.187538	100.188484	100.184334	100.191734	100.198425	100.198814	100.194595	100.196495	100.208298	100.211655	100.21595	100.217293	100.22007	100.216652	100.221756	100.209793	100.222084	100.230667	100.234894	100.231491	100.248314	100.236961	100.241402	100.251137	100.258339	100.25779	100.255569	100.259315	100.269066	100.268623	100.273575	100.267807	100.281967	100.27932	100.282654	100.284424	100.291588	100.294373	100.289513	100.293694
463	100.031372	100.049507	100.058456	100.073135	100.07975	100.092873	100.106789	100.105034	100.123123	100.127258	100.123833	100.126007	100.134193	100.143639	100.14489	100.157074	100.155556	100.163971	100.16687	100.177124	100.169304	100.180939	100.184784	100.177338	100.187218	100.193619	100.192749	100.190781	100.193512	100.203789	100.204803	100.2117	100.213646	100.215324	100.21154	100.217644	100.207588	100.218567	100.225853	100.230705	100.22821	100.243507	100.231873	100.23439	100.24614	100.256279	100.252426	100.249054	100.25457	100.264427	100.263954	100.269043	100.263824	100.27832	100.274261	100.279045	100.280853	100.287247	100.290108	100.283852	100.290344
464	100.026688	100.046799	100.053406	100.0653	100.072845	100.084579	100.097786	100.099304	100.111946	100.119759	100.117447	100.118324	100.127708	100.134148	100.141273	100.149071	100.14901	100.156799	100.158943	100.168648	100.162697	100.171684	100.174942	100.169846	100.177361	100.185143	100.184456	100.183334	100.18737	100.197075	100.19429	100.203476	100.20459	100.206985	100.205399	100.208618	100.201584	100.209641	100.221001	100.218567	100.220177	100.234138	100.22805	100.231003	100.23764	100.246681	100.246216	100.24279	100.246872	100.254379	100.257339	100.261925	100.259468	100.270393	100.268707	100.271645	100.273346	100.276772	100.280151	100.274574	100.282906
465	100.02211	100.044167	100.04847	100.05764	100.066078	100.076439	100.088966	100.093689	100.101006	100.112411	100.111198	100.110817	100.121346	100.124863	100.137726	100.141235	100.142609	100.149773	100.151184	100.160339	100.156235	100.162628	100.165321	100.162506	100.167694	100.176826	100.176331	100.176025	100.181374	100.190529	100.184013	100.195419	100.195732	100.198807	100.199364	100.199806	100.195694	100.20089	100.216255	100.206688	100.212311	100.22496	100.224289	100.227669	100.229309	100.237289	100.24012	100.236641	100.239357	100.244537	100.250862	100.254951	100.255219	100.262604	100.263283	100.264397	100.265991	100.266518	100.270393	100.265518	100.275627
466	100.017639	100.041565	100.043617	100.050125	100.059464	100.068474	100.080338	100.088203	100.090302	100.105225	100.10508	100.103462	100.115112	100.115761	100.134239	100.13356	100.136337	100.142899	100.143585	100.152191	100.149902	100.153755	100.155876	100.155327	100.158241	100.168701	100.168373	100.168869	100.175499	100.18412	100.17395	100.187538	100.187042	100.190796	100.193489	100.191154	100.189926	100.192329	100.211609	100.195053	100.204613	100.215973	100.220619	100.224411	100.221169	100.228073	100.234161	100.230637	100.231979	100.234917	100.244522	100.248131	100.251053	100.25499	100.257965	100.257301	100.258781	100.256477	100.260841	100.256622	100.268509
467	100.019096	100.036049	100.040726	100.045715	100.056374	100.063583	100.076508	100.08606	100.085686	100.098732	100.100258	100.102356	100.111115	100.114319	100.128471	100.131454	100.134148	100.140572	100.13884	100.14801	100.146042	100.151703	100.150894	100.152374	100.156769	100.165688	100.163612	100.165665	100.170685	100.179466	100.172028	100.180756	100.183403	100.184593	100.188744	100.187721	100.184761	100.187347	100.204468	100.190994	100.200546	100.210342	100.214279	100.219238	100.215057	100.225235	100.230118	100.225624	100.225571	100.231728	100.239418	100.243164	100.246918	100.250961	100.25148	100.25145	100.25383	100.252357	100.253906	100.253799	100.260941
468	100.021339	100.030243	100.038162	100.041786	100.05381	100.059219	100.073395	100.084427	100.081955	100.092445	100.095688	100.102112	100.107491	100.113968	100.12249	100.130119	100.132538	100.138901	100.134598	100.144447	100.142586	100.150612	100.146606	100.150063	100.156418	100.163414	100.15937	100.16304	100.166107	100.17514	100.171242	100.174248	100.180519	100.178741	100.184235	100.185051	100.179794	100.182953	100.197113	100.188026	100.197052	100.205269	100.207695	100.213913	100.209335	100.223305	100.226418	100.220833	100.219391	100.229477	100.234581	100.238548	100.242867	100.247467	100.244965	100.24588	100.249275	100.249123	100.247429	100.251854	100.253441
469	100.023529	100.024521	100.035629	100.037933	100.051292	100.054947	100.070343	100.082794	100.078293	100.086273	100.091217	100.101852	100.103905	100.113594	100.116623	100.128815	100.130936	100.137238	100.130402	100.14093	100.139175	100.149513	100.14238	100.147781	100.156044	100.161156	100.15519	100.160454	100.161598	100.170883	100.170471	100.16787	100.177673	100.172981	100.179817	100.182411	100.174889	100.178619	100.189903	100.185104	100.193611	100.200287	100.201248	100.208679	100.20372	100.22142	100.222778	100.216118	100.213326	100.227264	100.22982	100.234009	100.238884	100.244049	100.238548	100.24041	100.244797	100.245926	100.241089	100.249924	100.246094
470	100.023033	100.020622	100.031982	100.035027	100.049141	100.052155	100.067375	100.08049	100.075218	100.081871	100.087402	100.09848	100.100769	100.110054	100.111076	100.124931	100.126732	100.133705	100.127113	100.136543	100.135017	100.14492	100.138878	100.144958	100.153481	100.157593	100.150337	100.156334	100.157524	100.165916	100.167702	100.163338	100.173523	100.168297	100.176689	100.177635	100.171219	100.17514	100.183342	100.181808	100.189934	100.194717	100.195274	100.203827	100.198624	100.216362	100.217438	100.210419	100.209465	100.222084	100.224747	100.22966	100.233864	100.239525	100.233231	100.235405	100.23954	100.241974	100.235413	100.245163	100.241257
471	100.020363	100.018219	100.027443	100.032898	100.047287	100.050613	100.064507	100.077667	100.072601	100.078941	100.08416	100.092606	100.097977	100.103973	100.105835	100.11895	100.120399	100.128639	100.12455	100.131454	100.130287	100.137474	100.135948	100.141731	100.149155	100.152969	100.144936	100.150955	100.153824	100.160362	100.163307	100.160324	100.168297	100.164497	100.174644	100.171127	100.168564	100.172356	100.177361	100.178185	100.186066	100.188705	100.189766	100.199303	100.194016	100.208786	100.210785	100.203911	100.207428	100.214531	100.219437	100.225464	100.22805	100.234154	100.228844	100.230835	100.233665	100.237419	100.230339	100.238144	100.238464
472	100.017738	100.015869	100.022995	100.030807	100.045479	100.049103	100.061676	100.07489	100.070023	100.076057	100.080978	100.08683	100.095222	100.098	100.10067	100.113083	100.114182	100.12368	100.122047	100.126457	100.125633	100.130173	100.133072	100.138542	100.14489	100.148415	100.139633	100.145676	100.150192	100.1549	100.158989	100.157379	100.1632	100.160744	100.172615	100.164734	100.165939	100.169601	100.171486	100.174644	100.182274	100.182808	100.184357	100.194885	100.189461	100.201347	100.204239	100.197495	100.205406	100.207115	100.214218	100.221344	100.222328	100.228867	100.224556	100.226341	100.227882	100.232933	100.225342	100.231239	100.235725
473	100.015976	100.013695	100.019501	100.028786	100.042915	100.047173	100.058792	100.071144	100.067123	100.072929	100.077713	100.081718	100.091721	100.092682	100.095871	100.10743	100.107895	100.118172	100.11898	100.121643	100.121017	100.123978	100.129318	100.13475	100.140213	100.143143	100.134659	100.14064	100.146332	100.15004	100.154495	100.153984	100.157845	100.156723	100.169495	100.158737	100.162933	100.165871	100.166153	100.170578	100.177612	100.177292	100.179337	100.189468	100.185013	100.194466	100.197876	100.191971	100.202309	100.200447	100.208832	100.216499	100.216606	100.223328	100.219025	100.221291	100.221786	100.227928	100.220551	100.224747	100.232567
474	100.017273	100.012085	100.019302	100.026932	100.037476	100.04364	100.055466	100.063774	100.062798	100.06871	100.074028	100.078728	100.085175	100.089394	100.092064	100.10228	100.101028	100.110374	100.113785	100.117233	100.116287	100.121498	100.122131	100.128571	100.133728	100.134895	100.130608	100.136185	100.141403	100.147034	100.149063	100.148811	100.151321	100.151428	100.162125	100.153938	100.158401	100.158287	100.162468	100.164413	100.169579	100.172935	100.175522	100.180161	100.180641	100.189171	100.191818	100.189339	100.195061	100.196167	100.202499	100.208603	100.210503	100.216507	100.208733	100.213921	100.214172	100.220642	100.216209	100.219368	100.227676
475	100.018539	100.010506	100.019089	100.025116	100.032166	100.040199	100.052216	100.056564	100.058594	100.06459	100.070404	100.075783	100.078789	100.086174	100.088333	100.097229	100.094292	100.102737	100.108704	100.1129	100.111649	100.11908	100.115097	100.12252	100.127373	100.126854	100.12661	100.131836	100.136581	100.144089	100.143753	100.143753	100.144936	100.146255	100.1549	100.149216	100.153961	100.150856	100.158882	100.158379	100.16172	100.168655	100.171791	100.171051	100.176369	100.183998	100.185905	100.186745	100.187973	100.191963	100.196304	100.200882	100.204536	100.209831	100.198677	100.206711	100.206711	100.213531	100.211952	100.214127	100.222908
476	100.019775	100.008965	100.018883	100.023338	100.026955	100.036812	100.049034	100.049507	100.054459	100.060547	100.066879	100.072906	100.072525	100.083031	100.084702	100.092293	100.087715	100.095276	100.103722	100.108673	100.107124	100.116692	100.108208	100.1166	100.121162	100.118973	100.122726	100.127556	100.131859	100.141205	100.138557	100.138794	100.138702	100.141205	100.147835	100.1446	100.14962	100.1436	100.155365	100.152466	100.154022	100.164482	100.168137	100.16214	100.172188	100.178932	100.180099	100.184212	100.18103	100.187859	100.190231	100.193336	100.1987	100.203308	100.188828	100.199661	100.199417	100.206551	100.207794	100.208984	100.218224
477	100.020065	100.003304	100.014244	100.019287	100.021133	100.032654	100.044479	100.046333	100.054489	100.059769	100.062431	100.068069	100.071213	100.07737	100.08316	100.091911	100.085999	100.09433	100.098801	100.103035	100.101593	100.110565	100.104866	100.112869	100.116585	100.115326	100.120148	100.124809	100.128326	100.136276	100.13504	100.135864	100.135384	100.137184	100.144127	100.142059	100.142906	100.138603	100.150085	100.146988	100.150238	100.160812	100.163254	100.156952	100.167404	100.173775	100.176964	100.179634	100.176514	100.182167	100.185104	100.188957	100.195297	100.197365	100.186836	100.192436	100.196037	100.201073	100.204376	100.204254	100.211945
478	100.020233	99.997185	100.009109	100.015022	100.015366	100.028442	100.039825	100.043785	100.055107	100.059471	100.057968	100.063072	100.070618	100.071487	100.08197	100.092163	100.084999	100.094315	100.093987	100.097321	100.096046	100.104057	100.102089	100.109528	100.112343	100.112328	100.117813	100.122345	100.125053	100.131187	100.131821	100.133263	100.132561	100.133408	100.140968	100.139854	100.136032	100.134026	100.144669	100.141693	100.147095	100.157295	100.158325	100.152397	100.162651	100.168716	100.174286	100.174889	100.17244	100.176384	100.180222	100.185104	100.192329	100.191628	100.185982	100.185356	100.193283	100.195923	100.201126	100.199684	100.205566
479	100.02037	99.991211	100.004074	100.010834	100.009712	100.024345	100.035271	100.041267	100.05571	100.059174	100.053612	100.058189	100.070038	100.065735	100.080788	100.092407	100.084015	100.094315	100.089279	100.091721	100.090622	100.097694	100.099373	100.106255	100.108192	100.109421	100.115524	100.119926	100.121819	100.126198	100.128685	100.130722	100.129791	100.129715	100.137863	100.137695	100.129295	100.129547	100.139381	100.13652	100.144005	100.153862	100.153481	100.147949	100.15799	100.163757	100.171646	100.170258	100.168442	100.170723	100.17543	100.181351	100.189415	100.186028	100.185143	100.178444	100.19059	100.19088	100.19796	100.195221	100.199341
480	100.021423	99.989113	100.001297	100.009048	100.008461	100.023903	100.034645	100.038841	100.056053	100.057243	100.050995	100.056335	100.069794	100.065292	100.08017	100.091614	100.083504	100.092232	100.087021	100.088593	100.090912	100.095619	100.098099	100.103966	100.108192	100.107956	100.11512	100.11985	100.121132	100.123573	100.127663	100.129784	100.128792	100.129738	100.135925	100.135735	100.12487	100.127625	100.137672	100.136475	100.144279	100.152611	100.150368	100.147667	100.155762	100.162163	100.170113	100.168106	100.165924	100.168678	100.174835	100.178085	100.187408	100.183701	100.184608	100.176689	100.190399	100.187805	100.195137	100.192986	100.198174
481	100.023186	99.990211	100.000366	100.009239	100.010834	100.026466	100.037231	100.036476	100.056198	100.053993	100.049843	100.056992	100.069847	100.069221	100.080017	100.089966	100.083389	100.088478	100.086784	100.087509	100.095879	100.097069	100.098022	100.102463	100.111603	100.107681	100.11628	100.121689	100.122498	100.122879	100.128342	100.130142	100.129257	100.132797	100.134949	100.133919	100.122368	100.127777	100.138924	100.140671	100.147331	100.153145	100.148682	100.150826	100.15551	100.163338	100.169456	100.167999	100.16465	100.169624	100.177643	100.175224	100.186172	100.184082	100.184296	100.179184	100.192284	100.186325	100.192596	100.192581	100.201157
482	100.024918	99.991295	99.999474	100.00943	100.013161	100.028969	100.039757	100.03418	100.056328	100.050804	100.048721	100.057648	100.069893	100.073074	100.079857	100.088356	100.083267	100.084808	100.086548	100.086464	100.100746	100.098511	100.097954	100.101006	100.114944	100.10743	100.117401	100.123505	100.123848	100.122215	100.129021	100.130501	100.129715	100.135803	100.13398	100.132156	100.119926	100.12796	100.140144	100.144768	100.150314	100.153671	100.147034	100.1539	100.155273	100.164482	100.168823	100.167908	100.163414	100.17054	100.180397	100.172447	100.184975	100.184464	100.184013	100.181641	100.19413	100.184891	100.190125	100.192192	100.204086
483	100.02636	99.992447	99.999413	100.0103	100.014946	100.031044	100.041618	100.032738	100.056007	100.048447	100.048721	100.05835	100.069199	100.076118	100.079552	100.086998	100.083313	100.082336	100.086472	100.086723	100.104019	100.100136	100.097694	100.099731	100.117088	100.107361	100.117508	100.124382	100.124611	100.121689	100.129234	100.130508	100.130394	100.137642	100.133171	100.130287	100.117256	100.127899	100.141251	100.147461	100.152084	100.153984	100.146187	100.156403	100.155022	100.165306	100.167694	100.167671	100.16217	100.171265	100.181732	100.170135	100.183334	100.184181	100.183281	100.183189	100.194672	100.183014	100.187767	100.191582	100.205124
484	100.026848	99.993912	100.002541	100.013794	100.014839	100.031616	100.04113	100.034378	100.053894	100.048958	100.05294	100.059341	100.065628	100.076294	100.078621	100.086487	100.084007	100.084198	100.08699	100.092026	100.101562	100.102577	100.096703	100.099075	100.114998	100.107979	100.113808	100.121918	100.123215	100.121651	100.127724	100.129196	100.132057	100.135231	100.132835	100.127884	100.113571	100.126984	100.142075	100.145088	100.149513	100.153496	100.148331	100.156906	100.154724	100.16497	100.16465	100.16687	100.160851	100.171303	100.177803	100.169456	100.179962	100.181374	100.18084	100.181564	100.190369	100.179276	100.185631	100.19014	100.199165
485	100.027321	99.995338	100.005592	100.017227	100.014732	100.032173	100.040649	100.03598	100.051834	100.049469	100.057053	100.06031	100.062141	100.0765	100.077713	100.085999	100.084702	100.086037	100.087486	100.097206	100.099182	100.104988	100.095726	100.098434	100.112961	100.108612	100.110199	100.119492	100.121864	100.121597	100.126251	100.127922	100.133682	100.132881	100.132523	100.125549	100.109955	100.126091	100.142876	100.142761	100.146996	100.153015	100.150406	100.157379	100.154434	100.164642	100.161674	100.166092	100.159561	100.171326	100.17395	100.168785	100.176659	100.178635	100.178467	100.17997	100.186157	100.175629	100.183571	100.188736	100.193359
486	100.027802	99.99675	100.008583	100.020584	100.014648	100.032745	100.040184	100.03756	100.049843	100.049973	100.061096	100.061249	100.058746	100.076691	100.076828	100.08551	100.085365	100.087822	100.08799	100.102257	100.096855	100.107338	100.09478	100.097809	100.11097	100.109207	100.106682	100.117157	100.12056	100.121567	100.124825	100.126686	100.135292	100.130592	100.132225	100.123276	100.106453	100.125214	100.143661	100.140511	100.144539	100.15255	100.152458	100.15786	100.154175	100.16433	100.158775	100.165329	100.15831	100.171364	100.170219	100.168144	100.173447	100.175964	100.176155	100.178406	100.182053	100.172066	100.181541	100.187363	100.187683
487	100.027786	99.997871	100.009193	100.021004	100.01651	100.032875	100.040909	100.037971	100.04966	100.051239	100.061783	100.061295	100.059845	100.075043	100.075218	100.085342	100.085518	100.08725	100.089073	100.101921	100.095978	100.105438	100.096962	100.099159	100.112137	100.110245	100.108849	100.115349	100.121117	100.122284	100.12661	100.128105	100.132988	100.131859	100.132385	100.122597	100.104965	100.124756	100.145187	100.140343	100.145233	100.150192	100.150421	100.156548	100.152374	100.163902	100.159813	100.16507	100.159874	100.171768	100.16922	100.168594	100.1745	100.176941	100.175224	100.176109	100.182739	100.169861	100.179161	100.184692	100.186096
488	100.027702	99.998932	100.009445	100.020996	100.018631	100.032959	100.041817	100.038208	100.049782	100.052574	100.061966	100.061211	100.061584	100.073158	100.073555	100.08522	100.085617	100.086342	100.09024	100.1008	100.095329	100.102974	100.099564	100.100754	100.113747	100.111328	100.111816	100.113678	100.121948	100.123108	100.128845	100.129913	100.13015	100.133606	100.132607	100.122154	100.103806	100.124374	100.14682	100.140488	100.146362	100.147591	100.147835	100.154999	100.150383	100.163445	100.161423	100.164886	100.161835	100.172211	100.168648	100.16922	100.176155	100.178459	100.174538	100.173737	100.184105	100.167908	100.176743	100.181892	100.185158
489	100.027634	99.999969	100.009682	100.020996	100.020706	100.033035	100.042686	100.038437	100.049889	100.053894	100.062157	100.061142	100.063286	100.071312	100.071907	100.085106	100.085701	100.085464	100.091377	100.099709	100.094688	100.10054	100.102127	100.102341	100.115334	100.112389	100.114731	100.11203	100.122772	100.123917	100.13102	100.131676	100.127373	100.135353	100.132835	100.121735	100.102676	100.124001	100.148407	100.140633	100.147484	100.14505	100.145294	100.153481	100.148437	100.163017	100.162994	100.164726	100.163757	100.172653	100.168083	100.169823	100.177803	100.179924	100.173843	100.17141	100.185455	100.165977	100.174393	100.179138	100.184227
490	100.027275	100.001945	100.010368	100.02034	100.022247	100.032951	100.042274	100.038528	100.049118	100.055786	100.061432	100.061378	100.063766	100.070152	100.071442	100.085358	100.085358	100.084778	100.091362	100.099167	100.093903	100.098671	100.102493	100.102303	100.115097	100.112785	100.115204	100.110138	100.122093	100.124023	100.130798	100.130882	100.12529	100.135544	100.131401	100.121399	100.102165	100.123024	100.146866	100.140106	100.146172	100.144287	100.143906	100.151268	100.147926	100.160774	100.162483	100.162842	100.163353	100.170898	100.16761	100.168755	100.177338	100.178482	100.173317	100.169647	100.184425	100.1642	100.173424	100.177597	100.18219
491	100.026688	100.004684	100.011421	100.019135	100.023315	100.0327	100.040733	100.038506	100.047592	100.058159	100.059929	100.06189	100.063171	100.069557	100.071991	100.085915	100.084625	100.084259	100.090385	100.099121	100.092957	100.09729	100.101006	100.100883	100.113281	100.112617	100.113594	100.108047	100.120148	100.12355	100.12851	100.127922	100.123787	100.134407	100.128578	100.121155	100.10215	100.121544	100.142685	100.139008	100.142792	100.145042	100.143517	100.148437	100.148643	100.156998	100.160156	100.159515	100.160957	100.167297	100.167206	100.166252	100.175079	100.174538	100.172928	100.168335	100.181366	100.162544	100.17363	100.177094	100.179222
492	100.026093	100.00737	100.012444	100.017952	100.024353	100.032463	100.039207	100.038483	100.046066	100.060486	100.058426	100.062393	100.062584	100.068985	100.072525	100.086449	100.0839	100.083748	100.089417	100.099075	100.092041	100.095917	100.099541	100.09948	100.111496	100.112442	100.112007	100.10598	100.11824	100.12307	100.126244	100.125	100.122307	100.133301	100.125793	100.120903	100.102142	100.120094	100.138557	100.137924	100.139473	100.145767	100.14312	100.14566	100.14933	100.153267	100.157883	100.156235	100.158607	100.163742	100.166786	100.16378	100.172867	100.170647	100.172516	100.167046	100.17836	100.160912	100.173828	100.176598	100.1763
493	100.025681	100.009514	100.013138	100.01696	100.024971	100.032784	100.037956	100.038399	100.045837	100.061859	100.0569	100.062515	100.062225	100.068581	100.073257	100.086258	100.083397	100.083351	100.088791	100.098457	100.091316	100.094688	100.097946	100.098274	100.110031	100.111893	100.110184	100.103844	100.11644	100.122261	100.124107	100.122345	100.121048	100.131844	100.123383	100.120392	100.102341	100.118652	100.135056	100.136589	100.137032	100.145927	100.142876	100.143608	100.149345	100.150002	100.155487	100.152802	100.15638	100.160263	100.165764	100.161217	100.170807	100.16713	100.171982	100.165604	100.17556	100.159332	100.173828	100.175667	100.17437
494	100.025833	100.00956	100.012497	100.016678	100.023827	100.035301	100.037613	100.03804	100.050667	100.059387	100.055061	100.061157	100.062706	100.06881	100.074745	100.083038	100.083611	100.083374	100.089417	100.095459	100.091324	100.09388	100.095665	100.097702	100.109688	100.109756	100.107208	100.101257	100.114906	100.120033	100.122246	100.120499	100.120453	100.128952	100.122307	100.118698	100.103363	100.117096	100.133743	100.134155	100.137939	100.143745	100.143066	100.144257	100.14653	100.1483	100.15242	100.148437	100.15448	100.156761	100.162148	100.158104	100.169167	100.16481	100.170807	100.163437	100.173363	100.157867	100.173035	100.172935	100.176239
495	100.025986	100.009598	100.011864	100.016388	100.022697	100.037766	100.037277	100.037704	100.055382	100.056969	100.053276	100.05983	100.063179	100.069023	100.07621	100.07988	100.083832	100.083397	100.090027	100.092522	100.091347	100.093102	100.093437	100.09713	100.109329	100.107658	100.104286	100.098709	100.113419	100.117836	100.120422	100.118698	100.119888	100.126076	100.121262	100.117027	100.104393	100.11557	100.132462	100.131775	100.138832	100.141586	100.143257	100.144913	100.143768	100.146629	100.149414	100.144173	100.152634	100.153328	100.1586	100.155045	100.167557	100.162544	100.169647	100.161301	100.171211	100.156448	100.172234	100.170265	100.178085
496	100.026146	100.009644	100.011238	100.016113	100.021599	100.040199	100.036942	100.037369	100.060043	100.054588	100.051498	100.058517	100.063637	100.069237	100.077652	100.076782	100.084045	100.08342	100.090637	100.089622	100.091362	100.092331	100.09124	100.096581	100.108994	100.105583	100.10141	100.096214	100.111938	100.115677	100.118637	100.11692	100.119316	100.123276	100.120247	100.115395	100.105377	100.114082	100.13121	100.12944	100.139709	100.139488	100.143456	100.145531	100.141075	100.144981	100.146461	100.139984	100.15081	100.149956	100.155113	100.152054	100.166	100.160301	100.168503	100.159218	100.169075	100.155045	100.171471	100.167641	100.179886
497	100.023544	100.00956	100.01091	100.018181	100.02153	100.036346	100.035355	100.037491	100.056602	100.05072	100.051247	100.057388	100.061775	100.067123	100.074707	100.074638	100.081528	100.081764	100.087402	100.089584	100.091103	100.090965	100.090408	100.094185	100.105309	100.10257	100.100395	100.096985	100.10955	100.113594	100.115814	100.113503	100.116661	100.120987	100.118492	100.112129	100.105347	100.112869	100.127861	100.125351	100.136627	100.136253	100.138817	100.140289	100.138077	100.142227	100.143394	100.138054	100.148132	100.147888	100.153526	100.150009	100.161804	100.157974	100.165497	100.156151	100.165489	100.15451	100.168968	100.165962	100.177299
498	100.020515	100.009468	100.010597	100.020584	100.021622	100.03157	100.033615	100.037674	100.051926	100.046669	100.051224	100.05629	100.05957	100.064682	100.071098	100.07267	100.078606	100.079857	100.083611	100.089981	100.09079	100.089523	100.08979	100.091507	100.101135	100.099434	100.099686	100.098267	100.10704	100.111557	100.112854	100.109886	100.113701	100.11879	100.116646	100.10865	100.105156	100.111725	100.124214	100.121033	100.132965	100.132919	100.133492	100.134186	100.135086	100.13932	100.140358	100.13652	100.145355	100.146065	100.152275	100.148163	100.157249	100.155663	100.162231	100.152969	100.161705	100.154137	100.166229	100.164459	100.174034
499	100.017563	100.009369	100.010315	100.022934	100.021721	100.026878	100.031898	100.037849	100.047348	100.042709	100.051208	100.055229	100.057396	100.062271	100.067581	100.070763	100.07576	100.077988	100.079895	100.090385	100.090515	100.088135	100.089203	100.088905	100.097061	100.096382	100.098991	100.099518	100.104584	100.10955	100.10997	100.106346	100.110802	100.116669	100.114845	100.105247	100.104965	100.110588	100.120651	100.116821	100.129379	100.129631	100.128265	100.128212	100.132164	100.136482	100.137367	100.135017	100.142647	100.144279	100.151047	100.146355	100.152794	100.153397	100.159027	100.149872	100.15802	100.153755	100.163544	100.162979	100.170853
500	100.016846	100.009941	100.012222	100.024544	100.02272	100.026772	100.03315	100.039528	100.046608	100.043037	100.053368	100.056671	100.058197	100.061569	100.067886	100.071075	100.074409	100.079025	100.078476	100.091637	100.091042	100.088226	100.089279	100.089172	100.095329	100.096802	100.098671	100.099884	100.104057	100.108109	100.109848	100.105576	100.111435	100.116333	100.116386	100.105927	100.106583	100.111732	100.120117	100.117371	100.127899	100.128891	100.127075	100.126755	100.132919	100.135696	100.137482	100.135254	100.142265	100.144104	100.150322	100.146637	100.152374	100.152634	100.157974	100.150452	100.157166	100.1549	100.162651	100.163033	100.170364
501	100.018105	100.011108	100.016106	100.025475	100.024536	100.030724	100.037041	100.042557	100.049301	100.047173	100.057449	100.060341	100.061607	100.062393	100.071625	100.073364	100.074402	100.082611	100.079086	100.093628	100.0923	100.089645	100.089958	100.09198	100.095688	100.100311	100.098679	100.099472	100.105225	100.10717	100.112175	100.107285	100.115219	100.117615	100.120903	100.11026	100.109818	100.114906	100.122261	100.122177	100.128304	100.130379	100.12944	100.129318	100.136925	100.136757	100.140358	100.137054	100.143967	100.145363	100.150063	100.148788	100.155556	100.153183	100.158836	100.154327	100.158821	100.157379	100.16333	100.164452	100.172295
502	100.019348	100.012253	100.019905	100.02639	100.026306	100.034607	100.04084	100.045502	100.051941	100.051208	100.06144	100.063942	100.064941	100.063194	100.075272	100.0756	100.074402	100.086143	100.079689	100.095573	100.093552	100.091026	100.090614	100.094734	100.096046	100.10376	100.098709	100.099052	100.106384	100.106255	100.114456	100.108955	100.118912	100.118874	100.125313	100.114487	100.112961	100.117996	100.124374	100.126884	100.128708	100.131859	100.131775	100.131836	100.140854	100.137794	100.143158	100.138809	100.145653	100.146606	100.149796	100.150894	100.158669	100.153732	100.159691	100.158119	100.160454	100.159813	100.164009	100.165833	100.174202
503	100.020309	100.012947	100.02301	100.026764	100.027786	100.037704	100.043846	100.04747	100.0541	100.05455	100.064064	100.066589	100.067505	100.06398	100.077797	100.077438	100.074478	100.088669	100.080338	100.09655	100.094284	100.092194	100.091019	100.097046	100.096558	100.106171	100.098679	100.098671	100.107506	100.105461	100.116028	100.110497	100.121643	100.119576	100.128174	100.118187	100.115669	100.120041	100.12587	100.129936	100.128807	100.132515	100.133308	100.13353	100.142845	100.138344	100.145401	100.139977	100.146637	100.14772	100.14933	100.151993	100.160744	100.154449	100.160072	100.161003	100.16143	100.161789	100.164581	100.166214	100.174805
504	100.020172	100.011787	100.023354	100.024834	100.028076	100.03775	100.043633	100.045326	100.054344	100.055084	100.061058	100.065384	100.066933	100.064804	100.075676	100.077675	100.074936	100.087105	100.081184	100.093422	100.092827	100.092484	100.090317	100.097618	100.097725	100.104332	100.098404	100.098335	100.108528	100.105225	100.114647	100.111542	100.120422	100.117981	100.124512	100.119843	100.116646	100.117805	100.124969	100.126221	100.127563	100.129761	100.131592	100.131866	100.136658	100.136864	100.14534	100.138626	100.144753	100.148407	100.147942	100.148865	100.158501	100.155937	100.158546	100.16024	100.159706	100.161934	100.164757	100.1623	100.169907
505	100.020027	100.010643	100.023697	100.022949	100.028351	100.037788	100.043419	100.043236	100.054573	100.055603	100.058136	100.064194	100.066376	100.065598	100.073608	100.077904	100.075378	100.085594	100.082016	100.09037	100.091408	100.092766	100.08963	100.098183	100.098862	100.102531	100.098145	100.098015	100.109528	100.104996	100.113312	100.112572	100.119247	100.116417	100.120964	100.12146	100.117599	100.115601	100.124069	100.122581	100.12635	100.127052	100.129929	100.130249	100.130615	100.135406	100.145302	100.137329	100.142921	100.149071	100.146576	100.145805	100.156311	100.157379	100.157043	100.159477	100.15802	100.162086	100.164925	100.158501	100.165131
506	100.019882	100.009521	100.024017	100.021111	100.028625	100.037834	100.043228	100.041214	100.05481	100.056114	100.05529	100.063049	100.065826	100.066391	100.071594	100.078133	100.075806	100.084129	100.082817	100.087418	100.090027	100.093033	100.088966	100.098717	100.099968	100.100792	100.097893	100.097702	100.110504	100.104759	100.112	100.113556	100.118103	100.114906	100.117493	100.123039	100.118546	100.113464	100.123199	100.119034	100.12516	100.124428	100.128296	100.128677	100.124741	100.134003	100.145256	100.136063	100.141129	100.149742	100.145256	100.142838	100.154175	100.158798	100.155602	100.158737	100.156387	100.162231	100.165092	100.154793	100.160477
507	100.019249	100.010773	100.021004	100.021194	100.028214	100.037048	100.042137	100.040833	100.053368	100.056694	100.055275	100.060722	100.064995	100.065697	100.071182	100.07634	100.074707	100.084015	100.082458	100.086571	100.087105	100.091789	100.089737	100.095978	100.097862	100.097969	100.096703	100.097099	100.108109	100.103691	100.110626	100.112556	100.115608	100.112274	100.116257	100.119568	100.115898	100.11319	100.121239	100.118088	100.123894	100.124001	100.127731	100.128387	100.125015	100.133858	100.141754	100.136093	100.13932	100.146851	100.144089	100.143028	100.152443	100.155243	100.153389	100.154686	100.155136	100.16066	100.162437	100.154495	100.160202
508	100.018524	100.012413	100.017487	100.021614	100.027702	100.036133	100.040924	100.040749	100.051666	100.057281	100.055779	100.058243	100.064125	100.064766	100.07106	100.074265	100.073364	100.08416	100.081894	100.086121	100.083969	100.090324	100.090752	100.092712	100.095245	100.095001	100.09539	100.096428	100.105179	100.102493	100.109276	100.111244	100.112976	100.109497	100.115433	100.115295	100.112679	100.113251	100.119125	100.117638	100.122627	100.123962	100.12735	100.128342	100.12635	100.133965	100.137733	100.136314	100.137566	100.143433	100.14299	100.143791	100.150833	100.150917	100.151085	100.150131	100.153992	100.158813	100.159332	100.154808	100.160721
509	100.017838	100.013992	100.014053	100.022034	100.027214	100.03524	100.039742	100.040672	100.050011	100.057861	100.056252	100.055824	100.063278	100.06385	100.070938	100.072227	100.07206	100.084305	100.081345	100.085678	100.080917	100.088898	100.091728	100.089554	100.092697	100.09214	100.094093	100.095795	100.102325	100.101326	100.107971	100.109947	100.11039	100.106812	100.114632	100.111153	100.109566	100.113312	100.117065	100.117195	100.121399	100.123932	100.127007	100.128304	100.127663	100.134064	100.133812	100.136551	100.135849	100.140091	100.141922	100.144508	100.149261	100.146713	100.148857	100.145721	100.152878	100.157021	100.156334	100.155106	100.161209
510	100.017357	100.01429	100.012932	100.021889	100.026512	100.035057	100.03862	100.040588	100.049522	100.056824	100.055519	100.055061	100.061821	100.063408	100.070107	100.070465	100.071693	100.083603	100.080254	100.084053	100.079895	100.088028	100.090263	100.087677	100.092102	100.090469	100.093506	100.094398	100.10054	100.09967	100.105217	100.107834	100.108757	100.105499	100.113152	100.109337	100.107643	100.111702	100.115074	100.116776	100.120186	100.12249	100.125053	100.127792	100.127602	100.132751	100.131271	100.135147	100.134537	100.137695	100.140205	100.144981	100.147453	100.144699	100.146889	100.143112	100.15168	100.155258	100.154404	100.153557	100.160446
511	100.017097	100.013374	100.013962	100.02124	100.025627	100.035522	100.037552	100.040497	100.050148	100.054298	100.053658	100.055817	100.059807	100.063393	100.068604	100.068962	100.072189	100.0821	100.078651	100.081322	100.08075	100.087692	100.086548	100.087021	100.093307	100.089943	100.093567	100.092316	100.099739	100.097565	100.101158	100.104965	100.108002	100.105492	100.111053	100.109688	100.106857	100.108551	100.113152	100.116371	100.11898	100.119766	100.121651	100.126854	100.126289	100.130142	100.130013	100.132225	100.133598	100.136169	100.137901	100.145218	100.145409	100.144722	100.145172	100.142204	100.150429	100.153526	100.153481	100.150299	100.158524
512	100.01683	100.012497	100.014961	100.020615	100.024773	100.035988	100.03653	100.040421	100.050774	100.051857	100.051865	100.056549	100.057861	100.063393	100.067162	100.067505	100.072685	100.080666	100.077103	100.07869	100.081589	100.087372	100.082932	100.086403	100.094475	100.089432	100.093636	100.090302	100.098991	100.09552	100.097229	100.102173	100.107277	100.105476	100.109016	100.110031	100.106087	100.105515	100.111305	100.116005	100.117836	100.117134	100.118347	100.125946	100.125031	100.127617	100.128792	100.129402	100.132706	100.134705	100.135674	100.145462	100.143433	100.144753	100.143524	100.141319	100.149223	100.151863	100.152603	100.147156	100.156677
513	100.016609	100.01162	100.0159	100.020096	100.023888	100.035652	100.035713	100.040268	100.050652	100.049629	100.050354	100.0569	100.05587	100.063324	100.065598	100.066208	100.072632	100.078705	100.075279	100.0765	100.081612	100.086746	100.079704	100.085258	100.09462	100.088516	100.093185	100.088516	100.097656	100.093735	100.094078	100.099602	100.105759	100.104782	100.10704	100.10952	100.104675	100.102554	100.109253	100.114761	100.11618	100.114777	100.115356	100.124344	100.122917	100.12516	100.127449	100.12661	100.131157	100.132874	100.133003	100.14447	100.141037	100.143875	100.141617	100.139915	100.147507	100.149414	100.151253	100.14402	100.154152
514	100.016495	100.010719	100.016716	100.02018	100.022842	100.031517	100.03595	100.039825	100.04715	100.048218	100.050095	100.055405	100.053497	100.062958	100.063362	100.065491	100.070038	100.074127	100.071922	100.076225	100.077858	100.084625	100.077965	100.081543	100.089935	100.085617	100.090256	100.087593	100.093529	100.09304	100.094345	100.09774	100.100388	100.1008	100.10511	100.104904	100.10009	100.099731	100.106117	100.109398	100.112007	100.113472	100.113503	100.119339	100.1166	100.122894	100.125336	100.123703	100.126434	100.129105	100.127945	100.137604	100.136421	100.138649	100.138367	100.135826	100.143242	100.143135	100.147644	100.140633	100.148186
515	100.01638	100.009857	100.017502	100.020264	100.021835	100.027512	100.036194	100.039398	100.043739	100.04686	100.04985	100.053993	100.051201	100.062622	100.061211	100.064812	100.06752	100.069702	100.06868	100.075974	100.074219	100.082603	100.076279	100.077942	100.085411	100.082802	100.087425	100.0867	100.089554	100.092377	100.094604	100.09594	100.095192	100.096954	100.103249	100.100433	100.095657	100.097	100.103088	100.10421	100.107979	100.112221	100.111702	100.114502	100.110497	100.120689	100.123299	100.120903	100.12188	100.125443	100.12307	100.130966	100.13195	100.133606	100.135231	100.131866	100.139114	100.13707	100.14415	100.137352	100.142441
516	100.016273	100.00901	100.018265	100.020348	100.020851	100.023636	100.036407	100.038979	100.040451	100.04554	100.049629	100.052605	100.048973	100.062271	100.059113	100.064133	100.065102	100.065399	100.065544	100.075722	100.070694	100.080612	100.074638	100.074455	100.081017	100.08007	100.084671	100.085846	100.085686	100.091705	100.094841	100.0942	100.090149	100.093224	100.101425	100.096107	100.091347	100.094353	100.100151	100.099182	100.10408	100.111023	100.109955	100.109795	100.104584	100.118553	100.121323	100.118164	100.11747	100.121918	100.11834	100.124527	100.127625	100.128708	100.132179	100.128029	100.135124	100.13118	100.140762	100.134171	100.136864
517	100.017273	100.008904	100.017998	100.019226	100.0214	100.023254	100.035248	100.037834	100.041023	100.044952	100.049568	100.051834	100.049591	100.061096	100.058937	100.065933	100.065697	100.066017	100.065979	100.075058	100.069595	100.078415	100.073601	100.073669	100.078377	100.080666	100.083908	100.084007	100.085007	100.090637	100.092224	100.093903	100.088371	100.092888	100.100662	100.093506	100.090668	100.09198	100.097801	100.097427	100.102005	100.106834	100.107552	100.107399	100.103615	100.114563	100.117668	100.115646	100.114349	100.118721	100.116882	100.122406	100.124672	100.126205	100.131012	100.126839	100.131477	100.128067	100.136253	100.1315	100.134811
518	100.018456	100.008942	100.017563	100.017891	100.022232	100.02359	100.033859	100.036583	100.042328	100.044525	100.049545	100.051201	100.050758	100.059799	100.059151	100.068161	100.066887	100.067589	100.067116	100.074326	100.069	100.076248	100.072708	100.073448	100.076164	100.081894	100.083557	100.082031	100.084961	100.089493	100.089111	100.09391	100.087273	100.093246	100.100121	100.091324	100.090729	100.089729	100.095642	100.096367	100.100342	100.102188	100.10508	100.105499	100.103638	100.110306	100.1138	100.113235	100.11158	100.115692	100.116119	100.121155	100.122055	100.124229	100.130249	100.126198	100.127983	100.125587	100.131645	100.129021	100.133514
519	100.019608	100.00898	100.017128	100.016632	100.023041	100.023911	100.032494	100.03537	100.04361	100.044128	100.04953	100.050591	100.051903	100.058533	100.059357	100.070335	100.068047	100.069107	100.068222	100.073624	100.068436	100.074158	100.071838	100.073219	100.074028	100.083076	100.083221	100.080124	100.084923	100.088409	100.08609	100.09391	100.086212	100.09359	100.099609	100.089218	100.09079	100.087547	100.093552	100.095352	100.098755	100.097702	100.102707	100.103676	100.103676	100.106201	100.110069	100.110916	100.10891	100.112762	100.115395	100.119957	100.119545	100.122345	100.129524	100.125572	100.124619	100.123199	100.127182	100.126625	100.132248
520	100.019836	100.008308	100.015236	100.015686	100.022781	100.024437	100.031677	100.034943	100.043449	100.044121	100.047775	100.049698	100.052032	100.056908	100.058319	100.069603	100.066994	100.068474	100.067307	100.071426	100.066078	100.072243	100.070038	100.071045	100.072357	100.081596	100.080872	100.077438	100.083199	100.086166	100.082733	100.091972	100.084862	100.091576	100.096916	100.087013	100.088776	100.086273	100.091911	100.092972	100.096092	100.095001	100.10009	100.101303	100.102325	100.103203	100.106903	100.107552	100.106285	100.109291	100.112366	100.116905	100.116776	100.119316	100.126755	100.122467	100.121239	100.120399	100.123825	100.12394	100.129196
521	100.01918	100.00695	100.011894	100.015091	100.021469	100.025177	100.031403	100.035286	100.04187	100.044525	100.044319	100.048508	100.051163	100.05497	100.056076	100.06604	100.063774	100.065742	100.064407	100.067772	100.061974	100.070526	100.067314	100.066948	100.07119	100.077507	100.076553	100.07399	100.079796	100.082802	100.079025	100.088081	100.083244	100.087265	100.092102	100.084724	100.084732	100.085892	100.090706	100.089279	100.092422	100.094055	100.097252	100.098396	100.099632	100.101303	100.10437	100.103172	100.103745	100.105301	100.107101	100.112007	100.11377	100.115181	100.122009	100.116875	100.117836	100.117218	100.121559	100.12101	100.124344
522	100.018539	100.005615	100.008652	100.014519	100.020218	100.025902	100.031128	100.035606	100.040352	100.04493	100.040962	100.047363	100.050316	100.053093	100.053909	100.062584	100.060692	100.063095	100.061607	100.064255	100.058022	100.068871	100.064697	100.063004	100.070061	100.073555	100.072411	100.070663	100.076508	100.079552	100.075439	100.084351	100.081696	100.083092	100.087448	100.08252	100.080826	100.085533	100.089554	100.085686	100.088882	100.093163	100.094521	100.095596	100.097038	100.099472	100.101898	100.098969	100.101303	100.101433	100.102005	100.107285	100.110901	100.111214	100.117424	100.111481	100.114571	100.114128	100.119377	100.118172	100.11969
523	100.01812	100.004662	100.006248	100.014427	100.019005	100.026451	100.030838	100.035645	100.039032	100.044754	100.038239	100.046219	100.049225	100.051201	100.051895	100.05925	100.057945	100.060745	100.059036	100.061188	100.055023	100.067245	100.062355	100.059853	100.069115	100.070122	100.068733	100.067886	100.073647	100.076881	100.072739	100.081169	100.079956	100.079704	100.083313	100.080704	100.077438	100.084816	100.088287	100.082825	100.085869	100.09214	100.092102	100.093079	100.094833	100.09774	100.099648	100.095627	100.099075	100.098396	100.097832	100.103271	100.108208	100.107635	100.113274	100.107025	100.11171	100.111534	100.117088	100.115608	100.115517
524	100.01886	100.005486	100.007805	100.016785	100.017799	100.026062	100.030396	100.034142	100.038528	100.041534	100.038406	100.044861	100.046471	100.048935	100.050247	100.056076	100.056717	100.059685	100.05722	100.060066	100.056732	100.065552	100.061226	100.060524	100.069061	100.069008	100.067184	100.067459	100.072647	100.076805	100.074432	100.080406	100.077126	100.079964	100.081322	100.080826	100.076279	100.082062	100.08625	100.083374	100.085243	100.090408	100.091064	100.091675	100.094482	100.096306	100.098122	100.096535	100.097694	100.09922	100.097946	100.102409	100.10614	100.105667	100.110863	100.106834	100.11058	100.11113	100.113739	100.114105	100.113358
525	100.019585	100.006271	100.009308	100.019051	100.016632	100.025681	100.029968	100.032677	100.038055	100.038437	100.038567	100.043549	100.043831	100.046753	100.048676	100.053001	100.055542	100.058662	100.055481	100.058998	100.05838	100.063911	100.060127	100.061157	100.068985	100.067947	100.065681	100.067055	100.071693	100.076736	100.076042	100.079681	100.074402	100.080231	100.079391	100.08094	100.075165	100.079407	100.084267	100.083908	100.084648	100.088753	100.090065	100.090324	100.094139	100.094917	100.096657	100.097427	100.096367	100.100014	100.098038	100.101593	100.104156	100.103775	100.108543	100.106644	100.109467	100.110733	100.110519	100.11264	100.111267
526	100.020279	100.007034	100.010765	100.02124	100.015511	100.025299	100.029579	100.031265	100.03759	100.035431	100.038704	100.042282	100.041283	100.044647	100.04715	100.050034	100.054398	100.057671	100.053802	100.057945	100.059952	100.062332	100.059067	100.061775	100.068939	100.06691	100.064232	100.066666	100.070763	100.07666	100.077591	100.078987	100.071762	100.080467	100.077545	100.081047	100.074097	100.076843	100.082375	100.084412	100.084068	100.087151	100.089096	100.089027	100.093803	100.093582	100.095245	100.098274	100.095093	100.100777	100.098145	100.100792	100.102219	100.101944	100.1063	100.106468	100.108421	100.110352	100.107407	100.111237	100.109276
527	100.018402	100.007355	100.011063	100.021149	100.014771	100.023758	100.029076	100.029648	100.036751	100.034019	100.039848	100.043045	100.041725	100.045326	100.046448	100.048759	100.054489	100.056732	100.053528	100.058258	100.059975	100.061401	100.059151	100.061272	100.067307	100.06665	100.064064	100.066223	100.070023	100.076126	100.076523	100.077736	100.070534	100.077209	100.076927	100.07914	100.07328	100.074699	100.081085	100.081886	100.082527	100.085602	100.087418	100.0877	100.092171	100.091599	100.094048	100.094795	100.093948	100.097809	100.096703	100.0998	100.100342	100.100693	100.103508	100.103668	100.107704	100.107399	100.105453	100.107277	100.108742
528	100.016037	100.007568	100.011101	100.020554	100.014137	100.021996	100.028572	100.028015	100.035873	100.032974	100.041183	100.044235	100.042816	100.046585	100.045929	100.04789	100.054871	100.05584	100.053558	100.058838	100.059654	100.060654	100.059471	100.060524	100.065376	100.066551	100.064178	100.065781	100.069359	100.075508	100.07489	100.076416	100.069656	100.073311	100.076607	100.076881	100.072548	100.072708	100.079964	100.078758	100.080826	100.084129	100.085617	100.086418	100.090279	100.089523	100.092926	100.090477	100.092873	100.094116	100.094986	100.098824	100.098503	100.099609	100.100708	100.100372	100.107086	100.103951	100.103798	100.10289	100.108543
529	100.013748	100.007797	100.011124	100.019981	100.013527	100.020302	100.028084	100.026443	100.035011	100.031982	100.042465	100.04538	100.043869	100.047806	100.045441	100.04705	100.055229	100.05497	100.053596	100.059418	100.059357	100.059937	100.059784	100.059807	100.063499	100.066467	100.064301	100.065353	100.068703	100.074913	100.073326	100.075127	100.06881	100.06955	100.076294	100.074684	100.071846	100.070786	100.078903	100.075745	100.079193	100.082695	100.0839	100.08519	100.088478	100.087532	100.09185	100.086319	100.091827	100.090538	100.093315	100.097885	100.096741	100.098572	100.098	100.097191	100.106491	100.100639	100.102211	100.098656	100.10836
530	100.012886	100.00843	100.012436	100.019348	100.014725	100.019798	100.027847	100.026512	100.035454	100.031952	100.042198	100.045654	100.044296	100.048386	100.04586	100.046967	100.055161	100.05497	100.054039	100.060211	100.059639	100.059471	100.060059	100.059616	100.062767	100.065842	100.064301	100.065697	100.069069	100.074532	100.07193	100.074257	100.06987	100.068489	100.075958	100.074661	100.071693	100.070038	100.078621	100.074982	100.078712	100.082306	100.082985	100.085365	100.087334	100.086952	100.091301	100.085617	100.091263	100.088814	100.092491	100.096939	100.096466	100.098328	100.096703	100.096199	100.105461	100.098846	100.101494	100.097252	100.107491
531	100.013565	100.009521	100.015114	100.018669	100.01786	100.020561	100.02787	100.028336	100.037262	100.032951	100.040306	100.044998	100.044044	100.048294	100.047256	100.047699	100.054657	100.055885	100.054947	100.061264	100.060593	100.059296	100.060287	100.060013	100.063255	100.064644	100.064178	100.066879	100.070526	100.074409	100.070724	100.073837	100.072968	100.07032	100.075592	100.07695	100.072121	100.070526	100.079178	100.076637	100.079468	100.083031	100.082932	100.087044	100.086906	100.087883	100.091324	100.088623	100.091217	100.089027	100.092567	100.096039	100.097801	100.098946	100.096893	100.097534	100.103989	100.098717	100.101723	100.098869	100.105904
532	100.014198	100.010559	100.017693	100.01799	100.020859	100.021301	100.027885	100.030075	100.038979	100.033913	100.03846	100.04438	100.043823	100.048195	100.048592	100.048386	100.054146	100.05677	100.055786	100.062263	100.061485	100.059113	100.060501	100.060364	100.063705	100.063477	100.064064	100.068008	100.071922	100.074295	100.069572	100.073433	100.075951	100.072098	100.075218	100.079155	100.072517	100.070992	100.079712	100.078224	100.080177	100.083717	100.082886	100.088654	100.086487	100.088791	100.091347	100.091507	100.091171	100.089241	100.092651	100.095154	100.099075	100.099525	100.097069	100.098824	100.10257	100.098564	100.101913	100.100418	100.104355
533	100.015137	100.011742	100.020195	100.017807	100.023712	100.022629	100.028435	100.03196	100.040833	100.035271	100.03743	100.044167	100.044083	100.048187	100.050339	100.049438	100.054085	100.057983	100.057159	100.06337	100.062653	100.059631	100.061058	100.061073	100.064507	100.062981	100.064316	100.069107	100.07354	100.074425	100.069283	100.073532	100.078812	100.074234	100.075279	100.081017	100.072456	100.071609	100.080528	100.079712	100.081291	100.084671	100.083115	100.090202	100.086357	100.089767	100.091537	100.093903	100.091324	100.090004	100.093117	100.09481	100.100449	100.100113	100.09761	100.100174	100.101624	100.098656	100.102249	100.102005	100.10331
534	100.018097	100.013969	100.022659	100.020683	100.026047	100.027885	100.03244	100.035049	100.043694	100.039421	100.041283	100.046516	100.047615	100.048622	100.055077	100.052872	100.056793	100.061584	100.061966	100.065353	100.065674	100.064636	100.063934	100.064003	100.067673	100.066605	100.066986	100.070259	100.076866	100.07621	100.074432	100.076714	100.081482	100.07917	100.077942	100.080994	100.069519	100.073257	100.08316	100.080856	100.085129	100.087418	100.085136	100.09153	100.087952	100.091408	100.092766	100.093689	100.092819	100.09433	100.096092	100.097763	100.102661	100.1008	100.100433	100.102211	100.103607	100.100258	100.103355	100.104126	100.105156
535	100.020943	100.016129	100.025055	100.02346	100.028313	100.032959	100.036308	100.03804	100.046471	100.043419	100.044998	100.048782	100.05101	100.049065	100.059654	100.056168	100.059402	100.065063	100.066589	100.067245	100.068596	100.069473	100.066696	100.066841	100.070724	100.070107	100.069572	100.071381	100.080093	100.077911	100.079414	100.079788	100.084053	100.083923	100.080505	100.080978	100.066673	100.074852	100.085701	100.08197	100.088837	100.090065	100.087082	100.092819	100.089516	100.093018	100.093964	100.093498	100.094246	100.098511	100.098976	100.100639	100.104813	100.101471	100.103188	100.104187	100.105522	100.101807	100.104439	100.106178	100.106941
536	100.023697	100.018204	100.027359	100.026146	100.030495	100.037857	100.040054	100.040924	100.049141	100.047279	100.048599	100.050964	100.054298	100.049484	100.064064	100.05938	100.061928	100.068428	100.071075	100.069092	100.071419	100.07415	100.069382	100.06958	100.073685	100.073479	100.072052	100.072456	100.083206	100.079582	100.084221	100.082764	100.086548	100.088539	100.082985	100.080963	100.063934	100.076385	100.088158	100.083038	100.092407	100.092613	100.088966	100.094048	100.091003	100.094559	100.095108	100.093307	100.095627	100.10257	100.101784	100.103401	100.106873	100.102104	100.10582	100.106094	100.107384	100.10331	100.105476	100.108162	100.108673
537	100.022697	100.020042	100.029579	100.028976	100.032547	100.040077	100.043297	100.043678	100.050484	100.048706	100.05114	100.053825	100.056305	100.053169	100.065338	100.062439	100.065804	100.071526	100.073311	100.072754	100.073395	100.077248	100.072815	100.074219	100.077583	100.076714	100.075981	100.07666	100.085579	100.082062	100.088287	100.085663	100.088676	100.091362	100.088211	100.081047	100.058243	100.076065	100.091423	100.08638	100.095345	100.095901	100.09375	100.09742	100.094864	100.098488	100.09906	100.097656	100.09977	100.104759	100.10482	100.105965	100.10891	100.106339	100.108376	100.109375	100.111183	100.10215	100.106598	100.111099	100.112175
538	100.020767	100.021767	100.031731	100.031807	100.0345	100.041557	100.046326	100.046349	100.051476	100.049484	100.053345	100.056801	100.057922	100.057587	100.065788	100.065437	100.069931	100.074493	100.074944	100.076805	100.075134	100.079895	100.076355	100.079216	100.081619	100.079834	100.080193	100.081566	100.087723	100.084702	100.092064	100.088478	100.090683	100.093689	100.094048	100.081161	100.051941	100.075279	100.094818	100.090218	100.098038	100.099304	100.099136	100.101257	100.099243	100.102951	100.103638	100.103058	100.104485	100.10643	100.107887	100.108421	100.110886	100.111366	100.110832	100.112915	100.11541	100.100365	100.107704	100.114227	100.116035
539	100.018906	100.023437	100.033806	100.034546	100.036415	100.042999	100.049278	100.04892	100.052429	100.050232	100.055504	100.059677	100.059509	100.061882	100.066246	100.068306	100.073921	100.07737	100.076546	100.080742	100.076805	100.082443	100.079796	100.084068	100.085541	100.082863	100.084259	100.086296	100.089798	100.08725	100.095726	100.091209	100.092613	100.095924	100.099686	100.081268	100.045837	100.074516	100.098106	100.093948	100.100647	100.102577	100.104378	100.104965	100.103485	100.107262	100.108078	100.108299	100.109085	100.108047	100.110832	100.110802	100.112808	100.116241	100.113213	100.116364	100.119507	100.098625	100.108788	100.117241	100.119797
540	100.017914	100.026558	100.036552	100.037193	100.039459	100.04493	100.051903	100.05146	100.053856	100.052521	100.057983	100.06205	100.061508	100.066032	100.068459	100.070999	100.076866	100.080299	100.078979	100.084183	100.079361	100.08577	100.08342	100.088455	100.089668	100.086128	100.087997	100.090172	100.092651	100.090767	100.099495	100.09446	100.09539	100.098488	100.103485	100.081169	100.041054	100.074432	100.101486	100.098419	100.1035	100.106064	100.108322	100.108925	100.10717	100.110992	100.111938	100.112328	100.11274	100.110794	100.113869	100.113701	100.11557	100.119293	100.115837	100.118729	100.122871	100.098183	100.11071	100.120148	100.123108
541	100.017952	100.031425	100.040077	100.039757	100.043884	100.047478	100.054207	100.054001	100.05587	100.056633	100.060905	100.06385	100.064064	100.070084	100.0728	100.073517	100.078629	100.083328	100.082481	100.087128	100.082932	100.090042	100.087296	100.092354	100.094101	100.089752	100.0914	100.093056	100.096428	100.095436	100.103439	100.098381	100.099197	100.101456	100.105202	100.080894	100.037766	100.075188	100.104973	100.103821	100.106644	100.109818	100.11084	100.113174	100.110229	100.114075	100.115158	100.115013	100.115349	100.114868	100.117043	100.117233	100.119362	100.120232	100.118759	100.119873	100.125435	100.099251	100.113632	100.122978	100.125954
542	100.017998	100.036148	100.043526	100.042252	100.048187	100.049973	100.056442	100.056458	100.057831	100.060638	100.063744	100.065613	100.066551	100.074043	100.077034	100.075958	100.080345	100.086273	100.085869	100.089989	100.086418	100.094177	100.09108	100.096153	100.098419	100.093269	100.094711	100.095856	100.100113	100.099991	100.107277	100.102188	100.102913	100.104355	100.106873	100.08062	100.034569	100.075897	100.108383	100.109077	100.109718	100.113472	100.113281	100.117325	100.113228	100.117073	100.118301	100.117622	100.117897	100.118828	100.120125	100.120667	100.123047	100.121162	100.121582	100.120995	100.127937	100.100311	100.116478	100.125732	100.128731
543	100.018082	100.040184	100.046371	100.044502	100.051758	100.052002	100.058296	100.058517	100.059418	100.064018	100.06617	100.066887	100.06852	100.077263	100.080505	100.077888	100.081741	100.088799	100.088623	100.092293	100.089417	100.097504	100.094101	100.099243	100.101936	100.096275	100.097366	100.098129	100.103165	100.103867	100.110313	100.105431	100.106064	100.106796	100.108208	100.080276	100.031578	100.076187	100.111259	100.113342	100.112198	100.116417	100.115189	100.120651	100.115547	100.119438	100.12075	100.119637	100.119781	100.122177	100.122597	100.123322	100.126144	100.121796	100.123634	100.121834	100.1297	100.101021	100.11853	100.127815	100.130821
544	100.018478	100.039696	100.045265	100.045357	100.050392	100.05088	100.057533	100.057968	100.058388	100.06311	100.065979	100.064766	100.066948	100.075592	100.078819	100.076309	100.080963	100.088676	100.086884	100.090706	100.089226	100.095032	100.09198	100.097336	100.099899	100.095917	100.095581	100.096664	100.101852	100.103226	100.107719	100.104836	100.105583	100.106392	100.107338	100.07943	100.029663	100.073227	100.110611	100.110802	100.110687	100.114395	100.113235	100.11821	100.113205	100.117386	100.118134	100.117554	100.116966	100.121246	100.120773	100.120506	100.125229	100.120316	100.119888	100.120628	100.12616	100.09922	100.114822	100.12516	100.127937
545	100.018867	100.039223	100.044167	100.046181	100.049057	100.049782	100.056778	100.057434	100.057373	100.062241	100.065804	100.062683	100.065422	100.073959	100.077179	100.074768	100.080215	100.08857	100.085159	100.089172	100.08905	100.092613	100.089905	100.095459	100.097908	100.095558	100.093826	100.095245	100.100563	100.102592	100.105179	100.104248	100.10511	100.10601	100.106476	100.078598	100.027786	100.070343	100.110008	100.108315	100.109222	100.112427	100.111328	100.115822	100.110901	100.115372	100.115601	100.115501	100.114235	100.120338	100.118996	100.117752	100.124336	100.118889	100.116226	100.119461	100.122704	100.09745	100.111183	100.122574	100.125137
546	100.019241	100.038757	100.043106	100.046982	100.047752	100.048706	100.056053	100.0569	100.056396	100.061378	100.065628	100.060638	100.063919	100.072357	100.075577	100.073257	100.079475	100.088455	100.083496	100.087669	100.08886	100.090256	100.087883	100.093651	100.095963	100.095215	100.09211	100.093842	100.099312	100.101974	100.102707	100.103676	100.104645	100.105629	100.105644	100.077797	100.025955	100.067543	100.10939	100.105896	100.10778	100.110481	100.109467	100.113487	100.108658	100.113403	100.113121	100.11351	100.111565	100.119461	100.117256	100.115074	100.123466	100.117477	100.112663	100.118317	100.119331	100.095726	100.107658	100.120041	100.122391
547	100.019966	100.036362	100.039948	100.042747	100.044891	100.045822	100.052734	100.053581	100.05481	100.059113	100.062981	100.058281	100.061348	100.068474	100.072708	100.071732	100.075401	100.084259	100.079765	100.083664	100.084702	100.086662	100.084183	100.088974	100.092148	100.091431	100.088501	100.089279	100.095604	100.097641	100.098953	100.100136	100.101089	100.1017	100.101006	100.075615	100.027763	100.066444	100.104546	100.101471	100.103256	100.105904	100.105965	100.108887	100.104546	100.109039	100.108696	100.109848	100.107887	100.114182	100.112022	100.111351	100.118065	100.113213	100.109863	100.114861	100.115623	100.093414	100.104431	100.115799	100.118149
548	100.020775	100.033447	100.036224	100.037125	100.041618	100.04245	100.048737	100.049522	100.053085	100.056496	100.059662	100.05587	100.058487	100.06398	100.069511	100.070229	100.070427	100.078949	100.075508	100.07901	100.079437	100.082779	100.080048	100.083557	100.087845	100.086723	100.084373	100.083855	100.091232	100.092331	100.094902	100.09581	100.096687	100.096786	100.095345	100.073074	100.030624	100.065887	100.098549	100.096535	100.097931	100.100639	100.102043	100.103699	100.099968	100.104057	100.103775	100.105759	100.103966	100.107697	100.105858	100.107407	100.111412	100.108185	100.107346	100.110779	100.111893	100.090981	100.101341	100.111115	100.113533
549	100.021576	100.030602	100.032578	100.031601	100.038422	100.039146	100.044807	100.04554	100.051392	100.053917	100.056412	100.053497	100.055679	100.05957	100.066391	100.068756	100.065544	100.073753	100.071335	100.074448	100.074295	100.078949	100.075996	100.078247	100.083626	100.082108	100.080345	100.078545	100.086952	100.087097	100.090935	100.091568	100.092377	100.09198	100.08979	100.070572	100.033401	100.065338	100.092674	100.091705	100.092697	100.095474	100.09819	100.09861	100.095474	100.099167	100.098946	100.101768	100.100121	100.101349	100.099823	100.103523	100.104919	100.103256	100.104866	100.106789	100.108231	100.088585	100.098312	100.106537	100.109016
550	100.020508	100.027061	100.028702	100.027039	100.034653	100.036194	100.040672	100.041595	100.048355	100.050476	100.052368	100.049736	100.051865	100.055054	100.062302	100.065422	100.061188	100.06871	100.067101	100.069252	100.068977	100.074425	100.071312	100.073029	100.07811	100.076508	100.075661	100.073257	100.081131	100.081993	100.085655	100.08609	100.086761	100.086418	100.084091	100.067612	100.036087	100.064133	100.086853	100.086418	100.086952	100.090256	100.093201	100.092613	100.090912	100.093422	100.093948	100.096222	100.094971	100.095924	100.093857	100.098564	100.099014	100.097778	100.100937	100.101433	100.103745	100.085976	100.094582	100.101746	100.103394
551	100.016975	100.022652	100.024506	100.023689	100.030151	100.033661	100.036224	100.037704	100.043533	100.045868	100.047264	100.044106	100.046707	100.050316	100.056931	100.059654	100.05748	100.063858	100.062775	100.063194	100.063362	100.068916	100.065742	100.067879	100.070862	100.06958	100.070122	100.067963	100.07328	100.077019	100.078644	100.078964	100.079391	100.079819	100.078156	100.063995	100.038635	100.062096	100.081062	100.080513	100.080505	100.084946	100.086662	100.085403	100.086227	100.08651	100.088692	100.088631	100.088081	100.091675	100.087906	100.092148	100.093857	100.091537	100.09507	100.094269	100.098145	100.083038	100.089882	100.096642	100.09626
552	100.013519	100.018326	100.020386	100.020393	100.025726	100.031189	100.031853	100.033882	100.038818	100.041351	100.042259	100.038589	100.041649	100.045685	100.051666	100.053993	100.053856	100.05909	100.058533	100.057243	100.057861	100.063499	100.060272	100.06282	100.063744	100.06279	100.064674	100.062752	100.065575	100.072136	100.071762	100.071953	100.072166	100.073364	100.072327	100.06044	100.041138	100.060081	100.075378	100.074722	100.074173	100.079727	100.080254	100.078323	100.081619	100.079727	100.083519	100.081184	100.081314	100.087509	100.082062	100.085854	100.088776	100.085426	100.08931	100.08725	100.092636	100.08017	100.085274	100.091621	100.089279
553	100.010536	100.014206	100.016548	100.017311	100.021469	100.028625	100.027809	100.030266	100.034401	100.036964	100.037575	100.033546	100.037018	100.04129	100.046661	100.04866	100.050224	100.054466	100.054382	100.051796	100.052643	100.058403	100.055038	100.057854	100.057068	100.056419	100.059402	100.057755	100.058403	100.067329	100.065247	100.065361	100.065338	100.067268	100.066742	100.057114	100.04351	100.058052	100.069847	100.069107	100.068237	100.074722	100.074158	100.071648	100.076973	100.073387	100.078476	100.074257	100.07486	100.083412	100.07653	100.079872	100.083778	100.079666	100.083687	100.080765	100.087379	100.077332	100.080994	100.086769	100.082741
554	100.012161	100.011803	100.015091	100.015953	100.018463	100.024857	100.026535	100.028313	100.03257	100.033279	100.035599	100.032654	100.036087	100.038887	100.04361	100.045845	100.045982	100.050644	100.050606	100.050644	100.049362	100.055656	100.051376	100.053093	100.053932	100.053612	100.055084	100.054047	100.055603	100.062653	100.061417	100.061867	100.061455	100.064209	100.063011	100.055717	100.045052	100.055504	100.065125	100.064407	100.065376	100.071037	100.070442	100.068092	100.071243	100.070572	100.073814	100.071777	100.070679	100.079453	100.073257	100.076256	100.078796	100.076889	100.078568	100.078758	100.083878	100.074532	100.079369	100.082741	100.079773
555	100.013733	100.009407	100.013641	100.014603	100.015495	100.021149	100.025269	100.026367	100.030769	100.029648	100.033615	100.031746	100.035156	100.036491	100.040565	100.043083	100.041794	100.04686	100.046898	100.049469	100.046112	100.05294	100.047768	100.048378	100.050858	100.050827	100.050827	100.050377	100.052834	100.058029	100.057625	100.058411	100.057617	100.06118	100.059334	100.054321	100.046562	100.052979	100.060463	100.059769	100.062561	100.067398	100.06678	100.06459	100.065598	100.067795	100.069214	100.069321	100.066544	100.075554	100.070015	100.072693	100.073898	100.074135	100.073517	100.076767	100.080406	100.071785	100.077751	100.078758	100.076843
556	100.015297	100.007057	100.012222	100.013283	100.012589	100.017509	100.024033	100.02446	100.028992	100.02607	100.031677	100.030861	100.034248	100.034157	100.037598	100.040352	100.037697	100.043152	100.043236	100.048355	100.042938	100.050285	100.044212	100.043762	100.047813	100.048111	100.046661	100.046776	100.050117	100.05349	100.053917	100.055023	100.053848	100.058212	100.055717	100.052963	100.048042	100.050507	100.05587	100.055229	100.059799	100.063835	100.063194	100.061142	100.060043	100.065079	100.064705	100.06691	100.062492	100.071739	100.066826	100.069191	100.069069	100.071457	100.068558	100.074814	100.077011	100.069084	100.076187	100.07486	100.073959
557	100.015533	100.00708	100.011612	100.013474	100.013412	100.016632	100.023636	100.023415	100.028442	100.026146	100.030289	100.030922	100.033661	100.033203	100.036446	100.039658	100.03685	100.041771	100.042358	100.047234	100.042007	100.048515	100.043213	100.043831	100.047043	100.047508	100.047424	100.046089	100.050652	100.051834	100.052559	100.054169	100.053001	100.056946	100.054955	100.053085	100.04921	100.050079	100.054482	100.053787	100.059219	100.062431	100.060463	100.060883	100.058998	100.063774	100.06411	100.065445	100.061584	100.070251	100.065697	100.06813	100.069511	100.070366	100.068703	100.07341	100.0756	100.069061	100.07515	100.073532	100.073265
558	100.01535	100.007904	100.011292	100.01416	100.015472	100.016678	100.023567	100.022652	100.028336	100.027451	100.029114	100.031303	100.033226	100.032722	100.035919	100.03965	100.037109	100.041183	100.042412	100.046158	100.04184	100.047073	100.04306	100.045502	100.047043	100.047638	100.049828	100.046387	100.052299	100.05114	100.052002	100.054153	100.053146	100.056267	100.055168	100.053719	100.050285	100.050339	100.054192	100.053421	100.059402	100.061775	100.058044	100.061707	100.059464	100.062981	100.06485	100.064316	100.061752	100.069557	100.065254	100.067886	100.071716	100.069847	100.070557	100.072189	100.07489	100.069954	100.074326	100.073097	100.073311
559	100.015167	100.008705	100.010971	100.014832	100.017502	100.016724	100.023476	100.021896	100.028214	100.028732	100.027939	100.031662	100.032768	100.032257	100.035408	100.039635	100.037346	100.040604	100.04245	100.045082	100.041687	100.045647	100.042931	100.047127	100.047028	100.047752	100.052216	100.046669	100.053909	100.050446	100.051453	100.054153	100.053276	100.055611	100.055359	100.054321	100.051308	100.050606	100.053879	100.05304	100.05957	100.061119	100.055649	100.0625	100.059929	100.06218	100.065567	100.063179	100.06189	100.068893	100.064827	100.06765	100.073883	100.069321	100.072395	100.070976	100.074173	100.070824	100.073517	100.07267	100.073364
560	100.014923	100.00843	100.010155	100.014328	100.017952	100.016449	100.02314	100.021408	100.027832	100.028778	100.026741	100.031075	100.032089	100.031792	100.034401	100.039383	100.036957	100.039902	100.041901	100.043739	100.041199	100.044441	100.042091	100.047028	100.046577	100.04747	100.052475	100.046501	100.053993	100.049973	100.051247	100.053574	100.05304	100.054703	100.055252	100.054184	100.051987	100.050186	100.053169	100.0522	100.058914	100.059853	100.054192	100.062088	100.059334	100.061226	100.065208	100.061653	100.061584	100.067665	100.064194	100.06723	100.074066	100.068787	100.072708	100.069618	100.072929	100.070618	100.072411	100.071838	100.072388
561	100.014626	100.006577	100.008644	100.0121	100.016144	100.015724	100.022461	100.021294	100.0271	100.027084	100.025513	100.029099	100.03109	100.031342	100.032684	100.038788	100.035622	100.039032	100.040459	100.04203	100.040245	100.043533	100.04026	100.044426	100.045486	100.046577	100.049683	100.045685	100.051842	100.049782	100.05159	100.052177	100.052238	100.053497	100.054695	100.052979	100.052155	100.048782	100.051857	100.050713	100.057098	100.057709	100.054085	100.059929	100.05722	100.06002	100.063301	100.059525	100.060585	100.065628	100.063301	100.066582	100.071358	100.068222	100.070824	100.068024	100.070976	100.068893	100.070908	100.070442	100.069931
562	100.014343	100.004753	100.007156	100.009895	100.014343	100.014999	100.021767	100.021156	100.02636	100.025406	100.024284	100.027145	100.03009	100.030899	100.030991	100.038185	100.034309	100.03817	100.03904	100.040344	100.039307	100.042656	100.038445	100.041855	100.044403	100.045692	100.046921	100.044861	100.049721	100.049591	100.051918	100.050797	100.05146	100.052284	100.054131	100.051773	100.052322	100.047394	100.050545	100.049225	100.055298	100.055588	100.053978	100.057777	100.055122	100.05883	100.061401	100.057411	100.059593	100.063614	100.062393	100.065926	100.06868	100.067673	100.068962	100.066437	100.069046	100.067177	100.069412	100.069046	100.067482
563	100.014076	100.003067	100.005768	100.007927	100.01255	100.014328	100.021072	100.020966	100.025681	100.023804	100.023209	100.025352	100.02916	100.030434	100.029495	100.037575	100.033142	100.037369	100.037682	100.038681	100.038399	100.04187	100.036812	100.039421	100.043365	100.044868	100.044289	100.044022	100.047752	100.049316	100.052116	100.049545	100.050652	100.051155	100.053513	100.050674	100.052383	100.046135	100.049362	100.047897	100.053612	100.053619	100.053909	100.055786	100.053177	100.057625	100.059631	100.055588	100.058624	100.061676	100.061562	100.065254	100.066147	100.067154	100.067154	100.064941	100.067314	100.065613	100.068008	100.067726	100.065254
564	100.01458	100.003227	100.005951	100.00914	100.010765	100.014481	100.02037	100.019814	100.025833	100.023254	100.024246	100.025848	100.028976	100.029823	100.030502	100.036667	100.033844	100.037384	100.037178	100.037445	100.037956	100.04258	100.037659	100.03878	100.042953	100.044762	100.043144	100.042854	100.047768	100.047668	100.050629	100.050011	100.049446	100.050941	100.051819	100.051247	100.050804	100.046669	100.049805	100.048599	100.053452	100.053787	100.054344	100.055786	100.053238	100.056206	100.059547	100.057671	100.057816	100.060829	100.06144	100.064255	100.065651	100.067162	100.065865	100.064575	100.068573	100.066284	100.067886	100.067291	100.065788
565	100.015083	100.003395	100.006119	100.010338	100.009003	100.014641	100.019669	100.018677	100.025978	100.02272	100.025284	100.026321	100.028786	100.029228	100.031494	100.035789	100.034546	100.037399	100.036667	100.036217	100.037529	100.043282	100.03849	100.038132	100.042557	100.044655	100.042007	100.041702	100.047775	100.046066	100.049149	100.050461	100.048271	100.05072	100.050148	100.051796	100.049248	100.047211	100.050247	100.049301	100.053299	100.05394	100.054779	100.055779	100.053284	100.054802	100.059471	100.059746	100.05703	100.059998	100.061325	100.063278	100.065147	100.067162	100.06459	100.064209	100.069809	100.066948	100.067772	100.066864	100.066338
566	100.015572	100.003555	100.00631	100.011513	100.007263	100.014809	100.01899	100.017563	100.026131	100.022194	100.026306	100.02681	100.028625	100.028648	100.032494	100.034904	100.03524	100.037407	100.036179	100.035004	100.037094	100.043999	100.03933	100.037506	100.042152	100.044563	100.040901	100.040558	100.047791	100.044464	100.047699	100.050926	100.047089	100.050507	100.048508	100.052353	100.047707	100.047729	100.050674	100.050011	100.053154	100.0541	100.055222	100.055779	100.05336	100.053406	100.059402	100.061813	100.056252	100.059174	100.061211	100.062302	100.064659	100.067184	100.063339	100.063858	100.071045	100.067604	100.06765	100.066444	100.066864
567	100.015091	100.003609	100.006271	100.011169	100.007881	100.014809	100.018524	100.017334	100.024239	100.022171	100.025787	100.027016	100.02774	100.027763	100.032166	100.034081	100.034592	100.036797	100.035545	100.035187	100.036987	100.043175	100.038979	100.036858	100.040863	100.043312	100.040146	100.039932	100.045982	100.043594	100.046417	100.049927	100.046181	100.04892	100.047623	100.050972	100.046227	100.047302	100.049278	100.0494	100.05143	100.053474	100.054085	100.054787	100.052582	100.052879	100.057838	100.060143	100.055099	100.057968	100.059021	100.060562	100.062775	100.06498	100.061752	100.061623	100.069061	100.065704	100.066528	100.06546	100.066422
568	100.014267	100.003609	100.006172	100.010254	100.009392	100.014771	100.018158	100.017464	100.021576	100.022354	100.024673	100.027122	100.026596	100.026764	100.031342	100.033295	100.03344	100.03598	100.034866	100.035927	100.036987	100.041771	100.038193	100.03624	100.039253	100.041641	100.039566	100.039528	100.04351	100.043015	100.045227	100.048363	100.04538	100.046814	100.04705	100.048851	100.0448	100.046539	100.04718	100.048302	100.049103	100.052574	100.052368	100.053444	100.051498	100.052689	100.05574	100.057068	100.053833	100.056633	100.056053	100.058517	100.060364	100.061951	100.060066	100.058685	100.065865	100.062859	100.065056	100.064262	100.065598
569	100.013435	100.003624	100.006065	100.009346	100.010895	100.014725	100.017799	100.017586	100.018944	100.02253	100.023567	100.027214	100.025452	100.025772	100.030502	100.032494	100.032295	100.035141	100.034203	100.036644	100.036987	100.04039	100.037407	100.035606	100.037643	100.03997	100.038971	100.039116	100.041046	100.042427	100.04406	100.046829	100.044586	100.044716	100.046478	100.046745	100.043365	100.045761	100.04512	100.047218	100.046791	100.051666	100.050644	100.052109	100.050423	100.052498	100.053665	100.054016	100.052574	100.055298	100.053108	100.056496	100.057983	100.05896	100.058388	100.055779	100.062691	100.060036	100.063599	100.063072	100.064789
570	100.013283	100.004402	100.006866	100.00914	100.011948	100.014626	100.017883	100.018379	100.018219	100.022873	100.02359	100.027466	100.025452	100.025726	100.030266	100.03241	100.031487	100.035202	100.034378	100.03775	100.037239	100.039673	100.03653	100.035835	100.037315	100.039268	100.039246	100.039291	100.040146	100.042786	100.043907	100.046097	100.044998	100.044121	100.046715	100.045738	100.042572	100.045647	100.044075	100.046959	100.045837	100.051346	100.049889	100.051437	100.050308	100.0522	100.052605	100.052521	100.052132	100.055099	100.052193	100.055527	100.056549	100.057663	100.057259	100.05497	100.061356	100.058296	100.062836	100.062408	100.064453
571	100.014206	100.006416	100.009117	100.010094	100.012245	100.014412	100.018692	100.020279	100.020561	100.023499	100.025414	100.027908	100.02726	100.02713	100.030983	100.033447	100.031197	100.036682	100.035904	100.039505	100.037849	100.039993	100.035477	100.037369	100.038979	100.0401	100.040878	100.040398	100.041725	100.044632	100.045372	100.046646	100.047348	100.045906	100.048256	100.046471	100.042763	100.046577	100.044632	100.048019	100.04705	100.051926	100.050667	100.051819	100.051727	100.051704	100.053192	100.053558	100.053009	100.056686	100.054565	100.056252	100.05661	100.059082	100.056969	100.057533	100.062965	100.058281	100.063171	100.062546	100.064873
572	100.015137	100.00843	100.011375	100.01104	100.01255	100.014221	100.019501	100.022148	100.022888	100.024117	100.027229	100.028358	100.02906	100.028542	100.0317	100.034485	100.030899	100.038147	100.03743	100.041237	100.038467	100.040329	100.034454	100.038925	100.040642	100.040939	100.042511	100.041496	100.043312	100.046478	100.046837	100.047211	100.049683	100.047699	100.049782	100.047211	100.042961	100.047516	100.045204	100.049065	100.048256	100.052513	100.05143	100.0522	100.053146	100.051208	100.053772	100.054596	100.053909	100.058258	100.056923	100.056984	100.056686	100.060486	100.056686	100.060066	100.06456	100.058273	100.063515	100.062706	100.065292
573	100.015976	100.010254	100.013443	100.011887	100.01284	100.014023	100.020264	100.023857	100.025093	100.024673	100.028885	100.028702	100.030754	100.029846	100.032364	100.035416	100.03064	100.03952	100.038841	100.042809	100.039017	100.040611	100.033501	100.040329	100.042175	100.041672	100.044037	100.042496	100.0448	100.04821	100.048187	100.047722	100.051819	100.049355	100.051201	100.047836	100.043083	100.048279	100.045731	100.050011	100.049362	100.053009	100.052132	100.052521	100.054405	100.050713	100.054344	100.055504	100.054718	100.059662	100.059059	100.057617	100.056747	100.061798	100.056374	100.062477	100.066032	100.058258	100.063751	100.062729	100.06559
574	100.01458	100.007584	100.011574	100.010475	100.012711	100.013962	100.019646	100.021217	100.024498	100.024162	100.02668	100.026581	100.02977	100.02906	100.031662	100.033966	100.030792	100.038399	100.037453	100.040436	100.03775	100.039764	100.0345	100.038673	100.040649	100.040306	100.042953	100.040779	100.04406	100.047234	100.046623	100.047256	100.0494	100.047859	100.050148	100.046135	100.04113	100.045074	100.045624	100.048088	100.048172	100.051033	100.051453	100.051201	100.05188	100.049759	100.054756	100.053452	100.054016	100.057266	100.056168	100.056038	100.056496	100.060616	100.055267	100.061646	100.06424	100.058388	100.061325	100.059654	100.063004
575	100.013206	100.004936	100.009705	100.009087	100.012573	100.013901	100.019051	100.0186	100.023911	100.023651	100.024498	100.024483	100.028801	100.028297	100.030983	100.032532	100.030945	100.0373	100.036087	100.038101	100.036499	100.038933	100.0355	100.037018	100.039146	100.038948	100.041893	100.039078	100.043343	100.046288	100.045074	100.046799	100.047005	100.046387	100.049126	100.044426	100.0392	100.041901	100.045525	100.046181	100.046982	100.04908	100.050781	100.049889	100.049377	100.048828	100.055183	100.051407	100.053314	100.054909	100.053314	100.054489	100.056267	100.059448	100.054169	100.060829	100.062477	100.058517	100.058914	100.056602	100.06044
576	100.011826	100.002289	100.007843	100.007698	100.012436	100.013817	100.018456	100.015999	100.023315	100.02314	100.022316	100.022377	100.027824	100.027512	100.030289	100.03109	100.031105	100.036201	100.034714	100.035751	100.035248	100.038109	100.036476	100.03537	100.037636	100.037598	100.040817	100.037369	100.042618	100.045334	100.043526	100.046333	100.044609	100.044907	100.04808	100.042747	100.037277	100.038734	100.04541	100.044289	100.045815	100.047127	100.050117	100.048576	100.046875	100.04789	100.055573	100.049377	100.052605	100.052536	100.050446	100.05294	100.05603	100.058281	100.053062	100.059998	100.060699	100.05864	100.056503	100.053558	100.057877
577	100.010857	100.00293	100.007698	100.007126	100.011955	100.013855	100.018288	100.016441	100.023697	100.022949	100.022057	100.022217	100.026611	100.027016	100.030495	100.030495	100.030495	100.036156	100.034805	100.03495	100.03476	100.037407	100.036194	100.035118	100.037788	100.03717	100.040016	100.037727	100.041794	100.044701	100.043633	100.045715	100.043549	100.044632	100.047539	100.042305	100.035454	100.037338	100.044884	100.043312	100.04525	100.047112	100.049957	100.047752	100.046394	100.047791	100.055099	100.048973	100.05217	100.052109	100.049362	100.050964	100.055298	100.057152	100.05262	100.058189	100.060234	100.056992	100.055824	100.053581	100.057198
578	100.010071	100.004997	100.008301	100.006912	100.011299	100.013908	100.018326	100.018204	100.024475	100.022903	100.022629	100.022911	100.025299	100.026634	100.031067	100.030258	100.029549	100.036575	100.035561	100.034836	100.034592	100.036766	100.035347	100.035461	100.038651	100.037148	100.039352	100.038979	100.040909	100.044212	100.044456	100.045036	100.043068	100.044861	100.047195	100.042412	100.033691	100.036713	100.044167	100.04274	100.044968	100.047958	100.050034	100.047134	100.046791	100.048065	100.054253	100.049255	100.051834	100.052513	100.049034	100.048782	100.054375	100.056015	100.052467	100.055954	100.060333	100.054588	100.055885	100.054932	100.057327
579	100.009285	100.007042	100.008896	100.006699	100.010666	100.013992	100.018372	100.019966	100.025269	100.02285	100.023201	100.023613	100.023994	100.02626	100.031647	100.030029	100.028595	100.036987	100.036301	100.034729	100.034424	100.036118	100.034523	100.035812	100.03952	100.037125	100.038681	100.04023	100.040039	100.043739	100.045273	100.044357	100.042595	100.045082	100.046852	100.042534	100.031921	100.03611	100.043465	100.042152	100.044678	100.04879	100.050117	100.046524	100.047195	100.04834	100.053406	100.049553	100.051514	100.052933	100.048721	100.046623	100.053467	100.054909	100.052307	100.053726	100.06044	100.052193	100.055954	100.056282	100.057457
580	100.009644	100.009201	100.009827	100.008102	100.011124	100.014893	100.019096	100.02166	100.026299	100.02356	100.024223	100.024628	100.024101	100.02681	100.03244	100.03083	100.028954	100.037727	100.036835	100.035583	100.035011	100.036331	100.034653	100.036682	100.040367	100.037811	100.038757	100.041176	100.040016	100.044121	100.046539	100.044487	100.043121	100.045815	100.046967	100.042618	100.031242	100.036133	100.044044	100.04287	100.045326	100.050095	100.0504	100.046852	100.047615	100.048782	100.053215	100.050148	100.051712	100.054382	100.049171	100.046585	100.053444	100.054977	100.052933	100.052917	100.061035	100.051239	100.056496	100.057434	100.057999
581	100.012062	100.011551	100.011398	100.012436	100.013565	100.017273	100.021126	100.02327	100.027763	100.02562	100.026093	100.026253	100.02681	100.029015	100.033638	100.033501	100.031677	100.039055	100.037003	100.038254	100.036964	100.038124	100.03656	100.038513	100.041214	100.03978	100.040176	100.041534	100.041534	100.046097	100.048599	100.046089	100.045517	100.047432	100.047935	100.042656	100.03257	100.037323	100.046982	100.045921	100.047661	100.052223	100.051094	100.048866	100.048088	100.049522	100.05423	100.051323	100.052872	100.057747	100.05101	100.050423	100.055061	100.057266	100.05497	100.054642	100.062515	100.052879	100.057945	100.058273	100.059235
582	100.014473	100.013885	100.012955	100.016769	100.016006	100.019661	100.02314	100.024857	100.029243	100.027679	100.027954	100.02787	100.029503	100.031219	100.034836	100.036171	100.034393	100.040367	100.037155	100.040924	100.03891	100.039902	100.038467	100.040344	100.042053	100.041756	100.04158	100.041878	100.043037	100.048065	100.050674	100.047684	100.047897	100.049057	100.048889	100.042686	100.03389	100.038513	100.049904	100.048958	100.049995	100.054359	100.051788	100.05088	100.048553	100.050262	100.055229	100.052475	100.054024	100.061104	100.052856	100.054253	100.056671	100.059547	100.057007	100.056396	100.064003	100.054527	100.05938	100.05909	100.060486
583	100.01683	100.016167	100.014481	100.021004	100.018394	100.022003	100.025108	100.026413	100.03067	100.029686	100.02977	100.029442	100.032135	100.033363	100.035988	100.038757	100.037048	100.041626	100.0373	100.043526	100.040817	100.041641	100.040344	100.042137	100.042854	100.043694	100.042953	100.042213	100.04451	100.049988	100.052681	100.049232	100.050201	100.050644	100.04982	100.042702	100.035164	100.039688	100.05275	100.051941	100.052277	100.056442	100.052429	100.052849	100.049019	100.050972	100.056198	100.053596	100.055122	100.064377	100.054634	100.058006	100.058243	100.06176	100.058983	100.058075	100.065445	100.056122	100.060745	100.059875	100.061676
584	100.015022	100.013008	100.014412	100.018707	100.016579	100.021317	100.023506	100.024727	100.029816	100.027718	100.028229	100.028214	100.030602	100.0317	100.034393	100.036385	100.035797	100.039268	100.036049	100.042709	100.039467	100.040436	100.04023	100.041107	100.041092	100.0429	100.041939	100.041077	100.04438	100.047836	100.050964	100.04686	100.046768	100.049576	100.048615	100.041283	100.033012	100.038528	100.050476	100.049187	100.050034	100.054314	100.050117	100.050995	100.048813	100.049911	100.053909	100.052605	100.052345	100.061775	100.05233	100.056351	100.056252	100.059174	100.056969	100.055672	100.063202	100.053909	100.056732	100.057327	100.059784
585	100.013206	100.00985	100.014343	100.016403	100.014771	100.020638	100.021919	100.023033	100.028954	100.025764	100.02668	100.026993	100.029053	100.030029	100.032806	100.033997	100.034561	100.036919	100.034798	100.041901	100.038124	100.03923	100.040138	100.04007	100.03933	100.042114	100.040939	100.039963	100.044273	100.045715	100.049248	100.044479	100.043343	100.048531	100.047409	100.039864	100.030853	100.037369	100.048195	100.046448	100.047806	100.052177	100.047813	100.049164	100.048615	100.048851	100.051628	100.05162	100.049576	100.059174	100.050034	100.054718	100.05426	100.056602	100.054955	100.053261	100.060974	100.051704	100.052711	100.054764	100.057899
586	100.011398	100.006691	100.014267	100.014099	100.012955	100.019943	100.020325	100.021347	100.028099	100.023796	100.025131	100.025772	100.027504	100.028358	100.031212	100.031624	100.03331	100.034569	100.033546	100.041092	100.036774	100.038025	100.040039	100.039032	100.03756	100.041328	100.039925	100.038826	100.044144	100.043571	100.047531	100.042091	100.039909	100.04747	100.046204	100.038437	100.028694	100.036217	100.045906	100.043694	100.045563	100.050034	100.045502	100.047318	100.048409	100.047791	100.049355	100.050629	100.046799	100.056564	100.047722	100.053062	100.052277	100.054024	100.05294	100.050858	100.058731	100.049484	100.048698	100.052216	100.056007
587	100.011673	100.006615	100.013802	100.013504	100.012764	100.019516	100.02005	100.020775	100.027084	100.023888	100.02549	100.024986	100.026772	100.028122	100.030182	100.031342	100.033043	100.034653	100.033554	100.040581	100.036255	100.037857	100.039612	100.038925	100.036812	100.040939	100.039352	100.038147	100.043335	100.043083	100.046692	100.041901	100.03952	100.046646	100.044777	100.03817	100.028168	100.035355	100.045486	100.042816	100.044266	100.048569	100.044762	100.046158	100.047752	100.047997	100.049088	100.050446	100.046539	100.055435	100.0476	100.052574	100.052086	100.053345	100.052299	100.050667	100.057602	100.049065	100.048134	100.05146	100.055328
588	100.012985	100.008072	100.013145	100.013756	100.01339	100.019203	100.020432	100.020767	100.026001	100.024971	100.026787	100.024452	100.026451	100.028572	100.029442	100.032059	100.033279	100.03595	100.034187	100.040222	100.036156	100.038208	100.039032	100.039268	100.036575	100.040749	100.038994	100.03772	100.042191	100.043404	100.04631	100.042793	100.040627	100.045944	100.043251	100.03849	100.028458	100.034645	100.045982	100.04287	100.043419	100.047424	100.0448	100.045334	100.046883	100.048813	100.049828	100.050652	100.047508	100.055038	100.048569	100.052658	100.052788	100.053596	100.05233	100.051559	100.057007	100.049545	100.049301	100.05159	100.055244
589	100.014282	100.009521	100.012497	100.014023	100.014008	100.018906	100.020813	100.020752	100.024918	100.026085	100.028076	100.023903	100.026131	100.029037	100.028702	100.032791	100.033531	100.037254	100.034821	100.039848	100.036064	100.038551	100.038437	100.039612	100.036324	100.040558	100.03862	100.037277	100.041031	100.043724	100.045929	100.043678	100.041733	100.045242	100.04171	100.038818	100.028755	100.033936	100.046478	100.042931	100.042557	100.04628	100.044838	100.044502	100.046013	100.049629	100.050583	100.050865	100.048462	100.054634	100.04953	100.05275	100.053474	100.053856	100.052368	100.052452	100.056412	100.050018	100.050461	100.051735	100.055161
590	100.015106	100.0103	100.012123	100.013672	100.014008	100.018463	100.020554	100.020638	100.023842	100.026283	100.028107	100.023422	100.025192	100.028587	100.028023	100.032761	100.033096	100.037727	100.034782	100.039139	100.035629	100.037979	100.037132	100.039101	100.036156	100.039841	100.037994	100.036743	100.039886	100.043335	100.044838	100.044075	100.042328	100.044044	100.040588	100.038742	100.028717	100.033127	100.046013	100.042496	100.041618	100.045441	100.044441	100.043884	100.045135	100.049164	100.050781	100.050476	100.048698	100.053574	100.049629	100.05217	100.053406	100.052963	100.051903	100.052551	100.055222	100.049843	100.050949	100.051247	100.054718
591	100.014877	100.009682	100.012337	100.0121	100.012711	100.017723	100.018944	100.020302	100.022743	100.024666	100.025558	100.023064	100.022934	100.026192	100.027489	100.031128	100.031212	100.03653	100.033318	100.037682	100.034485	100.035492	100.034355	100.036827	100.036156	100.038017	100.036797	100.036003	100.038734	100.041412	100.042259	100.043442	100.04187	100.041817	100.040314	100.037857	100.028	100.032104	100.043549	100.041054	100.040459	100.045227	100.043198	100.043633	100.044228	100.046036	100.049843	100.048851	100.047409	100.05114	100.04792	100.050224	100.051704	100.049698	100.0504	100.050964	100.052818	100.048279	100.050034	100.049469	100.053513
592	100.014664	100.009048	100.012566	100.010529	100.011398	100.017014	100.017334	100.019981	100.02166	100.023033	100.022995	100.02272	100.020691	100.023804	100.026962	100.02948	100.029327	100.035309	100.031853	100.036224	100.033356	100.032997	100.03157	100.034523	100.036148	100.036194	100.035629	100.035248	100.037575	100.039505	100.039688	100.042816	100.041405	100.039581	100.040054	100.03698	100.027298	100.03109	100.041069	100.039604	100.039307	100.045029	100.041946	100.043404	100.043335	100.042892	100.048912	100.047218	100.04612	100.048698	100.046219	100.048279	100.050011	100.046417	100.048897	100.049385	100.050415	100.04673	100.049126	100.047699	100.052307
593	100.014435	100.00843	100.012779	100.008926	100.010086	100.016273	100.015701	100.019646	100.020561	100.0214	100.020424	100.022377	100.018433	100.0214	100.026413	100.027832	100.027428	100.034096	100.030388	100.03476	100.032196	100.030479	100.028755	100.032211	100.036148	100.034355	100.034424	100.0345	100.036407	100.037575	100.037086	100.042175	100.040939	100.037338	100.03978	100.036072	100.026581	100.030052	100.038574	100.038147	100.038147	100.044807	100.040695	100.043167	100.042427	100.039742	100.047958	100.045586	100.044823	100.046242	100.044502	100.046326	100.048302	100.043121	100.047386	100.047806	100.047981	100.045166	100.04821	100.045906	100.051094
594	100.014153	100.007919	100.012794	100.009407	100.011528	100.015976	100.01696	100.019836	100.020576	100.020576	100.021172	100.022591	100.020027	100.02211	100.025574	100.027641	100.027596	100.033524	100.030533	100.033844	100.031708	100.030586	100.029434	100.03257	100.036324	100.034798	100.034805	100.034203	100.036034	100.037682	100.037407	100.040855	100.039032	100.036797	100.03965	100.036217	100.027084	100.029358	100.038124	100.03624	100.037781	100.042259	100.039673	100.041939	100.04129	100.038933	100.045479	100.044479	100.044846	100.045357	100.044128	100.045486	100.047791	100.04306	100.04789	100.047447	100.048592	100.044807	100.04705	100.045265	100.050041
595	100.013855	100.007393	100.012779	100.009903	100.013008	100.015686	100.018265	100.020027	100.020599	100.019753	100.021973	100.022827	100.021698	100.022865	100.024727	100.027466	100.027786	100.032951	100.030685	100.032928	100.031235	100.030724	100.030159	100.032959	100.036499	100.035271	100.035217	100.033905	100.035667	100.037827	100.037766	100.03952	100.037071	100.036285	100.03952	100.036385	100.027611	100.028671	100.037682	100.034309	100.037422	100.03965	100.038658	100.04071	100.040161	100.038162	100.042961	100.043365	100.044891	100.044479	100.043777	100.044655	100.047287	100.043045	100.048409	100.047096	100.049232	100.044487	100.045883	100.044647	100.048981
596	100.013557	100.006866	100.012779	100.010422	100.014511	100.015388	100.019577	100.020233	100.020622	100.018929	100.022766	100.023056	100.023376	100.023613	100.023865	100.027298	100.027992	100.032379	100.030853	100.031998	100.030746	100.030861	100.030899	100.033356	100.03669	100.035767	100.035622	100.033607	100.035301	100.037971	100.038132	100.038162	100.035118	100.035774	100.039398	100.036537	100.028137	100.027977	100.037254	100.032364	100.037048	100.037025	100.037636	100.039459	100.039001	100.037369	100.040421	100.042252	100.04493	100.043594	100.043404	100.043823	100.046791	100.043037	100.048935	100.046745	100.049904	100.044144	100.044701	100.043999	100.04792
597	100.013588	100.006775	100.012657	100.010849	100.01458	100.015472	100.019058	100.019669	100.020554	100.01886	100.022568	100.02285	100.023567	100.023972	100.024071	100.026962	100.027939	100.032028	100.030708	100.031876	100.030647	100.030327	100.031303	100.033211	100.036682	100.03595	100.035431	100.032928	100.034538	100.038017	100.038208	100.037514	100.033607	100.036263	100.039116	100.036705	100.028313	100.028755	100.037071	100.03157	100.036942	100.036255	100.036636	100.038658	100.038292	100.037476	100.03965	100.041687	100.044167	100.043198	100.043121	100.043465	100.045929	100.042931	100.047256	100.045738	100.050018	100.044312	100.045105	100.043655	100.047028
598	100.013802	100.006905	100.012466	100.01123	100.013878	100.015785	100.017509	100.018677	100.020424	100.019226	100.02179	100.022415	100.022911	100.024117	100.024857	100.026535	100.027756	100.031837	100.030411	100.032211	100.030769	100.029419	100.031532	100.032761	100.036552	100.036003	100.03492	100.032021	100.033546	100.038017	100.038109	100.037262	100.032333	100.037315	100.038742	100.036873	100.02829	100.03035	100.037048	100.03141	100.036964	100.036491	100.035645	100.038124	100.037827	100.038086	100.039864	100.041435	100.042938	100.043083	100.04287	100.043365	100.044868	100.042786	100.044319	100.044373	100.04985	100.044739	100.04641	100.043449	100.046204
599	100.014008	100.007034	100.012268	100.011612	100.013145	100.016083	100.015953	100.01767	100.020287	100.0196	100.021004	100.021957	100.02227	100.024261	100.02565	100.026093	100.02755	100.031624	100.03009	100.032532	100.030884	100.028481	100.031746	100.032303	100.036415	100.036034	100.034393	100.031105	100.032532	100.038017	100.038002	100.037003	100.031029	100.038376	100.038361	100.037048	100.028275	100.03196	100.037025	100.031258	100.03698	100.036743	100.034645	100.037552	100.037338	100.038696	100.040077	100.041176	100.041702	100.042938	100.042618	100.043259	100.043785	100.042633	100.041367	100.042984	100.049675	100.045181	100.047707	100.043251	100.04538
600	100.014091	100.006691	100.011673	100.011169	100.012383	100.015808	100.015022	100.016693	100.019905	100.020073	100.01992	100.021233	100.021919	100.023994	100.025955	100.02565	100.027214	100.031425	100.029633	100.032661	100.030708	100.028061	100.031448	100.03157	100.035736	100.035988	100.033928	100.030495	100.031601	100.037766	100.037598	100.03669	100.030479	100.038673	100.037956	100.036682	100.028191	100.032784	100.036957	100.031509	100.036964	100.036644	100.034538	100.037216	100.036751	100.039207	100.040375	100.04052	100.040375	100.042786	100.042435	100.042709	100.042877	100.042831	100.039711	100.042297	100.049332	100.045242	100.048386	100.043503	100.044502
601	100.013855	100.005211	100.010109	100.008797	100.011513	100.01416	100.015572	100.015709	100.018921	100.020775	100.018158	100.019875	100.02227	100.022827	100.025047	100.025192	100.026573	100.031189	100.028847	100.032364	100.0298	100.028839	100.029907	100.030159	100.033821	100.035728	100.033546	100.030556	100.030853	100.036919	100.036469	100.036255	100.031677	100.037132	100.03743	100.035034	100.027969	100.031731	100.036766	100.0327	100.036827	100.035736	100.036476	100.037361	100.035927	100.039467	100.040901	100.038948	100.03891	100.042557	100.042427	100.041107	100.042389	100.043869	100.041092	100.043259	100.048569	100.044373	100.047554	100.044762	100.043488
602	100.013611	100.003723	100.008545	100.006401	100.010658	100.01252	100.016144	100.014732	100.017944	100.021492	100.016357	100.018517	100.022636	100.021675	100.024155	100.024712	100.02594	100.030937	100.028076	100.032059	100.0289	100.02961	100.028358	100.028732	100.031868	100.035454	100.033165	100.030624	100.030113	100.036072	100.035332	100.03582	100.032875	100.035583	100.036919	100.033379	100.02774	100.030685	100.036575	100.033905	100.03669	100.034836	100.03846	100.037514	100.035095	100.039734	100.041435	100.037361	100.037422	100.04232	100.042412	100.039467	100.041901	100.04493	100.042496	100.044235	100.047806	100.043503	100.04673	100.046066	100.042465
603	100.013374	100.00222	100.006958	100.003983	100.009773	100.010834	100.016701	100.013748	100.016937	100.022209	100.014557	100.017128	100.02301	100.020477	100.023224	100.024246	100.025284	100.030693	100.027275	100.031731	100.027969	100.030396	100.026787	100.027298	100.029907	100.035187	100.032768	100.030685	100.029335	100.035202	100.03418	100.03537	100.034081	100.034019	100.036392	100.031708	100.027512	100.02961	100.036385	100.035118	100.03656	100.033913	100.040436	100.037659	100.034264	100.039993	100.041962	100.035767	100.035919	100.042084	100.042412	100.037827	100.041405	100.04599	100.043915	100.045227	100.047012	100.042633	100.045898	100.047363	100.041428
604	100.013329	100.005249	100.008286	100.006317	100.010956	100.012276	100.016609	100.01519	100.018486	100.022736	100.016335	100.018074	100.022842	100.020996	100.025368	100.025787	100.025284	100.030777	100.027763	100.033165	100.030182	100.03244	100.027481	100.028717	100.030426	100.034859	100.034294	100.032272	100.031509	100.034737	100.035454	100.03685	100.035561	100.03611	100.037453	100.03196	100.025383	100.028862	100.037064	100.03421	100.037956	100.035683	100.040909	100.038063	100.035645	100.041595	100.04129	100.036644	100.037933	100.042702	100.042816	100.039757	100.04258	100.04641	100.044525	100.044502	100.047729	100.042847	100.046227	100.048004	100.042595
605	100.01329	100.008476	100.009743	100.008896	100.012245	100.013855	100.016472	100.016747	100.020157	100.023247	100.018288	100.019112	100.022652	100.021576	100.027672	100.027428	100.025322	100.030884	100.02832	100.034676	100.032532	100.034546	100.028275	100.030266	100.031044	100.034538	100.035927	100.033936	100.033821	100.034271	100.03685	100.038422	100.037048	100.038361	100.038597	100.032295	100.023148	100.028137	100.037781	100.033211	100.039436	100.03756	100.041328	100.038467	100.037132	100.043259	100.040565	100.037659	100.0401	100.043358	100.043251	100.04187	100.043831	100.046791	100.04512	100.043716	100.048508	100.043106	100.046608	100.048637	100.043884
606	100.01326	100.011742	100.011208	100.011467	100.013542	100.015427	100.016342	100.018311	100.021835	100.023773	100.020256	100.020157	100.022469	100.022171	100.029968	100.029083	100.025352	100.030991	100.028885	100.036201	100.03492	100.036659	100.02906	100.03183	100.031662	100.034203	100.037552	100.035622	100.036156	100.033821	100.038239	100.040009	100.038551	100.040611	100.039742	100.032639	100.020912	100.027397	100.038506	100.032196	100.040924	100.039444	100.041756	100.038895	100.038635	100.044945	100.039841	100.038658	100.042297	100.044022	100.043678	100.043991	100.045097	100.04718	100.045708	100.042915	100.049294	100.043381	100.047005	100.049271	100.045166
607	100.013748	100.012985	100.012733	100.01358	100.014435	100.016953	100.017426	100.020065	100.023712	100.023964	100.021873	100.021744	100.023415	100.023636	100.031113	100.029907	100.027069	100.032494	100.030258	100.036636	100.035843	100.038254	100.031105	100.034142	100.033699	100.03476	100.039032	100.037086	100.038338	100.035416	100.041283	100.041374	100.040344	100.041817	100.040527	100.034401	100.019287	100.027779	100.040474	100.034241	100.042068	100.042091	100.043228	100.04052	100.041565	100.046539	100.042068	100.040344	100.044563	100.045654	100.045265	100.045395	100.04628	100.047768	100.046715	100.044144	100.050201	100.0429	100.04718	100.049805	100.047211
608	100.014557	100.012985	100.01429	100.015381	100.015091	100.018456	100.019264	100.021935	100.025688	100.023949	100.02327	100.023628	100.025047	100.025642	100.031532	100.030228	100.029839	100.034882	100.032112	100.036385	100.035881	100.039528	100.033905	100.036919	100.036606	100.035873	100.040398	100.038437	100.040451	100.038315	100.045334	100.042595	100.042297	100.042366	100.041107	100.037064	100.018074	100.02887	100.043213	100.03817	100.043015	100.045204	100.045349	100.042877	100.045395	100.048088	100.04612	100.042427	100.046875	100.04789	100.047562	100.046371	100.047409	100.048485	100.048019	100.046646	100.051178	100.041977	100.047241	100.050285	100.049698
609	100.015366	100.01297	100.015869	100.017181	100.015747	100.019958	100.021111	100.023804	100.027672	100.023941	100.024673	100.025536	100.026688	100.027657	100.03196	100.03054	100.032616	100.037292	100.033974	100.036133	100.035927	100.040802	100.036713	100.039711	100.039543	100.03698	100.041786	100.039795	100.042572	100.041214	100.0494	100.043831	100.044266	100.042931	100.041672	100.039719	100.016846	100.029984	100.045967	100.04213	100.043953	100.048325	100.047478	100.045273	100.049225	100.049652	100.050186	100.04451	100.049187	100.050117	100.049881	100.047348	100.048553	100.049194	100.049301	100.049141	100.05217	100.041031	100.047318	100.050774	100.0522
610	100.01609	100.01329	100.017143	100.018646	100.016594	100.02124	100.022743	100.024971	100.029007	100.024269	100.025963	100.027489	100.028099	100.029434	100.032547	100.031151	100.034966	100.039017	100.035667	100.03656	100.036201	100.041924	100.039001	100.041687	100.041901	100.038193	100.042854	100.040817	100.044502	100.043449	100.052261	100.045227	100.045845	100.04393	100.042786	100.041451	100.01619	100.031128	100.048027	100.045326	100.045273	100.050781	100.049294	100.047211	100.05175	100.050499	100.0532	100.046196	100.05101	100.051857	100.05159	100.048447	100.049576	100.049911	100.050186	100.050941	100.052956	100.040947	100.047768	100.051353	100.05423
611	100.016609	100.014427	100.017593	100.01918	100.017914	100.021935	100.023804	100.024284	100.028595	100.025429	100.026955	100.029518	100.028847	100.030579	100.033531	100.032509	100.036133	100.038948	100.036835	100.038734	100.037086	100.04258	100.039864	100.041458	100.042786	100.039627	100.043022	100.040947	100.045921	100.043915	100.051918	100.047028	100.046417	100.046097	100.045242	100.04071	100.017014	100.032379	100.048233	100.046494	100.047577	100.051407	100.050262	100.047897	100.050797	100.049438	100.053406	100.046707	100.051498	100.052238	100.051666	100.049866	100.050308	100.050591	100.049911	100.050888	100.053177	100.043152	100.049271	100.05217	100.054993
612	100.01712	100.015572	100.018051	100.019714	100.019226	100.022629	100.024864	100.023582	100.028183	100.026596	100.027939	100.031555	100.029587	100.031723	100.034523	100.033867	100.037315	100.038887	100.038017	100.040901	100.037971	100.043228	100.040726	100.041245	100.043678	100.041069	100.043198	100.041069	100.047325	100.04438	100.051567	100.048843	100.046989	100.048279	100.047707	100.03997	100.017822	100.03363	100.048431	100.047668	100.049889	100.052032	100.051239	100.048615	100.049843	100.048378	100.053619	100.047234	100.052002	100.052643	100.05175	100.051285	100.051048	100.05127	100.049652	100.050827	100.053421	100.045349	100.050758	100.052979	100.055756
613	100.017616	100.016701	100.018501	100.020256	100.020554	100.023315	100.025925	100.022888	100.027779	100.027763	100.028923	100.033592	100.030342	100.032867	100.035515	100.035217	100.038483	100.038826	100.039185	100.043068	100.038849	100.043884	100.04158	100.041031	100.044563	100.042511	100.043381	100.041183	100.048744	100.044861	100.051224	100.050652	100.047577	100.050446	100.050179	100.039223	100.018654	100.034882	100.048653	100.048851	100.0522	100.052666	100.0522	100.049316	100.048897	100.047325	100.053833	100.047745	100.05249	100.053024	100.051819	100.052704	100.051773	100.051949	100.049385	100.050774	100.053658	100.047554	100.052246	100.053787	100.056519
614	100.016907	100.015854	100.018738	100.019386	100.020241	100.022041	100.024857	100.02314	100.027046	100.027176	100.028061	100.031448	100.029633	100.031731	100.033882	100.034622	100.036911	100.038353	100.037956	100.042084	100.038818	100.043419	100.039963	100.040176	100.042915	100.041595	100.041832	100.039909	100.046516	100.044334	100.048706	100.048447	100.045158	100.048813	100.047981	100.037849	100.01844	100.033363	100.046608	100.047386	100.050011	100.050995	100.049988	100.047318	100.046936	100.045822	100.050758	100.046204	100.050888	100.05159	100.050095	100.050926	100.049652	100.050201	100.048431	100.050041	100.053192	100.044655	100.050018	100.052238	100.054039
615	100.016106	100.014862	100.018951	100.018433	100.019791	100.020638	100.023628	100.02346	100.026283	100.026474	100.027061	100.029007	100.028816	100.030449	100.032066	100.033882	100.035141	100.037849	100.03656	100.040863	100.038696	100.042877	100.038162	100.039276	100.041092	100.040504	100.040176	100.038544	100.044037	100.043747	100.046051	100.045967	100.042557	100.046906	100.045479	100.036415	100.018166	100.031647	100.044418	100.045753	100.047493	100.049164	100.047562	100.04512	100.044891	100.044289	100.047455	100.04451	100.049141	100.050018	100.048241	100.04895	100.047325	100.048271	100.047455	100.049271	100.052666	100.041428	100.047539	100.050507	100.051346
616	100.015305	100.013885	100.01918	100.017479	100.019363	100.019226	100.0224	100.023781	100.025536	100.025772	100.02607	100.026558	100.028015	100.02916	100.030258	100.03315	100.033394	100.037346	100.035164	100.03965	100.038589	100.042358	100.036385	100.038376	100.039276	100.039421	100.038513	100.03717	100.041557	100.043167	100.043396	100.043488	100.039948	100.045013	100.042976	100.035004	100.017891	100.029945	100.042236	100.044121	100.044991	100.04734	100.045135	100.042938	100.04287	100.042763	100.044167	100.042816	100.047394	100.048462	100.046394	100.046959	100.044998	100.046333	100.046478	100.048492	100.052155	100.038193	100.045059	100.04879	100.048653
617	100.015366	100.012505	100.017754	100.01651	100.018845	100.018379	100.02121	100.022491	100.024925	100.02462	100.025215	100.024925	100.027061	100.027397	100.029327	100.033043	100.031456	100.03611	100.034424	100.038681	100.038055	100.039932	100.034691	100.037155	100.038132	100.038383	100.036644	100.036911	100.040367	100.042152	100.041405	100.041878	100.038383	100.042725	100.041222	100.033821	100.01757	100.028519	100.040436	100.041534	100.042221	100.045189	100.042847	100.041794	100.041267	100.041725	100.042473	100.041603	100.046387	100.04715	100.045334	100.045525	100.043678	100.044395	100.045517	100.046829	100.051163	100.036812	100.043312	100.047195	100.046898
618	100.016022	100.010872	100.015221	100.015572	100.018288	100.017944	100.020042	100.020134	100.024452	100.023178	100.02446	100.023827	100.026009	100.025307	100.029015	100.033379	100.029457	100.034401	100.034157	100.03791	100.037216	100.036263	100.033096	100.035736	100.037468	100.037399	100.034645	100.037422	100.04007	100.040878	100.039886	100.040855	100.037529	100.040184	100.039993	100.032822	100.017227	100.027298	100.038933	100.038322	100.039291	100.042831	100.040642	100.041374	100.039963	100.041046	100.04187	100.04071	100.045883	100.046013	100.044838	100.044479	100.043045	100.04245	100.044563	100.044571	100.049866	100.036728	100.042053	100.045692	100.045799
619	100.016663	100.009224	100.01268	100.014626	100.017738	100.017479	100.018883	100.017776	100.023949	100.021706	100.023712	100.022743	100.024971	100.023224	100.028694	100.033699	100.027428	100.032684	100.033882	100.037132	100.036385	100.032593	100.031487	100.034309	100.036789	100.036415	100.032639	100.037918	100.039742	100.039589	100.038376	100.039841	100.036667	100.037659	100.038765	100.031815	100.016876	100.026062	100.037422	100.035118	100.036385	100.040482	100.038445	100.040962	100.038658	100.040367	100.041267	100.039825	100.045372	100.044884	100.044319	100.043427	100.042412	100.04052	100.04361	100.04232	100.048569	100.036621	100.040794	100.044189	100.044693
620	100.017105	100.007988	100.01075	100.013481	100.017021	100.017021	100.017677	100.016045	100.023293	100.020279	100.022888	100.021896	100.023743	100.021446	100.028313	100.033722	100.026093	100.030968	100.033226	100.03582	100.035431	100.030151	100.030228	100.033096	100.036156	100.035133	100.031174	100.03775	100.038971	100.038101	100.037125	100.038719	100.035904	100.035942	100.037659	100.031189	100.017227	100.024971	100.036133	100.032593	100.034203	100.038589	100.036728	100.039902	100.037262	100.039505	100.040459	100.038765	100.04454	100.043472	100.043465	100.041901	100.041733	100.03891	100.042473	100.040352	100.047325	100.036301	100.039543	100.042847	100.043503
621	100.016937	100.007881	100.010551	100.011719	100.015816	100.016548	100.016342	100.016174	100.022125	100.018906	100.021889	100.021744	100.02195	100.020508	100.027756	100.032852	100.026703	100.029205	100.031433	100.032913	100.034096	100.031281	100.029991	100.032486	100.035645	100.032936	100.031258	100.035652	100.03685	100.035942	100.036636	100.037292	100.035393	100.036621	100.03685	100.031616	100.01963	100.024269	100.035492	100.032066	100.034157	100.03804	100.036369	100.036964	100.035606	100.038132	100.038994	100.037178	100.042702	100.041222	100.041557	100.038956	100.040863	100.038231	100.040749	100.039207	100.046204	100.035286	100.038292	100.041893	100.042053
622	100.016785	100.007774	100.010361	100.009979	100.014626	100.01609	100.01503	100.016312	100.020966	100.017563	100.020889	100.021591	100.020172	100.019585	100.027206	100.031998	100.027313	100.027451	100.029648	100.030052	100.032768	100.032425	100.029778	100.031891	100.035141	100.030754	100.031326	100.033585	100.034737	100.033821	100.036156	100.035873	100.034889	100.0373	100.036064	100.032059	100.022034	100.023567	100.034859	100.03154	100.034119	100.037506	100.036011	100.034042	100.033974	100.036774	100.037552	100.035606	100.040878	100.038994	100.039658	100.036034	100.040009	100.03756	100.039032	100.038063	100.045097	100.034294	100.037064	100.040962	100.040627
623	100.016632	100.007668	100.01017	100.008247	100.013443	100.015617	100.01371	100.016426	100.019814	100.016212	100.019882	100.021446	100.018402	100.018669	100.026642	100.031136	100.027916	100.025711	100.02787	100.027191	100.031448	100.033546	100.029541	100.031296	100.034645	100.028595	100.03141	100.031509	100.032631	100.031685	100.035667	100.034462	100.034378	100.037979	100.035271	100.032494	100.024399	100.022865	100.034225	100.031029	100.034081	100.036964	100.035652	100.031151	100.032333	100.035408	100.03611	100.034042	100.039062	100.036774	100.037781	100.033127	100.039146	100.036896	100.037323	100.036942	100.043991	100.03331	100.03582	100.040016	100.0392
624	100.015984	100.006927	100.009415	100.008545	100.012054	100.014915	100.013336	100.01535	100.019264	100.01503	100.01886	100.020012	100.018272	100.019058	100.024773	100.028969	100.027122	100.025726	100.026489	100.026749	100.029633	100.032684	100.028358	100.029823	100.031433	100.026131	100.031326	100.029671	100.030746	100.031075	100.034454	100.033279	100.033478	100.036308	100.034142	100.031158	100.023354	100.023033	100.033173	100.029663	100.033607	100.0345	100.034264	100.030945	100.031685	100.034538	100.034653	100.032806	100.037476	100.036118	100.036308	100.033508	100.038544	100.036095	100.036469	100.035355	100.042549	100.033913	100.035011	100.038399	100.038002
625	100.01532	100.006142	100.008621	100.009064	100.010658	100.014198	100.013062	100.014175	100.018784	100.013878	100.017845	100.018501	100.018311	100.019577	100.022797	100.026688	100.026199	100.025917	100.025162	100.02655	100.027786	100.031647	100.027107	100.02829	100.028	100.023651	100.031242	100.02787	100.028885	100.03064	100.033173	100.032135	100.032532	100.034439	100.032997	100.029663	100.021996	100.023285	100.032112	100.028214	100.033104	100.031868	100.032791	100.031021	100.031128	100.033714	100.033226	100.031616	100.035942	100.035629	100.034889	100.034203	100.037956	100.035309	100.03569	100.033737	100.041092	100.034691	100.034241	100.036713	100.036835
626	100.014648	100.005356	100.00782	100.00956	100.009277	100.013481	100.012779	100.013008	100.018311	100.012733	100.01683	100.016975	100.018349	100.020088	100.020813	100.024429	100.025284	100.026093	100.023842	100.026344	100.02594	100.030609	100.025856	100.026749	100.024582	100.021194	100.031136	100.026085	100.027046	100.030197	100.031898	100.030991	100.031593	100.032578	100.031853	100.028168	100.020638	100.023521	100.031052	100.026787	100.0326	100.029251	100.031319	100.031075	100.030579	100.032898	100.031807	100.030426	100.034401	100.035141	100.033485	100.034882	100.037384	100.034508	100.03492	100.032135	100.039627	100.035454	100.033478	100.035049	100.035683
627	100.013771	100.004669	100.007179	100.008865	100.008217	100.012054	100.012085	100.012337	100.017258	100.012253	100.016045	100.015411	100.017509	100.01918	100.0186	100.023102	100.023529	100.025543	100.023041	100.026199	100.024971	100.028526	100.024773	100.024796	100.022842	100.019814	100.0299	100.024643	100.025681	100.028488	100.030304	100.029861	100.030586	100.030731	100.030304	100.02729	100.019943	100.02282	100.029327	100.025047	100.032219	100.027382	100.029671	100.030113	100.02948	100.031677	100.031151	100.029053	100.032555	100.033928	100.032593	100.03376	100.035622	100.032913	100.033188	100.03096	100.037827	100.034248	100.03289	100.033249	100.034645
628	100.012733	100.004074	100.006676	100.007294	100.007423	100.010124	100.011078	100.012054	100.015808	100.012276	100.015427	100.01384	100.016022	100.017212	100.016197	100.022484	100.021133	100.024475	100.022629	100.026093	100.024651	100.025665	100.023819	100.022522	100.022339	100.019226	100.027786	100.023476	100.024666	100.025848	100.028465	100.028732	100.029526	100.0289	100.028465	100.026855	100.019745	100.021423	100.027122	100.023079	100.031952	100.026093	100.027916	100.028374	100.027977	100.030159	100.031075	100.02755	100.030479	100.032173	100.032059	100.031281	100.032951	100.030746	100.030731	100.030098	100.035751	100.031555	100.032425	100.031349	100.033699
629	100.011696	100.003479	100.006172	100.005722	100.006653	100.008186	100.010071	100.011787	100.014366	100.012314	100.014816	100.012276	100.014557	100.015259	100.013817	100.021866	100.018761	100.023392	100.022209	100.026001	100.02433	100.02282	100.022873	100.020264	100.021851	100.018646	100.025688	100.022293	100.023666	100.023232	100.026657	100.027618	100.028481	100.027069	100.026657	100.026413	100.019539	100.020027	100.024925	100.021126	100.031677	100.024811	100.026169	100.026657	100.026489	100.028671	100.031006	100.02607	100.028419	100.030449	100.031532	100.028824	100.030304	100.028587	100.02829	100.029266	100.033699	100.0289	100.031975	100.029465	100.032761
630	100.011024	100.003029	100.005783	100.004539	100.006317	100.006935	100.009491	100.011612	100.013649	100.01255	100.014427	100.011566	100.013412	100.01403	100.012733	100.021576	100.017128	100.022629	100.021889	100.025574	100.024071	100.021065	100.022247	100.018715	100.021683	100.018738	100.0242	100.021446	100.023117	100.021515	100.025414	100.027023	100.027214	100.025856	100.025322	100.025955	100.019516	100.019119	100.023293	100.020004	100.031197	100.023972	100.024971	100.025368	100.025391	100.027321	100.030876	100.025116	100.026741	100.029228	100.031067	100.027	100.02861	100.027191	100.026382	100.028778	100.032135	100.027206	100.031769	100.028061	100.032082
631	100.011536	100.003067	100.005768	100.004562	100.007523	100.007942	100.010254	100.011765	100.015343	100.013504	100.014748	100.013672	100.013306	100.015236	100.015938	100.022339	100.017914	100.022873	100.021782	100.024033	100.023949	100.022888	100.022636	100.01944	100.022552	100.021019	100.024712	100.021675	100.024033	100.022797	100.026131	100.02816	100.025177	100.026611	100.025574	100.025345	100.020096	100.019798	100.023483	100.021599	100.030006	100.02459	100.025597	100.025475	100.025574	100.026451	100.030495	100.025955	100.026276	100.029694	100.030815	100.027313	100.030029	100.028267	100.026169	100.029442	100.03215	100.028763	100.032333	100.028244	100.032196
632	100.012054	100.003113	100.005745	100.004601	100.008713	100.008942	100.011024	100.011932	100.017044	100.014458	100.015083	100.01577	100.013206	100.016426	100.019135	100.023125	100.018715	100.023125	100.021675	100.022507	100.023842	100.024712	100.023041	100.02018	100.023422	100.023293	100.025223	100.021896	100.024963	100.024071	100.026848	100.029282	100.023148	100.027374	100.025848	100.024727	100.020683	100.020493	100.023689	100.023209	100.028839	100.0252	100.026199	100.025597	100.025764	100.025597	100.030113	100.026787	100.025818	100.030174	100.030556	100.027618	100.031456	100.029335	100.025955	100.030113	100.032173	100.030312	100.03289	100.028419	100.032303
633	100.01255	100.003143	100.005722	100.004639	100.009903	100.009933	100.01178	100.012085	100.01873	100.015404	100.015388	100.01786	100.013123	100.017616	100.022301	100.023888	100.019493	100.023361	100.021576	100.020996	100.023735	100.026512	100.023437	100.020912	100.024292	100.025543	100.025749	100.022141	100.025871	100.02533	100.02755	100.030411	100.021133	100.028122	100.026108	100.024124	100.021271	100.021156	100.02388	100.024796	100.027679	100.025818	100.02681	100.025703	100.025955	100.024734	100.029755	100.027618	100.025352	100.030647	100.030304	100.027931	100.032867	100.030411	100.025749	100.030792	100.032196	100.031853	100.033447	100.028595	100.032425
634	100.013184	100.003258	100.005447	100.004372	100.009171	100.008987	100.011314	100.011215	100.017967	100.015007	100.014984	100.016739	100.012711	100.017288	100.021187	100.023293	100.020111	100.02346	100.020409	100.021111	100.022697	100.025307	100.022362	100.020752	100.023529	100.02433	100.023949	100.021149	100.024818	100.025749	100.026741	100.028847	100.021614	100.028336	100.025795	100.024101	100.021217	100.020721	100.02388	100.024162	100.026306	100.025986	100.026169	100.025764	100.024399	100.025162	100.029327	100.026794	100.025497	100.030289	100.028862	100.028481	100.030624	100.030045	100.025955	100.029396	100.032234	100.03154	100.033318	100.028191	100.03196
635	100.013824	100.003372	100.005135	100.004066	100.008179	100.007805	100.010696	100.010193	100.016876	100.014427	100.014481	100.015213	100.012268	100.016747	100.019524	100.02253	100.020706	100.023529	100.019112	100.021446	100.02153	100.023712	100.021103	100.020493	100.022568	100.022659	100.021873	100.020004	100.023529	100.02607	100.025749	100.026955	100.022415	100.028465	100.025414	100.024155	100.021103	100.020126	100.023842	100.023232	100.024918	100.026108	100.025383	100.025795	100.022636	100.025749	100.028885	100.025787	100.025711	100.029823	100.02726	100.02906	100.027939	100.02948	100.026215	100.027756	100.032295	100.031006	100.033104	100.027718	100.031425
636	100.014458	100.003479	100.004829	100.003769	100.007202	100.00663	100.010071	100.009178	100.015808	100.013855	100.013985	100.013695	100.01181	100.016212	100.017883	100.021767	100.021317	100.023605	100.017799	100.021767	100.02037	100.022141	100.019852	100.020218	100.021599	100.021004	100.019798	100.018883	100.022247	100.026382	100.024757	100.02507	100.023201	100.02861	100.025047	100.0242	100.020981	100.019539	100.023819	100.022331	100.023529	100.02623	100.024582	100.025848	100.020897	100.026344	100.028458	100.024757	100.025925	100.029358	100.025681	100.029648	100.025261	100.028923	100.026489	100.026115	100.032356	100.030472	100.03289	100.027237	100.030884
637	100.013855	100.003448	100.004555	100.003624	100.006401	100.006149	100.009087	100.008949	100.01432	100.012993	100.013176	100.013115	100.011444	100.015556	100.017082	100.020042	100.020386	100.023163	100.017418	100.022003	100.019524	100.020897	100.018982	100.019661	100.021187	100.020432	100.019157	100.018082	100.021683	100.025429	100.023842	100.023437	100.023201	100.027489	100.024651	100.023201	100.020424	100.018761	100.022865	100.021431	100.022507	100.024948	100.022957	100.025322	100.019859	100.026115	100.02726	100.024094	100.024834	100.02816	100.024704	100.028885	100.023819	100.028542	100.026009	100.025223	100.031448	100.029633	100.032578	100.026871	100.030853
638	100.012222	100.003281	100.004318	100.003624	100.00576	100.006248	100.007774	100.009369	100.012497	100.011909	100.012115	100.013313	100.011147	100.014793	100.017014	100.017509	100.018219	100.022293	100.017776	100.022209	100.018929	100.019958	100.018433	100.018837	100.021194	100.020744	100.019691	100.017563	100.021729	100.023422	100.022995	100.021996	100.022552	100.025345	100.024261	100.021317	100.019501	100.017822	100.021126	100.020561	100.021782	100.02253	100.02066	100.02433	100.01944	100.025223	100.025467	100.02372	100.022659	100.026337	100.024223	100.027023	100.023392	100.028313	100.024918	100.02494	100.02977	100.028542	100.032196	100.026581	100.031235
639	100.01059	100.003098	100.004066	100.003624	100.005112	100.00634	100.00647	100.009789	100.010666	100.010826	100.011047	100.013504	100.010849	100.014023	100.01693	100.014999	100.016045	100.021431	100.018143	100.0224	100.018333	100.019028	100.017883	100.018013	100.02121	100.021065	100.020233	100.017036	100.021767	100.021423	100.022148	100.020561	100.021912	100.023186	100.023857	100.019432	100.018585	100.016876	100.019394	100.019707	100.021049	100.020111	100.018356	100.023331	100.019028	100.02433	100.023651	100.023338	100.020477	100.024498	100.023743	100.025177	100.022972	100.028084	100.023819	100.024666	100.028084	100.027443	100.031815	100.026306	100.031624
640	100.009491	100.002983	100.003853	100.003799	100.004791	100.0065	100.00576	100.010361	100.009453	100.010086	100.010422	100.013565	100.010635	100.01342	100.016869	100.01326	100.014282	100.02066	100.018524	100.02253	100.018105	100.018417	100.017548	100.017418	100.021317	100.021233	100.020721	100.016678	100.021652	100.019707	100.021637	100.01944	100.021507	100.02153	100.023293	100.018181	100.018021	100.016144	100.018326	100.019028	100.020638	100.018143	100.016846	100.022552	100.018814	100.02359	100.022293	100.023033	100.019051	100.023232	100.023506	100.023712	100.022804	100.027802	100.022743	100.024704	100.026703	100.026726	100.031105	100.026024	100.03157
641	100.010422	100.003029	100.003693	100.004669	100.005684	100.006905	100.007317	100.011513	100.010574	100.010696	100.011444	100.013123	100.010727	100.013496	100.016907	100.014519	100.014114	100.020279	100.018982	100.022484	100.019325	100.019142	100.018021	100.01767	100.021744	100.020828	100.021027	100.01693	100.020874	100.019096	100.022423	100.019516	100.022034	100.021767	100.022102	100.019371	100.018822	100.016197	100.019814	100.019089	100.021378	100.017967	100.018333	100.022629	100.01947	100.02346	100.022682	100.022995	100.020447	100.024223	100.024185	100.023781	100.023689	100.027359	100.021729	100.025955	100.026474	100.027466	100.029114	100.025703	100.029823
642	100.011353	100.00309	100.003555	100.005547	100.006592	100.007317	100.008896	100.012672	100.011703	100.011314	100.012482	100.012672	100.010826	100.01358	100.016937	100.015785	100.013939	100.019897	100.019432	100.022415	100.020538	100.019859	100.018501	100.017929	100.022186	100.020424	100.021339	100.017181	100.020088	100.018486	100.023201	100.019608	100.022568	100.022003	100.020897	100.020576	100.019623	100.016251	100.021317	100.019135	100.022102	100.017776	100.019821	100.022682	100.020126	100.023331	100.023079	100.022972	100.021835	100.0252	100.024879	100.023857	100.024582	100.026917	100.020706	100.027214	100.026253	100.028214	100.027122	100.025368	100.028076
643	100.012291	100.003136	100.00341	100.006424	100.0075	100.007721	100.010468	100.01384	100.01284	100.011917	100.013519	100.01223	100.010918	100.013649	100.01696	100.017044	100.013771	100.019501	100.019897	100.022362	100.021767	100.020599	100.018967	100.018181	100.022629	100.020004	100.021652	100.017426	100.01931	100.017883	100.023987	100.019691	100.023102	100.022232	100.019691	100.021767	100.020432	100.016296	100.02282	100.019196	100.022827	100.01757	100.021317	100.022758	100.020775	100.023201	100.02346	100.022934	100.023232	100.026192	100.025574	100.023911	100.025467	100.026474	100.019684	100.028465	100.026024	100.028954	100.025108	100.025047	100.026306
644	100.0131	100.003098	100.00399	100.006439	100.007668	100.007942	100.011292	100.013367	100.012924	100.012123	100.012802	100.010895	100.011299	100.013718	100.016006	100.01712	100.014076	100.019119	100.018097	100.021065	100.020645	100.018906	100.018402	100.018288	100.021957	100.0196	100.02018	100.016869	100.02005	100.018585	100.0224	100.019608	100.022087	100.02195	100.020241	100.020889	100.020828	100.016769	100.021729	100.018898	100.022209	100.018547	100.021431	100.022957	100.020813	100.022469	100.02401	100.023064	100.022903	100.025734	100.024834	100.023865	100.024818	100.026009	100.019791	100.026894	100.026489	100.027832	100.02533	100.024925	100.025085
645	100.013901	100.003029	100.004669	100.00631	100.007713	100.008118	100.012001	100.012634	100.012848	100.012268	100.011787	100.009407	100.011742	100.013794	100.014893	100.016998	100.014481	100.018738	100.015938	100.019562	100.019142	100.016823	100.017677	100.018372	100.021103	100.019196	100.018433	100.01619	100.021042	100.019493	100.020432	100.019501	100.020813	100.021576	100.021065	100.019661	100.021172	100.017296	100.020233	100.018539	100.021347	100.019707	100.021339	100.023186	100.020752	100.021652	100.02459	100.023209	100.022278	100.025047	100.023865	100.023796	100.023926	100.025558	100.020073	100.024864	100.027046	100.026405	100.025917	100.024834	100.023911
646	100.014687	100.002968	100.005363	100.006172	100.007759	100.008301	100.012718	100.011909	100.012764	100.012413	100.010788	100.007919	100.012184	100.013863	100.013771	100.016876	100.014877	100.018356	100.013771	100.018051	100.017632	100.014732	100.01693	100.018456	100.020256	100.018784	100.016663	100.015488	100.022041	100.020409	100.01844	100.019394	100.019539	100.021194	100.021873	100.018433	100.021515	100.017838	100.018715	100.018166	100.020508	100.020874	100.021233	100.023415	100.020706	100.020828	100.025162	100.023361	100.021652	100.024368	100.022903	100.02372	100.023033	100.025085	100.02037	100.022827	100.027611	100.024963	100.026512	100.024734	100.022743
647	100.014473	100.002052	100.004471	100.004852	100.006737	100.007996	100.011887	100.010422	100.012253	100.011421	100.00943	100.006805	100.011101	100.012886	100.012718	100.015854	100.014511	100.017403	100.012672	100.016357	100.015869	100.013672	100.015816	100.01738	100.018547	100.017189	100.01532	100.014175	100.020981	100.019539	100.016663	100.018738	100.018204	100.020065	100.020805	100.0177	100.019768	100.017189	100.017204	100.016747	100.018608	100.020348	100.019623	100.022041	100.019661	100.019035	100.024071	100.022018	100.020256	100.02285	100.020897	100.022827	100.02179	100.023331	100.020126	100.020531	100.026497	100.023125	100.025238	100.023613	100.021278
648	100.013367	100.000366	100.002121	100.002419	100.004723	100.007271	100.009644	100.008247	100.011353	100.009407	100.007751	100.006058	100.008629	100.010956	100.011742	100.014008	100.013435	100.015938	100.012573	100.014481	100.013863	100.013588	100.014374	100.015236	100.016083	100.014511	100.014351	100.012291	100.018051	100.017059	100.015068	100.017586	100.016846	100.018265	100.01799	100.017456	100.01609	100.015465	100.015686	100.014351	100.015762	100.018265	100.016632	100.019218	100.0177	100.016365	100.021423	100.019287	100.018181	100.020615	100.017929	100.021194	100.020256	100.02037	100.019371	100.01799	100.023865	100.020935	100.02227	100.021553	100.019562
649	100.012222	99.998672	99.999741	99.999977	100.002693	100.006546	100.007378	100.006042	100.010429	100.00737	100.006058	100.005295	100.006119	100.009003	100.010742	100.012138	100.012352	100.01445	100.012482	100.012589	100.011841	100.013496	100.012909	100.013062	100.013588	100.01181	100.013367	100.010384	100.015083	100.014542	100.013458	100.016418	100.015472	100.016441	100.015152	100.017189	100.012375	100.013733	100.01416	100.011917	100.012886	100.016167	100.013603	100.016357	100.015709	100.013672	100.018738	100.016525	100.016068	100.018333	100.014938	100.019524	100.018677	100.017395	100.018623	100.015434	100.02121	100.018715	100.019264	100.019455	100.017807
650	100.011238	99.997498	99.998039	99.998116	100.001144	100.005814	100.00563	100.004402	100.00956	100.00589	100.004974	100.004997	100.004456	100.00769	100.010132	100.010468	100.01149	100.013504	100.01252	100.011444	100.01059	100.013641	100.011826	100.01149	100.01165	100.00988	100.01284	100.009117	100.012878	100.012741	100.012566	100.015846	100.014404	100.015137	100.013123	100.017036	100.009644	100.012085	100.013008	100.010315	100.010895	100.014557	100.01165	100.014008	100.014236	100.011826	100.016739	100.014557	100.014557	100.016678	100.012802	100.018105	100.017654	100.015274	100.018158	100.013672	100.019302	100.01725	100.01725	100.017822	100.016769
651	100.010971	99.99868	99.999413	99.998924	100.001816	100.005165	100.006226	100.005272	100.008919	100.006996	100.006607	100.006783	100.006577	100.009308	100.011238	100.009705	100.01165	100.0149	100.013138	100.013649	100.012764	100.014893	100.012444	100.012604	100.012192	100.011429	100.014328	100.010727	100.014114	100.014183	100.014839	100.017998	100.014671	100.01619	100.014771	100.01738	100.011337	100.010895	100.013527	100.012383	100.012947	100.015244	100.014496	100.014053	100.015022	100.013824	100.017738	100.016167	100.015678	100.017845	100.01458	100.017784	100.019051	100.017036	100.019051	100.015533	100.020859	100.019203	100.01963	100.018272	100.018906
652	100.010696	99.999893	100.000809	99.999741	100.002495	100.004494	100.006821	100.006149	100.00827	100.008118	100.008263	100.008606	100.008728	100.010956	100.012352	100.008942	100.011826	100.016319	100.013779	100.015877	100.014969	100.016151	100.013092	100.013733	100.012741	100.013016	100.015854	100.012352	100.015381	100.015663	100.017166	100.02018	100.014961	100.01725	100.016449	100.017723	100.013039	100.009705	100.014069	100.014481	100.01503	100.015953	100.017372	100.014114	100.015831	100.015869	100.018761	100.017799	100.016808	100.019012	100.016388	100.017479	100.02047	100.018822	100.019943	100.017418	100.022438	100.021187	100.022057	100.01873	100.021065
653	100.010406	100.001106	100.002205	100.000572	100.003181	100.00383	100.007423	100.007034	100.007614	100.009239	100.009941	100.010429	100.010895	100.012611	100.013474	100.008156	100.011978	100.017738	100.014412	100.018135	100.017189	100.017426	100.013718	100.014854	100.013306	100.014603	100.01738	100.013992	100.01664	100.017128	100.019501	100.022377	100.015244	100.018326	100.018135	100.018082	100.014755	100.008476	100.014603	100.016594	100.01712	100.016655	100.020279	100.01416	100.01664	100.017906	100.019791	100.01944	100.017967	100.020195	100.018204	100.017151	100.021889	100.020622	100.020851	100.01931	100.024017	100.023186	100.024498	100.019196	100.023247
654	100.009956	100.000969	100.001991	100.000893	100.003181	100.003448	100.007042	100.00795	100.007042	100.008537	100.01059	100.010612	100.010971	100.012314	100.013481	100.009872	100.010895	100.017456	100.014793	100.019005	100.016449	100.017189	100.013611	100.014374	100.013245	100.014435	100.017525	100.014435	100.016914	100.017441	100.019493	100.021957	100.015152	100.017776	100.018082	100.017441	100.014542	100.008652	100.014618	100.015572	100.017212	100.016891	100.02005	100.015236	100.016151	100.017548	100.018288	100.018623	100.017143	100.019753	100.018944	100.016808	100.020912	100.020241	100.019852	100.020042	100.023445	100.022003	100.023712	100.019035	100.022362
655	100.009453	100.000587	100.00148	100.001129	100.003075	100.00312	100.00647	100.008881	100.00647	100.007477	100.011063	100.010475	100.010658	100.01165	100.01329	100.012062	100.009575	100.016846	100.015129	100.019623	100.015152	100.016693	100.013374	100.013588	100.013092	100.013939	100.017403	100.014687	100.016998	100.017525	100.019051	100.021049	100.014999	100.01693	100.017715	100.016632	100.013969	100.009094	100.014542	100.013969	100.016937	100.017075	100.019241	100.016525	100.015427	100.016762	100.016296	100.017334	100.015953	100.01899	100.019478	100.016449	100.019478	100.01947	100.018501	100.020561	100.022484	100.020256	100.022331	100.018776	100.020912
656	100.008949	100.000191	100.000954	100.001373	100.00296	100.0028	100.005913	100.009811	100.005913	100.006416	100.011536	100.010338	100.010345	100.010971	100.0131	100.014282	100.008224	100.016212	100.015472	100.020256	100.013824	100.016167	100.013123	100.012794	100.012909	100.013435	100.017288	100.014915	100.017097	100.017616	100.0186	100.020149	100.014839	100.016068	100.017319	100.015793	100.01339	100.009537	100.01445	100.012329	100.016663	100.017227	100.018417	100.017807	100.014687	100.015953	100.014267	100.016022	100.014748	100.018219	100.020027	100.016083	100.018036	100.018669	100.01712	100.021088	100.021492	100.018463	100.020912	100.018501	100.019455
657	100.009537	100.000313	100.000854	100.001701	100.003708	100.002419	100.005684	100.009552	100.006653	100.006721	100.011826	100.010612	100.010086	100.011147	100.013062	100.014786	100.008141	100.01564	100.015816	100.020363	100.013779	100.015305	100.012611	100.012527	100.013054	100.013062	100.016869	100.014076	100.016876	100.017014	100.017929	100.019981	100.015068	100.01577	100.016953	100.015343	100.013016	100.009705	100.013962	100.011024	100.015854	100.016693	100.016914	100.018204	100.014435	100.015892	100.013962	100.01593	100.013771	100.017609	100.019821	100.015816	100.017403	100.018456	100.016296	100.020432	100.021278	100.017723	100.020195	100.018051	100.01918
658	100.011215	100.000916	100.001183	100.002144	100.005325	100.001976	100.005791	100.008095	100.008713	100.008415	100.011917	100.011238	100.00988	100.012169	100.013199	100.013588	100.009308	100.015129	100.016174	100.019943	100.014984	100.014091	100.011841	100.012779	100.013504	100.012817	100.016144	100.012161	100.016365	100.015701	100.017044	100.020576	100.015686	100.016022	100.016571	100.015274	100.012886	100.009598	100.013062	100.010063	100.014542	100.015465	100.014732	100.017693	100.014648	100.016571	100.015343	100.016998	100.012993	100.017151	100.018883	100.01564	100.017586	100.018799	100.016022	100.018623	100.021828	100.018013	100.020149	100.017403	100.020126
659	100.012909	100.001541	100.001511	100.002586	100.006958	100.001541	100.005898	100.006615	100.010788	100.010124	100.012016	100.011909	100.009682	100.013199	100.013329	100.012383	100.010475	100.014603	100.016548	100.019524	100.01619	100.012863	100.011047	100.013039	100.013947	100.012573	100.015404	100.010231	100.015846	100.014374	100.016167	100.021172	100.016319	100.016273	100.016174	100.015198	100.012756	100.009491	100.012146	100.009071	100.013206	100.014221	100.012527	100.017181	100.014862	100.01725	100.016747	100.018082	100.012207	100.016701	100.017914	100.015472	100.017761	100.019142	100.015732	100.016785	100.022377	100.018295	100.020096	100.016762	100.021065
660	100.014091	100.001976	100.001907	100.002792	100.008026	100.001297	100.005867	100.005409	100.01223	100.011429	100.011864	100.012123	100.009331	100.01371	100.013199	100.011444	100.011375	100.014343	100.016579	100.018898	100.016998	100.011841	100.010422	100.013161	100.014221	100.012444	100.014412	100.008629	100.01532	100.013268	100.015259	100.021469	100.016487	100.016388	100.015808	100.01519	100.012497	100.009384	100.011353	100.00824	100.012054	100.012985	100.010727	100.016579	100.014709	100.017403	100.017807	100.018814	100.011658	100.016151	100.01693	100.015305	100.017632	100.019394	100.01532	100.015305	100.022591	100.018394	100.020126	100.0159	100.0214
661	100.012634	100.001442	100.002602	100.001785	100.006187	100.00206	100.005005	100.005661	100.010361	100.010696	100.010445	100.010109	100.008369	100.011551	100.011703	100.011871	100.010788	100.015465	100.015007	100.017227	100.015785	100.011909	100.01062	100.012543	100.013557	100.012924	100.012245	100.008789	100.014755	100.013329	100.014351	100.020134	100.01432	100.015846	100.015495	100.015495	100.01162	100.009216	100.011147	100.008141	100.011841	100.01181	100.011108	100.015549	100.012634	100.0149	100.017166	100.017677	100.012337	100.01519	100.015785	100.015213	100.01593	100.019073	100.014183	100.015785	100.021049	100.017441	100.020454	100.01403	100.018585
662	100.011154	100.000908	100.003288	100.000763	100.004318	100.002823	100.004135	100.005913	100.008461	100.009941	100.00901	100.00808	100.007378	100.009361	100.010208	100.012291	100.010208	100.016579	100.013412	100.015533	100.014542	100.011978	100.010826	100.011909	100.012878	100.013412	100.01004	100.008949	100.014198	100.013374	100.013435	100.018784	100.012123	100.015297	100.01519	100.015816	100.010742	100.009064	100.010941	100.008057	100.011612	100.010635	100.011505	100.014496	100.010536	100.012352	100.01651	100.016533	100.013008	100.014221	100.014626	100.015114	100.014198	100.018753	100.013054	100.016251	100.019493	100.016495	100.020805	100.012123	100.015724
663	100.009682	100.000366	100.00399	99.999718	100.002419	100.003609	100.003265	100.006172	100.006546	100.009178	100.007561	100.006035	100.006393	100.007156	100.008682	100.012718	100.009605	100.017723	100.011803	100.013824	100.01329	100.012054	100.011024	100.011269	100.012192	100.013901	100.007797	100.009109	100.013626	100.013435	100.012505	100.017426	100.009895	100.014725	100.014862	100.016129	100.00985	100.008896	100.010742	100.007973	100.011375	100.009445	100.011909	100.013443	100.008415	100.009773	100.015846	100.015381	100.013687	100.013245	100.013458	100.015007	100.012459	100.01844	100.011894	100.016739	100.017914	100.015518	100.021156	100.010208	100.01284
664	100.009605	100.000046	100.003136	99.999062	100.002037	100.003792	100.003662	100.005249	100.006577	100.007477	100.007339	100.005234	100.005707	100.006775	100.009171	100.012329	100.009827	100.016937	100.011551	100.013199	100.011993	100.011353	100.010811	100.009979	100.011757	100.013092	100.007317	100.008598	100.012901	100.012192	100.012527	100.015236	100.010208	100.014984	100.014832	100.014999	100.010094	100.00827	100.011169	100.00721	100.009903	100.010429	100.012032	100.0121	100.008736	100.010086	100.014923	100.014557	100.012932	100.012604	100.012245	100.013092	100.01284	100.016724	100.012016	100.015091	100.017288	100.015259	100.019859	100.010666	100.01268
665	100.00985	99.999771	100.00193	99.998482	100.001968	100.003838	100.004349	100.004051	100.007019	100.005547	100.007378	100.004707	100.005112	100.006775	100.010109	100.011757	100.010193	100.015762	100.011574	100.012794	100.010666	100.010468	100.010506	100.008522	100.011375	100.011993	100.007225	100.007919	100.012138	100.010681	100.012756	100.012848	100.011047	100.015411	100.014839	100.013542	100.01059	100.007538	100.011757	100.006317	100.008156	100.011887	100.012085	100.010704	100.009575	100.011024	100.013947	100.013802	100.011864	100.012032	100.011002	100.010788	100.013687	100.014709	100.012413	100.012985	100.016846	100.015137	100.018227	100.011635	100.013115
666	100.010094	99.999496	100.000717	99.997887	100.001892	100.003876	100.005028	100.002846	100.007484	100.003601	100.007416	100.004181	100.004494	100.006783	100.01104	100.011169	100.01059	100.014557	100.011597	100.012383	100.009323	100.00956	100.010193	100.007072	100.010994	100.010887	100.007118	100.007225	100.01136	100.009155	100.012985	100.010445	100.011909	100.015854	100.014862	100.012085	100.011078	100.006798	100.012337	100.005402	100.006393	100.013367	100.012146	100.009277	100.010429	100.011971	100.012955	100.013031	100.010788	100.011444	100.00975	100.008453	100.014534	100.012657	100.012817	100.010857	100.016388	100.01503	100.016556	100.012604	100.013527
667	100.010727	100.000023	100.000702	99.998344	100.002312	100.003723	100.005554	100.002762	100.007332	100.003456	100.007484	100.004646	100.004448	100.00721	100.011429	100.010788	100.011124	100.014565	100.011269	100.013306	100.009109	100.010361	100.010536	100.007072	100.011063	100.010971	100.008224	100.007454	100.010994	100.009155	100.013985	100.01017	100.013016	100.016472	100.015381	100.012184	100.011612	100.007393	100.012718	100.006577	100.006607	100.014946	100.013062	100.009727	100.01123	100.013313	100.013603	100.013138	100.011017	100.012184	100.0103	100.008522	100.015984	100.012459	100.014343	100.011253	100.01738	100.01545	100.016319	100.013474	100.014641
668	100.011765	100.001419	100.001968	99.999901	100.003242	100.003342	100.005913	100.00386	100.006546	100.005234	100.007591	100.00621	100.004997	100.008102	100.011238	100.01062	100.011826	100.015869	100.010551	100.015602	100.010048	100.012932	100.011589	100.008629	100.011658	100.012314	100.010635	100.008621	100.011063	100.010773	100.015785	100.012161	100.014366	100.017273	100.016441	100.013924	100.012169	100.009392	100.012901	100.009987	100.008919	100.01664	100.014893	100.012169	100.011955	100.015091	100.015961	100.014153	100.012634	100.014282	100.012764	100.011154	100.018074	100.014206	100.017075	100.014343	100.019859	100.016449	100.017563	100.014198	100.016472
669	100.012817	100.002838	100.003242	100.00148	100.004181	100.002968	100.006271	100.004974	100.005745	100.007019	100.007698	100.007774	100.005547	100.00901	100.011047	100.010468	100.012543	100.017189	100.009827	100.017929	100.011017	100.015533	100.012634	100.010216	100.012268	100.013687	100.013054	100.009796	100.011131	100.012413	100.017609	100.01416	100.015732	100.018082	100.017502	100.015686	100.012756	100.011421	100.013092	100.01342	100.011253	100.018356	100.016739	100.014626	100.012711	100.016876	100.018349	100.01519	100.014282	100.016418	100.015259	100.013802	100.02018	100.015961	100.019814	100.017456	100.022377	100.017464	100.018837	100.014961	100.018333
670	100.013443	100.003769	100.004135	100.002625	100.00489	100.002464	100.006523	100.005791	100.005066	100.00824	100.007713	100.008797	100.00589	100.009468	100.010811	100.010178	100.012825	100.017998	100.009224	100.019493	100.011719	100.017403	100.013397	100.011551	100.01265	100.014671	100.014893	100.010612	100.011337	100.013626	100.018845	100.015701	100.016701	100.018433	100.018181	100.016769	100.013092	100.01284	100.013138	100.016167	100.013016	100.01944	100.017967	100.016357	100.013031	100.017845	100.019981	100.015785	100.015488	100.017998	100.017097	100.01577	100.021576	100.017311	100.021675	100.019775	100.024033	100.018143	100.019539	100.015297	100.019524
671	100.011734	100.001907	100.00293	100.001297	100.004318	100.00135	100.006195	100.00502	100.005089	100.006195	100.007179	100.006775	100.005089	100.007393	100.010345	100.009193	100.010742	100.015892	100.009392	100.016655	100.010956	100.015106	100.012589	100.011551	100.011864	100.013588	100.013374	100.009331	100.012436	100.012444	100.016769	100.014587	100.01535	100.016068	100.016663	100.014053	100.012077	100.010811	100.012436	100.014923	100.011528	100.017014	100.015701	100.013939	100.01104	100.014076	100.017311	100.013992	100.014198	100.016525	100.015244	100.013863	100.018921	100.016228	100.018394	100.017586	100.020851	100.017097	100.017082	100.013329	100.017014
672	100.01001	100.000046	100.001732	99.999977	100.003731	100.000229	100.005875	100.004242	100.005104	100.004158	100.006615	100.004723	100.00428	100.005318	100.009857	100.008186	100.008652	100.013779	100.00956	100.013802	100.010193	100.012802	100.011765	100.011551	100.011078	100.012497	100.011848	100.008057	100.013542	100.011253	100.014687	100.013458	100.014008	100.01371	100.015152	100.011314	100.011063	100.008789	100.011734	100.013687	100.010025	100.014565	100.01342	100.011513	100.009026	100.010284	100.014648	100.012184	100.012909	100.01503	100.01339	100.011948	100.016258	100.015129	100.015106	100.015388	100.017639	100.016037	100.014603	100.011353	100.014481
673	100.00827	99.998177	100.000511	99.99865	100.003136	99.999084	100.005547	100.003456	100.005104	100.002083	100.006065	100.002655	100.003471	100.003227	100.009369	100.007187	100.006546	100.011658	100.009712	100.010941	100.009415	100.010468	100.010933	100.011536	100.010277	100.011375	100.010315	100.006775	100.014641	100.010063	100.012604	100.012329	100.01265	100.011322	100.013626	100.00856	100.010025	100.006721	100.011002	100.012436	100.008522	100.0121	100.011124	100.009064	100.007011	100.006485	100.011955	100.010368	100.011597	100.013527	100.011513	100.01001	100.013565	100.014023	100.011787	100.013184	100.014427	100.014961	100.012115	100.009361	100.011917
674	100.008629	99.997398	99.999756	99.998276	100.001923	99.999825	100.004997	100.003471	100.006447	100.001434	100.0056	100.002609	100.003265	100.004112	100.009308	100.007057	100.007118	100.011337	100.010254	100.010536	100.009628	100.010132	100.009499	100.011353	100.00975	100.011063	100.01004	100.007057	100.014267	100.01123	100.012657	100.011734	100.01149	100.012253	100.013779	100.009224	100.010422	100.006065	100.010384	100.010765	100.008331	100.012161	100.010155	100.008919	100.008629	100.007484	100.011185	100.011169	100.011108	100.014076	100.012123	100.010086	100.014557	100.013771	100.011597	100.012886	100.015152	100.015602	100.012947	100.010315	100.012825
675	100.009468	99.996895	99.9991	99.998131	100.000557	100.001022	100.004372	100.003685	100.008118	100.001083	100.005165	100.003052	100.00322	100.005684	100.009361	100.007118	100.008331	100.011459	100.010857	100.010704	100.010086	100.010277	100.007942	100.011124	100.009285	100.010956	100.010063	100.007736	100.013565	100.01297	100.013229	100.011276	100.010368	100.013962	100.01432	100.010696	100.011169	100.005745	100.009789	100.009003	100.008461	100.012817	100.009499	100.009308	100.011124	100.009605	100.010872	100.012589	100.010826	100.015091	100.013313	100.01062	100.016403	100.01371	100.012123	100.013031	100.016808	100.016663	100.014565	100.011955	100.014534
676	100.010323	99.996368	99.998444	99.997986	99.999199	100.002228	100.003754	100.003883	100.009789	100.000748	100.004707	100.003479	100.003174	100.007263	100.009407	100.007202	100.009552	100.011566	100.011482	100.010872	100.010529	100.010406	100.006355	100.010895	100.00882	100.010834	100.010086	100.008408	100.012848	100.014702	100.013794	100.010811	100.009247	100.015678	100.014862	100.012169	100.011894	100.005424	100.009178	100.00721	100.008598	100.013474	100.008835	100.009705	100.013641	100.011742	100.010551	100.014008	100.010536	100.016129	100.014519	100.011147	100.018265	100.013649	100.012672	100.013161	100.018456	100.017723	100.01619	100.013603	100.016251
677	100.010529	99.996109	99.997856	99.998093	99.998367	100.00235	100.003143	100.003723	100.009903	100.000809	100.003906	100.004303	100.003143	100.007904	100.009239	100.007477	100.010132	100.011887	100.011124	100.011024	100.010788	100.011375	100.005898	100.010551	100.008842	100.010643	100.01049	100.008919	100.011971	100.015244	100.014099	100.011002	100.00898	100.016045	100.014671	100.012817	100.011734	100.005363	100.0093	100.006638	100.00901	100.013268	100.008926	100.010109	100.014587	100.012589	100.010315	100.01413	100.010239	100.016022	100.015297	100.011841	100.018585	100.013603	100.012848	100.01342	100.019142	100.018143	100.016937	100.013901	100.01712
678	100.01004	99.996124	99.997337	99.998489	99.998131	100.001266	100.002548	100.00312	100.008286	100.001335	100.002716	100.005531	100.003159	100.007484	100.00882	100.007973	100.010002	100.012444	100.009644	100.011154	100.010834	100.013245	100.006721	100.010124	100.009392	100.010422	100.011337	100.009247	100.01091	100.014435	100.014137	100.011909	100.009621	100.014923	100.013664	100.01252	100.010551	100.00563	100.010231	100.007401	100.009743	100.012123	100.009895	100.010529	100.013855	100.012001	100.010155	100.012779	100.009941	100.014641	100.015602	100.01268	100.017181	100.013565	100.01265	100.013824	100.018753	100.017868	100.016716	100.012657	100.017059
679	100.009521	99.996147	99.996811	99.998886	99.997902	100.000175	100.001953	100.002525	100.006676	100.001846	100.001511	100.006783	100.003159	100.007072	100.008408	100.008476	100.00988	100.013016	100.008179	100.011276	100.010887	100.015129	100.007538	100.009682	100.009964	100.01017	100.012192	100.009583	100.009834	100.013626	100.01416	100.012817	100.010262	100.013802	100.012657	100.012222	100.009361	100.005898	100.011154	100.008156	100.010475	100.010971	100.010849	100.010941	100.0131	100.011421	100.010002	100.011421	100.009644	100.013268	100.01593	100.013542	100.01577	100.013527	100.012444	100.014221	100.018349	100.017586	100.016487	100.011421	100.017014
680	100.009239	99.996361	99.996719	99.999435	99.99794	99.999413	100.001762	100.002098	100.005379	100.002541	100.000748	100.007973	100.003197	100.006851	100.008118	100.008949	100.009743	100.013481	100.007179	100.011673	100.011154	100.016747	100.00843	100.0093	100.010551	100.010048	100.012985	100.009872	100.009308	100.013031	100.014374	100.013901	100.011131	100.012985	100.011971	100.012192	100.008705	100.006248	100.012115	100.008919	100.011322	100.010345	100.011826	100.011574	100.012589	100.011131	100.010239	100.0103	100.009552	100.012398	100.016174	100.014542	100.014771	100.013824	100.01252	100.014786	100.018166	100.017509	100.016548	100.01059	100.017059
681	100.010254	99.997726	99.99926	100.000854	99.999687	100.000633	100.00415	100.002731	100.006187	100.004288	100.002693	100.008774	100.003395	100.00795	100.008606	100.009247	100.009552	100.013329	100.009193	100.013603	100.012863	100.016617	100.009773	100.009369	100.011238	100.010597	100.013367	100.00985	100.012222	100.013771	100.015793	100.016129	100.013351	100.013992	100.013268	100.013855	100.011383	100.007019	100.013161	100.009705	100.012947	100.013077	100.012802	100.013474	100.013603	100.012695	100.012909	100.010681	100.010666	100.014755	100.016006	100.01651	100.016251	100.016106	100.014328	100.016365	100.019279	100.018784	100.018486	100.012352	100.017784
682	100.011276	99.999107	100.001816	100.002304	100.001442	100.001869	100.006546	100.003372	100.006996	100.006058	100.004662	100.009598	100.003601	100.009064	100.009109	100.009537	100.009361	100.013176	100.011215	100.015549	100.01458	100.016495	100.011147	100.009445	100.011948	100.011154	100.013756	100.009827	100.015137	100.014496	100.017227	100.018372	100.015594	100.015022	100.01458	100.015511	100.014076	100.007797	100.014206	100.01049	100.01458	100.015831	100.013802	100.015388	100.014641	100.014267	100.015602	100.011078	100.01181	100.017143	100.015854	100.018486	100.017723	100.018394	100.016167	100.017975	100.020386	100.020088	100.020447	100.014114	100.018524
683	100.012291	100.000488	100.004387	100.003746	100.003197	100.003113	100.008942	100.004005	100.00782	100.00782	100.00663	100.010422	100.003799	100.010155	100.009605	100.00985	100.009178	100.013016	100.013245	100.017487	100.016296	100.01638	100.01252	100.009514	100.01265	100.011719	100.014153	100.009811	100.018074	100.015236	100.018654	100.020615	100.017822	100.016045	100.015892	100.017166	100.016769	100.008598	100.015274	100.011292	100.016212	100.018585	100.014793	100.017311	100.015663	100.015846	100.018295	100.011459	100.012947	100.019516	100.015701	100.02047	100.019218	100.020691	100.017998	100.019585	100.021507	100.021378	100.0224	100.015892	100.019279
684	100.012077	100.001083	100.005722	100.002907	100.003555	100.003922	100.010124	100.005363	100.008049	100.008942	100.007782	100.010124	100.005531	100.011841	100.010216	100.011131	100.010384	100.014412	100.014786	100.01738	100.016342	100.016273	100.013054	100.010345	100.012947	100.011871	100.014725	100.010452	100.017838	100.016273	100.018814	100.020096	100.017723	100.017082	100.01725	100.017487	100.017372	100.010132	100.015678	100.01265	100.016426	100.018562	100.015411	100.017334	100.015556	100.016876	100.018898	100.013039	100.01371	100.019363	100.016464	100.019608	100.01992	100.020264	100.017548	100.020073	100.021873	100.021851	100.023232	100.015869	100.019302
685	100.011528	100.001488	100.006775	100.001503	100.003555	100.004616	100.010994	100.006889	100.008141	100.009895	100.008736	100.009552	100.007629	100.013672	100.010857	100.012672	100.011948	100.016212	100.016212	100.016762	100.015976	100.016151	100.013374	100.011398	100.013161	100.011948	100.015343	100.011269	100.016808	100.01738	100.018654	100.018906	100.017044	100.018135	100.018608	100.017464	100.017426	100.011871	100.015915	100.01416	100.016296	100.01786	100.015953	100.016876	100.015167	100.017784	100.018967	100.014923	100.014389	100.01857	100.017456	100.018036	100.020424	100.019157	100.016525	100.020287	100.022064	100.022125	100.023804	100.015381	100.019135
686	100.010994	100.001907	100.00782	100.000084	100.003563	100.005318	100.011864	100.00843	100.00824	100.010857	100.009705	100.008987	100.00975	100.015495	100.011513	100.014206	100.013519	100.018021	100.017639	100.016151	100.015617	100.016068	100.01371	100.012444	100.01339	100.012016	100.015961	100.0121	100.015785	100.018486	100.018501	100.0177	100.016365	100.019196	100.019989	100.017456	100.017502	100.013611	100.016167	100.015678	100.016167	100.017151	100.016487	100.016441	100.014771	100.018692	100.019051	100.016823	100.015068	100.017784	100.018456	100.016464	100.020935	100.018051	100.015495	100.020515	100.022255	100.022415	100.024376	100.0149	100.01899
687	100.010368	100.002037	100.007423	99.999374	100.003311	100.005089	100.010941	100.00843	100.008011	100.010559	100.009605	100.008484	100.010094	100.015602	100.011269	100.014236	100.013496	100.018051	100.017395	100.015236	100.014626	100.014854	100.013458	100.012329	100.012993	100.01223	100.01564	100.011589	100.01429	100.018517	100.017143	100.016747	100.015511	100.019089	100.019562	100.01664	100.016525	100.014008	100.015427	100.015053	100.015244	100.016113	100.016037	100.015625	100.01432	100.018288	100.018082	100.016441	100.014435	100.016823	100.017967	100.01532	100.019714	100.016823	100.014305	100.019562	100.02211	100.021614	100.023735	100.013939	100.01786
688	100.009659	100.001862	100.005341	99.999489	100.002762	100.003792	100.007904	100.006638	100.007416	100.008812	100.00827	100.008049	100.008354	100.01371	100.010002	100.012466	100.01162	100.016006	100.015175	100.014008	100.012901	100.012337	100.012543	100.010826	100.011909	100.012611	100.014236	100.009552	100.012276	100.017288	100.014366	100.01606	100.014412	100.017632	100.017021	100.014893	100.014305	100.01284	100.013557	100.011978	100.013412	100.014725	100.014427	100.014389	100.013771	100.016365	100.015892	100.013412	100.012314	100.01564	100.015747	100.014664	100.016495	100.015434	100.012924	100.017227	100.021591	100.019585	100.02166	100.012383	100.015617
689	100.008942	100.001694	100.003265	99.999603	100.00222	100.002502	100.00489	100.004868	100.006805	100.007042	100.006958	100.007614	100.006638	100.01181	100.008751	100.010719	100.009766	100.013969	100.012955	100.012779	100.011169	100.009834	100.01162	100.009331	100.010811	100.013008	100.012825	100.0075	100.010262	100.01606	100.011612	100.015388	100.013329	100.016167	100.014496	100.013138	100.012085	100.011673	100.011696	100.008896	100.011566	100.013313	100.012817	100.013161	100.013229	100.01445	100.01371	100.010384	100.010178	100.014458	100.013542	100.014008	100.013268	100.014069	100.011551	100.0149	100.021049	100.017548	100.0196	100.010834	100.013374
690	100.008186	100.001167	100.001251	99.999435	100.001564	100.001122	100.002052	100.003265	100.006119	100.005272	100.005592	100.007118	100.004944	100.00988	100.007736	100.008904	100.00795	100.011864	100.010765	100.011459	100.009514	100.007668	100.010551	100.007843	100.00988	100.013016	100.011215	100.005531	100.00843	100.014641	100.00914	100.014557	100.012184	100.014648	100.012123	100.011444	100.010002	100.009987	100.009743	100.005951	100.009682	100.011803	100.011169	100.01178	100.012398	100.01252	100.011574	100.007545	100.008163	100.013123	100.011238	100.013016	100.010452	100.012573	100.010086	100.012566	100.020065	100.015472	100.017403	100.00943	100.011154
691	100.007233	99.998085	99.999626	99.9972	100.000122	99.999237	100.000656	100.002968	100.004784	100.003265	100.003906	100.00602	100.003502	100.007736	100.008499	100.006676	100.006531	100.009346	100.008713	100.009514	100.00827	100.007843	100.008301	100.006332	100.010071	100.010345	100.008141	100.004044	100.007759	100.011894	100.008797	100.012589	100.010696	100.012741	100.010849	100.010231	100.00882	100.004898	100.007202	100.003944	100.007378	100.009552	100.009201	100.009285	100.009445	100.010529	100.00985	100.006081	100.00695	100.010612	100.008377	100.009659	100.010475	100.010284	100.007942	100.010193	100.01577	100.013161	100.014343	100.008949	100.009094
692	100.006294	99.995018	99.998001	99.994965	99.998657	99.997353	99.999275	100.002686	100.003456	100.001266	100.002228	100.004913	100.002052	100.0056	100.009262	100.004448	100.005112	100.006844	100.00666	100.007584	100.007034	100.008026	100.006035	100.004829	100.010254	100.00769	100.005081	100.002579	100.007103	100.009155	100.008453	100.01062	100.009193	100.010834	100.009583	100.009033	100.007645	99.999794	100.004646	100.001945	100.005104	100.007294	100.007233	100.006798	100.006485	100.008522	100.008102	100.004601	100.005745	100.008095	100.005516	100.00631	100.010529	100.008011	100.005791	100.00782	100.011505	100.010849	100.011276	100.008499	100.007042
693	100.005341	99.99192	99.996361	99.992714	99.9972	99.995453	99.997871	100.00238	100.002121	99.99926	100.000549	100.003815	100.000595	100.003456	100.01001	100.002205	100.003693	100.004303	100.004601	100.005638	100.005783	100.008202	100.003769	100.003326	100.010429	100.00502	100.001999	100.001083	100.006439	100.006401	100.008118	100.008652	100.00769	100.008926	100.008308	100.007805	100.006447	99.994675	100.002083	99.999939	100.002815	100.005028	100.005257	100.004303	100.003525	100.006523	100.006363	100.00312	100.004517	100.005569	100.002647	100.00293	100.010551	100.005722	100.003647	100.005447	100.007202	100.008537	100.008202	100.008049	100.004982
694	100.006546	99.992516	99.996735	99.993919	99.997154	99.995399	99.998474	100.00161	100.003113	99.998558	99.999847	100.003174	99.999855	100.003448	100.008537	100.002525	100.004066	100.006294	100.004425	100.006187	100.005959	100.008751	100.004318	100.003983	100.009857	100.004257	100.002739	100.002579	100.005188	100.006165	100.00869	100.009048	100.006416	100.009369	100.007774	100.007919	100.006065	99.996086	100.00296	100.001335	100.003586	100.005768	100.005493	100.004616	100.005257	100.006294	100.006355	100.004074	100.004913	100.006744	100.003555	100.00441	100.009277	100.005768	100.004974	100.006149	100.007141	100.007843	100.009285	100.008072	100.006332
695	100.008324	99.994072	99.997635	99.996033	99.997467	99.995827	99.999603	100.000717	100.004707	99.998215	99.999413	100.002647	99.999306	100.00399	100.006439	100.003517	100.004913	100.009468	100.004745	100.007378	100.006523	100.009392	100.005592	100.005196	100.009087	100.00399	100.004486	100.004837	100.003754	100.006607	100.009521	100.010071	100.005188	100.010422	100.007439	100.008354	100.005898	99.999214	100.004723	100.003624	100.005196	100.007317	100.00631	100.005661	100.008224	100.006531	100.006798	100.005684	100.005722	100.008904	100.00547	100.007179	100.007607	100.006439	100.00721	100.007668	100.008186	100.007584	100.011482	100.008217	100.008568
696	100.010109	99.995644	99.998535	99.998161	99.99778	99.996262	100.00074	99.999809	100.006317	99.997864	99.998978	100.002136	99.998749	100.004562	100.004349	100.004509	100.00576	100.01265	100.005081	100.008583	100.007095	100.010048	100.006882	100.006439	100.008308	100.003731	100.006248	100.007126	100.002335	100.007057	100.010345	100.011108	100.003967	100.011482	100.007095	100.008797	100.005737	100.002357	100.006523	100.005936	100.006805	100.008881	100.007141	100.006721	100.011208	100.006783	100.007248	100.007294	100.006554	100.011078	100.007401	100.009956	100.005959	100.007118	100.009468	100.009193	100.009247	100.007332	100.013672	100.008377	100.010826
697	100.010612	99.996407	99.999115	99.999222	99.99865	99.996712	100.001099	99.999847	100.006554	99.998398	99.999786	100.002029	99.998734	100.004486	100.003265	100.005531	100.006142	100.013313	100.00563	100.00956	100.007294	100.010071	100.007889	100.00676	100.007736	100.003967	100.007484	100.008286	100.002861	100.007462	100.010834	100.011909	100.003937	100.011696	100.006958	100.009369	100.006035	100.004066	100.007263	100.00663	100.008118	100.009109	100.007355	100.007263	100.011971	100.007339	100.007774	100.008118	100.007294	100.011871	100.007927	100.010635	100.005699	100.007019	100.010742	100.009598	100.009552	100.007484	100.014389	100.00843	100.01181
698	100.009583	99.996193	99.999321	99.999016	100.000206	99.997169	100.000511	100.001015	100.005173	100	100.002136	100.002411	99.999374	100.003639	100.003387	100.006592	100.005936	100.010941	100.006462	100.010277	100.007072	100.009369	100.008583	100.006012	100.007423	100.004791	100.008141	100.008133	100.005768	100.007858	100.010941	100.012421	100.005302	100.010895	100.007095	100.010132	100.006927	100.004051	100.006775	100.005386	100.009064	100.007751	100.006844	100.007179	100.010063	100.008324	100.008438	100.008026	100.00795	100.011047	100.006775	100.008774	100.007103	100.00602	100.010849	100.008682	100.008949	100.008141	100.013336	100.008347	100.011276
699	100.008537	99.995987	99.999527	99.998817	100.001762	99.997635	99.999931	100.002197	100.003777	100.00161	100.004471	100.002792	100.000023	100.0028	100.003502	100.007652	100.005745	100.00856	100.007286	100.010994	100.006844	100.008652	100.009262	100.005257	100.007118	100.005615	100.008812	100.007965	100.008667	100.008247	100.011047	100.012947	100.006699	100.010094	100.007225	100.010872	100.00782	100.004028	100.006294	100.004135	100.01001	100.006378	100.006317	100.007103	100.008141	100.0093	100.009094	100.007919	100.008606	100.010216	100.005615	100.006927	100.008522	100.005005	100.010956	100.007759	100.008347	100.008812	100.012276	100.00827	100.010742
700	100.007927	99.995934	99.999985	99.998642	100.00309	99.998459	99.999695	100.003433	100.00267	100.003265	100.006844	100.003387	100.000801	100.002495	100.003906	100.008774	100.00563	100.006798	100.008163	100.01165	100.00695	100.008179	100.009857	100.004768	100.006905	100.006531	100.009445	100.007881	100.011375	100.008652	100.011108	100.013374	100.008156	100.009575	100.007538	100.011597	100.008728	100.004173	100.006081	100.003197	100.010895	100.005409	100.006042	100.007309	100.006699	100.010109	100.009743	100.008026	100.009224	100.009583	100.004898	100.005432	100.009872	100.004494	100.01104	100.007072	100.008186	100.009552	100.011597	100.008224	100.010445
701	100.010529	99.997108	100.002335	99.998734	100.0028	100.001923	100.002098	100.005173	100.003792	100.005272	100.009361	100.005569	100.002563	100.006233	100.006393	100.010254	100.006142	100.009659	100.009407	100.011848	100.009552	100.009575	100.009766	100.00631	100.007477	100.008102	100.009987	100.008392	100.01252	100.009239	100.010872	100.013313	100.010193	100.011208	100.009308	100.012146	100.009827	100.00563	100.007881	100.004639	100.011269	100.007462	100.007614	100.009583	100.008858	100.009659	100.010345	100.009766	100.00956	100.01049	100.007462	100.00676	100.010643	100.007721	100.011063	100.00824	100.011383	100.011002	100.013794	100.008415	100.011955
702	100.013123	99.998276	100.004684	99.998817	100.002518	100.005386	100.004517	100.006912	100.004913	100.007271	100.011864	100.007751	100.004318	100.009979	100.008858	100.011742	100.006638	100.01252	100.010658	100.012032	100.012146	100.010971	100.009659	100.007843	100.008049	100.009682	100.010536	100.008904	100.013641	100.009811	100.010612	100.013245	100.012245	100.01284	100.011086	100.01268	100.010933	100.007072	100.009682	100.006088	100.01162	100.009491	100.009178	100.011848	100.011017	100.009201	100.010941	100.011513	100.009895	100.011383	100.010025	100.008095	100.011421	100.010971	100.011078	100.009392	100.014565	100.012459	100.015976	100.008606	100.013474
703	100.015747	99.999458	100.007057	99.998901	100.002228	100.008881	100.006935	100.008667	100.006035	100.009285	100.014389	100.009941	100.006104	100.013733	100.011353	100.013229	100.007156	100.015388	100.011909	100.01223	100.014755	100.01236	100.009552	100.009392	100.008621	100.011253	100.011078	100.009415	100.014786	100.010384	100.010361	100.013184	100.01429	100.014473	100.012878	100.013245	100.012039	100.008522	100.01149	100.007545	100.012001	100.011551	100.010765	100.014137	100.013184	100.008751	100.011551	100.013268	100.010239	100.012276	100.012604	100.009445	100.012207	100.014236	100.011101	100.010559	100.017776	100.013924	100.018188	100.008797	100.014999
704	100.013992	99.999916	100.005302	99.999008	100.001503	100.008263	100.006554	100.006905	100.006126	100.008308	100.012062	100.008377	100.005516	100.011917	100.010704	100.012421	100.007462	100.014816	100.010071	100.01181	100.012733	100.011185	100.008247	100.009476	100.008377	100.009956	100.009872	100.008392	100.013145	100.009628	100.010826	100.012573	100.012497	100.013397	100.011078	100.011993	100.010681	100.006149	100.010147	100.006905	100.011757	100.01017	100.010727	100.011719	100.011047	100.007034	100.011703	100.011703	100.009552	100.010895	100.012138	100.009003	100.010941	100.012413	100.009384	100.009323	100.01664	100.012741	100.015915	100.006989	100.013443
705	100.01104	100.000175	100.002419	99.99913	100.000641	100.0065	100.005386	100.004158	100.005936	100.006485	100.008392	100.00576	100.004288	100.008568	100.009178	100.010971	100.007713	100.013268	100.00737	100.011215	100.009415	100.009285	100.006615	100.009171	100.007927	100.007835	100.008179	100.006927	100.01075	100.008484	100.011459	100.011826	100.009621	100.011566	100.008301	100.010239	100.008629	100.002708	100.007919	100.005676	100.011322	100.007858	100.010239	100.007988	100.007736	100.004982	100.011719	100.009216	100.00856	100.008881	100.010826	100.008072	100.009094	100.009178	100.007179	100.007416	100.014305	100.010803	100.012398	100.004601	100.011047
706	100.008057	100.00045	99.999527	99.999237	99.999771	100.004723	100.004196	100.001404	100.005737	100.004662	100.0047	100.003136	100.003036	100.005211	100.007652	100.009491	100.007965	100.011719	100.004662	100.010597	100.006081	100.00737	100.004959	100.008858	100.007454	100.005707	100.006462	100.005447	100.008347	100.007339	100.012085	100.011078	100.006721	100.009705	100.005486	100.008476	100.006569	99.999237	100.005676	100.004425	100.010895	100.005531	100.00975	100.004242	100.004402	100.002907	100.011742	100.006714	100.007561	100.006844	100.009514	100.007126	100.007233	100.005936	100.004959	100.005493	100.011955	100.008865	100.008858	100.002205	100.008629
707	100.006424	99.999969	99.998146	99.999268	99.999237	100.003769	100.003906	100.000763	100.005661	100.003181	100.002541	100.002144	100.002335	100.00341	100.00695	100.008858	100.007927	100.010284	100.003967	100.0103	100.004959	100.006851	100.004616	100.008514	100.007996	100.004837	100.005447	100.004593	100.007095	100.006889	100.011948	100.010551	100.005234	100.008354	100.005112	100.008354	100.005898	99.998619	100.004349	100.003586	100.010239	100.004791	100.009476	100.002861	100.003204	100.002655	100.011154	100.005356	100.006531	100.005844	100.008141	100.007011	100.006828	100.005188	100.004509	100.004852	100.011047	100.008202	100.007523	100.002441	100.007126
708	100.006439	99.998566	99.99865	99.999168	99.999084	100.003792	100.004723	100.002693	100.005722	100.002159	100.002243	100.003181	100.002289	100.003525	100.007248	100.009262	100.007561	100.008987	100.005791	100.010368	100.006569	100.008049	100.005867	100.008141	100.00975	100.005493	100.00528	100.004486	100.007286	100.007286	100.010834	100.0103	100.005447	100.007629	100.007698	100.010277	100.006935	100.001503	100.00415	100.003242	100.009308	100.00602	100.009453	100.00441	100.004639	100.004616	100.009834	100.005379	100.00547	100.006126	100.006699	100.007881	100.008217	100.007477	100.00621	100.005745	100.011932	100.009109	100.008904	100.005928	100.00676
709	100.006439	99.997177	99.999168	99.999092	99.99894	100.003838	100.005531	100.004639	100.005806	100.001122	100.001953	100.004242	100.002243	100.003662	100.007568	100.009666	100.007187	100.007698	100.007614	100.010468	100.008202	100.009262	100.007126	100.007774	100.011536	100.006165	100.005112	100.004364	100.007477	100.00769	100.009727	100.010048	100.005661	100.006905	100.010315	100.012192	100.008011	100.004387	100.003944	100.002899	100.008377	100.007248	100.009445	100.005974	100.006065	100.006592	100.008522	100.005424	100.004425	100.006416	100.005257	100.008759	100.009598	100.009773	100.007919	100.006653	100.012825	100.010025	100.010284	100.009415	100.006393
710	100.006577	99.996147	99.999718	99.999283	99.998993	100.003799	100.006294	100.00631	100.005844	100.000275	100.001892	100.005188	100.002243	100.003883	100.00795	100.010086	100.006973	100.006691	100.009224	100.010643	100.009705	100.010345	100.008392	100.007454	100.01297	100.006935	100.005211	100.004448	100.007889	100.008202	100.008919	100.00988	100.006065	100.006439	100.012497	100.013947	100.009026	100.006912	100.003853	100.002815	100.007645	100.00856	100.009598	100.007484	100.007332	100.008354	100.007507	100.005653	100.003777	100.00676	100.004234	100.009514	100.010857	100.01181	100.009552	100.007568	100.013641	100.010803	100.011681	100.012527	100.006248
711	100.007713	99.998055	100.000763	100.001762	100.000633	100.003304	100.006653	100.00589	100.005829	100.000969	100.003754	100.005363	100.002716	100.004936	100.008942	100.010666	100.008118	100.007965	100.009239	100.011787	100.010429	100.010597	100.009773	100.007454	100.011826	100.008682	100.007423	100.006088	100.010048	100.009537	100.010536	100.010368	100.007889	100.008118	100.011528	100.014435	100.009834	100.006653	100.004601	100.004875	100.008476	100.010475	100.011002	100.008713	100.007286	100.008606	100.00901	100.007355	100.006531	100.00769	100.0065	100.009346	100.01123	100.011864	100.010597	100.008682	100.013908	100.010727	100.013199	100.012756	100.007919
712	100.008865	99.999969	100.001823	100.004257	100.002289	100.002815	100.007034	100.005486	100.005814	100.001656	100.005615	100.005554	100.003204	100.005997	100.009956	100.011253	100.009262	100.009224	100.009262	100.012947	100.011169	100.010857	100.011154	100.007462	100.010681	100.010429	100.009644	100.007759	100.012207	100.01091	100.012169	100.010872	100.009727	100.009796	100.010559	100.014946	100.010666	100.006401	100.005363	100.00695	100.009331	100.012413	100.012421	100.009956	100.007248	100.008865	100.010529	100.009087	100.0093	100.008629	100.008789	100.009178	100.011612	100.011909	100.011673	100.009796	100.014198	100.010658	100.014709	100.012993	100.009605
713	100.01001	100.001884	100.002861	100.006737	100.003937	100.002312	100.007393	100.005081	100.005791	100.00235	100.007462	100.005745	100.003685	100.007057	100.010956	100.011826	100.010422	100.01049	100.009277	100.014091	100.011894	100.011108	100.01255	100.007477	100.009521	100.012184	100.011871	100.009407	100.014374	100.012268	100.013802	100.01136	100.011566	100.01149	100.009583	100.015434	100.01149	100.006142	100.006119	100.00901	100.010178	100.014343	100.013855	100.011192	100.007187	100.009117	100.012032	100.010788	100.012054	100.00956	100.011063	100.009003	100.011978	100.011948	100.012733	100.010918	100.014496	100.01059	100.016212	100.013206	100.011292
714	100.010002	100.001526	100.003326	100.004753	100.003708	100.001503	100.006783	100.003838	100.005745	100.002823	100.0075	100.005814	100.003609	100.006844	100.010338	100.011597	100.010345	100.011383	100.009285	100.01413	100.011742	100.011063	100.011551	100.007484	100.008835	100.012123	100.011086	100.009895	100.014793	100.012497	100.013718	100.01178	100.011459	100.01252	100.009583	100.014603	100.010719	100.005852	100.006447	100.009308	100.011147	100.014259	100.013908	100.01059	100.006905	100.010788	100.011429	100.011383	100.012039	100.010315	100.011169	100.009262	100.01149	100.011948	100.011444	100.011124	100.014305	100.010788	100.016212	100.012878	100.011742
715	100.009644	100.000534	100.003624	100.001526	100.002968	100.000595	100.00589	100.002373	100.005684	100.003242	100.007034	100.005852	100.003372	100.006279	100.009262	100.011131	100.009941	100.012184	100.009285	100.013855	100.011337	100.010918	100.009895	100.007484	100.00827	100.011566	100.009445	100.010063	100.014709	100.012421	100.013176	100.012184	100.010803	100.013374	100.009872	100.013397	100.009491	100.005554	100.006676	100.009109	100.012146	100.013603	100.013588	100.009453	100.006554	100.012878	100.010239	100.011658	100.011238	100.011017	100.010681	100.009628	100.01075	100.011932	100.009514	100.011078	100.013992	100.011078	100.01577	100.012375	100.011841
716	100.0093	99.99955	100.003937	99.998291	100.002205	99.999695	100.004997	100.000908	100.00563	100.003662	100.006554	100.005875	100.003136	100.005707	100.008186	100.010658	100.009521	100.01297	100.0093	100.013557	100.010933	100.010773	100.008224	100.0075	100.007713	100.011002	100.007805	100.010216	100.014641	100.012337	100.012604	100.012573	100.010155	100.014236	100.010147	100.012169	100.00827	100.005257	100.006882	100.008919	100.013145	100.012955	100.013283	100.008324	100.006195	100.014946	100.009064	100.011948	100.010445	100.011719	100.010178	100.010002	100.010002	100.011909	100.007568	100.011024	100.013672	100.011353	100.015343	100.011871	100.011948
717	100.00956	99.999771	100.00396	99.996819	100.001595	100.000023	100.005295	100.00074	100.006439	100.004448	100.006531	100.006088	100.00322	100.005554	100.007889	100.010124	100.009155	100.013542	100.009331	100.01342	100.011063	100.010918	100.007561	100.008141	100.008156	100.010109	100.00769	100.010216	100.013603	100.01255	100.01297	100.013077	100.010147	100.014626	100.011101	100.011421	100.008072	100.005341	100.007103	100.009216	100.014175	100.012352	100.012924	100.008377	100.006935	100.015625	100.008896	100.012444	100.010109	100.012077	100.01001	100.009964	100.010063	100.012398	100.007034	100.011147	100.014076	100.011673	100.015022	100.01149	100.012611
718	100.010597	100.00148	100.003662	99.997536	100.001144	100.001892	100.00708	100.002182	100.008347	100.005684	100.007042	100.006508	100.003708	100.005928	100.008568	100.009499	100.008842	100.013863	100.009407	100.013474	100.011894	100.011421	100.008141	100.009598	100.00985	100.008797	100.009476	100.01001	100.011398	100.013145	100.01445	100.013695	100.01091	100.014473	100.012886	100.011253	100.009132	100.00589	100.007317	100.01017	100.015244	100.011787	100.01252	100.009933	100.009064	100.014565	100.010025	100.013206	100.010368	100.012032	100.010262	100.009476	100.011101	100.013496	100.008247	100.011459	100.01535	100.012039	100.014862	100.011269	100.013985
719	100.011635	100.003197	100.003372	99.998253	100.000702	100.003769	100.008858	100.003624	100.010254	100.006927	100.007568	100.00695	100.004181	100.00631	100.009239	100.008881	100.008522	100.014183	100.009476	100.013519	100.012718	100.011909	100.008728	100.011063	100.011551	100.007484	100.011269	100.009811	100.009193	100.013748	100.015953	100.01432	100.011673	100.014305	100.014687	100.011101	100.010208	100.006439	100.007545	100.011108	100.016319	100.011238	100.012115	100.011482	100.011185	100.013496	100.011154	100.013985	100.01062	100.011993	100.010529	100.00898	100.012138	100.014587	100.009468	100.01178	100.01664	100.012421	100.014709	100.011047	100.01535
720	100.01265	100.004646	100.003036	99.99884	100.00032	100.005463	100.010284	100.004997	100.011826	100.007736	100.007965	100.007233	100.004646	100.006676	100.009872	100.008408	100.008408	100.014404	100.009499	100.013588	100.013412	100.012276	100.009171	100.012314	100.012993	100.006523	100.012718	100.009689	100.007462	100.014175	100.017097	100.014732	100.012436	100.014008	100.016212	100.010941	100.011101	100.007042	100.00769	100.01178	100.017227	100.010704	100.011703	100.012802	100.013039	100.012444	100.012314	100.014626	100.01091	100.012001	100.010704	100.008682	100.013016	100.015472	100.010506	100.012039	100.017693	100.01284	100.01458	100.010811	100.016533
721	100.013374	100.004021	100.002411	99.998451	100.000534	100.005768	100.008835	100.005699	100.010658	100.005188	100.007401	100.006462	100.004921	100.007011	100.010063	100.008987	100.009857	100.013802	100.009155	100.013779	100.01297	100.011589	100.008476	100.012032	100.012398	100.008186	100.01162	100.010094	100.009369	100.013306	100.015411	100.013565	100.013145	100.012566	100.015724	100.010895	100.010658	100.00808	100.007271	100.010216	100.016762	100.010323	100.011299	100.01236	100.012901	100.011528	100.013718	100.014206	100.011429	100.012466	100.010216	100.009933	100.012733	100.01458	100.010124	100.011894	100.01693	100.013519	100.014687	100.01059	100.016258
722	100.014114	100.003387	100.001778	99.998055	100.000748	100.006081	100.007401	100.006401	100.009476	100.002625	100.006844	100.005684	100.005211	100.007339	100.010239	100.009575	100.011322	100.013222	100.008797	100.013969	100.012527	100.01091	100.007797	100.011742	100.011803	100.00985	100.010529	100.010506	100.011276	100.012436	100.013733	100.012413	100.013855	100.011124	100.015213	100.010849	100.010216	100.009117	100.006851	100.008652	100.016296	100.009941	100.010887	100.011932	100.012764	100.010597	100.015114	100.013802	100.011955	100.012932	100.00975	100.011169	100.012444	100.013687	100.009743	100.011757	100.016151	100.014198	100.014793	100.010361	100.015976
723	100.014854	100.002754	100.001144	99.997673	100.000969	100.006378	100.005959	100.007103	100.008308	100.000061	100.006271	100.004898	100.00547	100.00769	100.010445	100.010155	100.012779	100.012627	100.008438	100.01416	100.012085	100.010231	100.007103	100.011444	100.011215	100.011528	100.009415	100.010895	100.013184	100.011574	100.012054	100.011238	100.014557	100.009689	100.014709	100.010788	100.009766	100.010155	100.006447	100.007095	100.015816	100.00956	100.010475	100.011482	100.012627	100.009682	100.016525	100.013397	100.012482	100.013397	100.009277	100.012421	100.012146	100.012794	100.009361	100.011612	100.015388	100.014877	100.014893	100.010132	100.015678
724	100.013672	100.002357	100.001038	99.999092	100.000824	100.005463	100.004997	100.006332	100.008247	100.001289	100.005959	100.004578	100.00502	100.007454	100.009369	100.009727	100.011208	100.012054	100.008034	100.012695	100.011299	100.010452	100.006592	100.010559	100.009407	100.01075	100.008598	100.010086	100.012161	100.010368	100.012421	100.010208	100.013824	100.009308	100.012794	100.010506	100.008842	100.008842	100.006142	100.005424	100.013206	100.008331	100.010147	100.010254	100.011292	100.008904	100.015388	100.011459	100.010391	100.012329	100.008308	100.011017	100.011299	100.011337	100.007568	100.009956	100.014687	100.01358	100.013802	100.010361	100.013481
725	100.011948	100.002029	100.00106	100.001038	100.000572	100.004181	100.004181	100.00515	100.008484	100.003586	100.005722	100.004349	100.004349	100.007057	100.00795	100.009048	100.008789	100.011482	100.007607	100.010765	100.010445	100.010941	100.006142	100.009499	100.007263	100.0093	100.007881	100.008926	100.010323	100.009071	100.013367	100.009201	100.012718	100.009216	100.010468	100.010132	100.007782	100.006882	100.005867	100.003731	100.010002	100.006889	100.00985	100.008797	100.009628	100.008186	100.013542	100.009094	100.007584	100.010811	100.007233	100.008865	100.010315	100.009743	100.005386	100.007858	100.014046	100.011734	100.012383	100.010727	100.010765
726	100.010216	100.001694	100.001083	100.002968	100.00032	100.002907	100.003365	100.003967	100.008736	100.00589	100.00547	100.00415	100.003685	100.00666	100.006523	100.008347	100.006363	100.01091	100.007187	100.00882	100.00956	100.011429	100.005684	100.008438	100.005104	100.007858	100.007156	100.007782	100.008476	100.007774	100.014305	100.008202	100.011612	100.009132	100.008133	100.009773	100.006721	100.004913	100.005592	100.002037	100.006805	100.005424	100.009552	100.007355	100.007965	100.007454	100.011696	100.006737	100.004753	100.0093	100.006142	100.006721	100.009308	100.008133	100.003204	100.005783	100.013374	100.00988	100.010971	100.011086	100.008049
727	100.009155	100.001312	100.001274	100.003906	100.000404	100.002327	100.00267	100.003418	100.008713	100.006927	100.005386	100.004364	100.003624	100.00621	100.005844	100.007942	100.005043	100.010422	100.007332	100.008118	100.009109	100.010918	100.004997	100.007225	100.004051	100.006882	100.006775	100.006912	100.007584	100.007118	100.013199	100.007629	100.010384	100.0093	100.006828	100.009285	100.006577	100.004219	100.005768	100.001869	100.005249	100.005112	100.00882	100.006172	100.007339	100.00676	100.010765	100.00502	100.003647	100.008347	100.0056	100.006081	100.008568	100.00708	100.00238	100.004829	100.012985	100.008812	100.010208	100.010612	100.006607
728	100.008896	100.000854	100.001678	100.003647	100.000854	100.002579	100.002083	100.003647	100.008354	100.006424	100.005486	100.005089	100.004303	100.005676	100.006065	100.007889	100.005051	100.01004	100.008156	100.008919	100.009178	100.009201	100.004005	100.005806	100.004326	100.006447	100.006805	100.006378	100.00782	100.007248	100.009605	100.007584	100.009026	100.009796	100.006775	100.008621	100.007523	100.005081	100.006508	100.003578	100.005707	100.006187	100.007591	100.005325	100.00795	100.006104	100.010933	100.004089	100.004593	100.00808	100.005737	100.007271	100.008133	100.006699	100.003204	100.005257	100.012901	100.008667	100.010239	100.009109	100.006699
729	100.008621	100.000404	100.002075	100.003372	100.00132	100.002815	100.001511	100.003853	100.007996	100.005898	100.005577	100.005829	100.004959	100.005127	100.006271	100.007835	100.005051	100.009644	100.00898	100.009705	100.009239	100.007477	100.003006	100.004387	100.004616	100.006035	100.006828	100.005829	100.008072	100.00737	100.005997	100.007538	100.007668	100.010284	100.006721	100.00795	100.008461	100.005928	100.007233	100.005272	100.006165	100.007248	100.00634	100.004486	100.00856	100.005432	100.011086	100.003143	100.005531	100.007805	100.005852	100.008453	100.007675	100.00631	100.004028	100.005684	100.012817	100.008514	100.010277	100.007607	100.006783
730	100.008537	99.999954	100.002304	100.002884	100.001701	100.002983	100.00106	100.004089	100.007538	100.005547	100.00576	100.006447	100.005424	100.004753	100.006607	100.007782	100.005066	100.0093	100.009659	100.010361	100.009071	100.006035	100.002197	100.003136	100.004921	100.005745	100.006828	100.005341	100.00827	100.007454	100.003029	100.007378	100.00647	100.010391	100.006638	100.007523	100.009247	100.006485	100.007858	100.006577	100.006378	100.007973	100.005379	100.00367	100.00898	100.004784	100.011047	100.002586	100.006317	100.007507	100.005951	100.009224	100.007126	100.005936	100.004707	100.006119	100.012505	100.008224	100.01017	100.006187	100.006775
731	100.009827	99.999557	100.001274	100.000786	100.001617	100.002518	100.001488	100.004425	100.006317	100.006317	100.006577	100.006363	100.004372	100.005638	100.007774	100.007721	100.005234	100.009308	100.009224	100.009903	100.007164	100.006691	100.002731	100.003174	100.0056	100.006508	100.006531	100.005219	100.008163	100.007317	100.0047	100.006531	100.006531	100.007835	100.006401	100.008736	100.008835	100.004936	100.007721	100.004936	100.004807	100.006248	100.006416	100.003136	100.007942	100.004242	100.009689	100.004837	100.005928	100.006935	100.005829	100.00695	100.005959	100.005737	100.004349	100.006577	100.010635	100.006905	100.008987	100.005516	100.005928
732	100.011101	99.999153	100.000237	99.998688	100.001526	100.00206	100.001923	100.004753	100.005112	100.007072	100.007401	100.006279	100.003304	100.006523	100.008919	100.007668	100.005379	100.009308	100.008812	100.009453	100.005257	100.007317	100.003281	100.003197	100.006271	100.007271	100.006233	100.005104	100.008034	100.007164	100.006378	100.005676	100.006592	100.005249	100.006165	100.009964	100.008408	100.003395	100.007568	100.003304	100.003227	100.004517	100.007454	100.002579	100.006912	100.003693	100.008331	100.00708	100.005531	100.006355	100.005707	100.004669	100.004768	100.005508	100.003983	100.007034	100.008751	100.005554	100.007805	100.004852	100.005081
733	100.012398	99.998764	99.999199	99.99659	100.001434	100.00161	100.00235	100.005089	100.003899	100.007843	100.008224	100.006187	100.002251	100.007416	100.010086	100.007614	100.005547	100.009308	100.008392	100.00901	100.003342	100.007973	100.003838	100.003227	100.00695	100.008049	100.005936	100.004982	100.007927	100.007019	100.008057	100.004837	100.00666	100.00267	100.005928	100.011192	100.007988	100.001846	100.007423	100.001656	100.001648	100.002792	100.008484	100.002037	100.00589	100.003159	100.006958	100.009346	100.00515	100.005783	100.005592	100.002411	100.003586	100.005318	100.003624	100.0075	100.006882	100.004234	100.00663	100.004196	100.004234
734	100.011696	99.999176	99.999344	99.997368	100.000954	100.001572	100.001976	100.003983	100.004578	100.006714	100.006248	100.005112	100.002777	100.00676	100.009178	100.007393	100.006058	100.009727	100.007782	100.008835	100.003395	100.006798	100.00441	100.004494	100.006355	100.007538	100.00663	100.004723	100.006226	100.006393	100.009132	100.004852	100.006088	100.003777	100.007294	100.010345	100.00769	100.00116	100.006294	100.001549	100.002609	100.002548	100.007652	100.001228	100.005135	100.002632	100.00621	100.00795	100.004875	100.006577	100.005089	100.001884	100.004211	100.004021	100.00386	100.007416	100.007591	100.004509	100.006317	100.00415	100.004578
735	100.010452	99.999817	99.999802	99.998924	100.000381	100.001617	100.001396	100.002502	100.005783	100.005066	100.003517	100.003792	100.003723	100.005707	100.007736	100.007118	100.006676	100.010262	100.007126	100.008713	100.003983	100.005112	100.004997	100.006088	100.005409	100.006691	100.007584	100.004425	100.004089	100.005638	100.010063	100.005104	100.005325	100.005898	100.009109	100.008965	100.007423	100.000702	100.004898	100.001862	100.004257	100.002708	100.006332	100.000343	100.004486	100.002121	100.0056	100.005592	100.004639	100.007759	100.004494	100.001816	100.005318	100.002434	100.004257	100.007179	100.00901	100.005211	100.006233	100.00428	100.005257
736	100.009216	100.000465	100.000259	100.000473	99.999802	100.001694	100.000824	100.001015	100.006989	100.003433	100.000778	100.002441	100.004669	100.004646	100.006279	100.006851	100.007294	100.010803	100.006462	100.008606	100.004562	100.003448	100.005577	100.00769	100.004471	100.005852	100.008537	100.004135	100.001968	100.00489	100.011002	100.005356	100.004578	100.008011	100.010918	100.007568	100.007164	100.000252	100.003494	100.002167	100.005928	100.002861	100.004997	99.999458	100.003815	100.001595	100.004997	100.00322	100.004402	100.008926	100.003883	100.001755	100.006424	100.000854	100.004662	100.00695	100.010429	100.005928	100.006149	100.00441	100.005936
737	100.008751	100.000465	100.000252	100.00148	99.999031	100.001381	100.00061	100.000786	100.007156	100.002548	99.99971	100.00193	100.004539	100.004265	100.004997	100.006119	100.006821	100.010338	100.00576	100.008919	100.005516	100.002739	100.005615	100.007607	100.004051	100.005684	100.008011	100.004089	100.001488	100.004616	100.010742	100.004944	100.003662	100.00901	100.010872	100.006104	100.006165	99.999817	100.003136	100.001785	100.005898	100.002983	100.004219	99.999695	100.00296	100.001053	100.004234	100.001823	100.003258	100.00856	100.003517	100.00119	100.006676	100.000313	100.004105	100.005791	100.010239	100.0056	100.005981	100.00322	100.005447
738	100.009193	99.999741	99.999702	100.001816	99.998055	100.000618	100.000824	100.002075	100.006081	100.002586	100.000618	100.002396	100.003143	100.004707	100.003883	100.004852	100.005051	100.008713	100.004997	100.009743	100.006905	100.003174	100.004974	100.005577	100.004242	100.00634	100.005722	100.004372	100.00296	100.004936	100.009117	100.003769	100.002563	100.00869	100.008621	100.004555	100.004303	99.999413	100.004005	100.000595	100.003922	100.003052	100.004105	100.001266	100.001846	100.000465	100.003258	100.001572	100.00106	100.006378	100.003433	100.000023	100.005913	100.000977	100.002396	100.003563	100.008133	100.004089	100.005722	100.000504	100.003601
739	100.009659	99.999008	99.999161	100.002167	99.99707	99.999855	100.001053	100.003387	100.005028	100.002632	100.001549	100.002876	100.00174	100.00515	100.0028	100.003578	100.003288	100.007072	100.004257	100.010559	100.008308	100.003624	100.004349	100.003525	100.004448	100.007011	100.003433	100.004662	100.004448	100.005257	100.007477	100.002586	100.00148	100.008377	100.006378	100.003006	100.002441	99.999023	100.00489	99.999413	100.001953	100.00312	100.00399	100.002838	100.000763	99.999901	100.002289	100.00135	99.998856	100.004181	100.003365	99.998871	100.005173	100.001671	100.000679	100.001335	100.006042	100.002563	100.005463	99.99778	100.001732
740	100.010155	99.99826	99.998856	100.002457	99.996368	99.999275	100.001404	100.004471	100.004211	100.002693	100.002411	100.003304	100.00061	100.005554	100.001999	100.002762	100.001892	100.005867	100.003731	100.011192	100.009331	100.004051	100.003906	100.002052	100.004723	100.007591	100.00174	100.004791	100.005867	100.005531	100.006081	100.001953	100.000801	100.008133	100.004448	100.001923	100.000908	99.99865	100.005554	99.998268	100.000313	100.003372	100.00399	100.004211	99.999741	99.999535	100.001617	100.001106	99.997231	100.002304	100.003304	99.998039	100.004517	100.002434	99.999222	99.999741	100.004326	100.001335	100.005295	99.995735	100.00013
741	100.011047	99.997482	100.000237	100.002434	99.997635	99.999954	100.002708	100.00428	100.004982	100.002922	100.002739	100.00354	100.001312	100.005722	100.003242	100.005188	100.003014	100.007645	100.004829	100.010612	100.007805	100.004494	100.004784	100.004364	100.005569	100.007675	100.004158	100.003883	100.006805	100.005516	100.00634	100.005135	100.002991	100.008369	100.00473	100.004089	100.001564	99.998489	100.004921	99.997559	100.001083	100.004829	100.004707	100.004288	99.999268	100.000679	100.003036	100.001022	99.999535	100.002579	100.003433	99.999519	100.004555	100.003731	99.999496	100.002419	100.005272	100.002037	100.005768	99.998383	100.000381
742	100.011948	99.996696	100.001617	100.002411	99.998894	100.000633	100.004005	100.004066	100.005768	100.003136	100.00309	100.003754	100.002029	100.00589	100.004494	100.007607	100.004128	100.009415	100.005913	100.01001	100.006279	100.004936	100.005661	100.006699	100.006416	100.007759	100.006569	100.00296	100.007751	100.005493	100.006607	100.008331	100.005196	100.008598	100.00502	100.006256	100.002205	99.998322	100.00428	99.996834	100.001846	100.006279	100.005432	100.004349	99.998802	100.001823	100.004471	100.000931	100.001846	100.002861	100.003563	100.000999	100.004593	100.005043	99.999771	100.005112	100.006195	100.002754	100.006248	100.001022	100.000633
743	100.01284	99.995918	100.003029	100.00238	100.000168	100.001312	100.005318	100.00386	100.006554	100.003365	100.003448	100.003983	100.002754	100.006065	100.005745	100.010048	100.005257	100.011215	100.007019	100.009415	100.004753	100.005386	100.006546	100.009033	100.007271	100.007843	100.009026	100.002037	100.00869	100.00547	100.006866	100.011551	100.007416	100.008842	100.005302	100.008453	100.002861	99.998169	100.003639	99.996117	100.002632	100.007759	100.006165	100.004433	99.998337	100.002983	100.005913	100.000847	100.004181	100.003143	100.003693	100.002495	100.004646	100.006355	100.000046	100.007835	100.007156	100.003479	100.006721	100.003708	100.000885
744	100.011848	99.996719	100.002632	100.001953	100.000572	100.00132	100.004921	100.003365	100.006081	100.003387	100.002846	100.003815	100.001732	100.005066	100.005577	100.009743	100.005806	100.009453	100.006279	100.008621	100.004555	100.005234	100.006607	100.008156	100.006462	100.006187	100.008476	100.001648	100.007416	100.005089	100.007141	100.009773	100.006737	100.007782	100.005325	100.008163	100.002579	99.997589	100.002846	99.996284	100.002541	100.007881	100.00634	100.003281	99.998512	100.003311	100.005592	100.001053	100.003769	100.003288	100.00341	100.002396	100.003136	100.005379	99.999634	100.007072	100.006783	100.003075	100.006805	100.003304	100.001251
745	100.010384	99.997932	100.001801	100.001434	100.000748	100.001167	100.004089	100.002762	100.005295	100.003372	100.002014	100.00354	100.000259	100.003769	100.005066	100.008736	100.006233	100.006798	100.005066	100.007759	100.004684	100.004936	100.00647	100.006462	100.005219	100.004066	100.007187	100.001358	100.005554	100.004601	100.007401	100.006744	100.005302	100.006401	100.00528	100.007233	100.002052	99.996895	100.002014	99.996681	100.002228	100.007652	100.006393	100.001816	99.998848	100.003448	100.004829	100.001335	100.002647	100.003387	100.003006	100.001892	100.001236	100.00383	99.999031	100.005424	100.006081	100.002396	100.006798	100.002121	100.001671
746	100.008919	99.999146	100.000969	100.000908	100.000938	100.001015	100.003258	100.002197	100.004494	100.003349	100.001167	100.003281	99.998795	100.002457	100.004555	100.007736	100.00666	100.004128	100.00386	100.006912	100.004829	100.004646	100.006332	100.004753	100.00399	100.001953	100.005898	100.001083	100.003693	100.004128	100.00769	100.003708	100.003883	100.00502	100.005249	100.006332	100.001526	99.996201	100.001167	99.997078	100.001945	100.007423	100.006439	100.000359	99.999199	100.003578	100.004066	100.001617	100.001526	100.003494	100.002609	100.001404	99.999336	100.002289	99.998436	100.003792	100.005379	100.001717	100.006798	100.000938	100.002075
747	100.008537	99.999687	100.001205	100.001106	100.001289	100.00161	100.003052	100.002029	100.004807	100.003197	100.000977	100.003365	99.998825	100.001823	100.004402	100.006721	100.006912	100.003883	100.003326	100.006714	100.005653	100.00489	100.006439	100.003792	100.003365	100.001907	100.004936	100.000671	100.003113	100.00441	100.007675	100.003098	100.002922	100.005127	100.005463	100.005463	100.001701	99.996422	100.001251	99.997711	100.001572	100.006882	100.006256	100.000122	100.000061	100.003876	100.004601	100.001785	100.001976	100.003967	100.003563	100.001312	99.999512	100.002411	99.999077	100.002876	100.00563	100.002037	100.006416	100.000343	100.002625
748	100.009392	99.999466	100.002655	100.002159	100.001801	100.003036	100.003578	100.00235	100.006363	100.002899	100.001526	100.003838	100.000557	100.001968	100.004669	100.005699	100.006958	100.006393	100.003525	100.007248	100.007248	100.00576	100.006805	100.003647	100.003395	100.004181	100.004364	100.000107	100.003983	100.005592	100.007355	100.005257	100.002502	100.00695	100.005981	100.004662	100.002693	99.997711	100.002357	99.998627	100.001129	100.005997	100.005806	100.001251	100.001503	100.004364	100.006638	100.001823	100.004196	100.004868	100.006035	100.001671	100.002037	100.004448	100.001129	100.002792	100.006935	100.003494	100.005661	100.000404	100.003326
749	100.010239	99.999222	100.004112	100.003204	100.002304	100.004456	100.004089	100.002655	100.007927	100.002586	100.002052	100.004326	100.002289	100.002083	100.004936	100.004669	100.007019	100.008896	100.003723	100.007774	100.008842	100.00663	100.007164	100.003502	100.003433	100.006462	100.003769	99.999542	100.004829	100.006775	100.007019	100.007416	100.002052	100.008759	100.006508	100.003853	100.003685	99.999001	100.003471	99.999527	100.000694	100.005104	100.005341	100.00238	100.00296	100.004852	100.008682	100.001862	100.006416	100.00576	100.008514	100.001999	100.004562	100.00647	100.003174	100.002693	100.008247	100.004974	100.00489	100.000465	100.004028
750	100.010918	99.999069	100.005257	100.004257	100.002548	100.005463	100.004494	100.002922	100.009003	100.002205	100.002686	100.004623	100.003609	100.002312	100.005127	100.003799	100.007019	100.010857	100.00415	100.008354	100.01001	100.007462	100.007416	100.003471	100.003494	100.008324	100.003304	99.999313	100.005707	100.007736	100.006783	100.009201	100.001884	100.010216	100.007187	100.003242	100.004593	100.000343	100.004372	100.00032	100.000572	100.004486	100.004974	100.003555	100.004158	100.005402	100.010239	100.002052	100.008156	100.006569	100.010368	100.00248	100.006714	100.008156	100.004974	100.002907	100.009552	100.006378	100.004372	100.000908	100.004623
751	100.010429	99.999153	100.004318	100.00515	100.001183	100.003754	100.004128	100.002609	100.00695	100.001312	100.003601	100.003777	100.002289	100.002907	100.004684	100.003777	100.00666	100.0093	100.005783	100.009132	100.008415	100.007965	100.006828	100.004074	100.003525	100.007454	100.003502	100.001122	100.006416	100.007156	100.006889	100.008598	100.003181	100.009323	100.008667	100.003723	100.004852	100.001999	100.003967	100.00029	100.002327	100.005508	100.00502	100.0047	100.003723	100.006233	100.008667	100.003006	100.006775	100.006714	100.008324	100.003563	100.006271	100.0075	100.004982	100.004723	100.010513	100.007309	100.005402	100.003517	100.004448
752	100.009964	99.999245	100.003365	100.006065	99.999817	100.002037	100.003746	100.002289	100.004898	100.00042	100.004539	100.00293	100.000938	100.003525	100.004257	100.003754	100.006294	100.007721	100.007423	100.009941	100.006821	100.008461	100.006248	100.0047	100.003578	100.006577	100.003708	100.002945	100.007141	100.006554	100.007011	100.007988	100.004509	100.00843	100.01017	100.004219	100.005112	100.00367	100.003578	100.000252	100.004089	100.006554	100.005066	100.005867	100.003288	100.007095	100.007103	100.003967	100.005379	100.006866	100.006279	100.004662	100.005844	100.006851	100.004997	100.006554	100.011513	100.008263	100.006447	100.006149	100.004265
753	100.009476	99.999344	100.002419	100.006989	99.998444	100.00032	100.003372	100.001976	100.002838	99.999527	100.005493	100.002083	99.999603	100.004158	100.003815	100.003746	100.005936	100.006165	100.009094	100.010742	100.005211	100.00898	100.005661	100.005325	100.003609	100.005707	100.003906	100.004791	100.007866	100.005974	100.007126	100.007378	100.005844	100.007523	100.011681	100.004707	100.005386	100.005356	100.003174	100.000229	100.005867	100.007591	100.005112	100.007042	100.002861	100.00795	100.005516	100.004944	100.00399	100.007011	100.004219	100.005768	100.005409	100.00621	100.00502	100.008415	100.01252	100.009224	100.007484	100.008797	100.004089
754	100.008713	99.998695	100.000992	100.0047	99.998398	99.998734	100.002838	100.002693	100.002563	100.000534	100.004211	100.002419	99.999931	100.003937	100.003792	100.004349	100.005699	100.005173	100.008629	100.010208	100.005051	100.008774	100.004593	100.004639	100.004471	100.005486	100.003777	100.004265	100.006927	100.005783	100.006721	100.007523	100.005806	100.007225	100.009727	100.004601	100.005531	100.004044	100.001976	100.000038	100.005447	100.006821	100.004593	100.007095	100.002441	100.006035	100.004486	100.003853	100.00383	100.006271	100.003563	100.00502	100.005745	100.00589	100.004684	100.007523	100.011314	100.0075	100.007019	100.007996	100.003777
755	100.007866	99.997887	99.999443	100.001678	99.99865	99.997185	100.002274	100.003639	100.002708	100.001999	100.002411	100.003052	100.000641	100.003525	100.003876	100.005112	100.005493	100.004318	100.00769	100.009369	100.005234	100.00843	100.00341	100.003662	100.005531	100.005409	100.003563	100.00322	100.005592	100.005676	100.006195	100.007835	100.005486	100.007057	100.006989	100.004364	100.005653	100.002052	100.000595	99.999809	100.004532	100.005615	100.003922	100.006905	100.002029	100.003471	100.003555	100.002274	100.003937	100.005325	100.00322	100.003838	100.006248	100.005653	100.004288	100.005997	100.009621	100.005173	100.00621	100.006416	100.003448
756	100.007019	99.99707	99.997887	99.99865	99.998901	99.995621	100.001701	100.004601	100.002846	100.003456	100.00061	100.003685	100.001358	100.003136	100.00396	100.005867	100.005295	100.003456	100.006744	100.008537	100.005424	100.008072	100.002228	100.00267	100.006592	100.005325	100.003349	100.002167	100.004257	100.005569	100.005676	100.008156	100.00515	100.006889	100.004234	100.004128	100.005783	100.000061	99.999207	99.99958	100.003601	100.004402	100.003265	100.006699	100.001617	100.000893	100.002632	100.000702	100.004051	100.004372	100.002884	100.002655	100.00676	100.005409	100.003883	100.004456	100.007904	100.002823	100.005386	100.004814	100.003098
757	100.007072	99.997238	99.997307	99.996933	99.999008	99.995918	100.00206	100.004768	100.003609	100.004158	100.000015	100.004288	100.001907	100.003525	100.004639	100.006805	100.006119	100.00383	100.006172	100.007919	100.005791	100.007866	100.00193	100.002968	100.00676	100.005257	100.003883	100.00222	100.004219	100.005516	100.00547	100.00898	100.004791	100.006638	100.003517	100.004898	100.006485	99.999252	99.999939	100.00013	100.003815	100.004158	100.003326	100.007072	100.001907	100.00106	100.003006	100.000549	100.004768	100.004784	100.003876	100.002586	100.007607	100.005676	100.003792	100.004242	100.00676	100.002792	100.006279	100.003815	100.00309
758	100.008034	99.998436	99.997742	99.996628	99.998924	99.998138	100.003395	100.004128	100.00502	100.004044	100.000694	100.004898	100.002266	100.004784	100.005913	100.007889	100.008034	100.00547	100.005997	100.007507	100.006363	100.00782	100.002548	100.004601	100.005997	100.005173	100.005196	100.003418	100.005569	100.005547	100.00563	100.010315	100.00441	100.006294	100.004959	100.006744	100.007805	99.999702	100.002899	100.001488	100.005188	100.004913	100.00415	100.008034	100.002922	100.004089	100.004745	100.001884	100.006119	100.006577	100.006256	100.003662	100.008812	100.006424	100.004028	100.005386	100.006226	100.005173	100.008987	100.003433	100.003418
759	100.00901	99.999641	99.998192	99.996323	99.998848	100.000404	100.004753	100.003479	100.006447	100.003922	100.001381	100.005493	100.002632	100.006042	100.007225	100.00901	100.009964	100.007126	100.005814	100.007103	100.006935	100.007782	100.003181	100.006256	100.005234	100.005104	100.006531	100.004646	100.006935	100.005554	100.005768	100.011658	100.004044	100.005959	100.006424	100.008598	100.00914	100.000168	100.005898	100.002876	100.006592	100.005684	100.004982	100.00901	100.003944	100.007156	100.006508	100.003227	100.007484	100.008415	100.008682	100.004753	100.010025	100.00721	100.00428	100.006554	100.005699	100.007584	100.011703	100.003052	100.003754
760	100.009941	100.000397	99.998268	99.996155	99.998711	100.002121	100.005722	100.003052	100.007401	100.003685	100.00206	100.005745	100.002876	100.007034	100.008224	100.009705	100.011215	100.008537	100.005806	100.006866	100.00721	100.0075	100.00386	100.007607	100.004646	100.004974	100.007378	100.005844	100.007973	100.005493	100.006256	100.01268	100.003922	100.005936	100.00769	100.010216	100.010193	100.000549	100.008224	100.003967	100.007721	100.006355	100.005928	100.009827	100.005051	100.009583	100.007973	100.004318	100.008606	100.009666	100.010597	100.005722	100.010704	100.007889	100.004517	100.007271	100.005486	100.009644	100.013863	100.002899	100.004181
761	100.010643	99.998772	99.996498	99.996742	99.998177	100.001038	100.004578	100.003731	100.005875	100.002846	100.00267	100.004158	100.002419	100.006638	100.00769	100.008179	100.008987	100.008629	100.006554	100.007416	100.005875	100.005951	100.004814	100.007339	100.005028	100.004662	100.005722	100.006821	100.007339	100.005028	100.008461	100.012146	100.005188	100.007561	100.007919	100.010551	100.009705	100.000549	100.007141	100.003563	100.007484	100.006439	100.007439	100.009727	100.006523	100.008728	100.007973	100.003967	100.008438	100.008026	100.009918	100.005974	100.008667	100.008049	100.004768	100.005653	100.00695	100.009811	100.013161	100.003899	100.00502
762	100.011337	99.997147	99.99469	99.997314	99.997635	99.999939	100.003433	100.004402	100.004341	100.001991	100.003265	100.002541	100.001968	100.006226	100.007156	100.006653	100.006721	100.008728	100.007294	100.007965	100.004539	100.004372	100.005745	100.007072	100.005402	100.004349	100.004044	100.007805	100.006714	100.004539	100.010681	100.011589	100.006462	100.009171	100.008141	100.010872	100.009201	100.000549	100.006035	100.003136	100.007248	100.006523	100.008949	100.009621	100.007996	100.007858	100.007965	100.003609	100.008263	100.006355	100.009216	100.006226	100.006607	100.008217	100.00502	100.004005	100.00843	100.009979	100.012444	100.004898	100.005867
763	100.012054	99.995499	99.992874	99.99791	99.997101	99.99884	100.002289	100.005089	100.002792	100.001129	100.003883	100.000931	100.001511	100.005814	100.006615	100.005112	100.004456	100.008835	100.008057	100.008537	100.003197	100.0028	100.006699	100.006798	100.005791	100.004028	100.002373	100.008797	100.006065	100.004051	100.012909	100.01104	100.007759	100.010788	100.008369	100.011215	100.008705	100.000549	100.004936	100.002716	100.006996	100.00663	100.010475	100.009521	100.009491	100.006996	100.007965	100.003265	100.008095	100.0047	100.008522	100.006485	100.004532	100.008377	100.005272	100.002357	100.009933	100.010147	100.011734	100.005913	100.006721
764	100.011719	99.995476	99.99366	99.999084	99.997253	99.998917	100.002411	100.003693	100.001289	100.000885	100.002502	100.001419	100.00132	100.005127	100.005409	100.004707	100.004517	100.009117	100.007057	100.00808	100.003075	100.00386	100.007095	100.005363	100.005898	100.002731	100.002159	100.007919	100.005173	100.004242	100.012718	100.01059	100.007919	100.010071	100.007973	100.010696	100.008896	100.000999	100.004288	100.002457	100.006592	100.006401	100.010338	100.009621	100.008461	100.006279	100.007721	100.003883	100.007309	100.004913	100.009216	100.006882	100.004707	100.008324	100.005463	100.003639	100.009628	100.009331	100.011086	100.005852	100.00721
765	100.011185	99.995766	99.994942	100.000397	99.997551	99.999222	100.002792	100.001892	99.999786	100.000748	100.00074	100.002327	100.00119	100.004364	100.004089	100.004517	100.005028	100.009453	100.005699	100.007439	100.003181	100.005447	100.007393	100.003708	100.005951	100.001236	100.002228	100.00666	100.004219	100.004555	100.012054	100.010155	100.007881	100.008904	100.007462	100.009987	100.009224	100.001541	100.003731	100.002228	100.006142	100.006119	100.009872	100.00975	100.00695	100.0056	100.007454	100.0047	100.006393	100.005493	100.010178	100.007294	100.005325	100.008202	100.005638	100.005493	100.009003	100.008324	100.010445	100.005569	100.007629
766	100.010658	99.996063	99.996239	100.001701	99.997849	99.999527	100.003174	100.000092	99.998268	100.000633	99.99897	100.003242	100.001076	100.003609	100.002777	100.004341	100.005569	100.009789	100.004349	100.006805	100.003304	100.007042	100.007675	100.002052	100.006012	99.999733	100.002327	100.005409	100.003265	100.00489	100.011398	100.009712	100.007843	100.007736	100.006958	100.009285	100.00956	100.002083	100.003181	100.002014	100.005699	100.005844	100.009407	100.009895	100.005432	100.004921	100.007179	100.005531	100.005486	100.006088	100.011154	100.007736	100.005959	100.008102	100.005829	100.00737	100.008369	100.007317	100.009827	100.00528	100.008072
767	100.010048	99.997177	99.996712	100.002075	99.997536	99.999527	100.002602	99.999268	99.998154	100.000084	99.998642	100.00399	100.001167	100.002708	100.002144	100.004753	100.005302	100.009979	100.003799	100.006126	100.003326	100.007042	100.007095	100.000969	100.0056	99.999741	100.002945	100.004517	100.002586	100.004982	100.009605	100.009201	100.007294	100.007118	100.006737	100.00914	100.009224	100.002312	100.002815	100.002228	100.004639	100.005516	100.009415	100.009285	100.004387	100.004456	100.00631	100.004913	100.004852	100.005951	100.011276	100.007584	100.006104	100.007942	100.00576	100.007866	100.007889	100.007645	100.008926	100.00473	100.008408
768	100.009369	99.999092	99.996391	100.001541	99.996635	99.999252	100.001122	99.999359	99.999367	99.999176	99.999718	100.004616	100.001465	100.001671	100.002182	100.005745	100.004303	100.01004	100.004005	100.005432	100.003265	100.005508	100.005653	100.000465	100.004784	100.001183	100.004105	100.003944	100.002182	100.004898	100.006775	100.008621	100.006271	100.007034	100.006783	100.009537	100.00824	100.002251	100.002609	100.002884	100.002991	100.005165	100.009933	100.007996	100.003792	100.004196	100.004875	100.00293	100.004486	100.005112	100.010597	100.006905	100.005768	100.007736	100.005432	100.00708	100.007568	100.009247	100.007805	100.003937	100.008667
769	100.00869	100.001022	99.996086	100.000999	99.995758	99.998978	99.999634	99.999466	100.000587	99.998268	100.000809	100.005249	100.001778	100.000618	100.002228	100.00676	100.003304	100.010124	100.004234	100.004745	100.00322	100.003967	100.004219	99.999962	100.00396	100.002647	100.005272	100.003387	100.001801	100.004814	100.003906	100.008049	100.005249	100.006958	100.006844	100.009956	100.007248	100.002205	100.002419	100.003525	100.00135	100.004814	100.010429	100.006714	100.003204	100.003937	100.003433	100.000938	100.004135	100.004288	100.009933	100.006226	100.005463	100.007523	100.005112	100.006294	100.007263	100.010887	100.006676	100.003136	100.008942
770	100.008156	100.002411	99.995857	100.000465	99.995461	99.99881	99.998627	99.99958	100.001694	99.997673	100.001678	100.005592	100.002014	100.000046	100.002502	100.007263	100.002815	100.010368	100.004364	100.004349	100.003395	100.00309	100.002991	99.999649	100.003471	100.00383	100.00589	100.002838	100.001587	100.0047	100.001762	100.007538	100.004509	100.006912	100.006828	100.010071	100.006332	100.001892	100.002144	100.00367	100.000191	100.004387	100.010506	100.005409	100.002991	100.00386	100.002274	99.99929	100.003662	100.003792	100.009277	100.005447	100.005066	100.007156	100.004646	100.005516	100.006935	100.011887	100.005638	100.002457	100.009033
771	100.008301	100.00148	99.996078	99.999908	99.997841	99.999115	99.999741	99.999779	100.002274	99.998512	100.00161	100.00473	100.001923	100.00148	100.003769	100.005653	100.004517	100.011398	100.004173	100.005295	100.004639	100.005112	100.002731	100.000229	100.004471	100.003769	100.004128	100.002335	100.002243	100.004433	100.002716	100.00737	100.005043	100.007042	100.006508	100.008987	100.005737	100.000572	100.001572	100.001595	100.001213	100.003685	100.00869	100.004128	100.004425	100.004555	100.002304	99.999161	100.002716	100.004768	100.008682	100.004372	100.004448	100.006149	100.003578	100.004814	100.006592	100.010231	100.005005	100.002335	100.008453
772	100.008415	100.000511	99.996307	99.999367	100.000237	99.99942	100.00087	99.999985	100.002861	99.999367	100.001564	100.003853	100.001823	100.002922	100.005043	100.004028	100.006256	100.012421	100.00399	100.006233	100.00589	100.007156	100.002464	100.000809	100.00547	100.003723	100.002357	100.001839	100.002899	100.004173	100.003693	100.007187	100.005569	100.007164	100.006195	100.007889	100.005135	99.999237	100.000999	99.999519	100.002251	100.002968	100.006866	100.002838	100.00589	100.005257	100.00235	99.999008	100.001778	100.005745	100.008102	100.003288	100.003815	100.00515	100.002495	100.004112	100.006233	100.008545	100.004372	100.002197	100.007866
773	100.00856	99.99955	99.996529	99.998817	100.002655	99.999725	100.002014	100.000191	100.003471	100.000229	100.001488	100.002983	100.001732	100.004372	100.00634	100.00238	100.007996	100.013474	100.003799	100.007187	100.007156	100.009216	100.002205	100.001404	100.0065	100.003662	100.000572	100.00132	100.003563	100.003922	100.004662	100.007011	100.006104	100.007294	100.005875	100.006783	100.004539	99.997887	100.000404	99.997421	100.003288	100.002266	100.005043	100.001541	100.007355	100.005959	100.002396	99.998871	100.000809	100.006721	100.007507	100.002197	100.003159	100.004135	100.001404	100.00341	100.005875	100.006851	100.003731	100.002075	100.007286
774	100.009811	99.998947	99.999466	99.999519	100.002518	100.000343	100.002037	100.000801	100.004074	100.000465	100.002419	100.00383	100.002838	100.004112	100.007233	100.003777	100.008476	100.012802	100.004387	100.007294	100.00676	100.008392	100.002579	100.003029	100.007202	100.004089	100.002228	100.002197	100.0047	100.004486	100.005783	100.006554	100.005363	100.006805	100.00631	100.006805	100.005295	99.998703	100.00161	99.998268	100.002815	100.002632	100.004616	100.002037	100.005699	100.007042	100.003136	100.000298	100.001778	100.006691	100.008133	100.002014	100.004745	100.00441	100.002014	100.002922	100.006226	100.00676	100.004128	100.002396	100.006279
775	100.011238	99.998383	100.002823	100.00042	100.001968	100.000999	100.001862	100.001457	100.004669	100.00061	100.003502	100.004959	100.004128	100.003578	100.008057	100.00563	100.008751	100.011841	100.005104	100.007248	100.006081	100.007103	100.003036	100.004807	100.007858	100.004593	100.004425	100.003281	100.00589	100.00515	100.006912	100.006065	100.00441	100.00621	100.006851	100.007011	100.006248	99.99984	100.003067	99.99958	100.002098	100.003159	100.004387	100.0028	100.003525	100.008179	100.003967	100.001953	100.003029	100.00647	100.008919	100.001945	100.006676	100.00489	100.002899	100.002434	100.00666	100.006882	100.004662	100.002792	100.005188
776	100.012672	99.997818	100.00621	100.00132	100.001404	100.001671	100.001694	100.002121	100.005295	100.00074	100.004601	100.006088	100.005424	100.003029	100.008896	100.007484	100.009026	100.010872	100.005814	100.00721	100.005409	100.005806	100.003502	100.006592	100.008514	100.005104	100.006638	100.004372	100.007103	100.005844	100.008057	100.005569	100.003456	100.005615	100.007401	100.007225	100.00721	100.000977	100.004539	100.000908	100.001373	100.003693	100.004158	100.003586	100.00135	100.009331	100.004829	100.003639	100.004288	100.006248	100.009727	100.001884	100.008621	100.005356	100.003777	100.001953	100.007103	100.007011	100.005196	100.003174	100.004105
777	100.012794	99.998009	100.007057	100.001801	100.000908	100.002419	100.00132	100.002289	100.005127	100.001381	100.004753	100.006042	100.004944	100.003433	100.008095	100.008141	100.008499	100.010704	100.006546	100.006607	100.005661	100.005516	100.004257	100.006699	100.008415	100.005257	100.006638	100.004532	100.006798	100.005707	100.008453	100.006088	100.004021	100.005302	100.007713	100.007355	100.006989	100.002243	100.00489	100.001549	100.001671	100.004044	100.004562	100.004753	100.000587	100.00898	100.005463	100.00354	100.004578	100.006088	100.009514	100.002113	100.009064	100.005051	100.003922	100.001678	100.007881	100.006233	100.005684	100.002991	100.003647
778	100.011765	99.998848	100.005722	100.001923	100.000465	100.003242	100.000763	100.002014	100.004318	100.002441	100.004112	100.004982	100.00293	100.004662	100.00589	100.007774	100.007286	100.011169	100.007294	100.005516	100.006721	100.006081	100.005272	100.005363	100.00769	100.005112	100.004791	100.003883	100.005219	100.004898	100.008224	100.0075	100.005867	100.005272	100.007835	100.007423	100.005768	100.003586	100.00428	100.001633	100.002838	100.004242	100.005508	100.006256	100.000999	100.007332	100.005913	100.001945	100.004051	100.005981	100.008438	100.002579	100.00824	100.004089	100.003456	100.001587	100.008942	100.0047	100.006088	100.002304	100.003731
779	100.010727	99.999687	100.004364	100.002029	100	100.004066	100.000206	100.00174	100.003479	100.003517	100.003456	100.003906	100.000893	100.005875	100.003647	100.007378	100.006042	100.011658	100.008026	100.00441	100.007774	100.006638	100.006279	100.004021	100.00695	100.004959	100.002899	100.00322	100.003624	100.004066	100.007973	100.008919	100.007736	100.005219	100.007942	100.0075	100.004517	100.004944	100.003662	100.001701	100.004021	100.004448	100.006462	100.007774	100.001434	100.005661	100.006363	100.00032	100.003494	100.005867	100.007339	100.003052	100.007378	100.00312	100.002968	100.001488	100.01001	100.00312	100.006508	100.00161	100.003815
780	100.009476	99.999962	100.002907	100.001816	99.999611	100.00428	99.99971	100.001335	100.002548	100.004074	100.002922	100.003143	99.999062	100.006195	100.001892	100.006821	100.004837	100.011429	100.007996	100.00354	100.007927	100.007034	100.006416	100.002686	100.005875	100.004341	100.001541	100.002434	100.002327	100.003418	100.007393	100.009621	100.008774	100.00502	100.00769	100.007141	100.003387	100.004959	100.002823	100.00132	100.00441	100.00428	100.006935	100.008202	100.001587	100.003838	100.006279	99.99894	100.002655	100.005341	100.006119	100.002876	100.00631	100.002243	100.002197	100.001183	100.010254	100.001846	100.006569	100.000504	100.003578
781	100.007538	99.998207	100.001099	100.000397	99.999466	100.00222	99.999496	100.000443	100.001274	100.002815	100.002754	100.003479	99.998016	100.003304	100.001907	100.005653	100.003754	100.008667	100.005219	100.003517	100.004814	100.006828	100.003372	100.001442	100.003578	100.002037	100.002083	100.00119	100.002159	100.003395	100.005531	100.007736	100.006821	100.004265	100.006195	100.005234	100.002693	100.000107	100.00119	99.999252	100.001968	100.002838	100.005768	100.004745	100.000778	100.001457	100.004318	99.998436	100.000778	100.003288	100.004387	100.000381	100.00441	100.001717	100.000336	100.000107	100.007523	100.001633	100.005363	99.997971	100.002167
782	100.005569	99.996445	99.999275	99.998947	99.999329	100.000153	99.999275	99.999557	100	100.001549	100.002586	100.00383	99.996964	100.000381	100.001923	100.004456	100.002655	100.00589	100.002419	100.003517	100.001694	100.00663	100.000298	100.000191	100.001266	99.99971	100.002632	99.999954	100.001991	100.003395	100.003662	100.005852	100.004852	100.003502	100.004684	100.003342	100.001991	99.995224	99.99955	99.997154	99.999504	100.001396	100.004578	100.001251	99.999962	99.999062	100.002335	99.997925	99.998878	100.001228	100.002655	99.997879	100.002502	100.00119	99.998466	99.999039	100.004768	100.001442	100.004135	99.995407	100.000748
783	100.003578	99.994652	99.997414	99.997505	99.999168	99.998047	99.999062	99.99865	99.998695	100.000252	100.002419	100.004173	99.995895	99.997406	100.00193	100.003258	100.001564	100.003052	99.999565	100.003494	99.998512	100.006416	99.997185	99.998924	99.998924	99.997345	100.003197	99.99868	100.001823	100.003372	100.001755	100.003937	100.002846	100.002731	100.003159	100.001396	100.001274	99.990257	99.997879	99.995033	99.997002	99.999916	100.003372	99.997704	99.999123	99.996635	100.00032	99.997406	99.996941	99.999123	100.000908	99.995331	100.000557	100.000656	99.996582	99.99794	100.001976	100.001228	100.002899	99.992798	99.999306
784	100.004646	99.996376	99.997971	99.997345	99.99939	99.999695	100.001167	99.999741	100.001183	100.000679	100.002289	100.005295	99.997833	100.000122	100.001419	100.004135	100.002731	100.003876	100.001183	100.003723	100.00029	100.006989	99.998764	100.000366	100.000908	99.99897	100.002922	100.000587	100.002373	100.004219	100.002861	100.00396	100.003006	100.002541	100.003693	100.001999	100.001053	99.992226	99.998787	99.99614	99.998611	100.000526	100.002922	99.998322	99.999527	99.999161	100.000252	99.999016	99.997421	100.000359	100.000725	99.99688	100.001488	100.001038	99.998566	99.99868	100.00193	100.001213	100.002396	99.994461	99.999649
785	100.006065	99.998505	99.998795	99.997314	99.999634	100.001785	100.003555	100.001053	100.004128	100.001312	100.002159	100.0065	100.000122	100.003494	100.000832	100.005272	100.004181	100.005112	100.003311	100.00396	100.002632	100.007652	100.000885	100.002121	100.00341	100.001053	100.002518	100.002876	100.003014	100.005165	100.004318	100.004196	100.003372	100.002411	100.004448	100.002884	100.00087	99.995003	99.999985	99.99762	100.000694	100.001358	100.002518	99.999413	100.000069	100.002266	100.000404	100.000885	99.998169	100.001976	100.000725	99.998917	100.002739	100.001511	100.001015	99.999619	100.002197	100.001213	100.001968	99.996628	100.000191
786	100.007523	100.000679	99.999641	99.997292	99.999893	100.003906	100.005997	100.002396	100.007118	100.001953	100.002029	100.007736	100.002457	100.006927	100.000252	100.006416	100.005661	100.006363	100.005493	100.004219	100.005028	100.008347	100.003036	100.003937	100.005951	100.003174	100.002136	100.005188	100.00367	100.006126	100.005783	100.004456	100.003777	100.002274	100.005219	100.003799	100.000694	99.997818	100.001213	99.999115	100.0028	100.00222	100.002136	100.000526	100.000618	100.005447	100.000557	100.002777	99.998932	100.003624	100.000725	100.000977	100.004021	100.001999	100.003502	100.000572	100.002464	100.001228	100.001541	99.998817	100.000748
787	100.007904	100.000893	99.999504	99.997269	99.999367	100.004196	100.005997	100.002693	100.007141	100.002312	100.002136	100.006355	100.002838	100.007477	100.001755	100.006462	100.005363	100.006699	100.00589	100.004639	100.005325	100.007355	100.004044	100.003563	100.00634	100.003159	100.001541	100.005173	100.003098	100.005112	100.005699	100.004128	100.003242	100.002579	100.004753	100.004044	100.000748	99.998055	100.000954	99.998802	100.002243	100.002579	100.001312	100.000801	100.000229	100.004753	100.000465	100.002754	99.999168	100.003258	100.000175	100.001419	100.003113	100.001564	100.003349	100.000748	100.001968	100.000916	100.000916	99.999313	99.999908
788	100.007523	99.999657	99.998634	99.997246	99.998268	100.003143	100.004211	100.00222	100.004982	100.00248	100.002411	100.003014	100.001762	100.005875	100.004814	100.005676	100.003746	100.006332	100.005005	100.005196	100.004105	100.005112	100.004219	100.001587	100.00515	100.001564	100.000801	100.003448	100.00161	100.002632	100.004471	100.003365	100.002029	100.003197	100.003365	100.003769	100.000977	99.996384	99.999611	99.997131	99.999695	100.002548	100.000145	100.00045	99.999146	100.001213	100.000206	100.001297	99.999016	100.001396	99.999199	100.000679	100.000572	100.000404	100.001228	100.000343	100.000885	100.000359	100.000175	99.998558	99.998024
789	100.007126	99.998405	99.997749	99.997231	99.997154	100.00206	100.00238	100.00174	100.002792	100.002647	100.002693	99.999626	100.000679	100.004257	100.007919	100.00489	100.002113	100.005974	100.004089	100.005768	100.002846	100.002846	100.00441	99.999596	100.003944	99.999939	100.000046	100.001694	100.000107	100.000107	100.00322	100.002602	100.000801	100.00383	100.001945	100.003494	100.001213	99.994675	99.998245	99.995438	99.997116	100.002541	99.998978	100.000122	99.998032	99.997627	99.999939	99.999832	99.998848	99.999504	99.998215	99.999931	99.998001	99.999222	99.999077	99.999924	99.999794	99.999794	99.99942	99.997787	99.996101
790	100.006889	99.997261	99.996788	99.997101	99.996254	100.001106	100.000908	100.00135	100.001251	100.001999	100.002609	99.997292	99.999359	100.00309	100.009537	100.003792	100.000977	100.005745	100.003174	100.006058	100.002228	100.000992	100.004105	99.998322	100.002876	99.998779	99.999573	99.999901	99.998955	99.998329	100.002274	100.00193	99.999771	100.00415	100.000504	100.002823	100.000977	99.993446	99.997177	99.99424	99.995705	100.002289	99.998077	99.999771	99.997124	99.9953	99.999527	99.998459	99.998627	99.997917	99.99749	99.999069	99.996269	99.998566	99.997269	99.999207	99.999275	99.999847	99.998627	99.997261	99.9944
791	100.007118	99.996468	99.995644	99.996696	99.995995	100.000511	100.000488	100.001213	100.001694	99.999031	100.001442	99.998116	99.997391	100.003281	100.006721	100.001778	100.001335	100.005913	100.002197	100.005463	100.003525	100.00042	100.002327	99.999199	100.002205	99.99897	99.999924	99.998055	99.998878	99.998787	100.002266	100.00161	99.99939	100.003525	99.999001	100.001038	99.999413	99.993637	99.99704	99.994492	99.997757	100.00135	99.997986	99.99939	99.996796	99.996727	99.99868	99.997406	99.998238	99.997208	99.997589	99.99791	99.997047	99.999451	99.996521	99.99762	100.000443	100.00174	99.997726	99.997482	99.993355
792	100.007332	99.995651	99.994461	99.996277	99.99572	99.999886	100.000069	100.001076	100.002136	99.995979	100.000237	99.998955	99.995377	100.003456	100.00386	99.999725	100.001694	100.006081	100.001205	100.004837	100.004837	99.99984	100.000511	100.000084	100.001526	99.999153	100.000275	99.996162	99.998787	99.999245	100.002243	100.001274	99.998993	100.002899	99.997467	99.999222	99.997803	99.993805	99.996887	99.994759	99.99984	100.000381	99.997879	99.998993	99.996452	99.998169	99.997803	99.996338	99.997833	99.996483	99.997673	99.996719	99.997833	100.000343	99.99575	99.996002	100.00161	100.00367	99.996811	99.997688	99.992279
793	100.007545	99.99482	99.993279	99.995842	99.995445	99.999245	99.999634	100.000931	100.002579	99.992874	99.999031	99.999817	99.993324	100.003639	100.000954	99.997643	100.002075	100.006248	100.000191	100.004219	100.006172	99.999245	99.99868	100.000992	100.000824	99.999336	100.000633	99.99424	99.998695	99.999702	100.00222	100.000938	99.998581	100.002266	99.995911	99.997368	99.996178	99.99398	99.99675	99.995026	100.001968	99.999413	99.99778	99.998581	99.996109	99.999641	99.996925	99.995232	99.997414	99.995735	99.997772	99.995506	99.99865	100.001251	99.994957	99.994354	100.0028	100.00563	99.995872	99.997887	99.991196
794	100.007645	99.994293	99.993217	99.9944	99.994904	99.997009	100.000252	100.000786	100.002373	99.993584	99.998169	99.998672	99.993896	100.00193	99.999672	99.999634	100.001076	100.004456	100.000656	100.003731	100.00528	99.999657	99.998817	100.001122	100.001732	99.999603	99.999535	99.996277	99.999878	100.000298	100.00161	100.000633	99.998665	100.002884	99.997284	99.997688	99.996414	99.99424	99.996109	99.995483	99.999603	99.998489	99.997643	99.999443	99.995682	99.998398	99.996696	99.994637	99.998001	99.996552	99.996742	99.994949	99.998978	100.000237	99.994194	99.994133	100.002304	100.003708	99.9953	99.998642	99.99221
795	100.007721	99.993752	99.993248	99.992874	99.994339	99.994621	100.000931	100.000633	100.002121	99.994576	99.997307	99.997383	99.994644	100.000069	99.998474	100.001907	99.999962	100.002502	100.001228	100.003258	100.004211	100.000145	99.999084	100.001228	100.002754	99.999886	99.998337	99.998604	100.001167	100.000908	100.000938	100.000313	99.998772	100.003586	99.998856	99.998154	99.996788	99.994507	99.995438	99.995964	99.996925	99.997543	99.997505	100.00042	99.995239	99.996933	99.996506	99.994064	99.998672	99.997482	99.995644	99.994423	99.999306	99.999077	99.993423	99.993988	100.001694	100.001503	99.994728	99.999428	99.993378
796	100.007797	99.993202	99.993248	99.991295	99.993752	99.992165	100.001617	100.000473	100.001862	99.995575	99.996414	99.996056	99.995407	99.998161	99.997238	100.004242	99.998825	100.000504	100.001801	100.002754	100.00312	100.000618	99.999359	100.001312	100.003777	100.000168	99.997101	100.000977	100.002464	100.001526	100.000259	99.999985	99.998878	100.004303	100.000465	99.998604	99.997154	99.994774	99.994728	99.996445	99.994164	99.99659	99.997353	100.001381	99.994774	99.995445	99.996307	99.993477	99.999336	99.998428	99.994499	99.993866	99.999611	99.997887	99.992622	99.993851	100.001053	99.999245	99.994156	100.000229	99.994568
797	100.006973	99.994293	99.995323	99.9916	99.994858	99.992775	100.002739	100.000511	100.002884	99.997711	99.996574	99.996201	99.996681	99.998665	99.998581	100.004807	100.000717	100.001488	100.002335	100.003494	100.003685	100.00193	100.000298	100.001816	100.004791	100.000443	99.997696	100.001511	100.003342	100.002098	100.00106	100.000443	100.000191	100.004616	100.002182	99.99984	99.998703	99.994972	99.995575	99.997414	99.994347	99.997498	99.998474	100.002792	99.995712	99.996544	99.997803	99.99469	99.999794	99.999588	99.995049	99.995323	100.000443	99.997849	99.994781	99.995331	100.00206	99.999687	99.995415	100.001297	99.99646
798	100.005615	99.996429	99.998711	99.993095	99.99704	99.995316	100.004135	100.000694	100.00473	100.000587	99.997368	99.997292	99.998306	100.000694	100.001541	100.00428	100.004532	100.004364	100.002861	100.005028	100.005295	100.003769	100.001656	100.002586	100.005791	100.000748	99.999466	100.000908	100.003967	100.002655	100.002815	100.001404	100.002266	100.004662	100.003983	100.001587	100.001015	99.995125	99.997398	99.998726	99.996361	99.99958	100.00042	100.004486	99.997536	99.999283	100.000381	99.997032	100.00013	100.000916	99.996658	99.998055	100.00161	99.998543	99.998833	99.997849	100.004112	100.001846	99.997856	100.002563	99.998817
799	100.004211	99.998604	100.002167	99.994598	99.99926	99.997902	100.005554	100.000854	100.00663	100.003502	99.998169	99.998383	99.999947	100.002731	100.004555	100.003723	100.008415	100.007286	100.003387	100.006569	100.006935	100.005653	100.003052	100.003365	100.006805	100.001038	100.001236	100.000298	100.004578	100.003227	100.004601	100.00238	100.004372	100.004707	100.005814	100.003365	100.003365	99.995277	99.999245	100.000046	99.998405	100.001701	100.00238	100.006187	99.999382	100.00206	100.003014	99.999428	100.00045	100.002266	99.998276	100.000824	100.002792	99.999229	100.002945	100.00042	100.006187	100.004028	100.000336	100.00383	100.001228
800	100.003563	99.999901	100.004158	99.99604	100.001129	100.000343	100.006866	100.001083	100.007614	100.005043	99.998863	99.999466	100.001434	100.004318	100.006828	100.003815	100.011169	100.009109	100.003838	100.007462	100.008331	100.00666	100.003906	100.004051	100.007286	100.001656	100.002861	100.000069	100.005104	100.003563	100.005852	100.003159	100.005783	100.004959	100.006989	100.004768	100.004669	99.995789	100.00074	100.000366	100.000092	100.003143	100.004196	100.007339	100.00074	100.00396	100.004707	100.001587	100.000763	100.002991	99.999687	100.002907	100.003326	100	100.005302	100.002144	100.007675	100.005745	100.002754	100.004601	100.003181
801	100.004707	99.999084	100.002625	99.997223	100.002075	100.002396	100.007881	100.001381	100.006462	100.00322	99.999222	100.000427	100.002419	100.004684	100.007187	100.005341	100.011154	100.008263	100.004044	100.006737	100.009094	100.005569	100.003433	100.004517	100.006416	100.002945	100.004005	100.000748	100.005318	100.003349	100.005783	100.003448	100.005508	100.005653	100.006554	100.00528	100.003479	99.997063	100.00135	99.998322	100.000854	100.00293	100.0056	100.007118	100.00087	100.003662	100.004066	100.00309	100.000992	100.002205	100.000443	100.003281	100.002289	100.000893	100.003433	100.001823	100.007675	100.006279	100.004959	100.00415	100.003983
802	100.005875	99.998245	100.001053	99.998444	100.003036	100.004494	100.008904	100.001701	100.005272	100.00135	99.999603	100.001419	100.003433	100.005089	100.007568	100.006905	100.011147	100.007401	100.004257	100.005981	100.009895	100.004456	100.00296	100.004997	100.005531	100.004265	100.005165	100.001442	100.005547	100.00312	100.005707	100.003746	100.005211	100.006355	100.006104	100.005814	100.002251	99.998352	100.001953	99.996231	100.001648	100.002693	100.007042	100.006889	100.000999	100.003349	100.00341	100.004616	100.001205	100.001396	100.001213	100.003662	100.001236	100.001801	100.001526	100.001488	100.007668	100.006821	100.007225	100.00367	100.004791
803	100.007057	99.997391	99.999435	99.999687	100.004028	100.006615	100.009964	100.002014	100.004051	99.999443	99.999985	100.002434	100.004456	100.005486	100.007942	100.008514	100.011131	100.006523	100.004471	100.005211	100.010696	100.003342	100.002457	100.005486	100.004639	100.005615	100.00634	100.002159	100.005768	100.002899	100.005638	100.004028	100.004913	100.007072	100.005638	100.006355	100.001015	99.999687	100.002586	99.994095	100.002441	100.002457	100.008514	100.006653	100.001144	100.003036	100.002739	100.006187	100.001434	100.000572	100.002014	100.004028	100.000153	100.002731	99.99958	100.00116	100.007668	100.00737	100.009514	100.003174	100.00563
804	100.008461	99.997749	99.999588	99.999565	100.001953	100.004494	100.00708	100.002739	100.003006	99.998192	99.999474	100.00322	100.003662	100.006195	100.007294	100.006271	100.010284	100.006058	100.004707	100.006882	100.010071	100.00415	100.000473	100.004898	100.00441	100.003609	100.005852	100.002625	100.005409	100.003098	100.0056	100.004173	100.005135	100.006035	100.004517	100.005783	100.002312	99.998703	100.001617	99.99453	100.00309	100.001083	100.007187	100.005295	100.001022	100.00206	100.002945	100.002922	100.001022	99.999702	100.002602	100.002083	100.001274	100.002518	99.998734	99.999512	100.007095	100.005547	100.007591	100.00148	100.004959
805	100.009895	99.998131	99.999756	99.999435	99.999794	100.002274	100.004074	100.003494	100.00193	99.996933	99.99894	100.004005	100.0028	100.00695	100.00663	100.003937	100.009415	100.005592	100.004936	100.008606	100.00943	100.004982	99.998436	100.00428	100.004196	100.001511	100.005341	100.003113	100.00502	100.003304	100.005592	100.004303	100.005379	100.004944	100.003372	100.005173	100.003693	99.997673	100.000618	99.995003	100.003754	99.99968	100.005791	100.003876	100.000916	100.001076	100.003159	99.999527	100.000587	99.99881	100.00322	100.000061	100.002441	100.002274	99.997879	99.997803	100.0065	100.003639	100.005592	99.999702	100.004257
806	100.01136	99.998512	99.999939	99.999298	99.997589	100.000015	100.001015	100.004242	100.000824	99.995628	99.99839	100.004814	100.001945	100.007698	100.005928	100.001541	100.008545	100.005112	100.005173	100.010368	100.008759	100.005867	99.996346	100.003662	100.003967	99.999367	100.004814	100.003586	100.004639	100.003525	100.005554	100.004448	100.00563	100.00383	100.002197	100.004555	100.005089	99.996605	99.999588	99.995491	100.004425	99.998222	100.004372	100.002441	100.000801	100.000046	100.003387	99.996056	100.000153	99.997894	100.003838	99.997993	100.003662	100.002029	99.997002	99.996078	100.005913	100.001701	100.003525	99.997894	100.00354
807	100.010872	99.999748	100.00029	100.00045	99.997627	99.999527	99.99955	100.004288	100.001053	99.997192	99.999825	100.005295	100.001297	100.008141	100.005875	100.001953	100.007881	100.00515	100.006935	100.011375	100.00769	100.007271	99.998016	100.003456	100.004829	99.999138	100.005089	100.004539	100.003899	100.005959	100.007248	100.005211	100.006363	100.004593	100.003967	100.006439	100.007797	99.998947	100.001122	99.9981	100.005486	99.999672	100.005005	100.004517	100.002876	100.001396	100.005112	99.998459	100.002144	99.99939	100.0047	99.999702	100.005219	100.002411	99.999626	99.998352	100.007164	100.002815	100.005081	99.99894	100.00502
808	100.009369	100.001396	100.000694	100.002243	99.998795	99.999931	99.99884	100.00396	100.001923	100.000206	100.002251	100.005569	100.000748	100.008408	100.006104	100.003769	100.007332	100.005424	100.009499	100.012001	100.006393	100.008965	100.001572	100.003433	100.006195	99.999855	100.005737	100.005737	100.00296	100.009521	100.009811	100.006271	100.007355	100.006279	100.007233	100.009598	100.011192	100.003029	100.003937	100.001816	100.006737	100.002563	100.00666	100.008392	100.006065	100.003937	100.007607	100.003815	100.005386	100.002098	100.005661	100.003342	100.006989	100.003067	100.004028	100.002655	100.009346	100.005463	100.008453	100.001404	100.007607
809	100.007843	100.00309	100.001122	100.004074	99.999992	100.000343	99.998131	100.003639	100.002823	100.003281	100.004745	100.005867	100.000206	100.00869	100.006363	100.00563	100.00676	100.005722	100.012123	100.01265	100.005066	100.010696	100.005234	100.003418	100.007629	100.00061	100.006401	100.006973	100.002029	100.013161	100.012436	100.00737	100.008354	100.008034	100.010559	100.012817	100.014671	100.00721	100.006821	100.0056	100.008026	100.005516	100.008369	100.012337	100.009361	100.006531	100.010155	100.009308	100.008713	100.004875	100.00666	100.007057	100.008774	100.003754	100.008545	100.007072	100.011589	100.008179	100.011894	100.003944	100.010239
810	100.006744	100.003349	100.001694	100.00473	100.000725	100.000618	99.998329	100.003365	100.003281	100.005272	100.006165	100.005898	100.000237	100.008545	100.005981	100.006546	100.00589	100.006393	100.0131	100.012863	100.004532	100.011147	100.007057	100.003227	100.008095	100.001038	100.006989	100.007233	100.001541	100.014969	100.013336	100.007996	100.00869	100.008896	100.01165	100.013855	100.015602	100.008644	100.00843	100.007805	100.008224	100.007652	100.009239	100.013908	100.010979	100.007645	100.011185	100.011871	100.010124	100.00631	100.007225	100.009224	100.00975	100.003944	100.010941	100.009171	100.012527	100.009583	100.013496	100.005791	100.011101
811	100.006485	100.000969	100.002518	100.003159	100.000595	100.000633	100.000214	100.003204	100.002884	100.005234	100.005569	100.005447	100.001381	100.007629	100.004425	100.005707	100.004471	100.007736	100.011002	100.012276	100.005486	100.009216	100.00547	100.002693	100.006805	100.000908	100.007393	100.005684	100.00193	100.013329	100.011002	100.007751	100.007736	100.00808	100.008484	100.010765	100.01178	100.004921	100.007607	100.007042	100.006401	100.008156	100.008522	100.011017	100.009476	100.005913	100.009346	100.008904	100.00795	100.005234	100.006958	100.008461	100.009193	100.003227	100.009361	100.006927	100.010994	100.008545	100.011589	100.006332	100.008598
812	100.006226	99.99852	100.003365	100.001572	100.00045	100.000633	100.002144	100.003067	100.002495	100.005196	100.004959	100.004974	100.002563	100.006714	100.002846	100.004868	100.003029	100.009132	100.008865	100.011703	100.006462	100.007248	100.003853	100.002144	100.005486	100.000778	100.007805	100.004128	100.00235	100.01165	100.008621	100.007507	100.00676	100.007263	100.005257	100.007607	100.007866	100.001129	100.006783	100.006256	100.004555	100.00869	100.007805	100.008057	100.00795	100.00415	100.007484	100.005875	100.005722	100.004135	100.006714	100.00769	100.008629	100.002495	100.007721	100.004662	100.00943	100.0075	100.009644	100.006882	100.006042
813	100.006042	99.996223	100.004173	100.000069	100.00042	100.000702	100.004005	100.002922	100.002228	100.005196	100.004372	100.004593	100.003792	100.005829	100.001457	100.004074	100.001717	100.010513	100.006798	100.011147	100.007439	100.005379	100.002312	100.001701	100.004265	100.000847	100.008263	100.002647	100.002823	100.009956	100.006355	100.007317	100.005844	100.006462	100.002205	100.004639	100.004074	99.997505	100.005951	100.005508	100.002815	100.009132	100.007126	100.005211	100.006462	100.002502	100.005745	100.002922	100.003609	100.003113	100.006439	100.00695	100.008095	100.001945	100.006142	100.002396	100.007965	100.006531	100.00782	100.0075	100.003662
814	100.007988	99.998703	100.003777	100.001755	100.002792	100.002243	100.003365	100.00341	100.005356	100.006149	100.004768	100.00621	100.005653	100.006393	100.005363	100.005051	100.004303	100.011185	100.007103	100.011467	100.008026	100.006676	100.003517	100.003838	100.006042	100.005684	100.009193	100.004211	100.004829	100.008789	100.007698	100.008736	100.006638	100.006577	100.004593	100.007545	100.005005	99.999802	100.005531	100.006065	100.004669	100.007652	100.007797	100.006508	100.006737	100.004509	100.008072	100.003304	100.005028	100.004234	100.006012	100.007332	100.008629	100.006165	100.006149	100.001839	100.009224	100.008583	100.009789	100.00956	100.006363
815	100.009979	100.001228	100.003387	100.003456	100.005211	100.003815	100.002708	100.003883	100.00856	100.007118	100.005173	100.007881	100.007561	100.006958	100.009361	100.006065	100.00695	100.011864	100.007439	100.011803	100.008606	100.007988	100.004753	100.00602	100.007858	100.010635	100.010147	100.005791	100.006882	100.007591	100.009087	100.010178	100.007477	100.006714	100.007034	100.010529	100.005959	100.002144	100.005089	100.00663	100.006569	100.006149	100.008484	100.007835	100.007011	100.006546	100.010468	100.003685	100.006485	100.005379	100.005592	100.007713	100.009171	100.010468	100.006172	100.001266	100.010536	100.010681	100.011787	100.011658	100.009132
816	100.012001	100.003815	100.002968	100.005211	100.00769	100.005409	100.002029	100.004387	100.011826	100.008102	100.005592	100.009583	100.009514	100.007545	100.013458	100.007095	100.009644	100.012543	100.007782	100.012138	100.009216	100.009346	100.00602	100.008263	100.009712	100.015701	100.011124	100.007423	100.00898	100.006363	100.010506	100.011658	100.008308	100.006828	100.009537	100.01358	100.006935	100.004532	100.004646	100.00721	100.008514	100.004616	100.009193	100.009178	100.007294	100.008644	100.012901	100.004074	100.007965	100.006546	100.00515	100.008102	100.009743	100.014877	100.006195	100.000671	100.011864	100.012817	100.013855	100.013817	100.011955
817	100.011269	100.002335	100.002312	100.004784	100.006996	100.006546	100.002304	100.00441	100.010765	100.006996	100.003372	100.008461	100.007904	100.007263	100.013481	100.006691	100.009621	100.012062	100.007233	100.010368	100.00769	100.008865	100.006165	100.008324	100.008896	100.013229	100.010086	100.006721	100.008522	100.004936	100.010315	100.011169	100.007652	100.006523	100.008751	100.01342	100.006119	100.004791	100.003227	100.007545	100.00901	100.004562	100.007835	100.007698	100.006653	100.008072	100.011787	100.004593	100.006996	100.007782	100.004433	100.007095	100.008629	100.014519	100.005363	100.000534	100.011635	100.01162	100.012497	100.011826	100.010956
818	100.00943	99.999268	100.001572	100.003494	100.005066	100.0075	100.002945	100.004257	100.007996	100.005066	100.000107	100.006248	100.004898	100.006615	100.011917	100.005737	100.008545	100.011124	100.00634	100.007751	100.005295	100.007675	100.005867	100.007538	100.007034	100.007805	100.00824	100.005089	100.007072	100.003387	100.009499	100.009903	100.006401	100.006035	100.006676	100.012016	100.004578	100.004234	100.001404	100.007782	100.008965	100.005081	100.005653	100.005104	100.005638	100.006462	100.0093	100.005165	100.005066	100.009064	100.003601	100.005516	100.006866	100.012299	100.004181	100.000595	100.010788	100.009117	100.009796	100.008186	100.008438
819	100.007561	99.996132	100.000801	100.002167	100.003098	100.008476	100.003609	100.004105	100.005173	100.003098	99.996773	100.003967	100.001839	100.005959	100.010345	100.004768	100.007454	100.010155	100.005424	100.005081	100.002846	100.00647	100.005577	100.006744	100.005135	100.002251	100.006355	100.003433	100.005592	100.001816	100.008682	100.008621	100.005127	100.005531	100.004562	100.010597	100.003029	100.003662	99.999542	100.008034	100.008904	100.0056	100.003418	100.002457	100.004623	100.004814	100.006744	100.005745	100.003098	100.010368	100.002762	100.003922	100.005081	100.010048	100.002983	100.000671	100.009918	100.006569	100.007034	100.004471	100.00589
820	100.006165	99.994331	99.999847	100.001442	100.000954	100.007805	100.003494	100.00341	100.003136	100.001106	99.995827	100.001396	99.999825	100.004669	100.008369	100.003937	100.00663	100.008331	100.005028	100.004425	100.001839	100.005981	100.00547	100.005676	100.00367	99.999779	100.004852	100.002182	100.004242	100.001541	100.007584	100.007721	100.003853	100.005806	100.003662	100.009468	100.002876	100.002579	99.999565	100.007607	100.007996	100.006737	100.003311	100.001572	100.003883	100.004173	100.005653	100.006958	100.002548	100.010124	100.002335	100.003639	100.003746	100.008301	100.001892	100.00116	100.008789	100.005363	100.005638	100.002907	100.005127
821	100.005493	99.994537	99.998619	100.001564	99.998619	100.004745	100.002251	100.001953	100.002251	99.999146	99.998398	99.998421	99.99939	100.002495	100.005852	100.003342	100.006226	100.00528	100.005409	100.006721	100.002922	100.006607	100.005638	100.004257	100.002861	100.001816	100.003944	100.001572	100.003113	100.003159	100.006126	100.007439	100.002609	100.00721	100.004509	100.008774	100.004768	100.000786	100.002335	100.00621	100.005852	100.008736	100.006279	100.003304	100.003609	100.005028	100.006676	100.009071	100.00415	100.007614	100.002525	100.00528	100.00309	100.007271	100.001015	100.002304	100.007294	100.006119	100.006248	100.004494	100.006996
822	100.004807	99.994736	99.997353	100.001694	99.996223	100.00161	100.000992	100.000465	100.001373	99.997139	100.001022	99.995377	99.998947	100.000252	100.003265	100.002731	100.005806	100.002144	100.005806	100.009071	100.004044	100.007225	100.005814	100.002792	100.002029	100.003899	100.003029	100.000938	100.001953	100.004814	100.004639	100.007156	100.00135	100.008644	100.005363	100.00808	100.006721	99.998955	100.005188	100.004768	100.003662	100.010803	100.009331	100.005081	100.003342	100.005898	100.007721	100.011238	100.00576	100.005066	100.002716	100.006958	100.002419	100.006226	100.000107	100.003456	100.00576	100.006889	100.006866	100.006119	100.008926
823	100.004372	99.99511	99.996475	100.001511	99.994324	99.998756	100.000168	99.999367	100.000618	99.995476	100.003555	99.992973	99.998848	99.998543	100.001083	100.002419	100.005638	99.999657	100.006332	100.011269	100.005051	100.007835	100.006035	100.001465	100.001396	100.005638	100.002441	100.000443	100.00116	100.006462	100.003494	100.006973	100.00032	100.009918	100.00621	100.007523	100.008545	99.997383	100.007668	100.00367	100.00174	100.012505	100.011993	100.006592	100.003265	100.00676	100.008835	100.013123	100.007332	100.002945	100.003036	100.008583	100.001862	100.005272	99.999481	100.004791	100.004601	100.007462	100.00737	100.007668	100.01062
824	100.006363	99.99688	99.999084	99.998657	99.997314	99.998955	100.003494	100.002083	100.00135	99.997253	100.004532	99.996826	100.001839	100.002029	100.002823	100.004837	100.007591	100.003372	100.007904	100.011574	100.004898	100.008217	100.0065	100.001595	100.002632	100.004044	100.005089	100.001228	100.00367	100.007652	100.00576	100.007774	100.001595	100.00943	100.006676	100.008453	100.008881	99.998352	100.006363	100.00589	100.002823	100.010773	100.010658	100.005577	100.005089	100.007286	100.010109	100.012123	100.008217	100.00515	100.00441	100.009247	100.00238	100.005325	100.001465	100.007339	100.006989	100.006012	100.006676	100.008217	100.009918
825	100.008415	99.99868	100.001762	99.995712	100.000359	99.999168	100.006905	100.004868	100.002083	99.999062	100.005547	100.000763	100.00489	100.005577	100.004593	100.007309	100.009598	100.007164	100.009514	100.011887	100.00473	100.008583	100.006958	100.001717	100.003899	100.002411	100.007782	100.002029	100.006248	100.008865	100.008072	100.008598	100.002907	100.008926	100.007156	100.009407	100.009216	99.999329	100.005043	100.008141	100.003906	100.009003	100.009277	100.004509	100.00695	100.00782	100.011406	100.011086	100.009094	100.007393	100.005806	100.009918	100.002922	100.005402	100.003502	100.009964	100.00943	100.004509	100.005974	100.008751	100.009201
826	100.010513	100.000549	100.004517	99.992706	100.003494	99.999382	100.010406	100.007713	100.002861	100.000931	100.006577	100.004814	100.008026	100.009239	100.006416	100.00985	100.01165	100.011078	100.011169	100.012207	100.004562	100.00898	100.007454	100.001862	100.005211	100.000725	100.010559	100.002846	100.008881	100.010124	100.010452	100.009453	100.004257	100.008415	100.007645	100.010368	100.00956	100.000359	100.003685	100.010452	100.005043	100.007179	100.007843	100.003433	100.008842	100.008377	100.012741	100.01004	100.010002	100.009712	100.007248	100.010612	100.003471	100.005463	100.0056	100.01265	100.011948	100.002968	100.005249	100.009323	100.008461
827	100.010612	100.000046	100.004326	99.992996	100.002327	99.99865	100.008789	100.005844	100.003006	100.00074	100.005318	100.004944	100.006042	100.007317	100.006042	100.009171	100.010384	100.010788	100.009682	100.009705	100.004578	100.007057	100.006035	100.000999	100.003578	99.998962	100.00943	100.002777	100.007484	100.008896	100.00988	100.009827	100.004402	100.007668	100.007317	100.008728	100.008598	99.999481	100.003067	100.010384	100.00489	100.005547	100.00663	100.004196	100.008987	100.007164	100.011742	100.007317	100.008667	100.00898	100.007629	100.008453	100.002625	100.004852	100.005104	100.010338	100.010124	100.002266	100.005104	100.008263	100.007118
828	100.01017	99.998871	100.003342	99.994186	99.999962	99.997643	100.005745	100.002647	100.002991	100	100.003395	100.004021	100.002625	100.003853	100.005081	100.007591	100.008186	100.009346	100.007286	100.006393	100.004639	100.004456	100.004066	99.99984	100.001106	99.997147	100.007225	100.002464	100.004959	100.006958	100.008484	100.010063	100.004219	100.006828	100.006775	100.006317	100.007248	99.998077	100.002647	100.009628	100.004364	100.003922	100.005424	100.005486	100.008629	100.005463	100.010086	100.004074	100.006676	100.007401	100.007721	100.00547	100.001373	100.004044	100.003876	100.00663	100.007103	100.001762	100.005112	100.006737	100.005577
829	100.009705	99.997673	100.002312	99.995415	99.997536	99.996605	100.002632	99.999374	100.002968	99.999222	100.001442	100.003067	99.999107	100.000313	100.004074	100.005974	100.005936	100.007866	100.004852	100.002991	100.0047	100.001801	100.002052	99.99865	99.998589	99.995277	100.004944	100.002144	100.002357	100.004997	100.007057	100.010315	100.004044	100.005974	100.00621	100.00386	100.005852	99.996628	100.002205	100.008865	100.00383	100.002266	100.004196	100.006798	100.00827	100.003693	100.008392	100.000778	100.004639	100.005783	100.007835	100.002411	100.000092	100.003204	100.002632	100.002815	100.004005	100.001266	100.005127	100.005165	100.00399
830	100.00827	99.996643	100.000534	99.994987	99.996063	99.995628	99.999741	99.99704	100.001991	99.997627	100.000275	100.002029	99.996094	99.998032	100.00206	100.004456	100.003944	100.005783	100.003281	100.001251	100.003838	100.000801	100.000725	99.997696	99.995003	99.994705	100.002373	100.000824	100.000694	100.002777	100.004089	100.008713	100.003242	100.004623	100.004234	100.001541	100.004173	99.994858	100.001549	100.006531	100.003479	100.000366	100.002327	100.00666	100.005653	100.002861	100.005302	99.998741	100.002647	100.003395	100.006714	100.000679	99.99865	100.001251	100.000397	99.999634	100.001762	99.999405	100.003662	100.002708	100.001526
831	100.005768	99.995819	99.99794	99.992737	99.995644	99.99472	99.997124	99.995789	99.999954	99.995102	100.000038	100.000908	99.993668	99.997223	99.998932	100.003067	100.002304	100.003006	100.002716	100.001396	100.001945	100.001656	100.000191	99.996994	99.99025	99.995613	99.999496	99.998405	100.000107	100.00032	99.999405	100.005066	100.001762	100.002739	100.000717	99.999374	100.002167	99.992722	100.000656	100.002434	100.003349	99.998245	99.999741	100.004936	100.000488	100.00309	100.000702	99.998177	100.000725	100.000153	100.004257	100.00045	99.997047	99.998039	99.997055	99.997208	100.000511	99.996048	100.000534	99.999283	99.998085
832	100.003204	99.994949	99.995255	99.990417	99.995209	99.993774	99.994446	99.994499	99.997849	99.992508	99.999794	99.999741	99.99118	99.996376	99.995712	100.001617	100.00061	100.000145	100.002144	100.001526	100	100.002541	99.999634	99.996277	99.985367	99.996529	99.996529	99.995918	99.999496	99.997803	99.994591	100.001312	100.000252	100.000809	99.997086	99.997147	100.000092	99.990517	99.999741	99.998215	100.003204	99.996063	99.997101	100.003159	99.995209	100.003311	99.995964	99.997597	99.998772	99.996826	100.001732	100.000206	99.995407	99.994751	99.993622	99.994698	99.999222	99.992599	99.997345	99.995766	99.994537
833	100.001595	99.994644	99.993828	99.989471	99.99511	99.993759	99.992935	99.994217	99.996544	99.991341	100.000175	99.998978	99.989845	99.996567	99.993904	100.001106	99.99955	99.998566	100.002541	100.002266	99.998787	100.003769	99.999733	99.996254	99.982437	99.99791	99.995056	99.994484	99.999557	99.996254	99.991356	99.998703	99.999428	99.999733	99.99498	99.996147	99.999161	99.989525	99.999603	99.995262	100.003281	99.99498	99.99572	100.001976	99.991432	100.003876	99.99324	99.997482	99.997643	99.994751	100.000061	100.000084	99.994652	99.992683	99.991371	99.993279	99.998871	99.990524	99.995415	99.993179	99.99221
834	100.004913	99.997101	99.998817	99.995468	99.99662	99.998299	99.997452	99.999016	99.999275	99.997353	100.003601	100.000229	99.994392	100.001839	99.99926	100.005249	100.001762	100.003494	100.007698	100.005844	100.001373	100.00647	100.003014	99.99968	99.989471	100.001358	100.001129	99.998398	100.002968	99.99968	99.9963	100.001976	100.002075	100.003014	100.00061	100.00135	100.003899	99.994637	100.003342	99.998924	100.004326	99.999405	100.000847	100.003906	99.995544	100.006012	100.000824	99.999664	100.000778	99.999039	100.002846	100.000526	99.998383	99.996948	99.995178	99.997353	100.003159	99.995392	99.999977	99.995491	99.996086
835	100.008331	99.999634	100.003944	100.001648	99.998184	100.002968	100.002121	100.00396	100.002098	100.003555	100.007126	100.001526	99.999069	100.007271	100.004784	100.009514	100.004044	100.008568	100.013016	100.009521	100.004028	100.009277	100.006416	100.00322	99.996719	100.004921	100.007393	100.002434	100.006485	100.00322	100.001396	100.005356	100.004814	100.006416	100.006401	100.006699	100.008789	99.999901	100.007187	100.002716	100.005424	100.00396	100.006149	100.005898	99.999794	100.008224	100.008621	100.001907	100.004021	100.003471	100.005722	100.000977	100.00222	100.00135	99.999092	100.001564	100.007584	100.000404	100.004669	99.997864	100.000084
836	100.011848	100.002243	100.009224	100.007996	99.999771	100.007774	100.006905	100.009033	100.005005	100.009933	100.01075	100.002846	100.003876	100.012863	100.010468	100.013885	100.006378	100.013779	100.018501	100.013329	100.00676	100.012146	100.009895	100.006851	100.004158	100.008583	100.013817	100.006569	100.010094	100.006851	100.006638	100.00882	100.007614	100.009895	100.012375	100.012222	100.013802	100.005318	100.011131	100.006607	100.006554	100.008652	100.011589	100.007942	100.004158	100.010506	100.016632	100.004219	100.007332	100.008026	100.00869	100.001457	100.006165	100.005867	100.00312	100.00589	100.012138	100.005569	100.009499	100.000313	100.004196
837	100.009575	100.001549	100.009048	100.005432	100.000343	100.005112	100.005325	100.008606	100.00576	100.00808	100.006935	100.003349	100.002373	100.011108	100.008598	100.011589	100.005302	100.012276	100.014641	100.011215	100.006546	100.011215	100.006851	100.00631	100.003883	100.006973	100.012383	100.004997	100.008217	100.006935	100.006081	100.008224	100.004562	100.008858	100.009476	100.010803	100.010559	100.001839	100.007484	100.005508	100.005653	100.008102	100.009346	100.006332	100.003624	100.007294	100.01265	100.003456	100.003662	100.006416	100.005997	100.001205	100.004852	100.00354	100.001778	100.004051	100.009384	100.007103	100.006355	99.998596	100.002304
838	100.006294	100.00029	100.007973	100.00135	100.000748	100.00116	100.002647	100.007263	100.006187	100.004852	100.001785	100.003746	99.999786	100.008133	100.005424	100.008133	100.003639	100.009628	100.00914	100.008095	100.005844	100.009644	100.002655	100.005051	100.002327	100.004456	100.009605	100.002457	100.005386	100.006439	100.004555	100.006935	100.000465	100.007042	100.005043	100.008217	100.005875	99.996826	100.00248	100.003578	100.004387	100.006691	100.005791	100.004066	100.002266	100.003098	100.006592	100.002167	99.998734	100.003769	100.002327	100.000809	100.002632	100.000023	99.999527	100.00116	100.005356	100.008095	100.001816	99.996162	99.999382
839	100.002907	99.998993	100.006882	99.997131	100.001167	99.997078	99.999886	100.005867	100.00663	100.001511	99.99649	100.00415	99.997124	100.005043	100.002159	100.004562	100.001923	100.006912	100.003479	100.004875	100.005112	100.008026	99.998322	100.003769	100.000725	100.001862	100.00676	99.999832	100.002464	100.005928	100.002983	100.005615	99.996231	100.005173	100.000473	100.005531	100.001053	99.991646	99.997322	100.001587	100.00309	100.005219	100.002121	100.00174	100.00087	99.998772	100.000336	100.000832	99.993668	100.001015	99.998535	100.00042	100.000359	99.996407	99.997192	99.998169	100.001205	100.009094	99.997124	99.993637	99.996361
840	100.001846	99.99704	100.004875	99.995575	100.001183	99.995605	99.999519	100.005165	100.00631	100.00074	99.994576	100.003159	99.997314	100.003242	100.000916	100.003372	100.00238	100.005508	100.001846	100.004288	100.004707	100.007538	99.997032	100.00341	99.998764	100.000343	100.00547	99.999397	100.00135	100.005936	100.002335	100.004555	99.995193	100.004105	99.999634	100.004791	99.999893	99.98922	99.996223	100.000313	100.001595	100.003815	100.001083	99.999687	100.000084	99.996056	99.999802	100.001358	99.992599	99.999077	99.997292	100	99.999168	99.994919	99.994431	99.997833	99.999969	100.007477	99.995728	99.992821	99.995537
841	100.002716	99.99453	100.002144	99.996201	100.000847	99.996307	100.001129	100.005028	100.005341	100.002083	99.995476	100.001022	99.999878	100.002525	100.001358	100.004128	100.004669	100.005173	100.003563	100.005913	100.004562	100.008011	99.998245	100.003815	99.996483	99.99971	100.005493	100.000801	100.001717	100.006378	100.002441	100.003708	99.996803	100.003662	100.001869	100.005638	100.001785	99.989044	99.998497	99.999603	99.999931	100.002464	100.00222	99.997841	99.999794	99.994644	100.004028	100.00341	99.994873	99.997795	99.998169	99.999573	99.998863	99.995193	99.991318	99.999702	100.001183	100.003647	99.99707	99.993408	99.996521
842	100.003609	99.991928	99.999306	99.996864	100.000511	99.99704	100.002792	100.004898	100.004364	100.003479	99.996399	99.998817	100.002518	100.001762	100.001816	100.004913	100.007042	100.004814	100.005341	100.007584	100.004425	100.008484	99.999496	100.004234	99.994133	99.999062	100.005493	100.002243	100.002098	100.006844	100.002548	100.002823	99.998474	100.003204	100.004196	100.006508	100.003754	99.988869	100.000832	99.998878	99.998207	100.001076	100.00341	99.995941	99.999496	99.993202	100.008377	100.005547	99.997223	99.996468	99.999062	99.99913	99.998558	99.995461	99.988091	100.001633	100.002411	99.999687	99.998444	99.994019	99.997536
843	100.004242	99.990051	99.9972	99.99704	99.999458	99.997734	100.00341	100.004349	100.003181	100.003983	99.9972	99.997177	100.003937	100.000854	100.002182	100.004784	100.008217	100.004486	100.0065	100.008522	100.003937	100.008217	100.000313	100.004349	99.99324	99.998779	100.004768	100.002647	100.001968	100.00647	100.002228	100.001694	99.999146	100.002693	100.004684	100.00621	100.003281	99.988228	100.001373	99.998001	99.996544	99.999344	100.003502	99.994316	99.998817	99.992104	100.010681	100.006393	99.99868	99.995247	99.999054	99.998436	99.998161	99.995651	99.985519	100.002563	100.002312	99.995956	99.999367	99.994057	99.997818
844	100.003937	99.990555	99.997528	99.995735	99.996262	99.998291	100.00074	100.002579	100.001541	100.001694	99.997528	99.997437	100.001419	99.999466	100.002289	100.001839	100.005531	100.004181	100.005653	100.007103	100.002373	100.005531	99.999657	100.00354	99.996986	99.999649	100.00174	99.999725	100.000214	100.00354	100.000557	99.999794	99.996605	100.001999	99.999359	100.002243	99.995201	99.986183	99.996216	99.996719	99.995155	99.996666	100.000237	99.993629	99.996956	99.992203	100.00634	100.003174	99.997177	99.994431	99.996147	99.996925	99.997543	99.995499	99.985138	100.000313	99.998062	99.993149	99.998764	99.992332	99.995789
845	100.003639	99.991081	99.997864	99.9944	99.992966	99.998863	99.997971	100.000748	99.999832	99.999306	99.997864	99.997696	99.99881	99.998024	100.002411	99.998787	100.002762	100.003883	100.004768	100.005638	100.000748	100.002762	99.99897	100.002693	100.000854	100.000549	99.998611	99.996719	99.998428	100.000526	99.99884	99.997833	99.993996	100.001289	99.993858	99.998154	99.986855	99.984077	99.990891	99.995384	99.993721	99.993912	99.996857	99.992928	99.995026	99.99231	100.001862	99.999847	99.995621	99.993584	99.993149	99.995377	99.99691	99.995354	99.984741	99.997993	99.993668	99.990257	99.998154	99.990555	99.99369
846	100.003304	99.991615	99.998199	99.992989	99.989548	99.999443	99.995102	99.99884	99.998077	99.996841	99.998199	99.997955	99.996101	99.996529	100.002518	99.995613	99.999901	100.003555	100.003838	100.004128	99.999069	99.999901	99.99826	100.001816	100.004837	100.001465	99.995369	99.993591	99.996552	99.997383	99.997055	99.995804	99.991295	100.000549	99.988167	99.993912	99.978218	99.981895	99.985374	99.993996	99.992241	99.991043	99.993355	99.992195	99.993027	99.992409	99.997215	99.996391	99.994003	99.992706	99.990044	99.993759	99.996239	99.995193	99.984329	99.995575	99.989113	99.987259	99.997505	99.988708	99.991508
847	100.004433	99.992912	99.998344	99.995377	99.995163	99.997284	99.998177	99.999306	99.99765	99.998055	99.999298	99.99868	99.999336	99.998016	100.000885	99.998314	99.998718	100.006691	100.004807	100.004913	100.001396	100.001732	99.999298	100.003853	100.003387	100.003014	99.99865	99.995377	99.995888	99.997917	99.99971	99.998489	99.995567	99.999931	99.991341	99.996811	99.985039	99.98642	99.989548	99.996185	99.995262	99.995163	99.995552	99.994019	99.996407	99.99472	99.998093	99.997986	99.996628	99.995262	99.993835	99.994308	99.995262	99.997475	99.986343	99.994934	99.992363	99.98999	99.997208	99.98999	99.992218
848	100.005699	99.994308	99.998482	99.998077	100.001488	99.994865	100.001694	99.999931	99.997299	99.999527	100.000473	99.999451	100.003052	99.999725	99.999084	100.001442	99.997589	100.010124	100.005913	100.005867	100.004028	100.003899	100.000473	100.006126	100.001541	100.004639	100.002419	99.997505	99.995277	99.99868	100.002716	100.001549	100.000397	99.999298	99.995155	100.000252	99.993011	99.991493	99.994431	99.99865	99.99868	99.999825	99.998177	99.996063	100.000229	99.997246	99.999329	99.999931	99.99958	99.998108	99.998161	99.99501	99.994247	99.999962	99.988571	99.994377	99.996201	99.993149	99.996933	99.991486	99.993126
849	100.006996	99.995735	99.998611	100.000832	100.008011	99.992371	100.005325	100.000557	99.996933	100.001053	100.001694	100.000237	100.006882	100.00148	99.997208	100.004669	99.996422	100.013664	100.007042	100.006844	100.006744	100.006119	100.001694	100.008484	99.999626	100.006332	100.006317	99.999718	99.994629	99.999451	100.005806	100.004707	100.005379	99.998642	99.999077	100.003777	100.001236	99.996735	99.999466	100.00119	100.002182	100.004639	100.00087	99.998154	100.004158	99.999847	100.000595	100.00193	100.002625	100.00106	100.002632	99.995728	99.993172	100.002518	99.990875	99.993805	100.000145	99.996399	99.996635	99.993019	99.994049
850	100.009178	99.997589	99.999168	100.001511	100.008179	99.99398	100.004601	100.001167	99.998589	100.001358	100.002251	100.001213	100.006485	100.002792	99.997742	100.00666	99.998672	100.0159	100.006714	100.007233	100.00808	100.007698	100.003052	100.010704	99.999603	100.006439	100.007095	100.000694	99.997627	100.001671	100.007538	100.006035	100.006439	99.999634	100.000954	100.003769	100.003693	99.99823	100.000237	100.002419	100.002197	100.00721	100.001572	100.000381	100.005196	100.001381	100.002136	100.001541	100.004196	100.002251	100.00322	99.998459	99.994484	100.004028	99.993828	99.995506	100.001823	99.998146	99.998573	99.996193	99.996529
851	100.011917	99.99971	100	100.000977	100.004578	99.998039	100.001274	100.001778	100.00148	100.000969	100.00248	100.002327	100.003609	100.003838	99.999702	100.00795	100.002968	100.017426	100.005508	100.007286	100.008652	100.008919	100.004517	100.012886	100.000679	100.005638	100.006058	100.000969	100.002838	100.004768	100.008499	100.006317	100.005234	100.001633	100.001648	100.001671	100.002762	99.997543	99.998512	100.002884	100.000153	100.008499	100.001106	100.002731	100.004539	100.002327	100.00383	99.999741	100.004944	100.00248	100.001541	100.002419	99.997223	100.004936	99.997223	99.998596	100.002197	99.999031	100.001884	100.000366	99.999969
852	100.014748	100.001892	100.000832	100.000397	100.000847	100.002228	99.997833	100.002396	100.004456	100.000557	100.002686	100.003456	100.000618	100.004921	100.001732	100.009262	100.007416	100.01899	100.004257	100.007317	100.009216	100.01017	100.006035	100.015137	100.001785	100.004814	100.004974	100.001228	100.008202	100.007973	100.009491	100.006592	100.003967	100.00367	100.00235	99.999496	100.001785	99.996811	99.996704	100.003349	99.998047	100.009834	100.00061	100.005135	100.00386	100.003288	100.005592	99.997887	100.005699	100.002686	99.999779	100.006523	100.000061	100.005867	100.000717	100.001778	100.002579	99.999947	100.005302	100.004684	100.003517
853	100.016129	100.00341	100.001839	99.998932	99.998558	100.004181	99.996025	100.004112	100.007423	100.001373	100.003502	100.004814	99.998955	100.004852	100.003624	100.010406	100.009361	100.019196	100.00341	100.006866	100.009796	100.010323	100.007042	100.016045	100.002502	100.003883	100.004639	100.001694	100.010803	100.010132	100.010063	100.006866	100.002815	100.0056	100.002609	99.998787	100.001274	99.995544	99.99543	100.003799	99.997284	100.010071	100.000549	100.006699	100.002983	100.003967	100.006294	99.996529	100.005615	100.002647	99.998634	100.008247	100.001846	100.006363	100.002861	100.002968	100.003395	99.999985	100.00663	100.00666	100.005089
854	100.014473	100.003471	100.00309	99.995682	99.999306	100.001457	99.997719	100.008034	100.010277	100.00473	100.005577	100.006554	100.000084	100.002396	100.005165	100.011108	100.00602	100.016533	100.003471	100.005409	100.010406	100.008224	100.006989	100.01413	100.002373	100.002823	100.005867	100.002495	100.007584	100.010048	100.009705	100.007164	100.001884	100.007179	100.001953	100.001129	100.00174	99.993202	99.995255	100.004219	99.999329	100.008049	100.001335	100.00647	100.001717	100.004044	100.004829	99.9963	100.003777	100.00206	99.998787	100.004974	100.001442	100.005936	100.002121	99.999954	100.005112	99.998245	100.003586	100.003723	100.002563
855	100.012764	100.003525	100.004387	99.992302	100.000107	99.998634	99.999458	100.0121	100.013206	100.008202	100.007713	100.008354	100.001228	99.999847	100.00676	100.011826	100.002563	100.013802	100.003525	100.003899	100.01104	100.006058	100.006935	100.012146	100.002228	100.001717	100.007103	100.003342	100.004242	100.009956	100.009323	100.007462	100.000938	100.00882	100.001274	100.003555	100.00222	99.990768	99.995079	100.004646	100.001465	100.005974	100.002159	100.006226	100.00042	100.004112	100.003304	99.996048	100.001884	100.00148	99.998947	100.001587	100.001022	100.005508	100.001373	99.996826	100.006889	99.996429	100.00045	100.000656	99.999931
856	100.011024	100.003563	100.005592	99.989029	100.000824	99.995979	100.001183	100.016022	100.016174	100.011612	100.009872	100.010132	100.002357	99.997398	100.008324	100.012466	99.999084	100.011131	100.003708	100.002419	100.011566	100.003899	100.006828	100.010048	100.002113	100.000656	100.008308	100.004112	100.000954	100.009811	100.008926	100.007698	100.000046	100.010468	100.000694	100.005913	100.00267	99.988335	99.994942	100.005051	100.003578	100.003906	100.003029	100.005974	99.999199	100.004158	100.001717	99.995842	100.000046	100.000885	99.999084	99.998238	100.000587	100.004997	100.00061	99.993782	100.008629	99.99472	99.997368	99.997688	99.997314
857	100.009552	100.002708	100.002541	99.991707	99.998543	100.000702	100.000366	100.011955	100.016998	100.009872	100.01004	100.00901	100.001396	99.999832	100.006615	100.009537	99.998528	100.01297	100.00708	100.003288	100.008438	100.004532	100.005386	100.006439	100.002518	100.001945	100.006233	100.001884	100.002716	100.007858	100.007698	100.005249	100.001434	100.010643	100.00309	100.003799	100.001701	99.988327	99.995499	100.003662	100.0028	100.004814	100.004181	100.00589	100.001671	100.00322	99.99926	99.996414	100.001335	100.000061	99.998528	99.998947	100.000046	100.002121	100.000809	99.995613	100.006927	99.997292	99.999077	99.999664	99.997269
858	100.008011	100.001816	99.999405	99.994469	99.996162	100.005577	99.999527	100.007751	100.017845	100.008057	100.010208	100.007858	100.000366	100.002357	100.004837	100.006508	99.997932	100.014877	100.010574	100.004181	100.005196	100.005165	100.003876	100.002708	100.00293	100.003288	100.004089	99.999573	100.004555	100.005829	100.006424	100.002708	100.002861	100.010826	100.005577	100.00161	100.000694	99.988319	99.996071	100.002205	100.001999	100.005737	100.005379	100.005791	100.004219	100.002243	99.996719	99.997002	100.00267	99.999214	99.997932	99.999664	99.999481	99.999168	100.000999	99.997505	100.005165	99.999962	100.000832	100.001717	99.997215
859	100.006439	100.000885	99.996155	99.99733	99.993713	100.010635	99.998657	100.00341	100.01873	100.006195	100.010384	100.006653	99.999336	100.004974	100.003029	100.003387	99.997322	100.016846	100.014183	100.005112	100.001862	100.005829	100.002327	99.99884	100.003365	100.004669	100.001869	99.997177	100.006439	100.003731	100.005104	100.000084	100.004341	100.011017	100.008141	99.999359	99.999649	99.988304	99.996674	100.000725	100.001167	100.006691	100.006615	100.005707	100.006866	100.001228	99.994087	99.99762	100.004051	99.998352	99.997322	100.000427	99.998894	99.996094	100.001213	99.999466	100.003349	100.002716	100.00267	100.003853	99.997177
860	100.006783	100.001991	99.994858	99.999924	99.993393	100.007607	99.998764	100.000534	100.013092	100.003563	100.006935	100.004837	99.997047	100.003853	100.001213	100.00135	99.997482	100.014755	100.01429	100.005379	100.000885	100.006721	100.001846	99.996124	100.003311	100.004341	99.999443	99.997261	100.003479	100.002632	100.004875	99.997375	100.003601	100.00914	100.005272	99.997513	99.998787	99.987457	99.997299	99.997208	99.999825	100.006187	100.007317	100.002632	100.006119	99.999191	99.995338	99.997124	100.004066	99.997375	99.997185	100.000069	99.997589	99.994995	99.999786	99.999496	100.001251	100.002525	100.001076	100.004913	99.997902
861	100.007881	100.003883	99.994263	100.00248	99.993866	100.001434	99.999222	99.998177	100.004829	100.000557	100.002014	100.002739	99.99424	100.001236	99.999352	99.999695	99.997925	100.011047	100.013039	100.005356	100.000801	100.007713	100.001778	99.993797	100.003067	100.003326	99.996864	99.998299	99.998619	100.001884	100.005043	99.994568	100.001976	100.006424	100.000229	99.995796	99.997978	99.986259	99.99794	99.992813	99.998245	100.005104	100.007835	99.998337	100.004044	99.996704	99.998116	99.996185	100.003525	99.996338	99.997238	99.999275	99.995972	99.994614	99.997719	99.998802	99.999001	100.001183	99.998131	100.005577	99.998947
862	100.00901	100.005867	99.993675	100.005127	99.99437	99.995049	99.99971	99.995743	99.9963	99.997467	99.996956	100.000587	99.991348	99.998566	99.997444	99.997993	99.99839	100.007233	100.011757	100.005341	100.000717	100.008736	100.001701	99.991394	100.002815	100.002274	99.994209	99.999374	99.993591	100.001122	100.005234	99.991676	100.000298	100.003639	99.995026	99.994019	99.997154	99.985031	99.998611	99.988297	99.996605	100.00399	100.008369	99.993912	100.001907	99.994156	100.000992	99.995224	100.002983	99.995277	99.997292	99.998466	99.994301	99.994225	99.995575	99.998077	99.996681	99.999809	99.995102	100.006271	100.000038
863	100.008057	100.004982	99.9935	100.005844	99.994316	99.991432	99.999031	99.994064	99.991608	99.995407	99.994865	99.999496	99.989487	99.99675	99.996254	99.997108	99.997993	100.004555	100.008835	100.006737	100.000488	100.008736	100.001892	99.991501	100.001846	100.00106	99.992912	99.999741	99.99147	100.000229	100.003662	99.991676	99.999199	100.000954	99.992851	99.993599	99.997032	99.986443	99.999298	99.987968	99.995842	100.003448	100.006531	99.992088	100.000702	99.993439	100.002632	99.99369	100.002327	99.994316	99.998184	99.998322	99.993805	99.994209	99.995117	99.997383	99.997452	99.998375	99.993317	100.0047	100.000145
864	100.004265	100.000206	99.993912	100.00386	99.993492	99.991707	99.996742	99.993446	99.992302	99.99482	99.996964	99.999908	99.989113	99.996185	99.996094	99.997368	99.996407	100.003494	100.003708	100.010048	100.000084	100.007332	100.002441	99.995079	99.999908	99.999634	99.993515	99.999107	99.993393	99.999199	99.99968	99.995682	99.998871	99.998489	99.994911	99.995049	99.997917	99.991501	100.000015	99.993454	99.9963	100.003708	100.001465	99.993935	100.000824	99.9953	100.002586	99.991417	100.001541	99.993492	100.000229	99.999138	99.994949	99.994736	99.997009	99.996712	100.00248	99.996902	99.993317	100.000015	99.998894
865	100.000336	99.99527	99.994331	100.001823	99.992653	99.991997	99.99437	99.992813	99.993011	99.994202	99.999115	100.00032	99.988716	99.995598	99.995918	99.997643	99.994774	100.002396	99.998405	100.013481	99.999664	100.005875	100.003014	99.998795	99.997917	99.998146	99.994148	99.998459	99.995384	99.998131	99.995575	99.999817	99.998535	99.995941	99.99704	99.996544	99.998825	99.996727	100.000748	99.999146	99.996758	100.003983	99.996231	99.995827	100.000938	99.997223	100.002518	99.989059	100.000725	99.992653	100.002335	99.999962	99.996117	99.995277	99.998955	99.996025	100.007675	99.995369	99.993309	99.995171	99.99762
866	99.997398	99.991333	99.994781	99.999794	99.99263	99.992958	99.992966	99.992813	99.993843	99.994537	100.001312	100.001022	99.989143	99.995354	99.996338	99.998222	99.994003	100.001976	99.993935	100.016251	99.999771	100.005173	100.003708	100.00235	99.996742	99.997093	99.994835	99.998047	99.99733	99.997482	99.992714	100.003792	99.998901	99.994141	99.999367	99.998245	100.000153	100.001205	100.001701	100.004288	99.997803	100.004349	99.991997	99.997948	100.001122	99.999382	100.002251	99.98793	100.000206	99.992279	100.004425	100.000908	99.997765	99.996185	100.00106	99.995834	100.012482	99.994843	99.993706	99.991676	99.996895
867	100.001816	99.99511	99.995239	99.998154	99.998268	99.998383	99.998512	99.997154	99.99527	100.001297	100.003288	100.00354	99.995056	99.997559	100.00074	100.000801	99.999329	100.006363	99.996124	100.013901	100.003456	100.009827	100.005066	100.004128	100.001465	99.999115	99.995728	99.999199	99.998482	99.99984	99.999008	100.005806	100.00399	99.997849	100.002609	100.000931	100.004066	99.999588	100.004021	100.004791	100.00267	100.005295	99.995453	100.001183	100.001564	100.002731	100.000534	99.995338	100.001732	99.995193	100.005898	100.002434	100.002304	99.99939	100.003792	99.999031	100.013664	100.001289	99.99675	99.998055	100.000107
868	100.006363	99.999008	99.995712	99.99646	100.004089	100.00399	100.004234	100.001633	99.996735	100.00827	100.005325	100.006142	100.00116	99.99984	100.00528	100.003456	100.004852	100.010872	99.998383	100.011467	100.007271	100.014626	100.006462	100.005951	100.006355	100.00119	99.996643	100.000397	99.999664	100.002266	100.005508	100.007881	100.009239	100.001678	100.005959	100.003708	100.008118	99.997917	100.006401	100.005302	100.007675	100.006256	99.999023	100.004509	100.002029	100.006195	99.998779	100.002991	100.003288	99.998207	100.007423	100.004021	100.006973	100.002686	100.006615	100.002327	100.014862	100.007927	99.999901	100.004662	100.003418
869	100.011086	100.003029	99.996201	99.994728	100.010124	100.009789	100.010132	100.006271	99.998253	100.015495	100.007439	100.008835	100.007462	100.002205	100.009979	100.00621	100.010551	100.015556	100.000717	100.008965	100.011215	100.019585	100.007927	100.007858	100.011398	100.003349	99.997612	100.001648	100.000908	100.004784	100.01223	100.01004	100.014671	100.005638	100.009445	100.006569	100.012291	99.996208	100.008865	100.005852	100.012863	100.007263	100.002716	100.00795	100.002518	100.009789	99.996964	100.01091	100.004921	100.001335	100.00901	100.005661	100.01181	100.006104	100.009521	100.005737	100.016144	100.014809	100.003159	100.011482	100.006844
870	100.00985	100.000336	99.993759	99.991119	100.007484	100.006721	100.006439	100.002777	99.999916	100.011421	100.005516	100.003883	100.00399	99.999878	100.008347	100.002205	100.007011	100.012657	99.997604	100.003899	100.009003	100.014709	100.004181	100.004471	100.00975	100.000618	99.996597	99.997978	99.999695	100.001373	100.008308	100.004639	100.011894	100.00383	100.007401	100.004211	100.006989	99.993477	100.005791	100.002411	100.008598	100.004959	100.000633	100.002754	99.999397	100.006912	99.997559	100.007477	100.002136	100.000069	100.005791	100.004494	100.008987	100.003448	100.00473	100.002777	100.010666	100.011993	100.000809	100.005569	100.003525
871	100.007339	99.99617	99.990646	99.987038	100.002968	100.001732	100.000633	99.997482	100.001656	100.004875	100.002708	99.997231	99.998375	99.996513	100.005356	99.996674	100.001434	100.008102	99.993279	99.998161	100.005424	100.007629	99.999268	99.999908	100.00666	99.996803	99.995155	99.993202	99.997955	99.996635	100.002075	99.99752	100.007339	100.000748	100.004158	100.000671	99.999565	99.990479	100.00148	99.998032	100.002243	100.001907	99.997276	99.995605	99.995445	100.002625	99.99868	100.001564	99.998337	99.997871	100.00148	100.002708	100.004494	99.999443	99.998207	99.998413	100.003647	100.007095	99.997231	99.996849	99.998711
872	100.004753	99.991867	99.987434	99.982819	99.998299	99.996582	99.994629	99.992027	100.003448	99.998116	99.999809	99.990341	99.992577	99.993042	100.002243	99.990967	99.995682	100.00341	99.988808	99.992249	100.00174	100.000336	99.994194	99.995193	100.003471	99.992867	99.99366	99.988251	99.996162	99.991753	99.995621	99.990173	100.002625	99.997589	100.000809	99.997032	99.991898	99.987381	99.997025	99.99353	99.995674	99.998756	99.993813	99.988243	99.991371	99.998192	99.999832	99.995461	99.994423	99.995598	99.997025	100.00087	99.999855	99.995308	99.991463	99.993919	99.996391	100.002014	99.99353	99.987839	99.993744
873	100.003555	99.991859	99.988159	99.985214	99.996315	99.995819	99.992165	99.991722	100.005875	99.995895	99.999962	99.990311	99.993011	99.9935	100.001564	99.991562	99.995331	100.003433	99.990364	99.995247	100.00193	100.000175	99.993698	99.993408	100.002625	99.995148	99.995201	99.987915	99.997261	99.99102	99.994675	99.989784	100.001297	99.997726	100.000885	99.99617	99.990982	99.986633	99.995895	99.993248	99.994232	99.999809	99.995384	99.988518	99.992233	99.996185	100.001358	99.993149	99.994293	99.99691	99.997177	100.000191	99.998665	99.995605	99.99086	99.992996	99.996613	100.002815	99.995171	99.986443	99.993309
874	100.003601	99.995735	99.99247	99.993607	99.996735	99.999031	99.992889	99.996086	100.008896	99.997772	100.002876	99.996475	99.9991	99.997528	100.003036	99.997871	99.999878	100.007736	99.997383	100.006355	100.0056	100.0065	99.997368	99.994278	100.003876	100.003098	99.999496	99.99173	100.000977	99.994019	99.998734	99.995705	100.003014	100.000847	100.004051	99.997803	99.996185	99.987999	99.997772	99.99678	99.997421	100.004662	100.001503	99.995758	99.997581	99.996361	100.003204	99.99424	99.997604	100.00148	100.001503	100.000557	100.000587	99.999908	99.995811	99.995308	100.003609	100.008942	100.001656	99.991943	99.996971
875	100.00367	99.999741	99.996933	100.002289	99.997177	100.00235	99.993637	100.000595	100.012001	99.99971	100.005898	100.002846	100.005402	100.001694	100.004578	100.004387	100.004578	100.012192	100.004639	100.017838	100.009407	100.013031	100.00116	99.995178	100.005173	100.011299	100.003944	99.995674	100.004814	99.997147	100.002907	100.001816	100.004791	100.004074	100.007332	99.999496	100.001564	99.98941	99.99971	100.000443	100.000717	100.009682	100.007835	100.00322	100.003098	99.996552	100.005112	99.995392	100.001038	100.006195	100.005981	100.000938	100.002579	100.004349	100.000938	99.997711	100.010849	100.015259	100.008369	99.99762	100.000748
876	100.004051	100.002823	100.001167	100.009094	99.998405	100.004326	99.995193	100.004105	100.013771	100.001869	100.007523	100.007614	100.009857	100.005081	100.00576	100.00985	100.008186	100.015686	100.011002	100.02636	100.011871	100.018082	100.004616	99.996796	100.006256	100.017334	100.007866	99.999268	100.007973	100.000633	100.006256	100.006439	100.007072	100.0065	100.009499	100.001236	100.005508	99.99144	100.001839	100.004234	100.004173	100.01268	100.013062	100.009094	100.007233	99.997253	100.007072	99.997139	100.004433	100.010048	100.009453	100.001541	100.004913	100.007523	100.004982	99.999756	100.016281	100.019516	100.013565	100.002098	100.004318
877	100.005508	100.002625	100.004364	100.009224	100.00222	100.001717	99.999329	100.004044	100.01091	100.004562	100.004448	100.006714	100.007973	100.005661	100.005707	100.011383	100.007919	100.015793	100.013969	100.024452	100.009766	100.017838	100.006721	100.000694	100.006615	100.015686	100.009766	100.001419	100.008606	100.005104	100.006615	100.005768	100.010872	100.006081	100.007866	100.003036	100.004448	99.995392	100.00441	100.008247	100.007942	100.008797	100.014282	100.009224	100.006447	99.999634	100.009087	100.000801	100.007561	100.010704	100.009331	100.002838	100.008301	100.006233	100.005188	100.000526	100.015381	100.016617	100.013374	100.002251	100.006927
878	100.007011	100.002411	100.007668	100.009384	100.006126	99.999031	100.003586	100.003967	100.007965	100.007355	100.001274	100.005768	100.00602	100.006271	100.005676	100.012985	100.007652	100.0159	100.017021	100.022484	100.007568	100.017586	100.008881	100.004707	100.006973	100.013985	100.011719	100.003647	100.009247	100.009705	100.006973	100.005081	100.014786	100.005661	100.006172	100.004898	100.003365	99.999466	100.007072	100.012383	100.011803	100.004791	100.015518	100.009384	100.005638	100.002083	100.011154	100.004555	100.010788	100.011383	100.009216	100.004173	100.01178	100.004913	100.005402	100.001312	100.014435	100.013641	100.013184	100.002419	100.009621
879	100.008568	100.002182	100.011047	100.009514	100.010155	99.996269	100.007973	100.003899	100.004936	100.010231	99.998024	100.004814	100.004005	100.006889	100.00563	100.014626	100.007378	100.016006	100.020157	100.020454	100.005325	100.017319	100.011124	100.008842	100.007339	100.012222	100.013733	100.005928	100.009918	100.014435	100.007339	100.004364	100.018814	100.005219	100.004433	100.006821	100.002228	100.003662	100.009796	100.016632	100.015793	100.000671	100.016808	100.009514	100.004807	100.004616	100.01329	100.008438	100.014091	100.012085	100.009094	100.005547	100.015366	100.00354	100.005615	100.002121	100.013474	100.010559	100.012993	100.002586	100.012398
880	100.010765	99.999672	100.012527	100.00576	100.010147	100.000694	100.010704	100.005325	100.005447	100.01416	100.001572	100.008453	100.004318	100.006882	100.010094	100.018166	100.012337	100.019478	100.017715	100.019714	100.007393	100.017654	100.010513	100.009956	100.007568	100.013527	100.017036	100.00827	100.010208	100.017418	100.009964	100.006508	100.015259	100.01091	100.00676	100.010773	100.007965	100.002563	100.014099	100.015709	100.014328	100.007843	100.01696	100.015533	100.009216	100.008835	100.014961	100.011276	100.014458	100.013016	100.012085	100.007835	100.01339	100.007523	100.009216	100.006958	100.014076	100.013779	100.015152	100.007019	100.015594
881	100.013092	99.996979	100.013908	100.001656	100.00988	100.005699	100.01342	100.006889	100.00621	100.018265	100.005653	100.012497	100.004791	100.006844	100.014946	100.021935	100.017784	100.023254	100.014854	100.019058	100.009789	100.018051	100.009712	100.01091	100.00782	100.015068	100.020515	100.010681	100.010475	100.020348	100.012802	100.008904	100.011169	100.017128	100.00943	100.014984	100.014282	100.001122	100.018623	100.01445	100.01252	100.015915	100.017075	100.022102	100.014069	100.013283	100.016663	100.014137	100.014664	100.014023	100.015366	100.010239	100.011024	100.011948	100.013123	100.012184	100.014816	100.017487	100.017532	100.011848	100.018921
882	100.01545	99.994202	100.015343	99.997437	100.009605	100.010849	100.016212	100.008484	100.006973	100.022484	100.009834	100.016632	100.005257	100.006805	100.019943	100.025795	100.023361	100.027145	100.011917	100.018372	100.012253	100.018433	100.008896	100.011887	100.008057	100.01664	100.024078	100.013161	100.010765	100.023361	100.015709	100.011353	100.006935	100.023521	100.012161	100.019287	100.020767	99.999626	100.023247	100.013138	100.010635	100.0242	100.017166	100.028839	100.019051	100.017838	100.018394	100.017059	100.014862	100.01503	100.018715	100.012711	100.008568	100.016487	100.017128	100.017548	100.015579	100.021294	100.019958	100.0168	100.022331
883	100.014099	99.995041	100.014091	99.997147	100.00824	100.01268	100.015091	100.009491	100.010277	100.021866	100.010422	100.017456	100.008179	100.00621	100.023338	100.027756	100.024666	100.025963	100.010422	100.016823	100.013962	100.019264	100.0093	100.012955	100.008652	100.017082	100.023232	100.01532	100.011948	100.023125	100.016975	100.01223	100.007454	100.024757	100.014854	100.020554	100.023376	100.001419	100.024567	100.013039	100.012741	100.023697	100.016808	100.027893	100.022171	100.01873	100.020966	100.018356	100.014709	100.017227	100.019005	100.014427	100.008926	100.019791	100.017014	100.022057	100.018051	100.025261	100.021721	100.018715	100.022034
884	100.010635	99.997932	100.011322	99.999077	100.006248	100.012718	100.011787	100.010178	100.015045	100.018501	100.009026	100.016426	100.012505	100.005318	100.025902	100.028679	100.023582	100.021957	100.009712	100.014793	100.015274	100.020363	100.010406	100.014114	100.009491	100.016876	100.019882	100.017357	100.013649	100.021042	100.017342	100.012253	100.010643	100.023125	100.017586	100.020111	100.023819	100.005089	100.024055	100.013649	100.017128	100.01825	100.01619	100.022652	100.024292	100.017586	100.024071	100.018738	100.014343	100.020126	100.01757	100.015732	100.010872	100.022446	100.014565	100.026146	100.021515	100.029388	100.02314	100.018951	100.019661
885	100.007072	100.000885	100.008484	100.00106	100.004181	100.012741	100.008377	100.010887	100.019928	100.01503	100.007568	100.015343	100.01693	100.004387	100.028526	100.029625	100.022469	100.017838	100.008987	100.012711	100.016609	100.021484	100.011536	100.015297	100.010323	100.016678	100.016441	100.019432	100.015388	100.018898	100.017715	100.012268	100.013908	100.021431	100.02037	100.019669	100.024284	100.008858	100.023506	100.014244	100.021614	100.012657	100.015549	100.017258	100.026451	100.01638	100.027214	100.019119	100.013962	100.023094	100.01609	100.017075	100.012863	100.025154	100.012054	100.030312	100.02507	100.033607	100.024567	100.019203	100.017204
886	100.004089	100.000443	100.004807	100.002167	100.001869	100.012718	100.006065	100.009201	100.02121	100.010208	100.005783	100.013496	100.017227	100.003799	100.02829	100.027313	100.01963	100.014542	100.009171	100.009605	100.015984	100.020668	100.011574	100.014046	100.009598	100.01519	100.01342	100.019363	100.014725	100.015381	100.015579	100.011826	100.014091	100.018326	100.020622	100.017868	100.022125	100.009659	100.021576	100.012718	100.022636	100.008308	100.014221	100.012695	100.024628	100.011978	100.025597	100.018288	100.012589	100.023315	100.014076	100.016357	100.014137	100.023674	100.009987	100.030968	100.024773	100.033066	100.023285	100.018288	100.014343
887	100.002243	99.993576	99.999603	100.001617	99.999123	100.012604	100.005867	100.003029	100.015656	100.002899	100.003372	100.01017	100.009712	100.003853	100.022659	100.018898	100.013611	100.012817	100.01104	100.004616	100.011673	100.016273	100.009537	100.00824	100.005913	100.011292	100.011269	100.015221	100.009499	100.009277	100.008774	100.010529	100.008438	100.012566	100.016068	100.01358	100.015114	100.004807	100.017036	100.007187	100.017097	100.006363	100.011635	100.009796	100.015305	100.001617	100.014969	100.015167	100.009407	100.018356	100.01104	100.011742	100.01403	100.014351	100.008797	100.024948	100.017204	100.023567	100.016853	100.015167	100.010727
888	100.000343	99.986534	99.99427	100.001053	99.9963	100.012459	100.005638	99.996712	100.009933	99.995384	100.000893	100.006737	100.001991	100.003899	100.016891	100.010262	100.007423	100.011063	100.012947	99.999496	100.007225	100.011742	100.007439	100.002274	100.002144	100.007294	100.009033	100.010979	100.004158	100.003036	100.001778	100.009178	100.002625	100.00666	100.011398	100.009171	100.007904	99.99984	100.012375	100.001511	100.011398	100.004372	100.00898	100.006821	100.005737	99.99099	100.004066	100.011955	100.006119	100.013283	100.007927	100.007011	100.013924	100.004768	100.007584	100.018776	100.009445	100.013817	100.010277	100.011955	100.007019
889	99.998573	99.97982	99.989594	100.000641	99.993668	100.0121	100.005402	99.990898	100.004471	99.988274	99.998924	100.003708	99.99482	100.00386	100.011322	100.002144	100.001823	100.009407	100.014771	99.994957	100.003159	100.007294	100.005508	99.996674	99.998459	100.003159	100.006844	100.006523	99.999306	99.997192	99.995316	100.007866	99.997475	100.000969	100.006935	100.005112	100.000969	99.995026	100.007759	99.996094	100.006042	100.002632	100.006485	100.004028	99.996628	99.981087	99.993973	100.008842	100.00312	100.008324	100.005051	100.002518	100.013802	99.996033	100.006393	100.0131	100.002396	100.004555	100.004219	100.008842	100.003586
890	99.999313	99.980614	99.996758	100.003098	99.994957	100.008476	100.004868	99.995193	100.004829	99.990097	100.005447	100.007713	99.998871	100.002548	100.010872	100.004913	100.007332	100.009834	100.014198	100.001122	100.006248	100.005722	100.006805	99.998764	99.997368	99.998337	100.005875	100.000381	100.004021	99.999741	99.999359	100.00737	100.004433	100.000511	100.007332	100.00808	100.000511	99.994347	100.005592	99.996651	100.008118	100.005409	100.007477	100.005463	99.997955	99.986305	100.00013	100.008202	100.00576	100.007225	100.007103	100.003311	100.013695	100.003586	100.00602	100.017395	100.009117	100.006447	100.008537	100.008202	100.005783
891	100.000069	99.98143	100.004105	100.0056	99.996262	100.004723	100.004318	99.99958	100.005196	99.991966	100.012161	100.01181	100.003006	100.001205	100.010391	100.007751	100.01297	100.010277	100.013626	100.007462	100.009407	100.004112	100.008118	100.000908	99.996254	99.99337	100.004875	99.994064	100.008842	100.002357	100.003502	100.006844	100.011589	100.000061	100.007736	100.011108	100.000061	99.993652	100.003349	99.997215	100.010231	100.008263	100.008499	100.006912	99.999306	99.991669	100.006447	100.007538	100.008453	100.006081	100.009201	100.004128	100.013565	100.011337	100.005638	100.021782	100.016022	100.008377	100.012955	100.007538	100.008011
892	100.000854	99.982277	100.011658	100.008179	99.997627	100.000893	100.003746	100.004112	100.005577	99.993881	100.019035	100.016045	100.007271	99.999809	100.009918	100.010681	100.018784	100.010727	100.013039	100.013969	100.012657	100.002457	100.009491	100.003098	99.99511	99.988289	100.003853	99.987587	100.013817	100.005051	100.007782	100.006317	100.018929	99.999603	100.008156	100.014244	99.999603	99.99295	100.001053	99.997803	100.012398	100.011192	100.00956	100.00843	100.000717	99.997177	100.012947	100.006866	100.01123	100.004921	100.011375	100.004974	100.013443	100.019302	100.005257	100.026306	100.023125	100.010368	100.017509	100.006866	100.0103
893	100.000061	99.986435	100.010742	100.006531	99.997421	99.999756	100.00267	100.005577	100.001701	99.994392	100.018166	100.011826	100.008095	100.000587	100.007095	100.012444	100.015068	100.009117	100.013397	100.016129	100.012459	100.002579	100.009537	100.002182	99.995155	99.988068	100.004135	99.989838	100.011078	100.002922	100.007645	100.004662	100.016197	100.002052	100.009193	100.011444	100.000938	99.991966	100.000526	99.999496	100.010956	100.011017	100.010277	100.009468	100.002502	99.99855	100.01178	100.005806	100.009552	100.004089	100.012848	100.004364	100.009392	100.016472	100.007652	100.021767	100.023315	100.007523	100.018158	100.006042	100.010452
894	99.998772	99.991699	100.007202	100.003578	99.996742	99.999435	100.001419	100.006142	99.996414	99.994461	100.014877	100.004913	100.007889	100.002037	100.003494	100.013901	100.008369	100.006828	100.014076	100.016998	100.011169	100.003258	100.009193	100.000275	99.995575	99.989342	100.004829	99.994835	100.005928	99.999268	100.006142	100.002632	100.010315	100.005447	100.010452	100.006783	100.002884	99.990883	100.000526	100.001587	100.008377	100.00988	100.010895	100.010391	100.004471	99.998703	100.008247	100.004593	100.006462	100.003342	100.014153	100.003288	100.004051	100.010277	100.010979	100.014343	100.021385	100.00312	100.017609	100.005165	100.009956
895	99.997452	99.997131	100.003555	100.000534	99.99604	99.9991	100.00013	100.006721	99.990997	99.994553	100.011513	99.997826	100.007675	100.00354	99.999794	100.015411	100.001488	100.004486	100.014771	100.017891	100.009872	100.00396	100.008835	99.998337	99.996002	99.990669	100.005569	99.999977	100.000641	99.995506	100.004601	100.000557	100.004265	100.008949	100.011757	100.001999	100.004875	99.989777	100.000534	100.003731	100.005737	100.008728	100.011536	100.011375	100.0065	99.998848	100.004616	100.003365	100.003304	100.002563	100.015495	100.002205	99.998573	100.003906	100.014404	100.006737	100.019417	99.998619	100.017036	100.004265	100.009445
896	99.995697	99.999199	99.99955	99.998032	99.996994	99.999237	99.999146	100.006828	99.990906	99.99559	100.009003	99.994812	100.008965	100.002838	99.99958	100.015434	99.998055	100.003746	100.015152	100.015381	100.008049	100.003944	100.009026	99.997833	99.997543	99.991783	100.006462	100.00415	99.999649	99.994827	100.005402	100.000015	100.000832	100.010788	100.011238	99.999214	100.005661	99.990074	100.000298	100.004898	100.004593	100.008797	100.011803	100.012123	100.006889	99.99971	100.004387	100.003838	100.002113	100.001541	100.015999	100.00116	99.997154	100.00293	100.015198	100.003365	100.017456	99.995872	100.017097	100.004517	100.009239
897	99.993462	99.99752	99.995193	99.996162	99.999817	99.999893	99.998459	100.006439	99.996826	99.997719	100.007454	99.996422	100.011948	99.999695	100.003265	100.013824	99.998543	100.004807	100.015198	100.009064	100.005653	100.003181	100.009827	99.998985	100.000366	99.992676	100.007568	100.007225	100.003517	99.997612	100.008835	100.00119	100.000359	100.010788	100.008713	99.998703	100.005081	99.991951	99.999802	100.004974	100.005165	100.010262	100.011635	100.012634	100.005493	100.001396	100.007988	100.006233	100.003159	100.000229	100.015556	100.000168	100.000313	100.008011	100.013062	100.004753	100.015518	99.995155	100.01786	100.006104	100.009369
898	99.99115	99.995781	99.990692	99.994232	100.002693	100.000572	99.997749	100.006012	100.002899	99.999893	100.005852	99.998062	100.015022	99.99646	100.007042	100.012146	99.999031	100.00589	100.015244	100.002563	100.003174	100.002357	100.010643	100.000153	100.003265	99.993584	100.00869	100.010391	100.007477	100.000465	100.01236	100.002396	99.999847	100.010765	100.006119	99.998177	100.004456	99.993866	99.99929	100.005043	100.005737	100.01178	100.011467	100.013161	100.004028	100.003098	100.011658	100.008713	100.004219	99.998848	100.015091	99.999138	100.00354	100.013229	100.010872	100.006172	100.013527	99.994392	100.018623	100.007713	100.009514
899	99.988976	99.993423	99.987465	99.992279	100.003075	100.00087	99.996201	100.004517	100.007355	100.000763	100.00354	99.99794	100.015625	99.993721	100.01001	100.0093	99.999329	100.00631	100.014496	99.996689	100.000969	100.00119	100.010262	100.000038	100.004539	99.994652	100.008415	100.012291	100.009521	100.002502	100.01429	100.002739	99.998566	100.009628	100.003342	99.997887	100.003578	99.995186	99.998222	100.003685	100.005486	100.011696	100.01162	100.012398	100.002441	100.004707	100.01413	100.010559	100.004219	99.997925	100.01429	99.997993	100.005653	100.016571	100.008415	100.007339	100.01123	99.993156	100.017632	100.00869	100.009453
900	99.987587	99.988586	99.990097	99.990425	99.992424	99.999481	99.991051	99.998444	100.004303	99.995872	99.998337	99.990013	100.005531	99.993446	100.009117	100.001541	99.998795	100.003777	100.010338	99.994194	100.000092	99.998596	100.004623	99.994247	99.99865	99.99633	100.00206	100.008438	100.003006	100.000786	100.009071	99.999268	99.993988	100.003639	100.000061	99.998741	100.001511	99.993721	99.994865	99.996201	100.001526	100.004669	100.013206	100.006104	100.000366	100.005653	100.011002	100.009491	99.999542	99.998947	100.012054	99.996391	100.002579	100.011383	100.005028	100.007286	100.007713	99.989891	100.00914	100.006714	100.008545
901	99.986153	99.98362	99.99279	99.988495	99.981468	99.998047	99.985756	99.992187	100.001167	99.990829	99.992973	99.981857	99.99511	99.993179	100.008186	99.993553	99.998245	100.001167	100.006042	99.991615	99.999222	99.995895	99.998825	99.988289	99.992577	99.998055	99.995499	100.004486	99.996284	99.999016	100.003693	99.995705	99.989273	99.997452	99.996689	99.999611	99.999405	99.992195	99.991425	99.988487	99.997467	99.997452	100.014832	99.999603	99.998245	100.00663	100.007805	100.008377	99.994728	100	100.009743	99.994728	99.999413	100.006035	100.001549	100.007225	100.004089	99.986542	100.000381	100.004669	100.007591
902	99.98468	99.9785	99.995575	99.986526	99.970169	99.996582	99.980309	99.985748	99.997925	99.985626	99.98745	99.97345	99.98439	99.992889	100.007233	99.985329	99.997673	99.998482	100.001617	99.98896	99.998306	99.993134	99.992844	99.982147	99.986328	99.999825	99.988754	100.000397	99.989365	99.997208	99.998146	99.99202	99.984413	99.991096	99.993202	100.000511	99.997238	99.990639	99.987862	99.980537	99.993271	99.990013	100.016487	99.992912	99.996056	100.007645	100.004494	100.007248	99.989784	100.001083	100.00737	99.993034	99.996147	100.000526	99.997963	100.007141	100.000359	99.983078	99.991348	100.002586	100.00663
903	99.99279	99.980698	100.002098	99.996765	99.97979	99.997208	99.990791	99.99173	99.998756	99.98941	99.990234	99.981743	99.989929	100.001404	100.008224	99.991791	100.003395	100.000023	100.002525	99.999672	100.001678	99.998573	100.001633	99.987961	99.989349	100.00248	99.99575	100.001335	99.992195	99.997643	100.003067	99.994049	99.986717	99.994011	99.99958	99.999603	100.000473	99.993843	99.993988	99.985321	99.995087	99.993301	100.014053	99.994987	99.999275	100.01049	100.003555	100.009895	99.992645	100.002357	100.011215	99.998573	99.995445	100.000656	99.999741	100.00441	100	99.990982	99.997658	100.001572	100.008949
904	100.002182	99.983749	100.009201	100.008644	99.991959	99.9981	100.003326	99.999252	100.000038	99.994293	99.993988	99.992081	99.997421	100.011108	100.009476	100.000061	100.009964	100.00206	100.004066	100.012146	100.005615	100.005081	100.012276	99.995232	99.993477	100.005325	100.004433	100.002846	99.996185	99.99836	100.009262	99.996765	99.989868	99.998016	100.00721	99.998482	100.004402	99.997673	100.00135	99.991608	99.997635	99.997864	100.011101	99.998085	100.003174	100.013641	100.002876	100.013031	99.996437	100.003723	100.015854	100.005081	99.995018	100.001419	100.002159	100.001312	100	100.000343	100.005814	100.000679	100.011703
905	100.011864	99.986893	100.016525	100.020859	100.004494	99.999016	100.016228	100.006989	100.001358	99.999298	99.997864	100.002731	100.005127	100.021111	100.01075	100.00856	100.016739	100.004173	100.005638	100.025002	100.009666	100.01178	100.023232	100.002708	99.997719	100.00824	100.01339	100.004402	100.000275	99.999084	100.01564	99.999542	99.993103	100.002144	100.015053	99.997322	100.00843	100.001595	100.008919	99.998093	100.000229	100.002541	100.008057	100.001251	100.007187	100.016869	100.002159	100.016251	100.000359	100.005089	100.020638	100.01178	99.994553	100.002197	100.004646	99.998116	100	100.009987	100.014236	99.999733	100.014534
906	100.01696	99.991577	100.02301	100.022545	100.008629	100.002457	100.021454	100.009262	100.003311	100.004234	100.003052	100.01265	100.008797	100.025002	100.013138	100.013885	100.021812	100.007423	100.009644	100.02993	100.011719	100.017487	100.025978	100.009003	100.002693	100.013863	100.016197	100.007545	100.001656	100.002579	100.018539	100.00515	100.001099	100.007225	100.018898	100.001953	100.012947	100.006958	100.012573	100.006447	100.004349	100.008095	100.008728	100.006088	100.010132	100.020203	100.005463	100.018501	100.004982	100.008644	100.024139	100.01606	99.998001	100.006447	100.008057	100.000763	100.006424	100.016022	100.02005	100.00293	100.01696
907	100.01918	99.997292	100.02903	100.017426	100.007401	100.007568	100.02179	100.008049	100.005707	100.009178	100.009155	100.022217	100.009903	100.025009	100.016273	100.017235	100.025871	100.011444	100.015259	100.029823	100.012482	100.022636	100.023476	100.014618	100.008202	100.021301	100.015091	100.011765	100.001289	100.007889	100.019218	100.01265	100.012245	100.013008	100.020172	100.010384	100.017838	100.013313	100.013756	100.016113	100.009491	100.014282	100.011787	100.012039	100.012444	100.023636	100.011398	100.020157	100.010132	100.013664	100.026871	100.018845	100.004028	100.012993	100.012085	100.00721	100.017059	100.019791	100.024261	100.008835	100.01918
908	100.021469	100.003197	100.03524	100.012161	100.006126	100.01284	100.022141	100.006783	100.008179	100.014282	100.015434	100.032082	100.011063	100.025009	100.019501	100.020668	100.030052	100.015594	100.021042	100.029694	100.013268	100.027954	100.020859	100.020393	100.013885	100.028976	100.013947	100.016106	100.000908	100.013367	100.01992	100.02037	100.02372	100.018951	100.021484	100.019058	100.022873	100.019875	100.014961	100.026085	100.014793	100.020645	100.014946	100.018181	100.014832	100.027191	100.017525	100.021866	100.01545	100.018837	100.029671	100.021721	100.010231	100.01973	100.016251	100.013878	100.028038	100.023674	100.02861	100.014923	100.021469
909	100.021683	100.006737	100.037018	100.008797	100.005165	100.014664	100.021088	100.003876	100.010727	100.018814	100.017563	100.034737	100.010368	100.024811	100.020767	100.021889	100.032021	100.017784	100.024139	100.026825	100.013756	100.029282	100.017311	100.022194	100.015984	100.032867	100.013435	100.019058	100.000801	100.016129	100.01944	100.02507	100.029205	100.021957	100.021362	100.022591	100.023911	100.0224	100.014603	100.02993	100.01725	100.025558	100.016533	100.021828	100.015808	100.026955	100.020088	100.022629	100.018715	100.021217	100.030685	100.021469	100.013412	100.021324	100.018181	100.0159	100.034729	100.023506	100.03035	100.018051	100.022423
910	100.017525	100.005211	100.029434	100.00956	100.004829	100.009171	100.017128	99.997589	100.013367	100.02198	100.010887	100.022194	100.005829	100.024185	100.017822	100.018349	100.029251	100.015831	100.021454	100.01825	100.01358	100.022171	100.011864	100.015594	100.010513	100.028694	100.014267	100.018967	100.001213	100.013115	100.016472	100.023224	100.021896	100.018623	100.018227	100.015175	100.016525	100.016418	100.010956	100.02079	100.013641	100.027191	100.014755	100.020134	100.013817	100.018784	100.015091	100.021347	100.017593	100.017677	100.027908	100.014648	100.010155	100.012039	100.015404	100.008179	100.032219	100.014893	100.02655	100.014862	100.020538
911	100.013245	100.003639	100.021591	100.010345	100.004494	100.003494	100.013039	99.991096	100.016083	100.025261	100.00399	100.009247	100.001129	100.023544	100.014786	100.014702	100.026405	100.013802	100.018692	100.009392	100.01339	100.014839	100.006233	100.008774	100.004868	100.024376	100.015129	100.01886	100.001648	100.010002	100.01342	100.021317	100.014351	100.01519	100.014984	100.007523	100.008881	100.010239	100.007179	100.011353	100.009918	100.0289	100.012924	100.018379	100.011757	100.010361	100.009933	100.020042	100.016426	100.014023	100.025047	100.007607	100.006783	100.002464	100.012543	100.000191	100.029625	100.005974	100.022614	100.011574	100.018585
912	100.009033	100.001884	100.013527	100.010918	100.003792	99.99794	100.008835	99.985115	100.018753	100.028206	99.997116	99.996567	99.996483	100.022865	100.011787	100.010765	100.023354	100.011757	100.015701	100.000656	100.013039	100.007805	100.000801	100.002083	99.999466	100.019768	100.0159	100.018356	100.001892	100.00695	100.009987	100.019226	100.006958	100.011551	100.011566	99.999962	100.001396	100.004265	100.003448	100.002029	100.006226	100.030113	100.010994	100.01651	100.009621	100.002083	100.004601	100.018501	100.01519	100.010361	100.022018	100.000618	100.00322	99.99334	100.009491	99.99234	100.026848	99.997246	100.018456	100.008095	100.016403
913	100.009407	99.997826	100.006226	100.006783	99.996109	99.998558	100.00489	99.993263	100.018845	100.022636	99.994919	99.997368	99.995567	100.021957	100.011337	100.003395	100.017929	100.010658	100.010147	99.999809	100.009811	100.011383	100.002968	100.00235	100.002686	100.011909	100.014435	100.010262	99.998283	100.007072	100.001335	100.014816	100.007294	100.006142	100.006592	99.999329	100.001633	100.006271	100.002861	100.000992	100.005684	100.02092	100.008369	100.013336	100.007401	100.00235	99.999298	100.01342	100.013283	100.009239	100.017639	99.99913	99.998108	99.999252	100.0047	99.992004	100.021675	99.997627	100.012299	100.003052	100.010857
914	100.009789	99.993637	99.998665	100.002525	99.988167	99.999184	100.000824	100.001678	100.018944	100.016891	99.992653	99.998207	99.994614	100.021019	100.010857	99.995796	100.012314	100.009521	100.00441	99.998924	100.00647	100.015068	100.005211	100.002602	100.006012	100.003792	100.012932	100.001892	99.994537	100.007179	99.992386	100.010254	100.007629	100.000549	100.001442	99.99865	100.001884	100.008347	100.002243	99.999908	100.005127	100.011421	100.005661	100.010063	100.005127	100.002602	99.99382	100.008186	100.011322	100.00808	100.013115	99.997581	99.992828	100.005379	99.999748	99.991653	100.016342	99.998024	100.005936	99.997856	100.005135
915	100.010178	99.989304	99.99086	99.998123	99.979958	99.999847	99.996605	100.010391	100.019035	100.010941	99.990303	99.999062	99.993637	100.020042	100.010384	99.987946	100.006523	100.008354	99.998482	99.998016	100.003014	100.018883	100.007523	100.002876	100.009453	99.995407	100.011375	99.993256	99.990669	100.007309	99.983139	100.005531	100.007988	99.994781	99.996132	99.997971	100.002136	100.01049	100.001617	99.998795	100.004539	100.00161	100.002876	100.00666	100.002762	100.002876	99.988152	100.002762	100.009285	100.006889	100.008438	99.995979	99.987373	100.011696	99.994621	99.991287	100.010834	99.998436	99.999367	99.992485	99.999214
916	100.014557	99.99263	99.994072	100.003456	99.983444	100.005722	99.997284	100.0121	100.016022	100.010696	99.992386	100.004128	99.99852	100.020233	100.008484	99.985031	100.008156	100.00956	100.002228	100.002632	100.001884	100.025429	100.009903	100.005745	100.011101	99.999039	100.010971	99.998199	99.997932	100.012802	99.989021	100.007751	100.013542	100.002686	99.996529	100.002457	100.005173	100.01236	100.00808	100.006485	100.007416	100.003418	100.008461	100.010094	100.007782	100.005234	99.995483	100.00843	100.009605	100.009468	100.012459	100.000061	99.987106	100.018394	99.999741	99.99733	100.012779	100.00441	100.004021	99.992645	99.998985
917	100.020325	99.998482	100.000854	100.012016	99.990753	100.013397	99.999527	100.011612	100.011909	100.012245	99.995926	100.01062	100.005402	100.02079	100.006104	99.983612	100.012184	100.011551	100.009171	100.009109	100.001442	100.032982	100.01236	100.009514	100.012192	100.006615	100.01091	100.007591	100.008942	100.020149	99.999878	100.012253	100.020897	100.015152	99.998779	100.008705	100.009171	100.014175	100.016953	100.017181	100.011429	100.009003	100.016891	100.015793	100.015274	100.008301	100.007126	100.017761	100.010681	100.01329	100.019333	100.006035	99.988495	100.025368	100.00824	100.005569	100.017128	100.012299	100.01236	99.994591	100.000572
918	100.026276	100.004539	100.007904	100.020874	99.998322	100.021362	100.001862	100.011101	100.007668	100.013863	99.999611	100.017357	100.012505	100.021378	100.003624	99.982162	100.01638	100.013611	100.016342	100.015816	100.000999	100.040794	100.014915	100.01342	100.013329	100.01445	100.010857	100.017319	100.020309	100.027756	100.011101	100.016907	100.028519	100.028053	100.001099	100.015167	100.013306	100.016045	100.026131	100.028244	100.015617	100.014755	100.025604	100.021675	100.023018	100.01149	100.01918	100.027428	100.011803	100.017258	100.026443	100.012222	99.989937	100.032593	100.017036	100.014076	100.021622	100.02047	100.020996	99.996605	100.00222
919	100.026451	100.004593	100.010445	100.022659	100.000618	100.019196	100.005196	100.009666	100.005356	100.014153	100.004105	100.017509	100.016167	100.018059	100.000381	99.984718	100.015511	100.013458	100.018921	100.018021	100.000893	100.042984	100.01606	100.015388	100.011169	100.017014	100.011742	100.019989	100.024712	100.030754	100.018349	100.017914	100.028542	100.031342	100.003265	100.017944	100.013664	100.015221	100.027893	100.028587	100.015305	100.01519	100.028488	100.022217	100.024918	100.012245	100.023697	100.027954	100.012268	100.017799	100.029419	100.012398	99.991898	100.030945	100.01944	100.016212	100.022141	100.022217	100.022194	99.996391	100.001846
920	100.020126	99.997887	100.00795	100.016495	99.996986	100.005722	100.009644	100.007164	100.005211	100.012932	100.009499	100.010315	100.015961	100.010368	99.996277	99.99173	100.009003	100.010773	100.016335	100.01519	100.00116	100.038872	100.015602	100.015175	100.005318	100.013664	100.013641	100.014771	100.021255	100.028595	100.021072	100.014832	100.02005	100.02388	100.005257	100.016548	100.009773	100.01136	100.021339	100.01696	100.010002	100.009644	100.024864	100.0168	100.020256	100.010262	100.019745	100.018265	100.011993	100.014458	100.027725	100.005829	99.994423	100.019363	100.014687	100.011154	100.018143	100.0168	100.015068	99.993668	99.999222
921	100.013565	99.990944	100.005386	100.010132	99.993248	99.991783	100.014236	100.004578	100.005043	100.011673	100.015083	100.002846	100.015732	100.002419	99.992027	99.99897	100.002251	100.008011	100.013664	100.012245	100.001419	100.034622	100.015129	100.014938	99.999252	100.010208	100.015594	100.009361	100.017677	100.02639	100.023888	100.01162	100.011292	100.016151	100.007317	100.015106	100.00576	100.00737	100.014565	100.004959	100.004509	100.003899	100.021103	100.011169	100.015427	100.008224	100.01564	100.008224	100.011696	100.011017	100.026001	99.999023	99.997032	100.007378	100.009766	100.005928	100.01403	100.011169	100.00769	99.990852	99.996506
922	100.007034	99.984291	100.00206	100.001968	99.991264	99.980537	100.017372	100.001907	100.004486	100.010231	100.018349	99.996201	100.014999	99.99527	99.989014	100.005447	99.996056	100.005089	100.009827	100.008736	100.001907	100.028419	100.014496	100.014183	99.994766	100.005959	100.017212	100.004066	100.01403	100.022552	100.023392	100.008896	100.00309	100.009201	100.008331	100.011513	100.001862	100.00396	100.007561	99.993484	99.999184	99.999229	100.015831	100.006378	100.010429	100.006172	100.010849	99.999283	100.009575	100.0075	100.023529	99.993629	99.998001	99.997177	100.004623	100.000153	100.010025	100.005959	100.000153	99.988243	99.995178
923	100.001297	99.979431	99.995979	99.987213	99.996727	99.981483	100.014091	99.999138	100.002251	100.008102	100.01178	99.993591	100.012207	99.992142	99.991371	100.008095	99.992668	100.001862	100.001572	100.003281	100.003204	100.014893	100.013206	100.01136	99.997223	99.998932	100.01725	99.999794	100.010445	100.012497	100.009262	100.00827	99.998039	100.006042	100.004898	99.999474	99.998825	100.003258	100.000298	99.985466	99.995087	99.999466	100.004875	100.005463	100.005257	100.004234	100.003639	99.995697	100.000038	100.004051	100.018326	99.994537	99.992111	99.995346	99.9991	99.992767	100.006882	100.003006	99.992767	99.986771	99.999672
924	99.995354	99.974403	99.989685	99.971947	100.002373	99.982445	100.010704	99.996262	99.999962	100.005913	100.004974	99.990883	100.0093	99.988892	99.993813	100.010826	99.989166	99.99852	99.993042	99.997635	100.004555	100.000885	100.011887	100.008453	99.999771	99.991646	100.017288	99.995384	100.006737	100.002075	99.994637	100.007645	99.992821	100.002777	100.001358	99.987015	99.995689	100.002541	99.992783	99.97718	99.990852	99.999718	99.993553	100.004517	99.999901	100.002228	99.996178	99.991997	99.990181	100.000504	100.012932	99.995483	99.986	99.993446	99.993385	99.98513	100.003624	99.999939	99.98513	99.985237	100.004341
925	99.989204	99.969193	99.983162	99.956146	100.008217	99.983452	100.007202	99.993301	99.997581	100.003639	99.99794	99.988075	100.006294	99.985519	99.996338	100.013641	99.985542	99.995056	99.984207	99.991783	100.005959	99.986374	100.010506	100.005424	100.002396	99.984108	100.017319	99.990814	100.002884	99.991287	99.979492	100.006989	99.987419	99.999382	99.997681	99.974121	99.992439	100.001785	99.985001	99.968597	99.986458	99.999985	99.981827	100.003525	99.994354	100.000153	99.988457	99.988159	99.97998	99.996811	100.00737	99.99646	99.979683	99.991486	99.987457	99.977203	100.000252	99.996773	99.977203	99.983658	100.009171
926	99.993759	99.968262	99.982117	99.96286	100.005081	99.989716	100.001572	99.994438	99.9981	99.996307	100.004074	99.988159	100.003685	99.986496	99.999451	100.006393	99.988243	99.994705	99.985489	99.984718	100.003685	99.988487	100.006592	99.99807	99.998665	99.985985	100.013649	99.989304	99.997917	99.987061	99.979698	100.00132	99.991753	99.999863	99.997856	99.983109	99.995789	99.997536	99.992088	99.973343	99.985641	99.995773	99.987564	100.005257	99.995316	99.998756	99.987907	99.985161	99.98555	99.996971	100.005302	99.998215	99.98008	99.99192	99.983788	99.985397	99.998253	99.990746	99.98365	99.982246	100.006714
927	99.99939	99.967659	99.981514	99.971748	100.001076	99.996635	99.995575	99.995979	99.998886	99.988289	100.011536	99.988472	100.001015	99.987892	100.002731	99.998016	99.991577	99.994606	99.987671	99.977295	100.001015	99.992111	100.002335	99.990089	99.994255	99.988731	100.009521	99.987999	99.992668	99.983253	99.981239	99.995056	99.99707	100.000679	99.99836	99.994293	99.999817	99.992821	100.000717	99.979424	99.9851	99.991028	99.995003	100.007286	99.99688	99.99736	99.987946	99.98214	99.992676	99.997452	100.003494	100.000092	99.981071	99.992599	99.980194	99.995255	99.996307	99.984268	99.991562	99.98082	100.00354
928	100.005257	99.967041	99.980873	99.98098	99.99691	100.003853	99.989349	99.997574	99.999702	99.979973	100.01931	99.988815	99.998245	99.989342	100.006142	99.989326	99.995056	99.994507	99.98996	99.969604	99.998245	99.995872	99.997917	99.981804	99.989685	99.991592	100.005249	99.986664	99.987236	99.979309	99.982834	99.988541	100.002609	100.001541	99.998894	100.005928	100.004021	99.987946	100.009666	99.985733	99.984535	99.986115	100.002731	100.009384	99.998497	99.995926	99.987999	99.979012	100.000084	99.997971	100.00161	100.00206	99.982109	99.993294	99.976471	100.005508	99.994286	99.977547	99.999786	99.979332	100.000275
929	100.008949	99.970413	99.98333	99.98761	99.994041	100.007103	99.990044	100.000343	100.000175	99.979584	100.018188	99.992844	99.996651	99.992683	100.007858	99.988564	99.995895	99.996429	99.992493	99.972992	100.004402	100.000153	99.999214	99.982742	99.989883	99.991974	100.007805	99.992439	99.982834	99.979401	99.987419	99.984688	100.001732	100.002243	99.997963	100.006416	100.002289	99.991142	100.014206	99.988403	99.986504	99.988167	100.003769	100.010277	99.997963	99.998466	99.988403	99.981438	100.005211	99.99868	100.003883	100.0028	99.986115	99.994934	99.979553	100.010826	99.998436	99.978455	100.004646	99.985512	99.999985
930	100.01149	99.976158	99.987617	99.992874	99.991859	100.008133	99.994781	100.003853	100.000473	99.983788	100.011894	99.999092	99.995682	99.997169	100.008606	99.992386	99.995216	99.99955	99.995247	99.98288	100.015869	100.004814	100.00386	99.989067	99.992859	99.990913	100.014404	100.00248	99.978943	99.981865	99.993851	99.9823	99.997086	100.002876	99.996162	100.000427	99.997086	99.999115	100.016273	99.989014	99.98999	99.994316	100.000931	100.010513	99.996162	100.003387	99.989014	99.987144	100.009109	99.999527	100.008644	100.002861	99.99192	99.997154	99.986679	100.013397	100.006279	99.983795	100.007675	99.996269	100.001442
931	100.014137	99.98217	99.992104	99.998383	99.989571	100.009216	99.999733	100.007507	100.000786	99.98819	100.005302	100.005638	99.99469	100.001884	100.009392	99.996384	99.994499	100.002815	99.998116	99.993225	100.027863	100.009705	100.008713	99.995674	99.995972	99.989799	100.021294	100.012985	99.974876	99.984428	100.000557	99.979797	99.992249	100.003525	99.994278	99.994164	99.991646	100.007439	100.018433	99.989662	99.993637	100.00074	99.997971	100.01075	99.994278	100.008537	99.989662	99.993118	100.013199	100.000404	100.013611	100.00293	99.998001	99.999466	99.994125	100.01609	100.014473	99.989388	100.010826	100.007507	100.00296
932	100.015579	99.991974	99.997482	100.003365	99.990585	100.010368	100.004936	100.010811	100.003143	99.994484	100.004288	100.013649	99.997269	100.006828	100.01297	100.003304	99.996597	100.006378	100.002495	100.004074	100.034729	100.015869	100.013611	100.003746	100.001503	99.990791	100.026619	100.018921	99.975227	99.988235	100.006042	99.983276	99.9935	100.005936	99.996841	99.992249	99.990471	100.014511	100.02005	99.9944	100.000175	100.007507	100.000526	100.012611	99.994682	100.012718	99.99337	99.998245	100.017288	100.00473	100.019768	100.006065	100.003143	100.003944	100.001266	100.021431	100.022194	99.996841	100.014282	100.016853	100.007736
933	100.014771	100.00843	100.004341	100.007233	99.997559	100.011597	100.010429	100.013329	100.009216	100.004089	100.013542	100.024101	100.006317	100.012054	100.021515	100.01535	100.003731	100.010323	100.009491	100.015518	100.031937	100.024178	100.018402	100.014236	100.011299	99.99556	100.028954	100.016312	99.983658	99.994194	100.009033	99.997589	100.005913	100.011459	100.007454	99.998322	99.997124	100.019012	100.020615	100.006508	100.011826	100.014641	100.013123	100.017372	99.999252	100.014961	100.002625	100.001648	100.021233	100.015259	100.02787	100.014732	100.006378	100.012245	100.007591	100.031487	100.028801	100.007454	100.018143	100.022362	100.018349
934	100.013901	100.025833	100.011574	100.011337	100.004936	100.012909	100.016228	100.015976	100.01564	100.014259	100.023308	100.035156	100.015892	100.017586	100.030556	100.028084	100.011292	100.014519	100.016876	100.027634	100.028976	100.032974	100.023476	100.025307	100.021675	100.000595	100.031425	100.013527	99.992561	100.000504	100.012207	100.012741	100.019035	100.017296	100.018669	100.004745	100.00415	100.023758	100.02121	100.019325	100.024155	100.022186	100.026451	100.022415	100.004074	100.017334	100.012413	100.005257	100.025414	100.02639	100.036453	100.023903	100.009796	100.021004	100.01429	100.042114	100.035797	100.018669	100.022232	100.028191	100.029564
935	100.013245	100.040924	100.018295	100.014641	100.011955	100.01358	100.021637	100.017845	100.021317	100.024071	100.032532	100.044098	100.02446	100.022316	100.038338	100.039825	100.018013	100.018761	100.023415	100.0383	100.025764	100.040543	100.028038	100.035492	100.030396	100.00515	100.033096	100.0103	100.000443	100.006783	100.015175	100.027	100.030556	100.022125	100.028625	100.010422	100.010452	100.026848	100.021446	100.030205	100.035141	100.028778	100.038483	100.027039	100.00843	100.018906	100.021759	100.00827	100.028313	100.036552	100.043663	100.031921	100.013245	100.028404	100.020454	100.051376	100.042023	100.029251	100.025406	100.033249	100.03933
936	100.015053	100.023651	100.015793	100.007881	100.011658	100.007118	100.019928	100.010513	100.016167	100.025215	100.030838	100.025902	100.018036	100.016167	100.028572	100.034592	100.012398	100.021446	100.017288	100.028183	100.021446	100.031197	100.024818	100.030457	100.017258	100.001869	100.025558	100.003731	99.99321	100.009415	100.01429	100.024452	100.019157	100.013901	100.01992	100.005249	100.005638	100.010475	100.01767	100.015007	100.026306	100.021805	100.030457	100.024818	100.005257	100.011269	100.021446	100.003372	100.016144	100.031212	100.032715	100.023674	100.015053	100.017273	100.017677	100.041351	100.03685	100.027451	100.017288	100.027451	100.028564
937	100.016991	100.005196	100.013123	100.000656	100.01136	100.000237	100.01812	100.00267	100.010643	100.026428	100.029053	100.006462	100.011154	100.009575	100.018135	100.029007	100.006401	100.024323	100.01075	100.01738	100.016823	100.02121	100.0214	100.025085	100.003242	99.998367	100.017509	99.996742	99.985489	100.01223	100.013351	100.021721	100.006958	100.005104	100.010612	99.999725	100.000465	99.993011	100.013641	99.998764	100.016869	100.014343	100.021866	100.022461	100.001869	100.00309	100.021103	99.998131	100.003143	100.025497	100.020981	100.014854	100.016991	100.005379	100.014725	100.030647	100.031342	100.025543	100.008598	100.021255	100.017059
938	100.019073	99.985458	100.010277	99.992943	100.011024	99.992874	100.01619	99.994286	100.004753	100.02774	100.02713	99.985657	100.003815	100.002541	100.006958	100.023018	100	100.027405	100.003754	100.005814	100.011887	100.010529	100.017723	100.019333	99.988213	99.994629	100.008919	99.98925	99.977226	100.015244	100.01236	100.018814	99.993935	99.995689	100.000656	99.993813	99.994957	99.974312	100.009331	99.981377	100.00676	100.006378	100.01268	100.019943	99.998253	99.994347	100.020752	99.992538	99.989235	100.019394	100.008438	100.005424	100.019073	99.992661	100.011566	100.019196	100.025436	100.023506	99.999313	100.014626	100.004745
939	100.009331	99.980011	100.005913	99.988434	100.007179	99.99501	100.004341	99.993446	100.006554	100.02121	100.02121	99.97406	99.996864	100.004066	100.012817	100.020279	99.995621	100.026215	99.999046	99.995918	100.006233	100.003731	100.011215	100.013718	99.991264	99.994698	100.00248	99.985313	99.97596	100.010277	100.006851	100.01091	99.988121	99.994377	100.00032	99.991257	99.985298	99.978783	100.00248	99.982841	100.003746	100.005302	100.008102	100.012146	99.990929	99.993134	100.003075	99.995628	99.985634	100.00808	100.003418	100.005302	100.010262	99.997513	100.006233	100.012161	100.023102	100.007454	99.998123	100.005898	100.001236
940	99.996246	99.977768	100.000999	99.984505	100.002289	99.99958	99.989502	99.994408	100.010323	100.012459	100.014046	99.964142	99.989662	100.007751	100.023102	100.018204	99.991531	100.023941	99.99469	99.985924	100.00013	99.997551	100.003708	100.007866	99.998871	99.995697	99.996254	99.982063	99.976334	100.003136	99.999985	100.001419	99.983788	99.99498	100.002304	99.989388	99.974174	99.989113	99.994682	99.988976	100.002289	100.005875	100.004433	100.002708	99.982353	99.99369	99.980316	100.001015	99.984375	99.994957	99.999992	100.007454	99.998398	100.006905	100.00013	100.005867	100.021507	99.987206	99.998856	99.996254	99.99971
941	99.982246	99.975372	99.995728	99.980301	99.997063	100.004456	99.97364	99.995445	100.014351	100.00309	100.006363	99.953514	99.981964	100.011681	100.034096	100.015976	99.98716	100.021492	99.990013	99.975243	99.993607	99.990936	99.995682	100.001617	100.006989	99.996773	99.989609	99.978592	99.976746	99.995491	99.992638	99.991264	99.979141	99.995628	100.00441	99.987389	99.962265	100.000168	99.986336	99.995522	100.00074	100.006485	100.000511	99.992599	99.973175	99.994293	99.955971	100.00676	99.983009	99.980911	99.996323	100.00975	99.985703	100.01693	99.993607	99.999138	100.019798	99.965546	99.999634	99.985924	99.998062
942	99.97802	99.969749	99.991058	99.977783	99.988762	100.000443	99.965408	99.994041	100.006149	99.995865	99.997696	99.951912	99.974098	100.014664	100.03389	100.011673	99.983963	100.015572	99.989014	99.975967	99.990616	99.987633	99.993134	100.003456	100.010536	99.988052	99.98304	99.975029	99.976402	99.991524	99.989243	99.986946	99.978935	99.994728	100.005272	99.984879	99.960846	100.004578	99.985352	99.992187	99.993561	100.002968	99.996101	99.988777	99.974373	99.986229	99.953529	100.003647	99.980759	99.97435	99.992905	100.005936	99.981682	100.016701	99.990372	99.997719	100.016953	99.961075	99.99173	99.98053	99.996796
943	99.982635	99.961235	99.986961	99.976791	99.977707	99.988388	99.964104	99.990448	99.986931	99.990593	99.988159	99.958458	99.966125	100.016762	100.023544	100.005508	99.981834	100.006485	99.991318	99.986992	99.990807	99.98732	99.995544	100.012589	100.009941	99.970535	99.976578	99.971382	99.97538	99.990883	99.989395	99.987915	99.982712	99.992439	100.004974	99.981918	99.968903	100.002968	99.991013	99.979935	99.981346	99.99572	99.991264	99.990654	99.984924	99.970375	99.970879	99.992546	99.977684	99.974564	99.989708	99.996613	99.985527	100.007225	99.990143	100.001106	100.013062	99.97216	99.976013	99.979607	99.99585
944	99.98748	99.952278	99.982643	99.975746	99.966072	99.975708	99.962738	99.986664	99.96669	99.985054	99.978127	99.965317	99.957726	100.018967	100.012657	99.999016	99.979591	99.996925	99.993736	99.998581	99.991005	99.986992	99.998077	100.022186	100.009308	99.952087	99.96978	99.967537	99.974297	99.990204	99.989555	99.988922	99.986679	99.990036	100.004662	99.97879	99.977371	100.001274	99.996964	99.967033	99.968483	99.988091	99.986176	99.992615	99.99601	99.95369	99.98912	99.980858	99.974457	99.974785	99.986336	99.986801	99.989571	99.997238	99.989876	100.004662	100.008987	99.983803	99.95948	99.97863	99.994858
945	99.990501	99.951485	99.98452	99.97834	99.962318	99.968582	99.964272	99.986229	99.956154	99.983009	99.972145	99.9739	99.955276	100.020981	100.004814	99.997581	99.981422	99.989525	99.997437	100.010765	99.992493	99.989426	100.003006	100.028862	100.008629	99.943581	99.970345	99.970848	99.977722	99.993881	99.993767	99.991768	99.990395	99.992157	100.005569	99.978325	99.986595	99.998383	100.004234	99.9617	99.962555	99.981743	99.986115	99.995453	100.003944	99.944664	100.002464	99.978119	99.974503	99.977341	99.985222	99.983528	99.991974	99.99115	99.990273	100.008774	100.006058	99.993729	99.954712	99.982674	99.997581
946	99.988045	99.973671	100.003586	99.99086	99.981018	99.977722	99.973793	99.995193	99.973824	99.991005	99.978127	99.986343	99.969711	100.022247	100.006271	100.010422	99.994453	99.988884	100.004288	100.023376	99.997437	99.999374	100.014076	100.026573	100.007858	99.963806	99.991478	99.99382	99.993462	100.00943	100.008835	99.999451	99.992989	100.006744	100.009796	99.985321	99.996948	99.992378	100.014427	99.978081	99.976654	99.979607	100.000145	100.000443	100.002167	99.958	100.000671	100.000748	99.983742	99.986168	99.990494	99.998894	99.989548	99.996521	99.992401	100.013985	100.006615	99.997757	99.983391	100.00032	100.010422
947	99.985497	99.99662	100.023293	100.003799	100.000343	99.98716	99.983635	100.004471	99.992096	99.999275	99.984299	99.999207	99.98465	100.02356	100.007782	100.023689	100.007927	99.98822	100.011383	100.036407	100.002525	100.009659	100.025558	100.024208	100.007057	99.984711	100.013329	100.017586	100.009712	100.02549	100.024429	100.007393	99.995682	100.021828	100.014175	99.992561	100.007652	99.986153	100.024948	99.995026	99.991226	99.977386	100.014641	100.005592	100.000336	99.971794	99.998802	100.024162	99.993286	99.995285	99.995941	100.014786	99.98703	100.002075	99.994614	100.019363	100.007187	100.00193	100.013062	100.01857	100.023689
948	99.982941	100.020218	100.043526	100.017059	100.020195	99.996925	99.993774	100.01403	100.010857	100.007843	99.990692	100.012436	100.000038	100.024887	100.009361	100.037369	100.021835	99.987633	100.018707	100.049797	100.007782	100.020256	100.037346	100.021812	100.006294	100.006279	100.035797	100.042023	100.026451	100.042023	100.040421	100.015518	99.998482	100.037323	100.018677	100.000015	100.018654	99.979805	100.03582	100.012444	100.006248	99.975182	100.029526	100.01091	99.998474	99.986069	99.996933	100.04821	100.003098	100.004684	100.001656	100.031174	99.984505	100.00782	99.996925	100.024918	100.00782	100.006248	100.043556	100.037315	100.037338
949	99.994781	100.019005	100.03389	100.005684	100.013672	100.003624	99.995636	100.019005	100.004723	100.01899	99.996361	100.009682	100.005325	100.0242	100.015244	100.04213	100.030731	100.005302	100.0242	100.048409	100.009796	100.02433	100.037766	100.027359	100.018867	100.015976	100.037643	100.042488	100.025787	100.042	100.034126	100.007988	100.005196	100.031471	100.02034	100.002907	100.015488	99.988251	100.04007	100.010643	100.011131	99.991272	100.022148	100.013908	100.004723	100.002274	100.007011	100.041519	100.001205	100.007614	100.021889	100.040176	99.997322	100.014648	100.004593	100.027596	100.015129	100.010643	100.039223	100.030014	100.034378
950	100.006889	100.017754	100.024048	99.994072	100.007019	100.010475	99.997536	100.024078	99.998444	100.030396	100.002159	100.006866	100.010742	100.023506	100.021255	100.046967	100.039841	100.023376	100.029823	100.047005	100.011864	100.028488	100.038185	100.033012	100.031746	100.025879	100.039528	100.042961	100.025093	100.041985	100.027702	100.00029	100.012062	100.025497	100.022018	100.005852	100.012268	99.99688	100.044403	100.00882	100.016113	100.007721	100.014603	100.016991	100.011101	100.018867	100.017311	100.034691	99.999268	100.01062	100.04258	100.049385	100.010429	100.021614	100.012436	100.030342	100.022591	100.015137	100.034782	100.022568	100.031349
951	100.019287	100.016487	100.013985	99.982193	100.000214	100.017487	99.999481	100.029282	99.992027	100.042068	100.008102	100.00399	100.016281	100.022797	100.027405	100.051941	100.049164	100.04187	100.035583	100.04557	100.013962	100.032761	100.03862	100.038818	100.044907	100.036026	100.041458	100.043442	100.024399	100.041977	100.021126	99.992424	100.019096	100.019394	100.023758	100.008881	100.008949	100.005707	100.048851	100.00695	100.021233	100.024559	100.006905	100.020134	100.017616	100.03582	100.027847	100.027695	99.997299	100.01371	100.063744	100.058815	100.023857	100.028755	100.020454	100.03315	100.030243	100.019753	100.030258	100.014946	100.028267
952	100.016525	100.019547	100.011002	99.980698	99.99984	100.023529	99.997803	100.022087	99.993172	100.034882	100.011215	100.005447	100.018242	100.022385	100.031815	100.056549	100.039909	100.042366	100.035904	100.033417	100.014626	100.026443	100.033882	100.032578	100.039963	100.029846	100.037132	100.038757	100.021072	100.036026	100.017296	100.001228	100.019661	100.010918	100.028038	100.014153	100.015083	100.00666	100.047455	100.008705	100.021652	100.027786	100.007439	100.026619	100.016571	100.037323	100.025749	100.019775	99.998215	100.013901	100.061455	100.051865	100.027992	100.025749	100.016891	100.02388	100.031403	100.020393	100.027786	100.011169	100.019577
953	100.008156	100.024261	100.010612	99.983032	100.001846	100.029282	99.994766	100.010254	99.997131	100.02066	100.013336	100.008514	100.018921	100.022102	100.035629	100.061119	100.02372	100.036255	100.034248	100.017166	100.014755	100.016151	100.027168	100.021851	100.028297	100.017586	100.030457	100.032104	100.016762	100.027832	100.014458	100.016312	100.017845	100.001488	100.033333	100.020309	100.024773	100.004723	100.043892	100.011803	100.020363	100.026047	100.011024	100.034401	100.012711	100.033173	100.018967	100.011429	100.000206	100.013031	100.050499	100.038818	100.028763	100.018967	100.009026	100.010048	100.030197	100.019585	100.026047	100.008774	100.008713
954	99.999611	100.029053	100.010208	99.985413	100.003899	100.035141	99.991676	99.998184	100.001167	100.006149	100.015488	100.011635	100.019608	100.021805	100.039528	100.065758	100.007233	100.030006	100.032547	100.00061	100.0149	100.005661	100.02034	100.01091	100.016403	100.005081	100.023651	100.025307	100.01236	100.019478	100.011551	100.031677	100.015984	99.991867	100.038719	100.026596	100.034645	100.002731	100.04026	100.014946	100.019028	100.024261	100.014671	100.042343	100.008789	100.028931	100.012054	100.002922	100.002243	100.012138	100.03933	100.02549	100.029549	100.012054	100.000999	99.995956	100.028969	100.018761	100.024261	100.006332	99.997643
955	99.996666	100.020264	100.01268	99.993111	100.000702	100.03656	99.991646	99.989243	100.003349	99.994019	100.018898	100.009064	100.017677	100.018394	100.039902	100.054428	100.00193	100.027252	100.027466	99.990448	100.012901	99.997612	100.016251	100.005508	100.005249	99.99929	100.017204	100.018394	100.011719	100.015053	100.008118	100.0327	100.011459	99.990227	100.036301	100.028671	100.034866	99.997597	100.030075	100.012169	100.015762	100.025093	100.017456	100.042046	100.010284	100.022446	100.005974	99.99881	100.007919	100.010994	100.030342	100.016487	100.031792	100.005974	99.994987	99.990692	100.026527	100.016487	100.021492	100.005508	99.989716
956	100.000252	99.995636	100.018501	100.007011	99.991402	100.032791	99.995186	99.983963	100.003387	99.984642	100.023735	99.999847	100.01268	100.011337	100.036171	100.024452	100.009712	100.028549	100.018433	99.987755	100.008369	99.992409	100.015381	100.006592	99.994949	100.00135	100.011154	100.011337	100.015465	100.015198	100.004066	100.016998	100.003815	99.997887	100.024773	100.025871	100.023842	99.988785	100.012276	100.002464	100.010231	100.028976	100.01918	100.032112	100.018158	100.013367	100.000854	99.999832	100.017822	100.009552	100.023926	100.01252	100.035736	100.000854	99.991318	99.995773	100.022652	100.01252	100.017586	100.006592	99.985481
957	100.003899	99.970497	100.024429	100.021172	99.981895	100.028931	99.998787	99.978569	100.003418	99.97506	100.028671	99.990433	100.007584	100.004112	100.032341	99.993866	100.017632	100.029884	100.009201	99.985016	100.003754	99.987099	100.014481	100.007698	99.984428	100.003448	100.004997	100.004112	100.019264	100.01535	99.999916	100.000969	99.996002	100.005684	100.013008	100.02298	100.012589	99.979767	99.994102	99.992546	100.004593	100.032928	100.020935	100.02198	100.026169	100.004089	99.995628	100.00087	100.027916	100.008072	100.017372	100.008453	100.039757	99.995628	99.987549	100.000954	100.018677	100.008453	100.013565	100.007698	99.981133
958	100.005928	99.953072	100.029327	100.031898	99.975731	100.024261	100.002136	99.977646	100.001839	99.968399	100.031067	99.984673	100.004288	99.99794	100.029114	99.970657	100.024239	100.029327	100.004723	99.986908	100.002777	99.983589	100.013992	100.009468	99.978737	100.003227	100.000206	100.001266	100.020386	100.013474	99.998024	99.989525	99.990921	100.010574	100.006332	100.018761	100.0028	99.973473	99.980461	99.984367	99.999878	100.035156	100.021568	100.013901	100.031487	99.99633	99.992111	100.001183	100.034081	100.005829	100.014641	100.005592	100.040123	99.993073	99.985748	100.004517	100.015511	100.005493	100.010559	100.010765	99.978859
959	100.00119	99.968033	100.029663	100.028	99.983467	100.016525	100.004318	99.995033	99.993851	99.973915	100.022865	99.99411	100.008629	99.996323	100.028374	99.978867	100.025055	100.021126	100.019745	100.007614	100.016701	99.987694	100.015236	100.013863	99.99292	99.993668	100.001289	100.016251	100.010468	100.003479	100.005508	99.997421	99.997238	100.00322	100.020836	100.009369	99.999634	99.978508	99.98613	99.98365	99.999352	100.030205	100.017532	100.014587	100.025436	99.995216	99.995773	99.998528	100.023781	100.000549	100.027634	100.007805	100.025627	100.001549	99.992004	100.001373	100.015701	100.007156	100.011757	100.021568	99.985031
960	99.996346	99.983353	100.030006	100.02401	99.991394	100.008621	100.006531	100.012825	99.98568	99.979568	100.014481	100.003792	100.013054	99.994667	100.027634	99.987289	100.025902	100.012718	100.03511	100.028786	100.03096	99.991882	100.016495	100.018356	100.007454	99.983864	100.00238	100.031578	100.00032	99.993271	100.013138	100.005508	100.003708	99.995689	100.03569	99.999763	99.996391	99.983681	99.99192	99.982925	99.998817	100.025162	100.01342	100.01532	100.019249	99.994102	99.999519	99.995819	100.01326	99.995163	100.040939	100.010063	100.010788	100.010231	99.998413	99.998161	100.015892	100.008865	100.012985	100.032639	99.991356
961	99.991386	99.999016	100.030365	100.01992	99.999496	100.000511	100.008797	100.031021	99.977303	99.985344	100.005913	100.013687	100.017586	99.992966	100.026855	99.995895	100.026749	100.004128	100.050842	100.050461	100.045547	99.996162	100.017799	100.022949	100.022301	99.973831	100.003517	100.047264	99.989944	99.982796	100.020958	100.013779	100.010315	99.987984	100.05088	99.989914	99.993065	99.988953	99.997849	99.982178	99.998253	100.019989	100.009201	100.016045	100.012909	99.992928	100.003342	99.993034	100.00248	99.989632	100.054535	100.012375	99.995605	100.019096	100.004944	99.994858	100.016083	100.01062	100.014236	100.043961	99.99781
962	100.00135	100.005707	100.035408	100.023521	100.009346	100.002083	100.018906	100.030983	99.981697	100.007355	100.009064	100.016533	100.026894	100.011978	100.03022	100.017151	100.026581	100.015556	100.046181	100.06176	100.050629	100.019241	100.031578	100.024017	100.020912	99.982758	100.012444	100.04361	100.00267	100.002182	100.018059	100.023804	100.018631	100.012276	100.051376	99.997467	100.012505	100.003693	100.014816	99.99958	100.011703	100.036499	100.013199	100.027176	100.025116	100.006271	100.00621	100.00576	100.013229	100.005783	100.046684	100.025116	100.004448	100.029228	100.021004	100.011719	100.028732	100.022781	100.02433	100.055054	100.012222
963	100.012573	100.011955	100.040878	100.027725	100.019547	100.004341	100.029778	100.029671	99.987083	100.030983	100.0131	100.018982	100.036751	100.032875	100.033966	100.039795	100.02636	100.028633	100.040016	100.072609	100.055168	100.044128	100.046524	100.024864	100.018349	99.993195	100.02211	100.038544	100.017258	100.024071	100.014343	100.03418	100.02726	100.03933	100.05088	100.006416	100.033966	100.01944	100.032928	100.018631	100.026405	100.054886	100.017838	100.039268	100.038872	100.02092	100.009094	100.019836	100.025726	100.023781	100.037155	100.038872	100.015152	100.039688	100.038078	100.03035	100.042534	100.035965	100.035263	100.066376	100.027504
964	100.024078	100.018333	100.046494	100.032043	100.030006	100.00666	100.040939	100.028336	99.992584	100.055206	100.017227	100.021484	100.04686	100.054276	100.037781	100.062981	100.026108	100.042046	100.033699	100.083717	100.05983	100.069656	100.061859	100.025734	100.015732	100.003883	100.032043	100.033333	100.032234	100.046494	100.010551	100.044823	100.03611	100.067055	100.050377	100.015572	100.055931	100.035561	100.051483	100.038162	100.041496	100.073715	100.022591	100.051674	100.052979	100.035927	100.012039	100.034264	100.038528	100.042221	100.027405	100.052979	100.026108	100.050392	100.055565	100.049461	100.056686	100.049446	100.046494	100.077972	100.043152
965	100.020767	100.013268	100.035202	100.022911	100.022522	100.002861	100.030685	100.017677	99.996689	100.043617	100.01062	100.00856	100.03862	100.046013	100.02816	100.05423	100.02005	100.038757	100.023743	100.062965	100.051819	100.06443	100.049698	100.015793	100.005707	100.005173	100.024796	100.014053	100.03054	100.043549	100.003578	100.043335	100.031242	100.064491	100.035522	100.009071	100.051758	100.030807	100.048065	100.02874	100.037209	100.068642	100.015869	100.041939	100.045349	100.038551	100.00383	100.025818	100.029579	100.034042	100.018951	100.048462	100.017212	100.045868	100.048325	100.045029	100.045624	100.045479	100.036301	100.072456	100.037132
966	100.009964	100.002373	100.015274	100.006905	100.005913	99.995895	100.009521	100.002167	100.000145	100.013901	99.998528	99.987701	100.021072	100.02272	100.01162	100.029289	100.011002	100.027023	100.011826	100.025917	100.037346	100.043716	100.023544	100.000275	99.991798	100.001755	100.008797	99.98745	100.020454	100.027802	99.994881	100.035736	100.019417	100.046684	100.013268	99.994629	100.03437	100.015472	100.033546	100.004646	100.023125	100.051476	100.003242	100.02092	100.026718	100.034966	99.989899	100.005768	100.009575	100.012352	100.011047	100.034508	99.998215	100.033638	100.028572	100.028717	100.021744	100.032661	100.015221	100.058243	100.020149
967	99.998894	99.991196	99.99482	99.990479	99.988899	99.98877	99.987823	99.986275	100.003685	99.983406	99.986115	99.966309	100.003052	99.99884	99.994667	100.003708	100.001701	100.014969	99.999588	99.987915	100.022491	100.022461	99.996712	99.984352	99.977531	99.998238	99.992401	99.960152	100.010086	100.01165	99.985962	100.027954	100.007286	100.028404	99.990433	99.979805	100.016525	99.999741	100.018646	99.979935	100.008667	100.033844	99.990311	99.999359	100.007591	100.031296	99.975609	99.985199	99.989044	99.990089	100.00293	100.020218	99.978729	100.021103	100.008286	100.011993	99.997261	100.019524	99.993591	100.043655	100.002708
968	99.983093	99.980225	99.977531	99.975571	99.970917	99.983665	99.975159	99.974136	100.003136	99.961472	99.978058	99.956169	99.985794	99.984901	99.980965	99.98214	99.990929	100.000656	99.988762	99.964424	100.011429	100.005318	99.975822	99.971703	99.968559	99.991417	99.985413	99.94445	99.996269	99.997513	99.980507	100.015511	99.991867	100.009659	99.977837	99.965828	99.999191	99.987785	100.005318	99.960724	99.994835	100.016495	99.979744	99.978714	99.994125	100.019386	99.968086	99.970001	99.972412	99.974632	99.994606	100.006035	99.966362	100.006996	99.992157	99.998009	99.985657	100.006531	99.977791	100.029922	99.990479
969	99.960464	99.969658	99.965134	99.96315	99.951767	99.981644	99.976036	99.967743	99.996521	99.952477	99.97657	99.962868	99.969864	99.985909	99.972229	99.966774	99.978088	99.983109	99.980133	99.962746	100.006126	99.994484	99.964005	99.964073	99.967537	99.979797	99.992493	99.946152	99.977448	99.986588	99.980255	99.996338	99.971786	99.990417	99.980583	99.953285	99.982834	99.981567	99.994484	99.949913	99.982048	99.999763	99.972824	99.959663	99.989212	99.995422	99.970703	99.962952	99.961761	99.96946	99.986061	99.99218	99.964714	99.990746	99.982376	99.988297	99.993347	99.993896	99.970848	100.017586	99.986115
970	99.937225	99.958824	99.952385	99.950386	99.932091	99.979553	99.976936	99.961182	99.989723	99.943253	99.975029	99.969734	99.953506	99.986946	99.963257	99.950981	99.964912	99.96508	99.971275	99.961014	100.000679	99.98336	99.951859	99.956223	99.966499	99.967865	99.999741	99.947884	99.958115	99.975349	99.979988	99.976646	99.951157	99.970642	99.983383	99.940376	99.966034	99.975189	99.98336	99.938812	99.96891	99.982559	99.965706	99.940102	99.984154	99.970802	99.973373	99.955704	99.950829	99.964142	99.977272	99.977959	99.963013	99.974045	99.972305	99.978325	100.001228	99.980919	99.963699	100.004936	99.981628
971	99.919868	99.950912	99.94223	99.942932	99.918686	99.97892	99.97892	99.956612	99.98275	99.93811	99.972511	99.97905	99.941986	99.98925	99.956047	99.939117	99.953278	99.951378	99.966606	99.961235	99.997543	99.975517	99.944397	99.950722	99.965332	99.960526	100.00589	99.950058	99.941193	99.967125	99.98085	99.960945	99.93808	99.9543	99.987404	99.930344	99.952652	99.970901	99.975052	99.931755	99.958832	99.969528	99.960945	99.927086	99.978973	99.951843	99.976608	99.950241	99.942703	99.960297	99.971375	99.966278	99.962601	99.960861	99.965294	99.969582	100.008682	99.972031	99.958733	99.994957	99.976746
972	99.938972	99.960953	99.94838	99.967377	99.943451	99.986824	99.986824	99.964218	99.975571	99.957466	99.964561	100.001465	99.960121	99.998558	99.959862	99.951538	99.952003	99.964592	99.986961	99.972687	100.008217	99.987801	99.96508	99.959511	99.963608	99.980797	100.004707	99.954422	99.940407	99.977394	99.988159	99.970505	99.97065	99.959991	99.99794	99.938225	99.960831	99.979332	99.984177	99.949112	99.967728	99.982361	99.970505	99.953842	99.97364	99.968216	99.98259	99.955879	99.952011	99.965431	99.982956	99.970856	99.969658	99.969788	99.976799	99.96917	100.012573	99.988037	99.966995	100.001816	99.970123
973	99.958595	99.971298	99.95472	99.9925	99.968872	99.994965	99.994965	99.972054	99.968216	99.977341	99.956421	100.024498	99.978752	100.008118	99.963791	99.964294	99.950722	99.978172	100.007866	99.984459	100.019203	100.00042	99.986336	99.968544	99.961838	100.001633	100.003502	99.958923	99.93959	99.987961	99.995667	99.980339	100.004128	99.965843	100.008789	99.946335	99.969254	99.987999	99.993538	99.966965	99.976875	99.995544	99.980339	99.981339	99.968178	99.985054	99.988754	99.961678	99.961594	99.970703	99.994873	99.975594	99.976921	99.978951	99.988625	99.968758	100.016579	100.004509	99.975494	100.008865	99.963333
974	99.97876	99.981918	99.961212	100.018326	99.995018	100.003326	100.003326	99.980087	99.960648	99.997765	99.948051	100.048157	99.997894	100.017952	99.967834	99.977417	99.949387	99.992134	100.029373	99.996552	100.030495	100.01339	100.008179	99.977837	99.960022	100.023033	100.002251	99.963539	99.938759	99.998817	100.003395	99.990433	100.038528	99.971848	100.019928	99.954674	99.977905	99.99691	100.003174	99.985298	99.986275	100.009094	99.990433	100.009583	99.962547	100.002335	99.995071	99.967621	99.971428	99.976143	100.007118	99.980438	99.984375	99.988388	100.000786	99.968323	100.020691	100.021423	99.984238	100.016113	99.956352
975	99.987183	99.986984	99.967316	100.013794	99.994347	99.984947	99.999016	99.986008	99.970459	99.997658	99.954079	100.034393	100.00235	100.014008	99.967873	99.978584	99.962677	99.991241	100.017464	100.004898	100.027443	100.013245	100.00367	99.975067	99.965179	100.007538	100.000977	99.96711	99.957237	100.000587	100.001358	99.978531	100.030533	99.970406	100.013206	99.965584	99.976822	99.990234	99.999016	99.995354	99.988914	100.008949	99.992607	100.009918	99.974358	100.002525	100.001572	99.978432	99.978027	99.982895	100.017357	99.986008	99.985588	99.989288	100.004486	99.973747	100.022003	100.016525	99.976799	100.014198	99.97261
976	99.994339	99.991455	99.973526	100.005325	99.990257	99.962708	99.992996	99.991798	99.982697	99.994965	99.962097	100.015549	100.005051	100.008202	99.967415	99.978271	99.978149	99.988449	100.001053	100.01297	100.022491	100.011421	99.995728	99.970703	99.971352	99.986961	99.999649	99.970642	99.978638	100.001266	99.998055	99.963554	100.016953	99.967972	100.004066	99.977089	99.974503	99.98143	99.992996	100.004639	99.990753	100.00708	99.993835	100.006737	99.988647	100.000557	100.00827	99.99012	99.984383	99.98999	100.027611	99.991798	99.986053	99.989143	100.007225	99.980042	100.02298	100.008759	99.967125	100.011078	99.992226
977	100.001694	99.996063	99.979897	99.996605	99.986061	99.939842	99.986801	99.997772	99.9953	99.992172	99.970337	99.996155	100.00782	100.002228	99.966934	99.977959	99.994057	99.985573	99.984146	100.021278	100.017418	100.00956	99.987549	99.966217	99.977692	99.965797	99.998291	99.974266	100.000641	100.001953	99.994629	99.948135	100.002991	99.965477	99.994652	99.988937	99.972092	99.972359	99.986801	100.014175	99.992653	100.00515	99.995102	100.003448	100.003372	99.998535	100.015167	100.002159	99.990913	99.997276	100.038162	99.997772	99.986526	99.988976	100.010025	99.986504	100.023994	100.000763	99.957184	100.007858	100.012413
978	100.011887	100.002121	99.989937	99.992416	99.990875	99.951111	99.996536	100.010452	100.009583	100.009361	99.993195	99.997093	100.011993	100.011322	99.97036	99.988518	100.010452	100.000893	99.988518	100.019386	100.022636	100.014175	99.99044	99.976387	99.99424	99.973167	100.0056	99.987152	100.020721	100.011383	100.001122	99.954453	100.003418	99.979012	100.001503	99.994164	99.983109	99.984352	99.998726	100.021385	100.002434	100.016251	100.003365	100.009644	100.011993	100.007782	100.03054	100.013687	99.998077	100.012627	100.046432	99.999123	99.990936	100.000999	100.015549	99.997093	100.038124	100.000366	99.972183	100.017609	100.027107
979	100.023941	100.009132	100.00235	99.990906	100.001205	99.983154	100.016022	100.027374	100.025085	100.038818	100.0252	100.010315	100.017075	100.029648	99.976173	100.005783	100.027374	100.027428	100.005783	100.011314	100.034157	100.022766	100.000069	99.995575	100.017189	99.997879	100.01825	100.005791	100.039879	100.026215	100.01371	99.973991	100.01255	100.002419	100.018272	99.995468	100.00238	100.009239	100.021721	100.027313	100.017128	100.035332	100.015984	100.02166	100.017075	100.023964	100.051247	100.02507	100.005737	100.033081	100.053444	99.997726	99.997772	100.020576	100.022766	100.010315	100.060341	100.004562	100.002457	100.035332	100.038696
980	100.036369	100.01638	100.015152	99.989349	100.011864	100.016212	100.036133	100.044823	100.041077	100.069199	100.058212	100.023949	100.022301	100.048553	99.982193	100.023605	100.044823	100.054802	100.023605	100.003006	100.046036	100.031647	100.009987	100.01535	100.040855	100.023361	100.031319	100.025032	100.059662	100.041519	100.026688	99.994141	100.021973	100.026573	100.035583	99.996826	100.022278	100.034904	100.045464	100.033401	100.032295	100.055054	100.029007	100.034058	100.022301	100.040642	100.072624	100.036812	100.013626	100.054153	100.060677	99.996269	100.004837	100.040749	100.03022	100.023949	100.083282	100.008896	100.033691	100.053619	100.050652
981	100.037231	100.017586	100.023186	99.992905	100.021233	100.031265	100.048172	100.050591	100.049973	100.07962	100.069153	100.031487	100.026894	100.056374	99.993828	100.027832	100.051689	100.073265	100.034103	100.000931	100.050964	100.033722	100.020508	100.025154	100.058212	100.036072	100.033081	100.033722	100.075172	100.049438	100.036278	100.010857	100.025978	100.045227	100.044998	99.999565	100.035187	100.049438	100.063171	100.034538	100.042496	100.065315	100.036987	100.041962	100.032066	100.048355	100.081085	100.042938	100.016319	100.065041	100.064049	100.001312	100.009933	100.051239	100.039818	100.035843	100.091187	100.013908	100.048508	100.062965	100.055382
982	100.018059	100.008354	100.022842	100.005249	100.028183	100.014946	100.046051	100.036049	100.046432	100.055298	100.041733	100.028351	100.030281	100.044861	100.014969	100.008514	100.040092	100.075958	100.031731	100.009743	100.043762	100.024033	100.031837	100.017509	100.064316	100.026413	100.01532	100.024033	100.083031	100.044403	100.039825	100.021294	100.020554	100.054047	100.040642	100.004684	100.035789	100.044403	100.070099	100.027061	100.043938	100.05909	100.036148	100.041924	100.049469	100.040367	100.067055	100.039268	100.009987	100.058075	100.060738	100.017456	100.011566	100.044777	100.052956	100.044502	100.072922	100.020004	100.034676	100.056694	100.047508
983	99.998245	99.998802	100.022484	100.018013	100.035355	99.998055	100.043869	100.021004	100.042747	100.030159	100.013374	100.025108	100.033775	100.032951	100.03685	99.988533	100.028099	100.078758	100.029312	100.018845	100.036308	100.014023	100.043571	100.009621	100.070641	100.016426	99.996941	100.014023	100.091156	100.0392	100.043472	100.032089	100.014938	100.063171	100.03611	100.009987	100.036392	100.0392	100.077263	100.019325	100.045441	100.052628	100.035271	100.041901	100.067459	100.032104	100.052551	100.035454	100.003456	100.050858	100.057304	100.034142	100.01326	100.038078	100.066528	100.053467	100.054047	100.026306	100.020348	100.050209	100.039375
984	99.980827	99.98938	100.021469	100.029251	100.041893	99.981689	100.041512	100.005356	100.035965	100.006844	99.988129	100.020363	100.034424	100.021004	100.054077	99.968979	100.016357	100.078583	100.026131	100.026978	100.028229	100.003639	100.052834	100.001923	100.073555	100.006378	99.980255	100.004387	100.09549	100.03363	100.045227	100.039459	100.008942	100.070015	100.030884	100.013985	100.035629	100.033531	100.082077	100.012253	100.04718	100.046074	100.034096	100.040771	100.079742	100.026276	100.037262	100.031158	99.997902	100.041176	100.053856	100.047974	100.014069	100.030777	100.077698	100.060509	100.035919	100.030983	100.007866	100.041626	100.031624
985	99.985107	99.983009	100.015663	100.026688	100.041855	99.97287	100.038383	99.988457	100.007248	100.002335	99.991768	100.005272	100.013412	100.011337	100.032639	99.956833	100.008919	100.056038	100.018097	100.025902	100.017151	99.992882	100.041412	99.997314	100.050148	99.998001	99.979904	99.999825	100.070168	100.026497	100.032135	100.019302	100.001373	100.058128	100.021385	100.007271	100.024689	100.025642	100.068092	100.011696	100.050339	100.039932	100.030838	100.031448	100.04641	100.039864	100.019386	100.023987	100.000954	100.014877	100.050949	100.037254	100.008133	100.020515	100.068268	100.051544	100.02729	100.022255	100.011864	100.019218	100.028336
986	99.989548	99.97641	100.009666	100.024048	100.041832	99.963722	100.035164	99.970947	99.977509	99.997665	99.995552	99.989639	99.991646	100.00132	100.010429	99.944244	100.001228	100.032684	100.009789	100.024818	100.005676	99.981743	100.029587	99.992538	100.025902	99.989319	99.97953	99.995102	100.043915	100.019135	100.01857	99.998428	99.993538	100.045837	100.011566	100.000336	100.013336	100.017464	100.053619	100.011124	100.053635	100.033607	100.027481	100.021805	100.011871	100.053978	100.00087	100.016571	100.004128	99.987633	100.047958	100.026146	100.001999	100.00988	100.058517	100.042274	100.018356	100.013229	100.016037	99.995979	100.024925
987	99.994156	99.969551	100.003433	100.021271	100.041817	99.954231	100.031807	99.952766	99.946632	99.992805	99.999466	99.973412	99.969048	99.990921	99.987389	99.93119	99.993225	100.008453	100.001144	100.023666	99.993744	99.970192	100.017311	99.987587	100.00074	99.980293	99.979149	99.990204	100.016693	100.011467	100.004494	99.976761	99.985405	100.033058	100.00135	99.993126	100.001564	100.00898	100.038574	100.010529	100.057045	100.027016	100.023987	100.01178	99.976036	100.068604	99.981659	100.008865	100.007401	99.959343	100.044846	100.014603	99.995621	99.998856	100.048401	100.032639	100.009071	100.00386	100.020325	99.971855	100.021385
988	99.986176	99.968834	100.004791	100.015579	100.033989	99.962128	100.029755	99.963013	99.950089	100.002686	100.002136	99.987816	99.960495	99.995056	99.991158	99.951004	99.989906	100.003181	100.017754	100.034561	99.9963	99.973808	100.015938	99.988136	100.001595	99.974487	100.007866	99.990089	100.001923	100.012039	100.001945	99.986221	99.989738	100.035431	100.009941	99.989197	99.990776	100.012245	100.025833	100.009918	100.040695	100.024437	100.02462	100.022697	99.982849	100.064636	99.988693	100.00087	100.011528	99.973312	100.038063	100.013992	99.986176	99.998055	100.052086	100.024071	100.001587	99.999107	100.018417	99.968132	100.010612
989	99.975899	99.969063	100.007393	100.009216	100.024651	99.973045	100.027832	99.978119	99.959099	100.015236	100.004669	100.007568	99.953888	100.001617	99.999321	99.9767	99.987206	100.000748	100.038925	100.047729	100.001213	99.979958	100.016251	99.989571	100.00663	99.968994	100.042168	99.99073	99.988632	100.013947	100.00116	100.000938	99.996201	100.040291	100.021805	99.985657	99.979767	100.017479	100.013008	100.009277	100.020668	100.022415	100.02594	100.0373	99.996674	100.057564	100.00013	99.992561	100.015915	99.994438	100.030479	100.015106	99.975899	99.998848	100.058105	100.015381	99.994125	99.994926	100.01545	99.967506	99.998322
990	99.965233	99.969292	100.010086	100.002602	100.014961	99.984406	100.025848	99.993828	99.968483	100.028275	100.007317	100.028107	99.947029	100.008453	100.007805	100.00341	99.984406	99.998215	100.060928	100.061432	100.00634	99.986359	100.016579	99.991074	100.011864	99.96328	100.077835	99.991394	99.974815	100.01593	100.00032	100.016251	100.00293	100.045334	100.034126	99.981964	99.968323	100.022911	99.99968	100.008606	99.999847	100.020325	100.027298	100.05249	100.011047	100.050209	100.012032	99.98391	100.020477	100.016418	100.022591	100.016251	99.965233	99.99968	100.064346	100.00634	99.986359	99.990578	100.012352	99.96685	99.985542
991	99.966438	99.979172	100.010208	99.99839	100.01609	99.988731	100.025368	100.00267	99.987877	100.046661	100.006844	100.035027	99.959167	100.012337	100.012878	100.021576	99.985237	100.008949	100.057602	100.055847	100.007378	99.993546	100.023865	100.007607	100.004982	99.97126	100.080681	99.984589	99.977562	100.023865	99.998924	100.022003	100.012604	100.039879	100.036774	99.976524	99.982635	100.022148	100.000786	100.004173	100.002792	100.024544	100.029778	100.054359	100.019051	100.039337	100.019051	99.991516	100.017723	100.027504	100.022415	100.023331	99.98143	100.00695	100.067627	100.009773	99.999687	99.997292	100.008057	99.980103	99.99205
992	99.975494	99.99556	100.008644	99.995712	100.024376	99.988503	100.025879	100.007156	100.01416	100.06884	100.004341	100.033096	99.983994	100.014366	100.015793	100.034401	99.988472	100.028595	100.037552	100.037529	100.005768	100.001373	100.035858	100.034294	99.990059	99.988358	100.061974	99.972786	99.991264	100.035858	99.997147	100.021568	100.024353	100.027428	100.033104	99.969864	100.01413	100.017296	100.011421	99.997185	100.021423	100.033012	100.033043	100.047508	100.022972	100.025986	100.022972	100.009918	100.010132	100.031601	100.02729	100.034424	100.015549	100.0186	100.069008	100.021484	100.0271	100.011398	100.002922	100.002693	100.011353
993	99.984901	100.012611	100.007011	99.992905	100.033012	99.988266	100.026413	100.01181	100.041542	100.091934	100.001717	100.031067	100.009834	100.016464	100.018822	100.047768	99.991844	100.049057	100.016655	100.01844	100.004074	100.009521	100.048325	100.062088	99.974503	100.006172	100.042496	99.96048	100.005516	100.048325	99.99527	100.021111	100.036598	100.014435	100.029266	99.962914	100.046921	100.01223	100.022484	99.989899	100.040817	100.041817	100.03643	100.040367	100.027061	100.012077	100.027061	100.029083	100.00222	100.035873	100.032356	100.045967	100.051071	100.030724	100.070442	100.033653	100.055649	100.02607	99.997559	100.02623	100.031433
994	99.993721	100.029053	100.003624	99.992371	100.034225	99.995461	100.026642	100.020065	100.058243	100.096046	100	100.031998	100.01683	100.020348	100.02166	100.053894	99.995361	100.063614	100.000977	100.00769	99.996582	100.014648	100.05323	100.077866	99.969452	100.018326	100.019478	99.953072	100.0177	100.051186	99.989609	100.022339	100.041565	100.009048	100.02832	99.961777	100.059113	100.009666	100.028954	99.977234	100.052933	100.040176	100.03862	100.029877	100.022865	100.006721	100.029968	100.037231	99.996338	100.037262	100.030556	100.0597	100.076271	100.02948	100.063797	100.041618	100.069168	100.03595	99.997063	100.039253	100.04258
995	100.001122	100.0438	99.997108	99.995972	100.021759	100.016083	100.02626	100.034622	100.054779	100.065109	100	100.038322	99.988922	100.027382	100.023994	100.046562	99.999031	100.066849	99.995338	100.012566	99.9786	100.014023	100.043999	100.071045	99.983879	100.019646	99.990692	99.954895	100.025604	100.036263	99.977142	100.026573	100.033035	100.0177	100.0327	99.971321	100.033058	100.011765	100.026741	99.955086	100.051224	100.019363	100.038506	100.013542	100.003563	100.017227	100.030602	100.024818	99.99437	100.033356	100.016129	100.076988	100.081657	100.003731	100.042557	100.041565	100.054619	100.036728	100.00547	100.032555	100.036896
996	100.008842	100.059189	99.990303	99.999733	100.008759	100.037613	100.025871	100.049805	100.051155	100.032845	100	100.044945	99.959793	100.034714	100.026443	100.03891	100.002861	100.070229	99.989456	100.017639	99.959846	100.013351	100.034355	100.063934	99.998924	100.021042	99.96064	99.956802	100.033859	100.020691	99.964127	100.031006	100.024124	100.026764	100.037254	99.981277	100.005852	100.013939	100.024437	99.931969	100.049461	99.997643	100.038376	99.996521	99.983421	100.028183	100.031265	100.011887	99.992317	100.029266	100.001076	100.095024	100.087288	99.976868	100.02037	100.041496	100.039444	100.037529	100.014244	100.025558	100.03096
997	100.014587	100.069107	99.985992	100.004707	99.995636	100.054291	100.025108	100.06311	100.045738	100.002037	99.99791	100.049759	99.933571	100.040627	100.027023	100.031731	100.004074	100.071205	99.984482	100.02121	99.943161	100.012329	100.025925	100.055336	100.011742	100.021103	99.934853	99.958916	100.039696	100.007317	99.953682	100.033188	100.014938	100.035271	100.039459	99.989601	99.981293	100.015518	100.021675	99.912598	100.047478	99.979248	100.038353	99.98175	99.968201	100.036964	100.032318	100.002083	99.98867	100.025452	99.988846	100.110016	100.09037	99.951591	100	100.039459	100.025223	100.034988	100.020752	100.019524	100.02533
998	100.002838	100.032387	100.002777	100.017883	99.985489	100.027298	100.021622	100.057434	100.027618	99.992027	99.979767	100.038757	99.938179	100.033447	100.01252	100.030396	99.984047	100.05262	99.988167	100.011612	99.947968	100.00856	100.029495	100.037422	100.002945	100.01049	99.950539	99.962051	100.02446	100.015518	99.966759	100.016808	100.00621	100.037041	100.022217	99.98233	99.984901	100.011826	100.016106	99.92881	100.044479	99.992882	100.039169	99.989395	99.996674	100.025688	100.036026	100.020233	99.973343	100.025002	100.002686	100.096283	100.072205	99.946526	100	100.022217	100.022743	100.006577	100.007118	100.022957	100.02388
999	99.990562	99.994049	100.020309	100.031624	99.974899	99.99913	100.017998	100.051498	100.008705	99.981583	99.960831	100.027275	99.942986	100.025963	99.997398	100.029015	99.96315	100.033226	99.992027	100.001595	99.952995	100.004646	100.033226	100.018715	99.993759	99.99942	99.966927	99.965324	100.00856	100.024078	99.980415	99.99971	99.997101	100.038887	100.004211	99.974754	99.988686	100.007988	100.0103	99.94574	100.041351	100.007118	100.040039	99.997398	100.026405	100.013924	100.039886	100.039169	99.957352	100.024521	100.01712	100.08197	100.053238	99.941246	100	100.004211	100.020157	99.976936	99.992889	100.02655	100.022339
1000	99.977753	99.953995	100.03862	100.04599	99.963837	99.969688	100.014198	100.045303	99.988937	99.970657	99.941048	100.015282	99.948013	100.018143	99.981575	100.027557	99.941322	100.012955	99.99604	99.991135	99.958244	100.000534	100.037125	99.999176	99.984169	99.987846	99.984047	99.96875	99.991951	100.03302	99.994682	99.98185	99.987587	100.040802	99.98539	99.966835	99.99263	100.00396	100.004234	99.96344	100.038078	100.02198	100.040947	100.005737	100.057457	100.001633	100.043938	100.05896	99.940643	100.024017	100.032211	100.066994	100.03344	99.93573	100	99.98539	100.017464	99.945953	99.978027	100.030304	100.020744
1001	99.960632	99.943947	100.032509	100.032936	99.950424	99.951103	100.002731	100.035057	99.970154	99.957397	99.93911	100.005547	99.948624	99.993118	99.951965	100.024162	99.92601	99.995506	99.994644	99.993286	99.958153	99.993462	100.029961	99.996521	99.984436	99.988869	99.972954	99.951782	99.979256	100.02272	99.969398	99.951019	99.964546	100.024094	99.974152	99.963257	99.979004	99.999756	99.988533	99.957649	100.022469	100.019745	100.033447	99.996696	100.043144	99.994392	100.034119	100.030052	99.94191	100.009468	100.001205	100.045692	100.024841	99.946838	100.019646	99.984436	100.021187	99.948196	99.953148	100.01268	100.010643
1002	99.942146	99.938286	100.022247	100.014999	99.936104	99.93351	99.989609	100.023758	99.950798	99.943237	99.939911	99.995766	99.948555	99.964401	99.919006	100.020302	99.91114	99.977814	99.992325	99.997528	99.957207	99.985619	100.020729	99.996429	99.986282	99.991898	99.956963	99.930908	99.96669	100.008942	99.936836	99.916954	99.938461	100.003754	99.963669	99.960228	99.962044	99.995338	99.97068	99.947891	100.004288	100.014687	100.024307	99.984528	100.021042	99.987671	100.021706	99.992271	99.946075	99.992081	99.961678	100.022552	100.017715	99.961006	100.043167	99.986282	100.026047	99.955811	99.925705	99.990997	99.998787
1003	99.922829	99.932358	100.011513	99.996231	99.921135	99.915108	99.975876	100.011948	99.930542	99.928436	99.940773	99.985558	99.948494	99.934341	99.884529	100.016281	99.895599	99.95932	99.989899	100.001968	99.956215	99.977417	100.011101	99.996361	99.988213	99.995079	99.940231	99.909073	99.953568	99.994537	99.902771	99.881294	99.911186	99.982483	99.952721	99.957062	99.944298	99.990746	99.952026	99.937698	99.985283	100.009407	100.014755	99.971809	99.997925	99.980637	100.008728	99.952744	99.950455	99.973923	99.920311	99.998344	100.010254	99.975845	100.067772	99.988213	100.031151	99.963783	99.897011	99.9683	99.986404
1004	99.950752	99.955635	100.021835	99.993095	99.949318	99.937531	99.99456	100.01178	99.956062	99.96685	99.968987	99.98851	99.980057	99.963257	99.903778	100.050888	99.927483	99.975876	100.009644	100.016678	99.976746	100.001884	100.023994	100.007759	100.00029	100.019264	99.953613	99.925026	99.984375	100.029778	99.912384	99.896446	99.937248	100.008354	99.970711	99.97747	99.965981	100.009644	99.969131	99.950012	99.999153	100.021835	100.029167	99.985794	100.006042	100.002029	100.032494	99.962387	99.976601	99.989388	99.9338	100.013947	100.024727	99.998573	100.087784	100.008202	100.053024	99.988678	99.920876	99.982628	99.997856
1005	100.009689	99.998184	100.045952	100.000015	100.005867	99.986717	100.034508	100.019135	100.011597	100.040329	100.015404	100.000023	100.032631	100.030754	99.958054	100.111053	99.990585	100.015388	100.04406	100.0383	100.011551	100.047913	100.051704	100.02681	100.019157	100.057457	99.986687	99.965675	100.044121	100.097694	99.950371	99.944649	99.998222	100.065163	100.007736	100.013474	100.013496	100.04406	100.009659	99.977112	100.0345	100.045952	100.059341	100.017288	100.034485	100.042168	100.080429	100.003922	100.017311	100.026855	99.982903	100.05555	100.053612	100.026833	100.105217	100.04023	100.086128	100.02494	99.979103	100.021126	100.024918
1006	100.071548	100.042847	100.071251	100.007248	100.065193	100.038338	100.076439	100.026848	100.06987	100.117432	100.06411	100.0121	100.087799	100.101578	100.015007	100.174202	100.056801	100.056839	100.080177	100.060974	100.04808	100.096214	100.080765	100.046799	100.038956	100.097534	100.021385	100.008324	100.106827	100.168953	99.990211	99.995239	100.062202	100.124741	100.046577	100.051247	100.063362	100.080177	100.052177	100.005547	100.071594	100.071251	100.091003	100.050316	100.064323	100.084267	100.130737	100.047508	100.060013	100.06617	100.034424	100.099205	100.083923	100.056496	100.123512	100.073837	100.120865	100.063011	100.040199	100.061508	100.053314
1007	100.106285	100.066612	100.079384	100.004509	100.091194	100.081207	100.092613	100.034477	100.103691	100.153091	100.086464	100.021019	100.112686	100.135841	100.049828	100.206436	100.101784	100.081947	100.09214	100.060272	100.068489	100.107765	100.097069	100.056458	100.046539	100.112213	100.043213	100.029541	100.138184	100.195602	100.016998	100.020096	100.092613	100.144363	100.070366	100.072037	100.086937	100.097313	100.062416	100.026443	100.090698	100.089264	100.10817	100.066612	100.078178	100.101112	100.142464	100.071098	100.078438	100.078674	100.057426	100.118591	100.100136	100.071098	100.130844	100.088348	100.136993	100.082672	100.070885	100.078438	100.069427
1008	100.092293	100.052956	100.057159	99.984344	100.057854	100.107155	100.063095	100.041603	100.093437	100.114838	100.061867	100.024048	100.083633	100.104782	100.044655	100.183365	100.107941	100.077522	100.061348	100.018608	100.059952	100.054527	100.090469	100.047623	100.03241	100.081886	100.041687	100.012497	100.113533	100.143143	100.019928	99.999031	100.063095	100.093246	100.066948	100.062309	100.063622	100.080574	100.015709	100.033394	100.077606	100.09388	100.099274	100.052956	100.063538	100.073051	100.08625	100.058815	100.053658	100.043777	100.02961	100.094734	100.091064	100.058815	100.118683	100.068871	100.119911	100.069389	100.047195	100.053658	100.063446
1009	100.077629	100.038651	100.033882	99.963219	100.022911	100.134361	100.032173	100.04908	100.082687	100.074768	100.03611	100.027206	100.0532	100.072266	100.03923	100.159203	100.114403	100.072884	100.029083	99.974945	100.050995	99.998764	100.083542	100.038399	100.017616	100.050117	100.040092	99.994629	100.0877	100.088188	100.022995	99.976959	100.032173	100.039696	100.063362	100.052116	100.0392	100.063034	99.966797	100.040665	100.063881	100.098709	100.089966	100.038651	100.048187	100.043663	100.027344	100.045952	100.027695	100.007202	100.000488	100.069748	100.081566	100.045952	100.105957	100.048462	100.10202	100.055481	100.022377	100.027695	100.057175
1010	100.061882	100.025299	100.012001	99.943817	99.98555	100.152084	100.003204	100.052727	100.067017	100.030731	100.011292	100.029419	100.023651	100.040344	100.032822	100.129807	100.112404	100.064896	100.000366	99.937035	100.040886	99.951233	100.074806	100.030342	100.003944	100.021538	100.031647	99.979195	100.059509	100.032928	100.022552	99.957657	100.002655	99.991211	100.055931	100.038513	100.014862	100.042091	99.920822	100.043358	100.048767	100.098267	100.079285	100.0242	100.03154	100.017227	99.974152	100.030266	100.00248	99.972878	99.973419	100.043724	100.067017	100.032639	100.092575	100.02906	100.082504	100.040886	99.999825	100.00174	100.050415
1011	100.042915	100.021805	100.005486	99.941139	99.941673	100.101234	99.995125	100.029465	100.022339	99.971611	99.999306	100.024666	100.007881	100.020874	100.021339	100.073006	100.053825	100.036499	100.00309	99.947792	100.02552	99.97184	100.056145	100.032402	100.001312	100.022041	99.979347	99.984146	100.022804	99.990173	99.998596	99.962105	99.990479	99.989632	100.024582	100.005409	99.997513	100.003624	99.906715	100.014458	100.028145	100.062477	100.062096	100.01252	100.010513	100.017632	99.973549	99.999687	99.988937	99.962715	99.967354	100.017548	100.022339	100.019791	100.078415	100.021568	100.05722	100.02552	99.998451	99.98275	100.042068
1012	100.023056	100.018143	99.99865	99.938332	99.895714	100.047935	99.986641	100.005104	99.975525	99.909645	99.98674	100.019684	99.991348	100.000488	100.009308	100.013474	99.992432	100.006721	100.005951	99.959068	100.009407	99.993454	100.036583	100.034561	99.998543	100.022568	99.924538	99.989334	99.98436	99.945358	99.973495	99.966766	99.977722	99.987991	99.991745	99.970718	99.979347	99.963326	99.891953	99.984154	100.006531	100.024986	100.044083	100.00029	99.988487	100.018051	99.972908	99.967644	99.974739	99.952072	99.960999	99.99012	99.975525	100.00634	100.063576	100.013733	100.030746	100.009407	99.997017	99.96283	100.033318
1013	100.002228	100.01432	99.991486	99.935394	99.847504	99.99205	99.977768	99.979546	99.926422	99.844673	99.973587	100.014458	99.97403	99.979103	99.996704	99.951019	99.928047	99.975517	100.008949	99.970917	99.992523	100.016113	100.01609	100.036835	99.995667	100.023125	99.867043	99.994781	99.944038	99.898376	99.947159	99.971664	99.964333	99.986275	99.957314	99.934334	99.960304	99.921059	99.876465	99.952385	99.983864	99.985649	100.0252	99.987457	99.965378	100.018486	99.972244	99.934044	99.959854	99.940918	99.954353	99.961342	99.926422	99.992218	100.048027	100.005508	100.002968	99.992523	99.995514	99.941956	100.024162
1014	99.996071	100.011566	99.9879	99.955978	99.854759	99.955681	99.976334	99.978951	99.919525	99.857895	99.991226	100.01812	99.955879	99.985497	99.979546	99.972	99.929993	99.967667	99.998978	99.971596	99.993149	100.017609	99.981453	100.02607	99.971687	99.996162	99.907753	99.98085	99.95417	99.904221	99.968071	99.982063	99.97522	99.991035	99.952667	99.947327	99.965248	99.94883	99.900993	99.958397	99.978432	100.013779	100.026276	99.979248	99.958199	100.007141	99.978134	99.97612	99.963936	99.968575	99.964439	99.961319	99.945709	99.998383	100.02507	100.003418	100.009171	99.985291	100.016212	99.972496	100.004021
1015	99.991493	100.008858	99.984627	99.980362	99.869247	99.920212	99.975761	99.98143	99.917595	99.881432	100.013474	100.023041	99.936874	99.995621	99.961105	100.004242	99.940292	99.96241	99.986992	99.970917	99.995979	100.016548	99.943619	100.013245	99.944092	99.964653	99.962387	99.963943	99.971031	99.916885	99.995728	99.993607	99.989586	99.996803	99.951538	99.96701	99.973396	99.986511	99.931549	99.969376	99.974937	100.051521	100.0299	99.971268	99.952713	99.993858	99.985107	100.029419	99.970558	100.002243	99.977058	99.964882	99.974335	100.007317	100.000237	100.002014	100.019859	99.978951	100.040543	100.010742	99.981682
1016	99.986679	100.006012	99.981186	100.005936	99.884438	99.883011	99.975174	99.984047	99.915581	99.906097	100.036789	100.028206	99.916931	100.006248	99.941765	100.038078	99.951103	99.956879	99.974426	99.970207	99.998947	100.015427	99.903915	99.999771	99.915131	99.931602	100.019707	99.946198	99.988716	99.930183	100.024757	100.005722	100.004669	100.002846	99.950348	99.987663	99.981949	100.026024	99.963593	99.980896	99.97126	100.091103	100.033699	99.962906	99.946953	99.979912	99.992401	100.08532	99.977501	100.037537	99.990288	99.968628	100.004364	100.016701	99.97419	100.000534	100.031067	99.972313	100.066055	100.050858	99.958252
1017	99.997124	100.016418	99.990997	99.992569	99.943802	99.895645	99.994164	99.995049	99.939331	99.949646	100.039566	100.029465	99.941483	100.042114	99.964828	100.063194	99.973824	99.956299	99.980835	99.998352	100.021652	100.032768	99.922165	100.003143	99.934319	99.94648	100.045815	99.957542	100.03511	99.944214	100.040733	100.01326	100.028717	100.017456	99.96978	100.004181	99.997124	100.040665	99.994164	99.983719	99.976707	100.097481	100.026306	99.968597	99.983246	99.984886	99.994911	100.097481	99.994095	100.058044	100.021706	99.985985	100.021431	100.03476	99.992226	100.00515	100.053108	99.97876	100.056671	100.076385	99.97905
1018	100.016335	100.034485	100.008461	99.957031	100.029266	99.936562	100.024559	100.011002	99.978073	100.0047	100.030861	100.028549	99.991516	100.092934	100.012207	100.083984	100.003731	99.958481	99.998055	100.043312	100.055908	100.06086	99.973358	100.016083	99.98098	99.988602	100.054947	99.985466	100.098625	99.958961	100.049736	100.018379	100.058319	100.037132	100.00119	100.018753	100.016335	100.041626	100.024559	99.98172	99.987411	100.08532	100.012466	99.98233	100.043915	100.000595	99.994789	100.08532	100.016441	100.070663	100.064018	100.01136	100.031578	100.058075	100.035439	100.013306	100.08168	99.992737	100.027481	100.094261	100.025154
1019	100.036491	100.053444	100.026787	99.919777	100.118874	99.979492	100.056442	100.027725	100.018715	100.062439	100.021729	100.027618	100.043999	100.146233	100.06189	100.105789	100.035118	99.960777	100.016129	100.090469	100.091843	100.09034	100.027046	100.029648	100.029922	100.032791	100.064514	100.014755	100.165237	99.974426	100.059174	100.023781	100.089386	100.057808	100.034164	100.034035	100.036491	100.042656	100.056442	99.979645	99.998634	100.072586	99.997955	99.996719	100.107536	100.017075	99.994675	100.072586	100.039902	100.083923	100.108376	100.037994	100.042236	100.08255	100.080765	100.021866	100.111664	100.007378	99.99688	100.113037	100.073517
1020	100.037834	100.05983	100.015625	99.896309	100.146416	100.004753	100.06794	100.029739	100.043663	100.084129	100.002266	100.018822	100.055946	100.15963	100.08432	100.107361	100.039055	99.958267	100.025162	100.105247	100.100502	100.087975	100.045929	100.026199	100.060036	100.050163	100.05896	100.020752	100.179161	99.977974	100.051376	100.025879	100.086578	100.062492	100.043999	100.038719	100.041351	100.023201	100.067245	99.971817	100.007584	100.055611	99.978508	100.010406	100.136063	100.026581	99.989609	100.056313	100.039055	100.074425	100.120209	100.058807	100.043472	100.091171	100.106323	100.020935	100.114044	100.01284	99.969704	100.100121	100.080421
1021	100.011086	100.047409	99.960785	99.893959	100.08075	100.003136	100.048782	100.009712	100.044655	100.051537	99.967812	99.998558	100.00721	100.113251	100.065529	100.078758	100.001999	99.9487	100.020561	100.071419	100.068283	100.038231	100.012466	99.997482	100.061401	100.027145	100.030968	99.991905	100.114235	99.963684	100.018059	100.023018	100.03334	100.043213	100.019119	100.027527	100.023331	99.973717	100.046349	99.955658	100.012924	100.032738	99.952141	100.022697	100.111557	100.025452	99.977295	100.035164	100.001999	100.031281	100.083267	100.070488	100.03067	100.076004	100.101837	100.00589	100.075241	100.004509	99.948318	100.040306	100.02533
1022	99.983131	100.034393	99.903419	99.891495	100.012062	100.001457	100.028755	99.988762	100.045692	100.017456	99.931786	99.977341	99.9562	100.064705	100.045868	100.048828	99.963226	99.93869	100.015762	100.036026	100.034592	99.986198	99.977478	99.96743	100.06282	100.003075	100.001701	99.961731	100.04631	99.94873	99.983185	100.020027	99.977669	100.023033	99.993095	100.015831	100.004456	99.921936	100.024483	99.938751	100.018517	100.008789	99.924568	100.035583	100.085922	100.024284	99.964417	100.013054	99.963226	99.986145	100.044632	100.082718	100.017258	100.06012	100.097153	99.99015	100.034653	99.995804	99.925949	99.97773	99.967697
1023	99.953499	100.014519	99.853531	99.887299	99.953903	99.991783	99.999199	99.962875	100.040184	99.975166	99.899315	99.953163	99.908707	100.015175	100.019035	100.012527	99.932823	99.930511	100.005783	99.998947	99.998291	99.938591	99.946411	99.936951	100.060364	99.977859	99.971703	99.933067	99.985031	99.935379	99.954231	100.008331	99.932152	100.006172	99.961243	100.003227	99.978127	99.872314	100.001251	99.915138	100.011871	99.980751	99.896034	100.034943	100.056747	100.018456	99.950607	99.993179	99.927887	99.944771	100.009064	100.087944	100.001251	100.03756	100.084328	99.972359	99.996391	99.984047	99.905823	99.924019	99.921127
1024	99.921005	99.964935	99.848328	99.875473	99.956543	99.945381	99.92894	99.917671	100.00415	99.900658	99.88961	99.918816	99.886276	99.969299	99.962173	99.951828	99.947914	99.932625	99.972633	99.960098	99.955734	99.920547	99.939636	99.909622	100.039566	99.951485	99.943321	99.916748	99.966202	99.932045	99.958725	99.956772	99.94355	100.008179	99.906746	99.98851	99.920319	99.841667	99.975403	99.863281	99.947449	99.937798	99.867767	99.969193	100.015533	99.991158	99.934692	99.98748	99.915146	99.928711	99.994484	100.05854	99.975403	99.986664	100.0345	99.947685	99.975975	99.959641	99.899963	99.922272	99.935951
1025	99.886993	99.913025	99.842873	99.863083	99.959305	99.896797	99.855377	99.870331	99.966408	99.822639	99.879456	99.882858	99.862793	99.92128	99.902634	99.88826	99.963715	99.934814	99.937943	99.919441	99.911186	99.901657	99.932541	99.88102	100.017784	99.923851	99.913612	99.899658	99.94648	99.928558	99.963417	99.902779	99.95546	100.010254	99.849686	99.973099	99.859795	99.809563	99.948334	99.808983	99.879997	99.892822	99.838165	99.90036	99.972382	99.962563	99.918015	99.981506	99.901794	99.911896	99.979218	100.027756	99.948334	99.933372	99.982338	99.92186	99.95459	99.934097	99.893829	99.920448	99.951477
1026	99.851334	99.858627	99.837151	99.850105	99.962196	99.845871	99.778275	99.820717	99.926842	99.740875	99.868797	99.845161	99.838181	99.870949	99.840233	99.821632	99.980278	99.937126	99.901566	99.876808	99.864487	99.881851	99.925102	99.851021	99.994957	99.89489	99.882469	99.881752	99.925819	99.924896	99.968353	99.846191	99.967941	100.012436	99.789894	99.956955	99.796364	99.775925	99.91996	99.752075	99.809303	99.84568	99.807152	99.828217	99.927155	99.932602	99.900543	99.975243	99.88781	99.894279	99.963219	99.995468	99.91996	99.877525	99.927666	99.894791	99.93219	99.907326	99.887398	99.918533	99.967735
1027	99.857399	99.910759	99.882133	99.915619	99.963402	99.819054	99.818024	99.836609	99.921188	99.811478	99.895409	99.890427	99.893402	99.9048	99.86898	99.872284	99.954468	99.950912	99.950005	99.94313	99.900261	99.913857	99.956856	99.851768	100.034904	99.870346	99.949554	99.895096	99.949356	99.955002	100.016762	99.869766	99.962303	100.014702	99.86277	99.960754	99.856033	99.816139	99.914772	99.824295	99.829414	99.879158	99.865105	99.904999	99.975647	99.957642	99.959396	99.978119	99.897736	99.954857	99.972794	100.001099	99.931679	99.933746	99.985031	99.924805	99.957642	99.905708	99.910889	99.969246	99.999878
1028	99.866226	99.971581	99.932137	99.988731	99.964577	99.79248	99.866516	99.857124	99.917313	99.894318	99.925423	99.94265	99.955841	99.94519	99.904472	99.932213	99.924995	99.965996	100.005661	100.018929	99.942574	99.950409	99.992386	99.85437	100.080368	99.844978	100.02549	99.910889	99.976585	99.988434	100.069939	99.89917	99.95533	100.017082	99.946823	99.965927	99.92572	99.862556	99.910744	99.907455	99.855858	99.918938	99.930939	99.994102	100.031898	99.987099	100.025414	99.981651	99.909554	100.02282	99.984344	100.009239	99.946304	99.999168	100.051666	99.959579	99.987099	99.905518	99.93721	100.025345	100.03437
1029	99.875481	100.035324	99.984535	100.065353	99.965805	99.764626	99.917343	99.878632	99.913239	99.98114	99.956886	99.997383	100.021294	99.987503	99.941658	99.995003	99.894096	99.981812	100.063995	100.098358	99.986916	99.988701	100.02961	99.857101	100.128029	99.81839	100.10508	99.927444	100.005112	100.023483	100.125648	99.930008	99.948029	100.019562	100.034904	99.971329	99.998756	99.911209	99.906509	99.994591	99.88356	99.960625	99.999939	100.087479	100.090858	100.017952	100.09462	99.985374	99.921921	100.094017	99.996429	100.017784	99.961647	100.067734	100.121483	99.99601	100.017952	99.905327	99.96479	100.084152	100.070526
1030	99.905136	100.02462	99.986336	100.066582	99.992958	99.785973	99.938866	99.889236	99.931908	100.034203	99.956528	100.01223	100.029083	99.974182	99.938225	100.035004	99.867973	100.012062	100.058189	100.102463	100.01519	100.006081	100.041237	99.882996	100.132179	99.815147	100.118431	99.932793	99.994011	100.026772	100.127625	99.941177	99.955643	100.011513	100.057304	99.98465	100.008476	99.916801	99.911369	100.005432	99.909767	99.987694	100.016068	100.09407	100.082634	100.012299	100.083435	100.021172	99.936539	100.106216	100.013664	100.017586	99.976265	100.089348	100.09726	100.026611	100.013824	99.961472	99.996796	100.084877	100.062737
1031	99.944321	99.981674	99.966454	100.035454	100.03196	99.829002	99.948357	99.895439	99.960831	100.074127	99.94249	100.010323	100.012352	99.936638	99.917252	100.066246	99.843246	100.049316	100.024704	100.074326	100.037277	100.014915	100.042168	99.91951	100.117767	99.821854	100.103714	99.933449	99.965599	100.01651	100.106583	99.944199	99.969872	99.998726	100.052071	100.001701	99.991264	99.904045	99.92025	99.98381	99.936005	100.009171	100.009903	100.063576	100.045357	99.990837	100.037476	100.071678	99.952515	100.093391	100.033546	100.013641	99.990959	100.091377	100.032043	100.055481	99.994568	100.043251	100.031532	100.060692	100.035881
1032	99.985306	99.936745	99.945656	100.002884	100.072739	99.873993	99.95829	99.901917	99.991066	100.115883	99.927811	100.008331	99.994835	99.897339	99.895309	100.098923	99.817368	100.088272	99.989662	100.044884	100.060394	100.024155	100.043144	99.957695	100.102684	99.828857	100.08831	99.934135	99.935875	100.00576	100.084564	99.947365	99.984749	99.985329	100.0466	100.019539	99.973259	99.890701	99.92952	99.961182	99.963448	100.031624	100.003456	100.031647	100.00634	99.968369	99.989388	100.124512	99.969208	100.079964	100.054337	100.009491	100.00631	100.093475	99.963791	100.085686	99.974411	100.128807	100.067856	100.035393	100.007774
1033	100.017235	99.941376	99.959061	99.985283	100.125298	99.939857	99.968704	99.92524	100.02713	100.130974	99.934456	100.022736	100.006165	99.919975	99.92514	100.134186	99.849701	100.11145	99.987045	100.041512	100.072464	100.045898	100.059525	99.990013	100.092339	99.860451	100.106194	99.955765	99.949837	100.032959	100.088951	99.967178	100.022301	100.022972	100.046326	100.032715	99.973106	99.906456	99.959061	99.950691	100.003197	100.0793	100.003288	100.03009	100.018242	99.977829	99.975304	100.159988	99.996605	100.087845	100.087082	100.01944	100.023499	100.105522	99.953903	100.098587	99.986282	100.178757	100.100365	100.039635	100.006927
1034	100.038612	100.002945	100.011703	99.984947	100.191116	100.02935	99.979637	99.967781	100.069702	100.115372	99.965561	100.055885	100.050568	100.013672	100.01429	100.172249	99.948769	100.116364	100.021706	100.068108	100.071808	100.081924	100.093521	100.015411	100.087479	99.920151	100.162247	100.00135	100.013924	100.10363	100.123634	100.006035	100.085747	100.119041	100.052055	100.040459	99.993454	99.955566	100.011703	99.954208	100.056877	100.155701	100.010361	100.063416	100.08857	100.023926	100.000366	100.175331	100.036148	100.120178	100.133369	100.045517	100.042686	100.128922	100.011086	100.091553	100.03492	100.187553	100.128319	100.077843	100.037369
1035	100.060997	100.067429	100.066864	99.984589	100.260056	100.123085	99.991081	100.01236	100.114311	100.09903	99.998161	100.090614	100.097107	100.111816	100.107666	100.212112	100.052536	100.121513	100.058022	100.095963	100.071129	100.119652	100.129143	100.04203	100.082397	99.982674	100.220963	100.049103	100.081062	100.177643	100.159958	100.04673	100.152191	100.219681	100.058075	100.048592	100.014786	100.007011	100.066864	99.957916	100.113091	100.235725	100.017776	100.098328	100.162247	100.072205	100.026634	100.191429	100.07756	100.154045	100.18187	100.072861	100.06279	100.153473	100.070992	100.084183	100.085846	100.19677	100.157608	100.117874	100.069283
1036	100.072083	100.113365	100.095001	100.000885	100.289574	100.192238	100.001846	100.051025	100.146759	100.072571	100.015022	100.109039	100.120522	100.180649	100.175858	100.227844	100.124214	100.117554	100.08799	100.109657	100.061119	100.149834	100.158348	100.068024	100.083794	100.022911	100.257668	100.083069	100.122978	100.225494	100.17511	100.075172	100.203217	100.301552	100.064941	100.054588	100.038956	100.051643	100.104248	99.963646	100.149086	100.281815	100.029823	100.12989	100.202942	100.103012	100.052872	100.198898	100.112892	100.159195	100.206032	100.090324	100.083794	100.173508	100.109039	100.076401	100.123123	100.196419	100.169052	100.133827	100.089706
1037	100.046219	100.095901	100.034668	100.068329	100.191101	100.176529	100.009392	100.067139	100.137535	100.016747	99.980392	100.07402	100.068245	100.149689	100.157272	100.165466	100.087013	100.085197	100.094948	100.077141	100.022522	100.153175	100.164368	100.089523	100.105644	99.988457	100.220932	100.069916	100.08075	100.185547	100.121544	100.061844	100.200226	100.315735	100.073883	100.053314	100.069786	100.070274	100.081589	99.975327	100.117447	100.215637	100.055466	100.147758	100.135025	100.075325	100.076523	100.178337	100.125374	100.072823	100.150665	100.074852	100.105644	100.177361	100.07402	100.068108	100.113358	100.165817	100.122856	100.071861	100.071716
1038	100.019157	100.077652	99.971619	100.13884	100.088181	100.160095	100.017273	100.083992	100.127884	99.958397	99.944206	100.037369	100.013603	100.117325	100.137856	100.100258	100.048126	100.051392	100.102211	100.043129	99.982162	100.156654	100.170647	100.112	100.128471	99.952438	100.182518	100.056168	100.036606	100.143791	100.065575	100.04792	100.197113	100.330566	100.083229	100.051971	100.102005	100.089752	100.057915	99.987541	100.084351	100.146469	100.082268	100.166443	100.064026	100.046394	100.101242	100.15683	100.138435	99.982529	100.092789	100.058678	100.128471	100.181389	100.037369	100.059441	100.103149	100.133835	100.074577	100.00708	100.052917
1039	99.992645	100.061096	99.909119	100.212608	99.983452	100.143227	100.026451	100.101494	100.118233	99.900681	99.908356	100.000763	99.958649	100.084862	100.117981	100.034126	100.008965	100.017639	100.110245	100.010612	99.941849	100.161484	100.177216	100.134659	100.15274	99.917618	100.142967	100.042618	99.992462	100.101746	100.010551	100.036095	100.194405	100.344597	100.093056	100.051376	100.135994	100.109482	100.03476	100.000893	100.052345	100.077126	100.111389	100.185905	99.992645	100.018021	100.126472	100.136055	100.151779	99.892059	100.034317	100.043198	100.151398	100.185265	100.000893	100.051704	100.093628	100.102188	100.0271	99.943375	100.034889
1040	100.037933	100.148026	99.987267	100.289581	99.996445	100.138435	100.075172	100.114464	100.126244	99.978645	99.954407	100.032867	99.99247	100.10817	100.115288	100.050941	100.03054	100.050125	100.13678	100.101746	99.977959	100.215927	100.183891	100.124321	100.193611	99.998627	100.127472	100.062302	100.029716	100.12542	100.099007	100.135826	100.214828	100.298904	100.105843	100.084625	100.181839	100.103928	100.078323	100.038338	100.125694	100.129662	100.186073	100.203468	100.037933	100.066551	100.126648	100.184586	100.152542	99.9618	100.059151	100.086937	100.136101	100.176086	100.038338	100.098312	100.130501	100.1446	100.102554	100.043678	100.083794
1041	100.085304	100.238953	100.069008	100.370117	100.01001	100.133423	100.126137	100.128052	100.134621	100.060204	100.002563	100.066422	100.027832	100.132545	100.112473	100.06852	100.053108	100.084091	100.164558	100.19709	100.015724	100.272881	100.190857	100.11351	100.236366	100.083389	100.111267	100.082863	100.068687	100.150208	100.191544	100.240158	100.236191	100.251099	100.119225	100.119385	100.22979	100.098122	100.123894	100.077499	100.202454	100.184631	100.264229	100.221848	100.085304	100.117302	100.126839	100.235329	100.153305	100.034752	100.085129	100.132706	100.120102	100.166466	100.077499	100.147079	100.169052	100.18895	100.181511	100.148628	100.134949
1042	100.134918	100.334213	100.154671	100.454498	100.024284	100.128189	100.179527	100.142288	100.143417	100.145638	100.053047	100.101616	100.064919	100.158096	100.109543	100.086952	100.076797	100.11969	100.193657	100.296936	100.055298	100.332558	100.198189	100.102211	100.281166	100.172165	100.094315	100.104454	100.10952	100.17617	100.288483	100.349449	100.258598	100.201057	100.133255	100.15583	100.280037	100.092041	100.171623	100.118553	100.282845	100.24221	100.346085	100.241104	100.134918	100.170494	100.127052	100.288513	100.154152	100.111198	100.112358	100.180664	100.10334	100.156418	100.118553	100.198158	100.209473	100.235428	100.264214	100.258545	100.188568
1043	100.102081	100.293938	100.166336	100.363716	100.020859	100.085892	100.171104	100.124916	100.120369	100.154816	100.071503	100.076553	100.064758	100.118271	100.042282	100.09922	100.076256	100.060776	100.139214	100.304962	100.078354	100.270988	100.127777	100.078735	100.192711	100.159683	100.062653	100.07428	100.099503	100.175583	100.238632	100.300964	100.213013	100.189384	100.092827	100.122849	100.224709	100.074074	100.141312	100.085892	100.238541	100.226608	100.3283	100.219666	100.108932	100.136734	100.111031	100.224808	100.115875	100.111031	100.099503	100.196243	100.085594	100.131859	100.143005	100.185013	100.21479	100.215088	100.188049	100.229179	100.16433
1044	100.045776	100.215576	100.158333	100.222542	100.012543	100.032173	100.145638	100.098434	100.087891	100.143639	100.081871	100.034348	100.054466	100.059402	99.955399	100.110184	100.069176	99.974274	100.060318	100.288345	100.097672	100.174568	100.034019	100.051224	100.065277	100.119316	100.025978	100.02906	100.075378	100.167763	100.147316	100.208153	100.147484	100.187752	100.036346	100.069939	100.138947	100.052307	100.088814	100.032173	100.158943	100.190674	100.282906	100.186478	100.061592	100.078308	100.090065	100.127365	100.065765	100.090065	100.075378	100.203514	100.067009	100.1026	100.163757	100.153984	100.2108	100.17598	100.06636	100.161102	100.118233
1045	99.986961	100.133682	100.149979	100.074898	100.003838	99.976021	100.119019	100.070724	100.053993	100.131943	100.092758	99.990211	100.043762	99.997902	99.864548	100.121704	100.061798	99.883858	99.97789	100.270973	100.117859	100.073753	99.935989	100.022446	99.93203	100.077141	99.987671	99.981842	100.050148	100.159645	100.051865	100.111092	100.078987	100.18605	99.977295	100.014664	100.049332	100.029541	100.033974	99.976021	100.075737	100.153114	100.235489	100.15184	100.0121	100.017212	100.068192	100.025467	100.013367	100.068192	100.050148	100.211182	100.0476	100.072029	100.185478	100.121597	100.20665	100.135078	99.939125	100.08992	100.070045
1046	99.988586	100.11805	100.135826	100.015137	100.014046	99.990997	100.127922	100.087334	100.055298	100.140656	100.081192	100.017761	100.060562	100.008987	99.906502	100.138893	100.069771	99.86132	99.984634	100.229752	100.144157	100.04892	99.940529	100.01339	99.913757	100.094345	99.998459	99.976303	100.086891	100.145699	100.057266	100.090179	100.075699	100.166557	99.968178	100.014709	100.052002	100.040817	100.043228	99.96994	100.050034	100.157547	100.204941	100.122452	100.009445	100.04277	100.060997	100.004814	100.009445	100.085571	100.053535	100.19442	100.088646	100.062767	100.202751	100.127922	100.221397	100.134293	99.935913	100.046959	100.077454
1047	100.038437	100.155128	100.116936	100.024864	100.039413	100.062836	100.165215	100.139381	100.084709	100.16571	100.051674	100.102722	100.099495	100.078079	100.054756	100.160774	100.090111	99.892677	100.062584	100.169098	100.17556	100.084473	100.026878	100.019943	99.986992	100.159088	100.048538	100.00396	100.173378	100.127029	100.143097	100.129761	100.124359	100.132668	99.998787	100.058876	100.128304	100.0793	100.103691	100.003708	100.069931	100.195503	100.187592	100.096985	100.044083	100.137688	100.065491	100.048767	100.044083	100.134445	100.079788	100.158035	100.178299	100.070419	100.21666	100.165215	100.251389	100.165466	100.03157	100.026085	100.12928
1048	100.090553	100.193909	100.097168	100.035049	100.065926	100.137924	100.204216	100.193802	100.115463	100.191917	100.020828	100.191544	100.14019	100.150337	100.20974	100.183662	100.111389	99.925461	100.144089	100.105682	100.208374	100.12162	100.11718	100.02681	100.063576	100.226768	100.100883	100.032867	100.263809	100.107491	100.232841	100.171158	100.175247	100.09726	100.030792	100.105057	100.208115	100.119545	100.166908	100.039032	100.090744	100.235199	100.169434	100.070366	100.080338	100.236916	100.070175	100.094727	100.080338	100.18557	100.107231	100.119995	100.272049	100.07843	100.231216	100.204216	100.282738	100.198051	100.131592	100.004242	100.183472
1049	100.10717	100.178108	100.052368	100.042221	100.086739	100.189995	100.211586	100.195541	100.124611	100.174438	99.981667	100.222374	100.132217	100.163879	100.28685	100.163879	100.117477	99.966705	100.144402	100.034676	100.19783	100.123703	100.170258	100.03624	100.087448	100.232025	100.093674	100.035583	100.296272	100.08812	100.27951	100.17878	100.181305	100.064705	100.048187	100.109711	100.215744	100.123703	100.190475	100.057587	100.104401	100.242104	100.142288	100.045898	100.094078	100.262543	100.065849	100.108322	100.0746	100.197586	100.103737	100.08812	100.302231	100.070694	100.204956	100.203552	100.282036	100.188423	100.163879	99.979126	100.19072
1050	100.052551	100.054718	99.959785	100.043106	100.095238	100.193977	100.155807	100.09259	100.090424	100.071037	99.92775	100.136734	100.027939	100.060257	100.205902	100.060257	100.093201	100.022873	99.983521	99.951775	100.101616	100.056053	100.147079	100.050392	100.005653	100.113129	99.968521	99.98616	100.212158	100.069893	100.238525	100.118973	100.098129	100.039314	100.03582	100.031731	100.079773	100.056053	100.134254	100.042084	100.103249	100.183632	100.098434	100.026794	100.062622	100.140938	100.043831	100.057068	99.985863	100.131477	100.039001	100.069893	100.204872	100.032028	100.098862	100.124191	100.217697	100.095352	100.060257	99.948593	100.104393
1051	99.995598	99.926048	99.863251	100.044022	100.104103	100.198112	100.097618	99.985237	100.054764	99.963211	99.871536	100.047386	99.919197	99.952209	100.12146	99.952209	100.067856	100.081429	99.815727	99.865318	100.001289	99.985489	100.122879	100.065125	99.920349	99.989113	99.837997	99.934608	100.124443	100.05088	100.195786	100.05658	100.011398	100.012817	100.022911	99.950409	99.937973	99.985489	100.075615	100.025894	100.102028	100.12262	100.052689	100.006851	100.029778	100.014099	100.020836	100.003609	99.893288	100.062546	99.971504	100.05088	100.103317	99.991707	99.988213	100.041428	100.150589	99.998306	99.952209	99.91674	100.014374
1052	99.94603	99.813751	99.783173	100.052605	100.110664	100.18718	100.044975	99.891586	100.020241	99.867302	99.827263	99.969841	99.82457	99.848877	100.040962	99.856499	100.04364	100.13269	99.66803	99.796204	99.913612	99.928894	100.097618	100.07827	99.845711	99.877213	99.730072	99.887108	100.048126	100.030602	100.159683	99.997765	99.937462	99.989212	100.008118	99.87587	99.79718	99.919037	100.018906	100.010803	100.097191	100.061188	100.013039	99.985176	99.997765	99.907753	100.000908	99.954575	99.811516	100.006271	99.91452	100.039993	100.007668	99.953232	99.898308	99.968948	100.092209	99.914963	99.861427	99.892929	99.935219
1053	99.962715	99.849113	99.842827	100.114296	100.098679	100.069847	100.045921	99.921425	100.002846	99.88237	99.880707	99.997749	99.856583	99.806526	100.009712	99.874916	100.033844	100.117622	99.703918	99.870407	99.940353	99.988022	100.071121	100.076317	99.867462	99.881783	99.813606	99.881195	100.074066	100.006256	100.180801	99.979874	99.97538	99.992546	99.983307	99.86972	99.700279	99.899536	99.990768	100.007454	100.067101	100.01255	100.027557	99.956337	99.979874	99.977135	100.008049	99.950066	99.829002	100.056313	99.948395	100.090744	99.979294	99.937996	99.981758	99.9897	100.111938	99.952415	99.919151	99.933487	99.955261
1054	99.980141	99.885956	99.905052	100.178612	100.086227	99.947563	100.046883	99.952522	99.984703	99.898094	99.936424	100.026833	99.889938	99.76239	99.977165	99.894119	100.023651	100.101921	99.741348	99.947754	99.968216	100.04966	100.04351	100.074303	99.890137	99.886559	99.900665	99.875046	100.101135	99.980927	100.20285	99.961266	100.014915	99.996033	99.957489	99.863327	99.599289	99.879204	99.961464	100.003983	100.035774	99.961868	100.042709	99.9263	99.961266	100.049461	100.015511	99.945374	99.847229	100.10849	99.983719	100.143646	99.949745	99.922134	100.068748	100.011337	100.132523	99.991455	99.97934	99.975777	99.976166
1055	99.998306	99.924408	99.969933	100.245689	100.073204	99.819962	100.047897	99.984955	99.965782	99.914467	99.994568	100.057159	99.924744	99.716331	99.943176	99.914131	100.012993	100.085533	99.780373	100.028442	99.997284	100.113968	100.014687	100.072182	99.913795	99.891533	99.991493	99.868614	100.129341	99.954483	100.225845	99.941818	100.056137	99.999664	99.930534	99.856636	99.493912	99.858002	99.93087	100.000336	100.003052	99.908958	100.058517	99.894943	99.941818	100.124931	100.02327	99.94046	99.866226	100.162888	100.020554	100.198814	99.9189	99.905571	100.1595	100.033882	100.153969	100.032188	100.042114	100.019882	99.997955
1056	99.937798	99.919662	99.996262	100.198296	100.045799	99.817986	100.055885	99.994682	99.963287	99.928146	100.034561	100.078491	99.978409	99.799545	99.92498	100.011101	99.960403	100.071869	99.848808	100.067833	100.010368	100.101677	100.050262	100.063065	99.924698	99.917496	100.027657	99.906837	100.158821	99.933769	100.246384	99.980278	100.009369	100.082954	99.999146	99.884239	99.580818	99.929169	99.978409	100.04493	99.975815	99.988495	100.133789	100.000427	100.001015	100.072433	100.110901	99.976822	99.906837	100.160995	100.003754	100.197723	99.955803	99.933197	100.122986	100.04364	100.197151	100.050545	100.073158	99.996849	100.072586
1057	99.866371	99.910049	100.019516	100.136635	100.015709	99.829422	100.064911	100.002327	99.96244	99.942078	100.074242	100.099693	100.036255	99.900032	99.907715	100.120247	99.901161	100.057922	99.923172	100.104355	100.022255	100.080635	100.094162	100.052818	99.934647	99.946739	100.059387	99.951401	100.189636	99.912804	100.267502	100.026489	99.951233	100.178169	100.080803	99.916611	99.691917	100.013123	100.036255	100.096497	99.948021	100.085464	100.218475	100.124908	100.071037	100.004051	100.210617	100.019073	99.951401	100.152954	99.980492	100.190506	100.001465	99.966675	100.071289	100.052391	100.24437	100.067245	100.102028	99.965652	100.155891
1058	99.791649	99.900017	100.043846	100.072159	99.98423	99.841393	100.074371	100.010345	99.961571	99.95665	100.115753	100.121918	100.096802	100.005173	99.889664	100.234451	99.839195	100.043335	100.000992	100.142601	100.034714	100.058617	100.140129	100.042114	99.945084	99.977348	100.09259	99.998032	100.221886	99.8909	100.289604	100.07486	99.890419	100.277802	100.166252	99.950508	99.808159	100.100983	100.096802	100.150475	99.918976	100.186935	100.307106	100.255135	100.144318	99.932518	100.314987	100.063301	99.998032	100.144562	99.956169	100.182983	100.049255	100.00174	100.017235	100.061569	100.2938	100.084709	100.132248	99.933014	100.24308
1059	99.851311	99.94017	100.089035	100.083397	100.058235	99.986252	100.151848	100.077858	100.09581	100.078903	100.145172	100.176132	100.146126	100.098442	99.988991	100.311874	99.920631	100.050583	100.099411	100.143227	100.109695	100.131264	100.2108	100.115326	99.972908	100.015045	100.135841	100.021553	100.280998	99.958023	100.25647	100.167763	99.92804	100.359665	100.252937	100.022614	99.915878	100.156441	100.174294	100.187302	100.009583	100.214409	100.388695	100.304306	100.201378	99.987053	100.387718	100.103996	100.069412	100.189247	100.017944	100.214493	100.099327	100.080666	100.056313	100.124672	100.314621	100.131165	100.206139	100.053665	100.300636
1060	99.977119	100.005508	100.145462	100.131332	100.184868	100.198814	100.264046	100.175735	100.298485	100.256134	100.169548	100.247177	100.191414	100.188484	100.147354	100.373695	100.073158	100.068489	100.210342	100.125824	100.216721	100.25132	100.295212	100.230827	100.009796	100.057152	100.185036	100.034592	100.354591	100.069725	100.195869	100.284538	100.013947	100.435165	100.342537	100.11499	100.022377	100.197769	100.261986	100.216881	100.160088	100.207069	100.469063	100.315857	100.252167	100.10363	100.447189	100.144066	100.154564	100.260605	100.122742	100.265587	100.15181	100.182808	100.141144	100.21534	100.322235	100.192787	100.302956	100.251152	100.345459
1061	100.109184	100.074097	100.204681	100.181664	100.31781	100.421951	100.381836	100.278511	100.511253	100.442192	100.195145	100.32177	100.238953	100.283012	100.313591	100.438583	100.233284	100.087318	100.326813	100.107552	100.329063	100.377342	100.383827	100.352074	100.048553	100.101349	100.236702	100.048294	100.431847	100.186966	100.132286	100.407112	100.104141	100.514397	100.436615	100.211967	100.134171	100.241196	100.354065	100.247932	100.318085	100.199379	100.553429	100.32798	100.305496	100.225998	100.509628	100.186157	100.243988	100.335526	100.232742	100.319252	100.206924	100.290024	100.230232	100.310539	100.330231	100.257477	100.404594	100.458466	100.392548
1062	100.183022	100.09185	100.222694	100.238182	100.365089	100.569832	100.413094	100.333717	100.600266	100.524101	100.202858	100.330711	100.259171	100.333717	100.399956	100.45787	100.313416	100.125565	100.375488	100.0653	100.373413	100.408936	100.421867	100.434807	100.082863	100.124619	100.265411	100.064636	100.45787	100.274193	100.083992	100.464104	100.140312	100.556885	100.471947	100.244629	100.180473	100.248787	100.431122	100.246704	100.379166	100.207481	100.565872	100.350342	100.354507	100.291481	100.549042	100.223633	100.301872	100.373878	100.324738	100.370659	100.251793	100.339485	100.300262	100.388885	100.275543	100.318489	100.431335	100.492004	100.422333
1063	100.186882	100.049065	100.19162	100.301346	100.310196	100.626549	100.341309	100.33181	100.541374	100.481483	100.189255	100.26165	100.24675	100.33181	100.390503	100.422813	100.297668	100.186333	100.34317	99.995125	100.336563	100.328125	100.399467	100.470802	100.111427	100.122787	100.266525	100.083878	100.422813	100.324692	100.054466	100.442589	100.111977	100.555206	100.437187	100.200592	100.148514	100.213776	100.489403	100.207184	100.324562	100.234222	100.492844	100.38456	100.397751	100.288689	100.560631	100.25518	100.321648	100.368347	100.394188	100.418724	100.283943	100.319801	100.346848	100.446297	100.147186	100.374413	100.368866	100.319038	100.431252
1064	100.190903	100.004425	100.159203	100.367226	100.252914	100.685753	100.266434	100.329819	100.47995	100.437057	100.175049	100.189629	100.233795	100.329819	100.380646	100.386238	100.281235	100.249741	100.309433	99.921913	100.298134	100.24382	100.376091	100.508377	100.141251	100.120857	100.267708	100.103951	100.386238	100.377365	100.023666	100.420151	100.082397	100.553474	100.400925	100.154663	100.115143	100.177277	100.550209	100.165962	100.267601	100.262108	100.416656	100.420273	100.442863	100.285767	100.572708	100.288094	100.342285	100.362572	100.466644	100.468849	100.317467	100.299301	100.395432	100.506149	100.013306	100.432732	100.303734	100.138603	100.440552
1065	100.219299	99.995491	100.165367	100.440681	100.203941	100.703499	100.21244	100.354317	100.431396	100.396538	100.19294	100.16172	100.240814	100.360382	100.367752	100.361252	100.271248	100.298813	100.298378	99.900185	100.290665	100.203072	100.36367	100.526688	100.190506	100.133369	100.289452	100.123657	100.367317	100.424896	100.033997	100.402603	100.076996	100.550201	100.376259	100.146721	100.116714	100.164581	100.576996	100.149574	100.240814	100.292313	100.380669	100.452469	100.490967	100.277733	100.592354	100.327171	100.367317	100.361252	100.515343	100.512482	100.343811	100.317802	100.444756	100.55748	99.957329	100.467911	100.292656	100.038849	100.468254
1066	100.319145	100.09549	100.287926	100.5308	100.184334	100.594116	100.226364	100.456955	100.42601	100.371376	100.306549	100.269913	100.307739	100.486969	100.346756	100.373474	100.281609	100.300232	100.356972	100.036346	100.377693	100.297836	100.385475	100.485146	100.294533	100.188553	100.371681	100.140503	100.403503	100.452736	100.168144	100.40139	100.145317	100.542488	100.388786	100.254593	100.223984	100.225189	100.498367	100.209869	100.307739	100.326942	100.469551	100.471352	100.543999	100.254883	100.633171	100.381592	100.403503	100.373474	100.487854	100.532593	100.346161	100.453056	100.492058	100.578522	100.142326	100.429901	100.446449	100.192169	100.549408
1067	100.423195	100.199677	100.415657	100.624702	100.163879	100.480103	100.24086	100.563896	100.420395	100.345123	100.424934	100.38266	100.377464	100.618889	100.32486	100.3862	100.292412	100.301682	100.418022	100.17823	100.468361	100.396576	100.408195	100.441833	100.402924	100.246048	100.457367	100.158058	100.441193	100.481728	100.307938	100.400101	100.216499	100.534454	100.40184	100.367035	100.335754	100.288307	100.416374	100.272682	100.377464	100.363014	100.562164	100.490997	100.599266	100.231049	100.675705	100.438286	100.441193	100.3862	100.459183	100.553535	100.348572	100.593971	100.541367	100.600449	100.335098	100.390289	100.606705	100.351929	100.63398
1068	100.526237	100.301743	100.538673	100.718567	100.14299	100.357605	100.258316	100.660286	100.411644	100.319824	100.53891	100.490547	100.444969	100.746033	100.297508	100.397316	100.302444	100.305763	100.47599	100.322426	100.552048	100.494072	100.42926	100.399673	100.506989	100.303635	100.541031	100.175415	100.477623	100.515923	100.442871	100.39473	100.287415	100.525536	100.414001	100.475037	100.449455	100.349426	100.334633	100.333199	100.445702	100.398018	100.653992	100.510498	100.65329	100.208046	100.715981	100.494537	100.473167	100.396606	100.430206	100.572266	100.350594	100.729347	100.587524	100.622765	100.522949	100.356483	100.760117	100.505791	100.713387
1069	100.521103	100.272034	100.457748	100.7323	100.130531	100.156631	100.324074	100.449921	100.343491	100.336075	100.463058	100.403618	100.40786	100.663986	100.176476	100.364365	100.287964	100.362274	100.419189	100.394478	100.415611	100.483238	100.396919	100.41745	100.430511	100.314499	100.510826	100.173698	100.45636	100.632225	100.360107	100.305977	100.292908	100.505157	100.396561	100.397957	100.508736	100.315559	100.325821	100.293961	100.423798	100.380287	100.651291	100.510132	100.635361	100.222168	100.673904	100.493858	100.355484	100.348427	100.418152	100.527451	100.342094	100.631783	100.527786	100.634659	100.446785	100.474785	100.637779	100.403976	100.615517
1070	100.515762	100.241158	100.373665	100.746559	100.117584	99.947853	100.392403	100.231339	100.272667	100.352966	100.384232	100.313316	100.369308	100.578758	100.050751	100.330124	100.272919	100.421013	100.360176	100.469337	100.27388	100.471985	100.363312	100.435928	100.351074	100.325813	100.479446	100.171921	100.434242	100.753044	100.274109	100.213753	100.29863	100.484001	100.378464	100.317871	100.570312	100.280365	100.316658	100.253189	100.401047	100.361862	100.64846	100.509735	100.61673	100.236847	100.630203	100.493156	100.233246	100.298393	100.405624	100.480904	100.333252	100.530418	100.465752	100.647034	100.367653	100.597717	100.510719	100.298164	100.513824
1071	100.510178	100.209061	100.286224	100.761398	100.104095	99.730743	100.463417	100.004051	100.199036	100.370499	100.302277	100.219391	100.329224	100.49012	99.920006	100.294518	100.25724	100.482056	100.29882	100.54715	100.12648	100.460266	100.328362	100.455109	100.268448	100.337532	100.446793	100.170052	100.41124	100.878654	100.1847	100.117874	100.304558	100.461998	100.359619	100.234604	100.634338	100.243759	100.307144	100.210777	100.377396	100.342705	100.645538	100.509308	100.597359	100.252083	100.584747	100.492393	100.106133	100.246346	100.392593	100.432465	100.324059	100.425018	100.401215	100.659874	100.285362	100.725517	100.378571	100.188148	100.408104
1072	100.449059	100.215508	100.243973	100.541214	100.062881	99.811325	100.401176	99.952118	100.220741	100.369682	100.324013	100.197563	100.327011	100.423599	99.919151	100.328484	100.244713	100.400421	100.220802	100.482735	100.170563	100.401894	100.327011	100.415359	100.240234	100.267967	100.451981	100.216972	100.440002	100.809036	100.190063	100.089798	100.251472	100.379478	100.334534	100.210297	100.564323	100.231979	100.318787	100.157181	100.338272	100.344238	100.55983	100.359322	100.494743	100.231262	100.495468	100.431839	100.032211	100.196091	100.342033	100.358513	100.327011	100.390648	100.382408	100.594971	100.302299	100.609245	100.330032	100.194565	100.333061
1073	100.374863	100.230087	100.20993	100.266769	100.014854	99.955383	100.309799	99.934937	100.262665	100.365028	100.367691	100.189995	100.332558	100.359879	99.945045	100.377701	100.232491	100.287209	100.137283	100.387299	100.255272	100.332367	100.332558	100.362411	100.222466	100.179779	100.465118	100.275208	100.480186	100.697289	100.215103	100.074959	100.184845	100.282265	100.30748	100.197495	100.464798	100.225021	100.335098	100.099854	100.294922	100.350082	100.454773	100.174507	100.372223	100.202454	100.394775	100.357346	99.967308	100.144867	100.282372	100.277328	100.332558	100.369987	100.372528	100.512337	100.340164	100.439583	100.297455	100.225128	100.262344
1074	100.29808	100.245132	100.174713	99.982849	99.965179	100.104416	100.215271	99.917168	100.306023	100.360252	100.412842	100.18219	100.338295	100.293961	99.971855	100.428604	100.219856	100.170097	100.050865	100.288544	100.342903	100.260414	100.338295	100.307632	100.204124	100.088547	100.478683	100.335442	100.521767	100.581718	100.241005	100.059616	100.115898	100.181709	100.279472	100.18425	100.361839	100.217796	100.351967	100.040543	100.250069	100.356117	100.3461	99.983307	100.245461	100.172653	100.290611	100.280289	99.900146	100.091873	100.220657	100.193321	100.338295	100.34864	100.362312	100.426849	100.379311	100.264069	100.263741	100.256744	100.189186
1075	100.239944	100.172173	100.060287	99.827034	99.956261	100.102829	100.096146	99.944839	100.269493	100.238373	100.349869	100.135147	100.319527	100.289597	100.049232	100.375092	100.182022	100.158775	99.972023	100.225365	100.330963	100.196602	100.308899	100.279327	100.181641	100.033096	100.45742	100.256111	100.440895	100.469254	100.228905	100.022461	100.03389	100.18045	100.2435	100.106773	100.304947	100.224564	100.323471	99.975571	100.143417	100.341202	100.283279	99.909386	100.206444	100.134743	100.218269	100.221809	99.894402	100.054764	100.163902	100.219849	100.326622	100.291153	100.316383	100.341988	100.341988	100.153267	100.221809	100.222221	100.092194
1076	100.192558	100.042984	99.894508	99.749062	99.972717	100.006889	99.959808	100.001373	100.182381	100.041344	100.218178	100.062813	100.28511	100.323692	100.159492	100.255379	100.127815	100.213493	99.896698	100.183464	100.256477	100.136909	100.257027	100.267204	100.156197	99.999191	100.41404	100.088158	100.282097	100.357033	100.192833	99.971077	99.942436	100.241318	100.201942	99.9879	100.276039	100.240219	100.266121	99.906075	99.996445	100.312935	100.248192	99.907722	100.221764	100.091187	100.164734	100.174095	99.927002	100.026993	100.10936	100.315964	100.303841	100.210175	100.247383	100.256195	100.256195	100.081268	100.174095	100.145744	99.978798
1077	100.14341	99.908966	99.722527	99.668144	99.989807	99.907372	99.818352	100.060036	100.091995	99.836937	100.081573	99.987778	100.249413	100.359047	100.273857	100.13118	100.071594	100.270248	99.818558	100.139999	100.179199	100.074997	100.203217	100.254616	100.129807	99.963989	100.369026	99.91394	100.117371	100.240585	100.155403	99.917786	99.847565	100.304451	100.158813	99.864555	100.24601	100.256432	100.206612	99.833969	99.843941	100.283623	100.211807	99.905991	100.237633	100.04599	100.109207	100.124596	99.960808	99.998199	100.052795	100.415672	100.280228	100.126183	100.175797	100.167206	100.167206	100.006577	100.124596	100.066391	99.86116
1078	100.059685	99.855194	99.65448	99.659515	100	99.82914	99.721718	100.088249	100.033295	99.702545	100.00502	99.972656	100.189713	100.325417	100.256943	100.004707	100.003143	100.291481	99.752495	100.087318	100.08136	100.008179	100.097069	100.191292	100.104904	99.902321	100.297142	99.783272	99.983994	100.114655	100.126579	99.885048	99.781708	100.304665	100.053726	99.781708	100.19474	100.200401	100.147308	99.801811	99.763489	100.255669	100.113716	99.88913	100.19883	100.001572	100.059059	100.100815	99.985863	99.975815	99.999062	100.408646	100.240616	100.094223	100.09391	100.132538	100.084816	99.96669	100.065651	99.994034	99.804314
1079	99.926796	99.919411	99.739182	99.756493	100	99.783173	99.691948	100.071693	100.021744	99.672409	100.017311	100.04525	100.095917	100.191566	100.04866	99.876854	99.917908	100.260567	99.70504	100.02198	99.954979	99.935204	99.916153	100.054863	100.082565	99.802948	100.187134	99.71814	99.898369	99.976738	100.110748	99.882812	99.759201	100.213097	99.859779	99.759201	100.113228	100.039764	100.089241	99.82843	99.789368	100.230171	99.927025	99.85041	100.080826	99.958954	100.017548	100.114967	99.99778	99.963158	99.950294	100.245956	100.178238	100.13871	99.99826	100.177765	100.013329	99.978241	99.993805	99.932983	99.837074
1080	99.788666	99.986176	99.827232	99.857323	100	99.735397	99.661011	100.054466	100.009766	99.641098	100.030075	100.120712	99.998398	100.052452	99.832169	99.74395	99.829308	100.228439	99.655739	99.954086	99.823624	99.859375	99.728111	99.91304	100.059341	99.699646	100.072777	99.650452	99.809387	99.833374	100.094307	99.880508	99.735809	100.117889	99.658188	99.735809	100.028465	99.87281	100.02887	99.85611	99.816269	100.203659	99.732986	99.810196	99.95816	99.91465	99.974403	100.129662	100.01017	99.950012	99.899628	100.076851	100.113419	100.184944	99.898811	100.224777	99.939049	99.990234	99.919136	99.869537	99.871147
1081	99.714523	100.069237	99.951569	100.008545	100.032684	99.717117	99.703857	100.076042	100.027252	99.646774	100.086937	100.193718	99.966446	99.988106	99.681953	99.705223	99.794411	100.223557	99.675385	99.947479	99.774216	99.850006	99.630669	99.844566	100.073311	99.6604	100.047806	99.659142	99.804062	99.763321	100.109863	99.895844	99.7211	100.067879	99.549416	99.7565	99.997536	99.78363	100.009659	99.919006	99.877014	100.219597	99.629303	99.818802	99.890518	99.923088	99.978577	100.181702	100.039383	99.95813	99.904144	99.985382	100.101807	100.243866	99.853981	100.303581	99.919006	100.036789	99.883713	99.858063	99.944756
1082	99.896454	100.206245	100.202644	100.338234	100.1884	99.815109	100.02774	100.245491	100.156998	99.79512	100.308289	100.2491	100.19194	100.220505	99.805107	100.035599	99.971405	100.324738	99.959953	100.1791	100.047752	100.099144	99.895004	100.067749	100.229797	99.873611	100.371788	99.962807	100.12339	99.984955	100.247643	99.977852	99.741615	100.198402	99.81221	99.945702	100.178398	100.005653	100.151993	100.111305	100.06205	100.398239	99.887154	100.015656	100.04351	100.13485	100.165535	100.372528	100.130592	100.047791	100.122002	100.204788	100.297585	100.345444	100.02565	100.496735	100.111305	100.211945	100.004257	100.049194	100.163391
1083	100.085464	100.348579	100.46347	100.680748	100.350143	99.916908	100.36422	100.421524	100.291786	99.949219	100.538231	100.306633	100.426208	100.461914	99.933067	100.378815	100.155281	100.429855	100.255585	100.419708	100.331924	100.357964	100.169624	100.299606	100.392342	100.095116	100.708351	100.278259	100.455139	100.215195	100.390778	100.063065	99.762947	100.334	100.085213	100.142265	100.366295	100.236305	100.299873	100.311073	100.254272	100.583817	100.155029	100.220154	100.202438	100.354836	100.359787	100.570801	100.225365	100.140953	100.348328	100.432732	100.500992	100.450958	100.203995	100.697411	100.311073	100.393913	100.129486	100.247765	100.390541
1084	100.279358	100.493858	100.730026	101.030136	100.516602	100.022575	100.709641	100.601669	100.430588	100.108353	100.771904	100.365891	100.666519	100.70903	100.065163	100.730873	100.343681	100.537727	100.559387	100.666138	100.624123	100.623276	100.452103	100.537041	100.56015	100.321327	101.052727	100.601913	100.795258	100.452484	100.53804	100.151237	99.786415	100.473404	100.366119	100.343613	100.558868	100.472794	100.452805	100.516907	100.450813	100.773964	100.429138	100.430283	100.365738	100.580391	100.558556	100.774193	100.322701	100.237534	100.580307	100.666847	100.709793	100.55909	100.387932	100.901329	100.517365	100.58007	100.257683	100.45134	100.622818
1085	100.249527	100.405907	100.597931	100.800285	100.538185	100.118469	100.679604	100.535858	100.45768	100.178253	100.538101	100.378334	100.629005	100.624397	100.120773	100.673851	100.294365	100.52552	100.561165	100.594498	100.640526	100.564613	100.47953	100.463402	100.630173	100.196602	100.91877	100.556549	100.725594	100.514046	100.553131	100.208153	99.926445	100.480675	100.399033	100.287476	100.512848	100.425468	100.541641	100.565781	100.362206	100.724449	100.326561	100.430084	100.36454	100.534714	100.485252	100.74514	100.320839	100.316254	100.527802	100.656601	100.693405	100.533554	100.448502	100.6968	100.607208	100.507103	100.213875	100.410522	100.523201
1086	100.218758	100.315216	100.461723	100.563278	100.56044	100.217346	100.648621	100.467979	100.485611	100.250351	100.297012	100.391159	100.590302	100.537094	100.178101	100.615059	100.243523	100.512924	100.562981	100.520615	100.65744	100.504112	100.507805	100.387466	100.702377	100.067993	100.780632	100.509796	100.653732	100.577499	100.568687	100.266853	100.070847	100.488174	100.432991	100.229584	100.465416	100.376663	100.633255	100.616196	100.270828	100.673378	100.220779	100.429855	100.363289	100.48761	100.40966	100.715187	100.318909	100.397423	100.473663	100.646057	100.676498	100.507233	100.510933	100.485909	100.699829	100.431847	100.168701	100.368408	100.420464
1087	100.187027	100.221634	100.321175	100.318756	100.583389	100.319336	100.616646	100.397934	100.514412	100.324699	100.048271	100.404381	100.550369	100.447044	100.237228	100.554382	100.191048	100.499916	100.564865	100.444366	100.674881	100.441681	100.536957	100.309113	100.776863	99.93531	100.638092	100.461533	100.579605	100.642952	100.584724	100.327385	100.219795	100.495895	100.468002	100.169846	100.416443	100.326302	100.727753	100.668182	100.176552	100.620674	100.111618	100.429619	100.362	100.439003	100.331665	100.684265	100.316917	100.481155	100.417801	100.635162	100.65905	100.480064	100.57534	100.268303	100.795387	100.354195	100.122086	100.324966	100.314476
1088	100.090279	100.055336	100.083122	100.164345	100.35704	100.342728	100.449249	100.226555	100.346291	100.163506	99.913284	100.214722	100.363373	100.283813	100.124153	100.270882	100.090279	100.363922	100.444016	100.173988	100.483109	100.226006	100.322899	100.065788	100.522194	99.937508	100.385681	100.266197	100.444016	100.460266	100.37439	100.227104	100.170395	100.31189	100.364197	99.986519	100.289871	100.152229	100.534317	100.517799	99.992287	100.356766	100.120293	100.364746	100.232613	100.237572	100.129105	100.523582	100.158012	100.427505	100.30143	100.408516	100.506508	100.358429	100.414848	100.083969	100.672241	100.198212	100.044861	100.192703	100.169838
1089	99.975723	99.86795	99.816551	100.029053	100.06514	100.34726	100.245392	100.026978	100.126602	99.941406	99.803619	99.971565	100.136658	100.099457	99.966629	99.927185	99.975723	100.195107	100.290741	99.850716	100.236298	99.968544	100.045013	99.777267	100.181839	99.972855	100.101364	100.03096	100.290741	100.213135	100.104431	100.085411	100.071358	100.077263	100.224319	99.769279	100.141762	99.944443	100.266472	100.314842	99.782387	100.035919	100.158058	100.282753	100.069298	99.994728	99.892059	100.327934	99.957527	100.339104	100.167953	100.124527	100.317871	100.211227	100.19606	99.904198	100.493027	100.019958	99.958641	100.036072	100.012932
1090	99.858093	99.67556	99.542801	99.890137	99.765404	100.351921	100.036064	99.822029	99.901009	99.713318	99.69101	99.721893	99.90387	99.910172	99.804878	99.574272	99.858093	100.021759	100.133339	99.518761	99.982849	99.70417	99.759674	99.480995	99.832344	100.009155	99.809448	99.789429	100.133339	99.959373	99.827209	99.939934	99.969673	99.836357	100.080696	99.546227	99.989708	99.731064	99.991432	100.106445	99.566826	99.706444	100.196838	100.198555	99.901581	99.745369	99.648666	100.127029	99.751648	100.248352	100.030899	99.832916	100.124184	100.060104	99.971405	99.71962	100.309013	99.836929	99.870102	99.875259	99.851791
1091	99.846077	99.609489	99.447624	99.955978	99.72049	100.370155	99.875404	99.815567	99.837021	99.642319	99.702362	99.70578	99.818893	99.933319	99.797432	99.393234	99.841553	99.966049	100.103043	99.536057	99.894737	99.691071	99.702362	99.489632	99.777092	100.069092	99.781616	99.73629	100.071312	99.911758	99.814461	99.940071	99.93322	99.851822	100.041901	99.571098	99.842567	99.725021	99.858482	100.014702	99.585823	99.685425	100.281921	100.143723	99.860802	99.670624	99.661659	100.065659	99.717072	100.204865	99.976219	99.750999	100.124588	100.027191	99.944603	99.77034	100.251305	99.798546	99.919724	99.868736	99.831375
1092	99.904312	99.626961	99.470505	100.15873	99.844856	100.397598	99.745743	99.941177	99.880074	99.675293	99.796349	99.845001	99.831581	100.098106	99.892685	99.325035	99.892197	99.988197	100.157097	99.786011	99.915955	99.845177	99.796349	99.701324	99.917244	100.145294	99.929375	99.808151	100.072243	100.000969	99.977699	100.03717	99.939865	100.038162	100.072563	99.761276	99.697411	99.856964	99.81897	99.99984	99.761131	99.869576	100.398575	100.107971	99.90416	99.711494	99.84549	100.096642	99.796188	100.192497	99.975906	99.807991	100.25425	100.072731	100.049301	99.978188	100.277184	99.856155	100.061752	99.964928	99.904472
1093	99.964088	99.644897	99.494011	100.366867	99.972504	100.425766	99.61264	100.070107	99.924263	99.709137	99.892853	99.987938	99.844612	100.267303	99.990471	99.255028	99.944183	100.010933	100.212608	100.042633	99.937729	100.003365	99.892853	99.918655	100.061142	100.223541	100.081047	99.881905	100.073204	100.092552	100.145294	100.136879	99.946693	100.229439	100.104057	99.956512	99.548416	99.992416	99.778404	99.984566	99.941093	100.058624	100.518333	100.071243	99.948677	99.753448	100.03421	100.128464	99.877426	100.179779	99.975601	99.86647	100.387344	100.119484	100.156784	100.191566	100.303757	99.915283	100.207558	100.063667	99.979523
1094	100.006378	99.740166	99.595169	100.557617	100.062134	100.450935	99.619858	100.113174	99.947426	99.78244	99.953781	100.134567	99.896378	100.408661	100.071678	99.247871	100.013504	100.018333	100.278809	100.210312	99.982437	100.16246	100.014259	100.062134	100.119545	100.290764	100.281105	99.957748	100.144112	100.164093	100.269257	100.226227	100.001526	100.364876	100.206245	100.077271	99.587151	100.090004	99.78167	100.013504	100.05896	100.230179	100.573662	100.07486	100.0326	99.844559	100.116364	100.167274	99.967285	100.217453	99.997589	99.971222	100.462898	100.160919	100.215927	100.343346	100.381538	100.039719	100.296379	100.193512	100.088348
1095	100.022041	99.948265	99.809586	100.71949	100.093994	100.471176	99.834534	100.028465	99.939064	99.912903	99.961105	100.284279	100.004601	100.506531	100.127068	99.333801	100.107315	100.002899	100.359741	100.243698	100.06031	100.320244	100.17054	100.093994	100.050499	100.340591	100.549423	100.035355	100.317337	100.204826	100.326668	100.298798	100.126442	100.415459	100.411331	100.085869	99.902954	100.129974	99.84967	100.107315	100.08297	100.373062	100.532707	100.138077	100.173447	100.006882	100.039467	100.215828	100.068428	100.328972	100.0522	100.14267	100.452042	100.193802	100.202522	100.40152	100.533798	100.25872	100.299416	100.367249	100.245392
1096	100.03804	100.160721	100.028465	100.884735	100.126518	100.491867	100.053665	99.942001	99.930557	100.046097	99.968597	100.437119	100.115082	100.606476	100.183594	99.421532	100.203094	99.987152	100.442375	100.277779	100.139832	100.481354	100.330078	100.126518	99.980042	100.391472	100.823341	100.114609	100.494194	100.246391	100.385284	100.37291	100.253975	100.467125	100.620712	100.09465	100.22538	100.170769	99.919106	100.203094	100.107506	100.518944	100.490936	100.202629	100.317238	100.17263	99.961021	100.265419	100.1717	100.442841	100.107971	100.317703	100.440979	100.227379	100.188866	100.460937	100.689232	100.482269	100.302544	100.544617	100.405708
1097	100.007919	100.268806	100.165688	100.919472	100.113091	100.453735	100.192833	99.871124	99.90136	100.111389	99.952232	100.499428	100.196609	100.638618	100.196266	99.515358	100.226524	99.95739	100.455437	100.257111	100.157104	100.570908	100.394264	100.125122	99.903084	100.387726	100.972382	100.136818	100.58091	100.272903	100.384285	100.380852	100.318291	100.46917	100.748947	100.08284	100.417984	100.138214	99.953957	100.219666	100.142632	100.584328	100.428619	100.211403	100.380852	100.246796	99.894829	100.26226	100.216553	100.473999	100.137154	100.416603	100.403168	100.20282	100.157425	100.470901	100.750336	100.635529	100.272575	100.654076	100.473999
1098	99.808334	99.982101	99.990479	100.466835	99.929771	100.199448	100.025688	99.86277	99.797302	99.920052	99.848312	100.221336	100.165199	100.416794	100.045097	99.625824	99.979622	99.877419	100.209167	100.034248	99.94194	100.388824	100.099899	99.997711	99.806999	100.181175	100.647652	99.945549	100.326965	100.241707	100.161766	100.142349	100.143494	100.286819	100.567352	99.995239	100.115707	99.835167	99.858009	99.940804	100.214874	100.346375	100.294044	100.01236	100.142349	99.975998	99.878571	100.06337	100.041489	100.195839	100.065659	100.226089	100.268532	99.963829	100.062027	100.296524	100.456955	100.517479	100.121605	100.50415	100.195839
1099	99.607651	99.693832	99.814308	100.011757	99.74543	99.943794	99.85762	99.854393	99.692657	99.727699	99.743805	99.941719	100.133621	100.193748	99.893097	99.736885	99.731377	99.797028	99.961525	99.81015	99.725601	100.205734	99.80394	99.869606	99.710403	99.973503	100.321159	99.753258	100.071655	100.210335	99.938019	99.902557	99.967751	100.103447	100.38475	99.90715	99.811783	99.530479	99.761551	99.660408	100.287506	100.107132	100.158737	99.812248	99.902557	99.70372	99.862221	99.86338	99.865456	99.916138	99.99379	100.034561	100.133156	99.723549	99.966133	100.121185	100.161972	100.398788	99.969818	100.353409	99.916138
1100	99.413078	99.414803	99.643295	99.567596	99.567947	99.699097	99.694061	99.847031	99.597565	99.541794	99.642433	99.668259	100.102379	99.979218	99.748108	99.85154	99.492767	99.721947	99.720558	99.591499	99.514755	100.024948	99.518051	99.746735	99.620453	99.77375	100.002602	99.56691	99.822945	100.181221	99.722992	99.672249	99.797668	99.925163	100.204071	99.822945	99.518227	99.234459	99.671196	99.388977	100.357376	99.874588	100.028931	99.617317	99.670341	99.440437	99.847885	99.670341	99.696312	99.645905	99.926216	99.849113	100.002251	99.494331	99.87545	99.950111	99.87545	100.282372	99.823647	100.208244	99.645378
1101	99.5429	99.624725	99.748451	99.729019	99.745377	100.012291	99.775024	99.887512	99.959114	99.695274	99.707535	99.741287	100.094078	100.203529	99.957069	100.100243	99.750504	99.906952	99.841492	99.672768	99.604256	99.992836	99.759697	99.891617	99.85379	99.982628	100.122726	99.696304	99.935585	100.260773	99.956039	99.929466	99.926384	100.021484	100.155426	99.935585	99.767891	99.404846	99.880379	99.590973	100.284279	100.00309	100.181007	99.70652	99.83947	99.650284	99.928429	99.83947	99.881393	99.871178	100.070572	99.985687	100.106361	99.824142	100.043991	100.014328	100.043991	100.297585	99.968307	100.351784	99.846634
1102	99.671982	99.83342	99.852982	99.889496	99.921799	100.3237	99.855537	99.92778	100.318588	99.847878	99.772263	99.813896	100.085815	100.426544	100.164818	100.347496	100.006744	100.090897	99.961739	99.753555	99.693237	99.960915	99.999969	100.035652	100.085793	100.190308	100.242165	99.824944	100.047562	100.33989	100.187752	100.185204	100.054359	100.117256	100.107071	100.047562	100.016106	99.574257	100.088348	99.791786	100.211586	100.130859	100.332214	99.795212	100.007629	99.85891	100.008476	100.007629	100.065407	100.095139	100.214111	100.121498	100.209854	100.152061	100.211563	100.078163	100.211563	100.312683	100.112152	100.49453	100.046707
1103	99.800331	100.040924	99.956917	100.049065	100.097206	100.633308	99.93557	99.967789	100.67601	99.999611	99.836617	99.886108	100.077614	100.64827	100.371384	100.593353	100.261543	100.273766	100.081299	99.8339	99.781708	99.929176	100.238846	100.178886	100.316467	100.396797	100.360893	99.95285	100.15892	100.418533	100.418129	100.439476	100.181618	100.212463	100.058998	100.15892	100.262901	99.742714	100.295113	99.991455	100.13932	100.257889	100.482559	99.883392	100.17482	100.066353	100.088097	100.17482	100.24836	100.317825	100.356819	100.256516	100.312767	100.478088	100.378181	100.141647	100.378181	100.327728	100.255157	100.636436	100.245644
1104	99.759689	99.983994	99.942429	99.912407	100.001511	100.617325	99.923897	99.96846	100.641357	99.88839	99.830284	100.00399	100.023041	100.57827	100.446083	100.424072	100.176743	100.222305	100.061081	99.817261	99.812759	99.90538	100.268867	100.161209	100.389503	100.30191	100.245346	99.87085	100.110161	100.386513	100.359474	100.338974	100.200256	100.179741	99.998001	100.071106	100.261345	99.833282	100.305901	99.959969	100.177216	100.190773	100.370514	99.854317	100.232803	100.054573	100.184738	100.005028	100.216797	100.291908	100.36248	100.216797	100.247337	100.532196	100.302925	100.150208	100.39402	100.273369	100.158226	100.494682	100.203789
1105	99.68679	99.876328	99.904884	99.721184	99.855003	100.537178	99.894386	99.961296	100.529953	99.728424	99.810104	100.127281	99.960968	100.452553	100.492271	100.177696	100.027191	100.125908	100.013771	99.781891	99.831436	99.883888	100.256454	100.112137	100.428986	100.150169	100.086884	99.749741	100.031136	100.333527	100.24527	100.171158	100.19677	100.122643	99.936363	99.94651	100.210533	99.905571	100.277451	99.88356	100.235817	100.087227	100.209854	99.802879	100.267303	99.999657	100.281738	99.773659	100.143623	100.217422	100.340736	100.143623	100.150505	100.53064	100.181999	100.147591	100.37944	100.206932	100.016693	100.301018	100.115433
1106	99.616356	99.772354	99.868599	99.536514	99.713501	100.459763	99.865875	99.954376	100.422348	99.573921	99.790619	100.246338	99.900993	100.331116	100.53688	99.93972	99.882736	100.032822	99.968048	99.747726	99.849464	99.863144	100.244484	100.064743	100.467087	100.003609	99.933823	99.632782	99.954803	100.282333	100.134979	100.009071	100.193405	100.067474	99.876823	99.82618	100.161453	99.975372	100.249954	99.809761	100.292397	99.98719	100.054695	99.753204	100.300598	99.946602	100.375412	99.550194	100.072952	100.145493	100.31974	100.072952	100.056984	100.529099	100.065193	100.145042	100.365364	100.142738	99.87999	100.113991	100.03009
1107	99.647858	99.873474	99.981468	99.671631	99.755951	100.328552	99.924995	100.023636	100.262764	99.58683	99.746292	100.267662	99.896706	100.305321	100.361267	99.939117	99.845032	100.032951	99.962448	99.873474	99.859093	99.962646	100.216003	100.046959	100.446129	99.976562	99.892006	99.657272	99.990723	100.281845	100.093925	100.028336	100.234924	100.117554	99.957932	99.88279	100.107956	100.065903	100.220718	99.859253	100.347641	99.985977	100.07061	99.793449	100.234673	100.094284	100.375664	99.63398	100.032845	100.178596	100.361763	100.155212	100.042305	100.511909	100.183502	100.140892	100.413429	100.220963	99.967407	100.126968	100.061188
1108	99.731026	100.076965	100.167046	99.9674	99.892349	100.175049	100.02713	100.129509	100.083054	99.686317	99.690956	100.237183	99.92157	100.330437	100.078583	100.062119	99.864555	100.081612	99.977943	100.076965	99.863914	100.120415	100.180161	100.045349	100.395287	100.012932	99.909912	99.754349	100.083504	100.307762	100.090706	100.141182	100.298012	100.220238	100.108742	100.029053	100.054459	100.163223	100.191818	99.970764	100.399757	100.036255	100.174866	99.878769	100.119949	100.340012	100.327255	99.87413	100.010384	100.264954	100.434731	100.313507	100.069305	100.487282	100.419083	100.136078	100.491753	100.369881	100.167694	100.243553	100.151566
1109	99.808723	100.267006	100.340355	100.243607	100.019714	100.031708	100.122536	100.228409	99.915245	99.779236	99.639282	100.208702	99.944801	100.353912	99.814636	100.177002	99.882805	100.127068	99.992455	100.267006	99.868431	100.267754	100.146698	100.043854	100.347839	100.046898	99.926666	99.845024	100.170181	100.331985	100.087723	100.246574	100.356949	100.316132	100.249603	100.16568	100.004517	100.25412	100.164841	100.074913	100.448456	100.083199	100.272263	99.958443	100.012802	100.569496	100.282051	100.098396	99.98941	100.345612	100.502899	100.461342	100.094536	100.464294	100.639069	100.131584	100.564911	100.508972	100.354729	100.352432	100.235977
1110	99.888969	100.311539	100.472084	100.314697	100.107452	100.011421	100.18824	100.278114	99.891716	99.968712	99.676407	100.226952	99.99958	100.353004	99.762917	100.256981	99.954529	100.119911	100.026642	100.373734	99.939522	100.317253	100.155243	100.109993	100.370346	100.071693	100.002335	99.972305	100.268616	100.317253	100.077835	100.325729	100.311745	100.358917	100.399956	100.245132	99.987946	100.33461	100.188026	100.18486	100.463608	100.181702	100.314079	100.068115	99.987732	100.631538	100.26606	100.233078	100.032379	100.37986	100.567886	100.567886	100.137268	100.516724	100.753593	100.155243	100.642548	100.559425	100.472298	100.427452	100.310692
1111	99.969688	100.200592	100.556053	100.166443	100.150719	100.122177	100.220619	100.274338	100.021805	100.255249	99.806618	100.294235	100.086258	100.326302	99.937622	100.297752	100.080963	100.057236	100.080811	100.389145	100.079201	100.261673	100.20813	100.245956	100.466415	100.086105	100.138367	100.134834	100.376801	100.261673	100.060928	100.374878	100.157463	100.344238	100.556221	100.261833	100.00721	100.40181	100.263763	100.297913	100.442848	100.332054	100.29583	100.206505	100.050339	100.514374	100.281548	100.269043	100.141891	100.363968	100.627724	100.627724	100.197372	100.647606	100.753113	100.20813	100.722801	100.514534	100.512932	100.464508	100.373116
1112	100.041542	100.10183	100.630798	100.034462	100.189232	100.220749	100.249458	100.270966	100.137589	100.5103	99.922523	100.354095	100.163414	100.302528	100.09314	100.334038	100.193512	100.001442	100.129021	100.40287	100.203537	100.212219	100.255188	100.366989	100.551949	100.09893	100.25946	100.279526	100.473091	100.212219	100.045883	100.418617	100.020126	100.331184	100.695297	100.276695	100.024368	100.461639	100.331161	100.398544	100.42437	100.465904	100.279579	100.329712	100.106071	100.41008	100.295341	100.301064	100.239388	100.349831	100.680984	100.680984	100.250877	100.764122	100.752701	100.255188	100.794243	100.474571	100.549088	100.497482	100.428665
1113	100.074326	100.048004	100.652481	99.967873	100.232925	100.279617	100.279556	100.270859	100.20826	100.674248	100.030449	100.391724	100.238716	100.265106	100.244461	100.372719	100.276649	99.999847	100.163094	100.401947	100.321686	100.183464	100.269463	100.436913	100.588394	100.122261	100.350891	100.37426	100.525734	100.203751	100.071213	100.423851	99.976509	100.326172	100.761711	100.291229	100.061058	100.509628	100.387314	100.455833	100.422249	100.572227	100.279556	100.430954	100.174622	100.362503	100.333359	100.33342	100.337708	100.35379	100.703407	100.671494	100.326035	100.830093	100.729645	100.301376	100.812675	100.478958	100.554886	100.537262	100.477585
1114	100.022827	100.089157	100.55703	100.040924	100.293556	100.25592	100.316147	100.27803	100.1856	100.652275	100.133362	100.383667	100.318954	100.192429	100.404572	100.421524	100.303436	100.120415	100.169357	100.367905	100.440086	100.198051	100.211479	100.399887	100.51844	100.172173	100.386475	100.367668	100.486206	100.286972	100.190773	100.342735	100.139236	100.338707	100.672058	100.306725	100.146309	100.536789	100.424828	100.422241	100.45681	100.629219	100.316147	100.494896	100.280365	100.437286	100.430702	100.370476	100.449738	100.399162	100.658882	100.519165	100.459145	100.789894	100.652763	100.351189	100.713684	100.584053	100.492813	100.597237	100.517487
1115	99.979362	100.123848	100.476471	100.102547	100.344704	100.235924	100.347008	100.284088	100.166466	100.633743	100.220177	100.376831	100.386642	100.131081	100.539658	100.462677	100.326035	100.222145	100.174652	100.339149	100.539993	100.210358	100.162529	100.368645	100.459419	100.214294	100.416473	100.362083	100.45285	100.357147	100.291611	100.274277	100.276527	100.349297	100.59639	100.319801	100.218224	100.559662	100.456451	100.393883	100.485947	100.677315	100.347008	100.548851	100.369598	100.500359	100.512802	100.401726	100.544266	100.437439	100.621284	100.39061	100.571457	100.755966	100.587868	100.393204	100.630142	100.672699	100.440407	100.64782	100.551155
1116	99.949921	100.151291	100.403084	100.157104	100.374794	100.220467	100.36937	100.281097	100.158134	100.605476	100.288269	100.365273	100.432396	100.086906	100.631378	100.484863	100.342117	100.300888	100.176834	100.315536	100.607536	100.218758	100.128471	100.34417	100.411629	100.246361	100.433418	100.358139	100.423203	100.410606	100.369034	100.227295	100.378891	100.363251	100.526772	100.326416	100.272598	100.565628	100.475334	100.363564	100.505676	100.70739	100.373138	100.589157	100.438896	100.541428	100.570061	100.425255	100.613693	100.466141	100.584709	100.29409	100.654922	100.725464	100.535667	100.429008	100.564972	100.736008	100.397995	100.682869	100.574509
1117	100.005028	100.150955	100.296036	100.221428	100.259163	100.22448	100.346436	100.194374	100.233856	100.454414	100.281418	100.296692	100.345337	100.135483	100.462257	100.369324	100.321983	100.281204	100.154671	100.305855	100.479271	100.203751	100.18042	100.346863	100.399651	100.232338	100.357758	100.36322	100.386986	100.387215	100.342285	100.307381	100.308899	100.425407	100.418411	100.284897	100.244331	100.430191	100.40686	100.275955	100.468597	100.618675	100.392021	100.562622	100.424072	100.443062	100.48407	100.411865	100.553894	100.448524	100.508728	100.351891	100.594673	100.684776	100.526192	100.457466	100.575485	100.659683	100.387444	100.627396	100.537964
1118	100.049759	100.150696	100.209084	100.273659	100.165237	100.227722	100.327774	100.12394	100.295349	100.331711	100.275841	100.240982	100.27462	100.174919	100.324921	100.27549	100.305649	100.265205	100.136658	100.297974	100.375107	100.191559	100.222588	100.349045	100.389923	100.220932	100.296333	100.367355	100.357582	100.36821	100.320557	100.372398	100.252045	100.475845	100.330399	100.251175	100.221375	100.320198	100.351227	100.204811	100.438461	100.546623	100.407349	100.541046	100.412048	100.363159	100.414238	100.400986	100.505318	100.434196	100.446999	100.398804	100.545738	100.651718	100.518478	100.480545	100.584007	100.597694	100.378845	100.582359	100.50827
1119	100.086807	100.150452	100.137077	100.316917	100.087463	100.230423	100.31234	100.065598	100.346268	100.230087	100.27121	100.194839	100.216057	100.207581	100.211159	100.197777	100.292099	100.251945	100.121735	100.291443	100.288841	100.181458	100.257507	100.350845	100.381851	100.211487	100.24543	100.370766	100.333229	100.352463	100.302544	100.426247	100.204956	100.517632	100.257507	100.223228	100.202347	100.229111	100.305153	100.145889	100.413528	100.486946	100.420044	100.52317	100.402084	100.296997	100.3564	100.391975	100.46508	100.422325	100.395882	100.437668	100.505219	100.624359	100.512077	100.49968	100.591064	100.546349	100.371742	100.545036	100.483681
1120	100.055763	100.056435	100.099503	100.278603	100.041641	100.14901	100.241577	100.082161	100.25985	100.15271	100.223305	100.16893	100.158966	100.204803	100.160126	100.194382	100.256622	100.202705	100.136307	100.287178	100.255241	100.17263	100.239738	100.320961	100.31749	100.222626	100.257339	100.295723	100.277451	100.29805	100.324203	100.357506	100.22123	100.456558	100.253616	100.254562	100.180496	100.226555	100.260559	100.167084	100.3853	100.412819	100.371399	100.428558	100.381363	100.343201	100.348976	100.374878	100.404953	100.371399	100.377426	100.414917	100.45887	100.549355	100.460266	100.425781	100.52227	100.49752	100.389931	100.487343	100.428093
1121	100.024643	99.971649	100.071648	100.240433	100.006828	100.07534	100.179031	100.101982	100.177612	100.091431	100.180458	100.149414	100.112381	100.199547	100.123619	100.197838	100.225746	100.159386	100.150703	100.283875	100.23217	100.165512	100.220779	100.293839	100.260078	100.233459	100.272346	100.227753	100.229172	100.250259	100.345268	100.290977	100.239861	100.397957	100.256241	100.285164	100.162376	100.231888	100.224182	100.191154	100.361923	100.350952	100.326469	100.344681	100.363503	100.390419	100.347115	100.360214	100.354088	100.326469	100.365067	100.391129	100.420464	100.483994	100.414047	100.357506	100.459633	100.457787	100.406944	100.438416	100.380013
1122	99.999191	99.902321	100.048866	100.209213	99.978371	100.015114	100.127884	100.118195	100.110367	100.041344	100.145432	100.133453	100.07428	100.195251	100.093796	100.200676	100.200523	100.123962	100.162468	100.281181	100.213303	100.159683	100.205276	100.271667	100.213158	100.242302	100.284599	100.172165	100.189713	100.211182	100.362465	100.236595	100.255096	100.350044	100.258377	100.310181	100.14756	100.236252	100.194443	100.210823	100.342819	100.300385	100.289711	100.276115	100.348892	100.429024	100.345612	100.348236	100.312508	100.289711	100.354958	100.371674	100.389053	100.430557	100.376274	100.301697	100.408424	100.425301	100.420845	100.398407	100.340691
1123	99.979813	99.953499	100.03997	100.147499	99.989876	99.987976	100.097595	100.081718	100.050568	100.044693	100.128105	100.110924	100.068985	100.184402	100.090477	100.195587	100.166382	100.112617	100.129211	100.241829	100.19474	100.149597	100.192581	100.281082	100.168541	100.232552	100.269531	100.161613	100.168083	100.207603	100.32328	100.209557	100.218834	100.328194	100.259399	100.30069	100.146782	100.19133	100.173233	100.234451	100.328194	100.295082	100.279404	100.229347	100.318321	100.401939	100.333359	100.310814	100.296379	100.270393	100.32048	100.347328	100.362167	100.362419	100.342819	100.286057	100.370979	100.383461	100.387108	100.35981	100.330544
1124	99.964584	100.033882	100.036263	100.084343	100.011734	99.973885	100.077103	100.034187	100.000229	100.063347	100.11808	100.089195	100.073967	100.172951	100.095367	100.188789	100.133774	100.109741	100.086761	100.196503	100.178505	100.139473	100.182259	100.298653	100.130043	100.218513	100.248245	100.165581	100.154343	100.214897	100.272285	100.193855	100.171837	100.316658	100.259987	100.282219	100.150238	100.137398	100.15712	100.256363	100.316658	100.303734	100.278107	100.194695	100.286797	100.358818	100.319435	100.270477	100.289703	100.25853	100.283035	100.324509	100.339851	100.298264	100.314713	100.284149	100.342155	100.343956	100.343475	100.326324	100.3302
1125	99.95195	100.100578	100.033173	100.031937	100.029877	99.962196	100.060104	99.994759	99.958473	100.078819	100.109772	100.071159	100.078117	100.163445	100.099434	100.183151	100.106743	100.107346	100.051544	100.158897	100.165054	100.131081	100.173698	100.313232	100.098099	100.206863	100.230576	100.168884	100.142944	100.220955	100.229965	100.180832	100.132858	100.307098	100.26046	100.266884	100.153114	100.092674	100.143745	100.274536	100.307098	100.310921	100.277031	100.165955	100.260635	100.323059	100.307884	100.237	100.284172	100.248695	100.251984	100.30558	100.32135	100.245033	100.291397	100.282578	100.318237	100.311195	100.307259	100.298538	100.32991
1126	99.966362	100.103127	100.028801	100.008453	100.043358	99.98085	100.05777	100.005516	99.958687	100.102104	100.112091	100.06794	100.078026	100.146591	100.101837	100.177277	100.107941	100.100029	100.022675	100.118385	100.171593	100.137627	100.159348	100.294899	100.078812	100.178658	100.199005	100.146416	100.136581	100.226608	100.208664	100.183403	100.12571	100.280502	100.224281	100.238083	100.156166	100.06778	100.150383	100.260147	100.27877	100.278603	100.261948	100.148407	100.246857	100.301102	100.28653	100.228333	100.246361	100.229706	100.235832	100.288345	100.291534	100.212799	100.276527	100.282578	100.302826	100.298691	100.297913	100.277313	100.307671
1127	99.998528	100.06282	100.023689	100.004868	100.053452	100.019325	100.0653	100.049568	99.986984	100.13002	100.121483	100.074722	100.075165	100.125252	100.103119	100.171432	100.128029	100.089584	99.998764	100.076935	100.191353	100.153992	100.141502	100.255058	100.068474	100.140106	100.158943	100.1073	100.133774	100.231888	100.20195	100.19635	100.140022	100.24321	100.164536	100.201012	100.159286	100.056778	100.170258	100.224388	100.238647	100.220718	100.237915	100.138786	100.24173	100.288963	100.259171	100.236427	100.18792	100.205124	100.230042	100.272705	100.254906	100.195404	100.2677	100.283661	100.293503	100.300064	100.306747	100.261009	100.271309
1128	100.026192	100.028107	100.019264	100.001755	100.062134	100.052452	100.071777	100.087463	100.011314	100.154053	100.12957	100.080536	100.072685	100.10688	100.104202	100.166389	100.145317	100.080582	99.978157	100.041245	100.208366	100.168083	100.126137	100.220749	100.05957	100.106903	100.12442	100.073639	100.131355	100.23642	100.196144	100.207497	100.152328	100.211105	100.113091	100.169083	100.16198	100.047318	100.18734	100.193596	100.204109	100.170876	100.217209	100.130501	100.237297	100.278488	100.235619	100.243401	100.137589	100.183929	100.225052	100.259232	100.223373	100.180412	100.260094	100.284592	100.285484	100.301216	100.314331	100.246964	100.240005
1129	100.045349	100.012444	100.016449	100.009834	100.062035	100.075531	100.07309	100.111137	100.033585	100.156059	100.125504	100.083183	100.074127	100.098816	100.103271	100.150536	100.152161	100.081528	99.988663	100.031807	100.207756	100.164757	100.119377	100.193657	100.06002	100.096199	100.109375	100.064255	100.123726	100.231133	100.189636	100.206444	100.153458	100.198074	100.093033	100.145699	100.156166	100.051437	100.188599	100.177422	100.181877	100.151077	100.200569	100.132751	100.217644	100.273872	100.215149	100.231384	100.109253	100.176109	100.219368	100.243469	100.202919	100.170944	100.249458	100.27356	100.268974	100.287186	100.303635	100.239563	100.226402
1130	100.054146	100.022903	100.015617	100.035202	100.049088	100.08651	100.066963	100.116638	100.055275	100.126076	100.10321	100.081482	100.081482	100.104927	100.099327	100.117134	100.144516	100.097122	100.045837	100.059746	100.181328	100.135567	100.124451	100.17408	100.074234	100.117218	100.121101	100.089325	100.107681	100.210907	100.181343	100.187469	100.138382	100.21151	100.116661	100.13224	100.137245	100.075928	100.166824	100.180817	100.175217	100.173019	100.188042	100.150696	100.173485	100.277344	100.196968	100.190231	100.109932	100.186958	100.212051	100.222626	100.196419	100.168526	100.233246	100.24382	100.238243	100.249397	100.265015	100.241074	100.23719
1131	100.062096	100.032341	100.014877	100.058113	100.037369	100.096428	100.061417	100.121597	100.07489	100.098953	100.083031	100.079918	100.088135	100.110451	100.095749	100.086937	100.137604	100.111221	100.097534	100.085007	100.157417	100.109161	100.129044	100.15638	100.087097	100.136208	100.131714	100.112	100.093163	100.192619	100.173843	100.170303	100.124718	100.223648	100.138031	100.120056	100.12014	100.098076	100.147125	100.183868	100.169167	100.192856	100.176704	100.166916	100.133553	100.280472	100.180504	100.153008	100.110535	100.196754	100.205421	100.203773	100.190529	100.166321	100.218559	100.216927	100.210442	100.215195	100.230072	100.242424	100.246918
1132	100.061989	100.042114	100.01403	100.076065	100.025963	100.098442	100.055099	100.120453	100.083366	100.073303	100.068924	100.077927	100.090721	100.112083	100.091133	100.05822	100.126518	100.11647	100.128189	100.098442	100.132584	100.089249	100.130508	100.136993	100.094269	100.143906	100.13533	100.124428	100.082756	100.172821	100.164864	100.152718	100.113976	100.22435	100.149788	100.110626	100.105797	100.111862	100.12989	100.179733	100.161949	100.200256	100.165283	100.171768	100.10202	100.273384	100.166763	100.121712	100.106834	100.198387	100.193771	100.181831	100.18309	100.162575	100.197311	100.18811	100.183296	100.183723	100.199219	100.2323	100.250153
1133	100.030838	100.056328	100.012566	100.08062	100.012169	100.070717	100.043808	100.095428	100.051651	100.045143	100.073685	100.073708	100.078499	100.099304	100.081085	100.026085	100.095871	100.089355	100.087654	100.070717	100.096306	100.087997	100.120529	100.104973	100.081955	100.110611	100.11319	100.101494	100.084961	100.140968	100.147423	100.127937	100.110985	100.181305	100.128365	100.10881	100.097565	100.098	100.116646	100.146591	100.147858	100.162209	100.150024	100.134468	100.092789	100.224663	100.159111	100.10321	100.085449	100.169136	100.159164	100.140976	100.167374	100.151756	100.144043	100.142715	100.150063	100.152657	100.174316	100.174835	100.22937
1134	100.001297	100.069809	100.011185	100.084946	99.999069	100.044403	100.033104	100.071678	100.021568	100.018417	100.078201	100.069687	100.066902	100.087181	100.071548	99.995583	100.06678	100.063644	100.049194	100.044403	100.06189	100.086823	100.111053	100.0746	100.070274	100.079025	100.092186	100.079727	100.087044	100.110718	100.130882	100.104431	100.108147	100.140442	100.10804	100.107101	100.089737	100.084839	100.104073	100.115158	100.134491	100.126099	100.135544	100.099075	100.084015	100.178436	100.151848	100.085663	100.065147	100.141373	100.126335	100.102219	100.152443	100.141479	100.093483	100.099655	100.11853	100.123192	100.150696	100.120285	100.209663
1135	99.97361	100.081841	100.009644	100.088821	99.98661	100.019302	100.022903	100.049141	99.99337	99.993294	100.082191	100.065338	100.055763	100.075569	100.062096	99.967018	100.039291	100.039337	100.012993	100.019646	100.029549	100.085197	100.101517	100.045944	100.059143	100.04921	100.071945	100.059044	100.088432	100.082253	100.114967	100.082146	100.105034	100.101936	100.088371	100.105034	100.081978	100.072121	100.092232	100.085052	100.121429	100.091782	100.121521	100.065933	100.075409	100.134468	100.1446	100.068832	100.04557	100.115097	100.095451	100.065819	100.138069	100.131332	100.04612	100.05909	100.088669	100.095215	100.128136	100.068855	100.190369
1136	99.972885	100.043892	99.99411	100.0765	99.973396	99.988243	100.011322	100.029053	99.991394	99.986176	100.067886	100.02552	100.037659	100.05928	100.026428	99.966362	100.021362	100.024483	100.000511	100.011208	100.022018	100.051331	100.057182	100.032043	100.04612	100.033226	100.034126	100.039879	100.050423	100.071022	100.086914	100.064766	100.075058	100.085358	100.046242	100.075058	100.053284	100.045601	100.088097	100.041939	100.085091	100.057854	100.091339	100.066208	100.048866	100.08873	100.115189	100.042343	100.008049	100.096306	100.085106	100.057861	100.111816	100.095901	100.044563	100.042984	100.066063	100.06945	100.099945	100.044418	100.13578
1137	99.972191	100.006828	99.978951	100.064468	99.960503	99.957901	100.000038	100.009415	99.989471	99.979225	100.053932	99.986618	100.019966	100.043381	99.991592	99.965744	100.003853	100.010002	99.988319	100.002945	100.014664	100.018242	100.013878	100.018486	100.033424	100.017609	99.997169	100.021133	100.013283	100.060066	100.059525	100.047775	100.045761	100.069168	100.005081	100.045761	100.025261	100.019684	100.084068	99.999809	100.049576	100.024673	100.061867	100.066483	100.022911	100.044037	100.086464	100.016472	99.971397	100.07795	100.075005	100.050102	100.086174	100.061295	100.04306	100.027275	100.043991	100.044289	100.072411	100.020561	100.082436
1138	99.971481	99.970581	99.964111	100.052689	99.947876	99.928223	99.988976	99.990227	99.987572	99.97242	100.04026	99.948578	100.002647	100.027824	99.95752	99.965118	99.986725	99.995819	99.976387	99.994873	100.007462	99.985886	99.971512	100.005219	100.020996	100.002335	99.961021	100.002815	99.976944	100.049355	100.032738	100.031174	100.01712	100.053322	99.964821	100.01712	99.997849	99.994347	100.080109	99.958618	100.014862	99.992249	100.033043	100.066742	99.997536	100.000343	100.05838	99.991165	99.935532	100.059998	100.065125	100.042511	100.061081	100.027443	100.041565	100.011894	100.022385	100.019669	100.045479	99.997215	100.030258
1139	99.989227	99.993034	99.964508	100.037193	99.968948	99.953529	99.994087	99.991554	100.00676	100.004448	100.040565	99.953102	100.017754	100.036331	99.979507	99.994728	100.009514	100.009712	99.997459	99.985214	100.031685	99.99704	99.989647	100.019226	100.032547	100.011826	99.993668	100.014366	100.006973	100.055992	100.051346	100.044586	100.023666	100.070145	99.989227	100.032112	100.011406	100.009087	100.080917	99.960068	100.032318	100.015213	100.042892	100.074997	100.00634	100.018166	100.053871	100.00676	99.957321	100.053658	100.067604	100.047112	100.070557	100.052605	100.040352	100.011208	100.036766	100.03698	100.043739	100.016472	100.035706
1140	100.010178	100.025925	99.967644	100.021088	99.995964	99.988571	100.002075	99.996567	100.029633	100.043259	100.043381	99.965248	100.038589	100.049126	100.011467	100.029602	100.039337	100.028595	100.024353	99.975319	100.061432	100.015976	100.01857	100.038063	100.04834	100.025726	100.038506	100.031242	100.048782	100.065704	100.078011	100.063309	100.036514	100.092743	100.025116	100.054886	100.032272	100.03096	100.082565	99.969193	100.059082	100.048019	100.059639	100.084648	100.021255	100.046967	100.053642	100.029633	99.98938	100.049446	100.072304	100.053894	100.086197	100.088242	100.0392	100.013145	100.057518	100.061714	100.046524	100.043297	100.051483
1141	100.030968	100.05854	99.970749	100.005135	100.022758	100.023331	100.010002	100.001541	100.052322	100.081757	100.046181	99.977287	100.05925	100.061813	100.043152	100.064178	100.068924	100.047318	100.051048	99.9655	100.090919	100.034752	100.047256	100.056747	100.064003	100.039505	100.08297	100.047974	100.090233	100.075356	100.104462	100.081886	100.049248	100.115166	100.060722	100.077461	100.052963	100.052643	100.084198	99.978256	100.085617	100.080536	100.076248	100.0942	100.036034	100.075546	100.053421	100.052322	100.021156	100.045273	100.076965	100.060593	100.101707	100.123573	100.038025	100.015068	100.07811	100.08625	100.049316	100.069893	100.067139
1142	100.040161	100.064064	99.979225	100.012016	100.031242	100.057732	100.017838	100.014473	100.062035	100.081047	100.054214	99.991928	100.05426	100.075623	100.063797	100.075661	100.080788	100.058456	100.070717	99.975853	100.093971	100.038612	100.069595	100.063171	100.08477	100.051094	100.090851	100.049782	100.112465	100.081459	100.112488	100.097511	100.071144	100.114525	100.077209	100.082359	100.065376	100.055359	100.083031	99.998611	100.095078	100.086609	100.079903	100.099525	100.046631	100.07769	100.055786	100.055359	100.036583	100.056435	100.074112	100.077179	100.110245	100.121674	100.052177	100.036987	100.091705	100.094414	100.058678	100.076782	100.07254
1143	100.043831	100.056793	99.990128	100.029602	100.031052	100.091698	100.025558	100.031052	100.065575	100.061905	100.064659	100.007675	100.037254	100.089859	100.079086	100.076164	100.084198	100.065933	100.086937	99.995621	100.084557	100.035431	100.088776	100.063744	100.107765	100.061562	100.081444	100.044563	100.125481	100.085846	100.111771	100.111603	100.097168	100.103012	100.084564	100.078903	100.073792	100.049126	100.080536	100.024101	100.096428	100.080177	100.077423	100.102829	100.055161	100.06739	100.059357	100.049126	100.044189	100.074699	100.067757	100.098267	100.115433	100.10228	100.073433	100.068138	100.101913	100.094795	100.071045	100.074341	100.073051
1144	100.04747	100.049629	100.000916	100.046959	100.030861	100.125244	100.033211	100.047432	100.069069	100.043022	100.074982	100.023224	100.020454	100.103935	100.0942	100.07666	100.087585	100.073334	100.102974	100.015137	100.075279	100.032295	100.107719	100.064323	100.130501	100.071892	100.072182	100.039413	100.138351	100.090195	100.111092	100.125526	100.122894	100.091644	100.09185	100.075493	100.082108	100.042976	100.07811	100.049301	100.097786	100.073837	100.075005	100.106094	100.063583	100.057236	100.062897	100.042976	100.051735	100.092766	100.061501	100.119102	100.120567	100.083122	100.094414	100.098892	100.112007	100.095192	100.083282	100.07193	100.073578
CHECKSUMÈÝ